crop,temperature,humidity,rainfall,leaf_wetness_hours,risk_score,risk_level,disease_name
coconut,33.94,84.83,137.76,15.4,0.657,High,Leaf Blight
pigeonpeas,25.79,87.71,93.04,18.21,0.67,High,Fusarium Wilt
jute,18.42,69.76,28.51,11.61,0.555,Medium,Anthracnose
coconut,32.76,72.27,24.43,4.7,0.336,Low,Healthy
blackgram,37.72,66.78,8.73,9.82,0.491,Medium,Leaf Crinkle
grapes,29.04,83.85,21.54,17.06,0.704,High,Powdery Mildew
rice,21.48,78.87,34.75,3.27,0.425,Medium,Rice Blast
rice,23.52,72.31,119.98,3.66,0.494,Medium,Rice Blast
watermelon,30.45,66.42,54.55,12.81,0.556,Medium,Fusarium Wilt
muskmelon,29.24,56.63,145.4,9.75,0.49,Medium,Downy Mildew
kidneybeans,33.43,72.47,89.41,11.57,0.484,Medium,Angular Leaf Spot
mothbeans,33.68,92.56,121.85,11.07,0.706,High,Yellow Mosaic Virus
maize,24.32,64.19,278.44,2.23,0.582,Medium,Common Rust
kidneybeans,23.34,70.19,92.72,10.48,0.585,Medium,Bean Rust
apple,38.09,80.67,110.96,6.27,0.525,Medium,Apple Scab
mungbean,22.77,76.07,91.15,2.62,0.465,Medium,Yellow Mosaic Virus
watermelon,24.6,84.1,153.48,15.32,0.662,High,Fusarium Wilt
jute,22.74,70.67,272.9,9.97,0.671,High,Anthracnose
rice,19.71,71.16,67.81,6.9,0.553,Medium,Bacterial Leaf Blight
lentil,32.24,62.5,55.57,8.74,0.468,Medium,Rust
mungbean,30.35,87.68,53.88,8.57,0.498,Medium,Yellow Mosaic Virus
lentil,39.96,63.72,60.02,14.25,0.549,Medium,Wilt
watermelon,33.62,52.52,139.96,4.56,0.482,Medium,Fusarium Wilt
chickpea,21.37,63.39,51.19,9.13,0.509,Medium,Ascochyta Blight
watermelon,20.76,68.84,105.21,4.3,0.441,Medium,Anthracnose
chickpea,25.59,67.42,86.84,7.09,0.485,Medium,Ascochyta Blight
coffee,20.07,75.34,170.52,15.56,0.719,High,Berry Disease
coconut,27.66,57.4,145.85,11.83,0.502,Medium,Leaf Blight
kidneybeans,23.29,75.89,43.19,3.1,0.464,Medium,Bean Rust
coconut,29.09,87.28,133.97,6.94,0.621,Medium,Leaf Blight
lentil,27.39,77.48,31.1,12.25,0.675,High,Rust
orange,34.88,74.87,127.94,12.46,0.639,Medium,Citrus Canker
banana,29.0,79.69,323.85,10.16,0.686,High,Sigatoka Leaf Spot
chickpea,29.36,58.97,191.62,11.45,0.542,Medium,Ascochyta Blight
blackgram,19.57,57.12,21.26,5.08,0.47,Medium,Leaf Crinkle
pigeonpeas,29.26,100.0,231.59,19.2,0.881,High,Sterility Mosaic
maize,27.21,88.71,101.56,10.18,0.613,Medium,Maize Leaf Blight
pomegranate,16.17,89.04,44.71,5.3,0.59,Medium,Bacterial Blight
orange,33.98,78.47,17.18,7.87,0.532,Medium,Greening (HLB)
coconut,18.77,89.27,323.27,12.33,0.744,High,Bud Rot
grapes,26.16,92.79,43.25,10.22,0.588,Medium,Powdery Mildew
blackgram,36.92,63.8,41.81,10.54,0.469,Medium,Leaf Crinkle
papaya,29.46,66.51,101.64,8.14,0.538,Medium,Papaya Ring Spot Virus
coffee,29.35,72.47,195.29,5.24,0.572,Medium,Coffee Leaf Rust
coffee,33.12,85.15,27.0,12.16,0.606,Medium,Coffee Leaf Rust
mango,15.64,81.64,67.45,13.86,0.517,Medium,Powdery Mildew
mango,30.53,70.75,74.6,8.36,0.464,Medium,Powdery Mildew
maize,33.18,75.16,212.33,9.83,0.626,Medium,Common Rust
lentil,27.25,79.83,63.16,5.67,0.55,Medium,Wilt
banana,27.64,79.49,123.95,9.48,0.59,Medium,Panama Wilt
lentil,16.26,86.43,53.14,1.14,0.362,Medium,Rust
muskmelon,28.73,77.93,357.81,12.8,0.766,High,Powdery Mildew
blackgram,33.43,74.88,71.37,4.82,0.527,Medium,Yellow Mosaic Virus
coconut,18.74,79.67,94.98,11.04,0.591,Medium,Bud Rot
cotton,26.72,87.83,151.28,6.67,0.612,Medium,Leaf Curl Virus
grapes,25.74,53.17,38.5,14.22,0.561,Medium,Downy Mildew
pigeonpeas,20.37,94.39,40.12,6.04,0.522,Medium,Sterility Mosaic
grapes,26.79,83.55,41.4,13.94,0.599,Medium,Powdery Mildew
coffee,27.68,63.11,92.29,12.51,0.551,Medium,Coffee Leaf Rust
rice,23.56,85.77,286.69,4.45,0.697,High,Rice Blast
pigeonpeas,25.12,79.27,53.78,5.99,0.615,Medium,Sterility Mosaic
mothbeans,30.18,83.21,74.11,8.75,0.6,Medium,Powdery Mildew
papaya,30.4,92.06,60.04,0.0,0.478,Medium,Powdery Mildew
orange,31.63,83.38,70.63,9.32,0.566,Medium,Citrus Canker
mothbeans,30.99,52.51,25.55,16.68,0.617,Medium,Yellow Mosaic Virus
kidneybeans,30.52,84.16,103.68,4.08,0.579,Medium,Bean Rust
grapes,23.15,57.87,119.35,5.39,0.499,Medium,Downy Mildew
banana,27.74,77.88,19.75,12.2,0.589,Medium,Panama Wilt
pigeonpeas,25.31,82.46,53.94,0.0,0.542,Medium,Sterility Mosaic
kidneybeans,29.93,74.35,213.03,9.27,0.622,Medium,Angular Leaf Spot
pomegranate,29.62,65.42,60.16,9.16,0.586,Medium,Fruit Rot
papaya,24.17,72.96,239.93,3.75,0.592,Medium,Powdery Mildew
maize,24.72,76.22,11.17,3.75,0.466,Medium,Common Rust
pomegranate,24.69,99.17,101.33,5.98,0.575,Medium,Fruit Rot
banana,39.41,75.76,228.56,11.86,0.486,Medium,Panama Wilt
coffee,33.84,58.44,32.72,7.91,0.465,Medium,Berry Disease
lentil,29.5,66.03,48.4,13.65,0.556,Medium,Rust
mango,25.95,62.66,172.64,0.36,0.377,Medium,Anthracnose
pomegranate,25.32,84.49,62.41,12.94,0.587,Medium,Fruit Rot
pomegranate,32.02,78.87,88.25,7.56,0.538,Medium,Bacterial Blight
jute,26.57,81.2,54.71,6.53,0.464,Medium,Stem Rot
grapes,38.54,73.68,145.91,8.16,0.501,Medium,Powdery Mildew
lentil,23.77,76.62,56.36,15.24,0.614,Medium,Rust
mungbean,28.35,72.2,82.47,11.7,0.595,Medium,Cercospora Leaf Spot
grapes,27.14,74.45,135.93,5.42,0.541,Medium,Powdery Mildew
maize,24.33,85.67,63.62,0.71,0.563,Medium,Gray Leaf Spot
chickpea,25.23,84.61,111.97,6.82,0.601,Medium,Fusarium Wilt
jute,32.07,52.61,60.18,9.01,0.476,Medium,Stem Rot
blackgram,31.6,51.81,23.75,6.86,0.478,Medium,Yellow Mosaic Virus
watermelon,23.1,88.28,67.1,0.0,0.46,Medium,Fusarium Wilt
coconut,22.9,38.15,82.75,3.37,0.269,Low,Healthy
mungbean,35.64,76.37,214.94,6.36,0.577,Medium,Cercospora Leaf Spot
blackgram,27.04,77.82,50.66,11.55,0.509,Medium,Leaf Crinkle
orange,27.7,88.52,224.43,7.25,0.549,Medium,Greening (HLB)
orange,37.93,65.66,133.13,11.31,0.467,Medium,Citrus Canker
mango,20.68,88.96,274.9,5.4,0.684,High,Powdery Mildew
muskmelon,26.14,100.0,250.52,7.45,0.697,High,Downy Mildew
blackgram,28.62,100.0,115.8,4.05,0.676,High,Yellow Mosaic Virus
banana,25.27,64.21,84.57,15.07,0.611,Medium,Sigatoka Leaf Spot
maize,17.13,78.29,99.45,6.15,0.529,Medium,Gray Leaf Spot
rice,29.0,64.13,73.47,6.57,0.519,Medium,Sheath Blight
lentil,23.92,78.45,213.67,13.83,0.731,High,Rust
blackgram,28.42,65.73,17.34,10.89,0.531,Medium,Leaf Crinkle
pomegranate,31.4,71.64,230.76,2.57,0.517,Medium,Fruit Rot
cotton,31.23,74.96,134.51,12.31,0.632,Medium,Leaf Curl Virus
kidneybeans,30.13,78.05,66.76,8.5,0.525,Medium,Angular Leaf Spot
banana,19.16,91.25,117.04,11.96,0.652,High,Panama Wilt
mungbean,31.15,91.76,147.38,10.01,0.662,High,Yellow Mosaic Virus
apple,27.9,73.4,232.69,11.47,0.642,Medium,Fire Blight
coconut,19.77,87.65,297.55,10.56,0.74,High,Leaf Blight
pomegranate,24.53,85.61,78.15,9.45,0.604,Medium,Bacterial Blight
chickpea,26.31,75.9,204.03,7.06,0.611,Medium,Ascochyta Blight
mungbean,25.09,63.86,39.37,8.11,0.456,Medium,Cercospora Leaf Spot
pigeonpeas,29.13,61.98,157.59,14.52,0.651,High,Sterility Mosaic
rice,30.31,79.62,149.6,16.14,0.682,High,Bacterial Leaf Blight
coconut,22.5,86.02,15.59,0.62,0.417,Medium,Leaf Blight
pigeonpeas,22.94,84.11,61.47,8.24,0.632,Medium,Sterility Mosaic
pigeonpeas,33.28,78.29,83.46,0.0,0.421,Medium,Fusarium Wilt
kidneybeans,12.07,81.54,40.67,7.25,0.484,Medium,Bean Rust
maize,25.6,68.86,252.49,4.81,0.58,Medium,Gray Leaf Spot
grapes,20.46,70.38,165.43,9.06,0.583,Medium,Powdery Mildew
banana,24.56,89.04,129.79,11.21,0.53,Medium,Sigatoka Leaf Spot
papaya,32.57,99.33,123.63,7.15,0.634,Medium,Powdery Mildew
blackgram,24.08,82.3,5.87,12.67,0.575,Medium,Leaf Crinkle
papaya,28.4,100.0,99.38,9.92,0.703,High,Powdery Mildew
coffee,27.88,79.97,284.98,4.41,0.694,High,Berry Disease
pigeonpeas,32.83,77.23,23.17,8.78,0.452,Medium,Sterility Mosaic
maize,34.75,69.77,108.02,16.43,0.582,Medium,Common Rust
mungbean,24.22,93.42,240.55,4.63,0.589,Medium,Yellow Mosaic Virus
kidneybeans,29.85,91.95,191.55,3.31,0.563,Medium,Bean Rust
orange,19.57,78.18,118.12,5.65,0.475,Medium,Citrus Canker
coconut,27.32,70.75,185.92,1.69,0.565,Medium,Bud Rot
mungbean,26.9,62.53,29.98,4.12,0.435,Medium,Yellow Mosaic Virus
mango,30.07,92.94,18.05,15.4,0.688,High,Anthracnose
mungbean,20.41,70.83,292.35,6.87,0.7,High,Yellow Mosaic Virus
coffee,24.72,76.05,26.38,3.3,0.485,Medium,Coffee Leaf Rust
pigeonpeas,28.65,65.02,100.35,1.25,0.425,Medium,Fusarium Wilt
mothbeans,26.1,62.01,136.44,8.8,0.546,Medium,Powdery Mildew
orange,18.04,69.08,22.22,9.3,0.476,Medium,Greening (HLB)
jute,26.11,73.0,60.31,10.2,0.487,Medium,Anthracnose
papaya,25.27,61.75,142.73,8.6,0.49,Medium,Powdery Mildew
maize,30.85,86.61,151.65,7.34,0.578,Medium,Common Rust
lentil,13.51,71.39,175.73,8.59,0.502,Medium,Rust
cotton,25.83,66.31,202.84,8.63,0.509,Medium,Leaf Curl Virus
kidneybeans,23.76,80.94,59.03,7.79,0.468,Medium,Bean Rust
apple,27.65,60.82,39.52,2.34,0.423,Medium,Apple Scab
coffee,29.93,76.1,81.85,8.79,0.546,Medium,Coffee Leaf Rust
coffee,22.77,80.88,62.5,4.49,0.445,Medium,Coffee Leaf Rust
mungbean,29.09,57.55,66.07,12.28,0.543,Medium,Cercospora Leaf Spot
apple,33.65,84.83,97.62,11.03,0.633,Medium,Apple Scab
mungbean,41.13,69.06,66.38,15.26,0.593,Medium,Yellow Mosaic Virus
cotton,29.43,62.71,52.9,9.53,0.468,Medium,Leaf Curl Virus
muskmelon,31.03,81.54,144.46,13.33,0.574,Medium,Powdery Mildew
apple,21.96,82.83,13.06,6.43,0.499,Medium,Apple Scab
rice,28.68,80.1,41.59,7.77,0.543,Medium,Rice Blast
pomegranate,28.66,61.91,62.71,7.15,0.478,Medium,Bacterial Blight
mothbeans,18.13,73.9,140.01,13.38,0.555,Medium,Powdery Mildew
mothbeans,30.53,79.28,13.99,5.8,0.447,Medium,Yellow Mosaic Virus
rice,27.04,84.54,114.63,12.91,0.743,High,Sheath Blight
pigeonpeas,27.04,64.76,130.37,7.71,0.535,Medium,Sterility Mosaic
chickpea,20.11,69.35,56.44,5.66,0.491,Medium,Ascochyta Blight
mango,31.55,67.95,39.59,4.83,0.516,Medium,Anthracnose
muskmelon,23.08,91.33,28.95,15.5,0.763,High,Powdery Mildew
maize,32.89,64.23,41.12,11.31,0.437,Medium,Common Rust
pigeonpeas,32.14,61.78,39.09,6.56,0.378,Medium,Sterility Mosaic
banana,30.49,86.73,139.5,6.88,0.629,Medium,Panama Wilt
blackgram,27.54,100.0,289.36,9.11,0.607,Medium,Leaf Crinkle
kidneybeans,22.03,77.72,200.76,8.67,0.563,Medium,Angular Leaf Spot
coconut,30.86,80.44,44.38,10.34,0.556,Medium,Bud Rot
watermelon,25.31,72.87,175.31,3.76,0.542,Medium,Fusarium Wilt
rice,24.96,58.22,21.76,6.89,0.41,Medium,Sheath Blight
pomegranate,17.2,65.64,11.37,12.79,0.432,Medium,Bacterial Blight
coffee,20.88,86.17,173.24,12.9,0.637,Medium,Berry Disease
coffee,29.02,73.37,177.3,13.71,0.655,High,Berry Disease
kidneybeans,33.28,75.36,82.25,10.49,0.511,Medium,Bean Rust
mungbean,23.03,78.6,88.59,10.41,0.632,Medium,Yellow Mosaic Virus
mothbeans,29.05,68.32,97.48,11.81,0.579,Medium,Yellow Mosaic Virus
mothbeans,34.35,75.36,31.58,8.56,0.439,Medium,Yellow Mosaic Virus
coconut,19.76,81.59,76.68,4.01,0.494,Medium,Leaf Blight
mungbean,31.19,76.68,61.86,9.64,0.542,Medium,Cercospora Leaf Spot
maize,29.9,90.61,157.53,12.99,0.833,High,Gray Leaf Spot
jute,33.84,62.24,30.57,8.93,0.491,Medium,Anthracnose
mothbeans,19.88,90.46,112.06,6.36,0.561,Medium,Yellow Mosaic Virus
maize,23.28,74.34,220.19,7.66,0.629,Medium,Maize Leaf Blight
blackgram,34.44,96.9,226.94,9.32,0.705,High,Leaf Crinkle
lentil,26.46,100.0,72.99,1.5,0.538,Medium,Wilt
coffee,20.14,87.07,95.13,16.14,0.701,High,Coffee Leaf Rust
jute,24.97,71.54,84.1,2.5,0.407,Medium,Anthracnose
papaya,25.45,61.41,30.0,7.84,0.472,Medium,Papaya Ring Spot Virus
grapes,24.64,79.67,50.24,10.16,0.525,Medium,Powdery Mildew
coffee,31.32,79.77,75.0,6.54,0.519,Medium,Berry Disease
mango,14.05,79.58,79.19,9.58,0.554,Medium,Anthracnose
grapes,16.32,76.82,159.01,8.75,0.579,Medium,Downy Mildew
maize,24.83,49.98,133.26,0.0,0.421,Medium,Common Rust
lentil,32.08,83.13,110.76,4.42,0.533,Medium,Rust
apple,26.18,58.95,256.06,10.26,0.573,Medium,Fire Blight
maize,30.3,80.98,108.13,11.07,0.546,Medium,Gray Leaf Spot
mango,21.92,30.6,53.67,5.9,0.28,Low,Healthy
chickpea,25.13,88.27,76.62,11.91,0.609,Medium,Fusarium Wilt
grapes,30.69,67.44,65.83,2.93,0.452,Medium,Powdery Mildew
cotton,27.27,65.02,75.29,6.09,0.475,Medium,Leaf Curl Virus
orange,24.34,83.0,85.45,12.62,0.616,Medium,Greening (HLB)
coconut,31.83,92.94,65.09,3.26,0.519,Medium,Leaf Blight
cotton,32.18,87.16,122.36,5.47,0.558,Medium,Leaf Curl Virus
grapes,25.8,71.07,173.29,5.79,0.549,Medium,Downy Mildew
pomegranate,30.22,78.8,140.91,3.72,0.454,Medium,Bacterial Blight
blackgram,27.42,54.82,129.83,4.5,0.403,Medium,Leaf Crinkle
rice,18.63,69.16,95.89,8.52,0.549,Medium,Bacterial Leaf Blight
mungbean,27.81,58.78,73.28,17.22,0.549,Medium,Yellow Mosaic Virus
pigeonpeas,24.01,81.81,10.49,0.0,0.414,Medium,Sterility Mosaic
apple,21.29,64.71,335.78,4.72,0.597,Medium,Apple Scab
pigeonpeas,25.17,61.74,16.19,2.18,0.36,Medium,Sterility Mosaic
pigeonpeas,24.05,73.32,37.13,17.64,0.649,Medium,Sterility Mosaic
orange,29.51,55.38,42.34,4.81,0.384,Medium,Greening (HLB)
coconut,27.53,78.14,117.99,8.62,0.633,Medium,Bud Rot
grapes,36.97,86.95,155.73,6.54,0.471,Medium,Downy Mildew
apple,27.7,66.58,194.48,10.27,0.563,Medium,Apple Scab
mothbeans,32.46,66.78,253.33,9.74,0.608,Medium,Yellow Mosaic Virus
cotton,28.26,66.88,115.32,0.0,0.467,Medium,Bacterial Blight
grapes,21.45,66.71,311.27,4.65,0.544,Medium,Powdery Mildew
maize,27.34,76.38,113.07,3.66,0.526,Medium,Common Rust
chickpea,21.72,85.07,96.18,5.01,0.518,Medium,Fusarium Wilt
lentil,25.78,63.41,206.29,8.73,0.575,Medium,Wilt
mothbeans,30.84,68.13,33.44,13.6,0.563,Medium,Yellow Mosaic Virus
watermelon,16.97,83.59,153.44,4.66,0.442,Medium,Fusarium Wilt
muskmelon,24.29,86.6,54.61,10.72,0.652,High,Powdery Mildew
banana,31.31,83.35,61.6,7.9,0.559,Medium,Sigatoka Leaf Spot
chickpea,34.34,84.44,97.02,4.94,0.486,Medium,Ascochyta Blight
jute,34.81,86.97,16.36,7.46,0.487,Medium,Anthracnose
mungbean,22.48,62.68,84.53,9.18,0.406,Medium,Cercospora Leaf Spot
cotton,23.55,64.44,82.94,7.82,0.5,Medium,Bacterial Blight
mango,17.71,84.72,24.83,7.54,0.431,Medium,Powdery Mildew
maize,28.22,65.14,278.39,8.5,0.6,Medium,Common Rust
blackgram,28.54,77.24,148.67,2.59,0.531,Medium,Leaf Crinkle
maize,21.53,87.32,12.79,7.78,0.469,Medium,Gray Leaf Spot
apple,24.73,60.65,42.35,0.0,0.423,Medium,Fire Blight
pigeonpeas,25.21,69.55,28.11,7.28,0.472,Medium,Sterility Mosaic
chickpea,26.79,87.04,209.07,10.38,0.676,High,Fusarium Wilt
blackgram,24.48,84.76,202.25,7.53,0.708,High,Leaf Crinkle
pigeonpeas,30.06,83.05,68.89,4.96,0.559,Medium,Fusarium Wilt
kidneybeans,26.48,56.91,11.25,4.99,0.458,Medium,Angular Leaf Spot
watermelon,21.53,80.03,76.17,11.25,0.598,Medium,Fusarium Wilt
pomegranate,39.72,74.56,37.38,7.31,0.442,Medium,Bacterial Blight
banana,27.55,78.59,143.38,4.62,0.603,Medium,Sigatoka Leaf Spot
muskmelon,17.01,53.08,121.64,2.8,0.362,Medium,Powdery Mildew
jute,33.36,84.78,69.33,10.4,0.63,Medium,Stem Rot
orange,24.42,64.14,280.71,11.32,0.662,High,Citrus Canker
coconut,25.42,62.84,134.08,11.89,0.587,Medium,Leaf Blight
watermelon,32.25,73.06,51.23,11.26,0.643,Medium,Fusarium Wilt
muskmelon,19.72,73.66,48.38,4.25,0.385,Medium,Downy Mildew
cotton,31.91,71.18,18.1,7.87,0.401,Medium,Bacterial Blight
maize,26.34,77.73,282.19,10.9,0.754,High,Maize Leaf Blight
kidneybeans,26.06,72.18,100.82,14.59,0.659,High,Angular Leaf Spot
rice,26.04,91.85,69.49,8.53,0.62,Medium,Bacterial Leaf Blight
mango,32.99,86.73,93.56,15.13,0.642,Medium,Anthracnose
mango,33.28,74.65,48.1,13.52,0.549,Medium,Anthracnose
pigeonpeas,21.56,71.53,68.09,11.8,0.512,Medium,Fusarium Wilt
banana,20.49,72.64,12.51,7.99,0.456,Medium,Panama Wilt
pomegranate,26.64,64.74,123.27,6.24,0.548,Medium,Bacterial Blight
coffee,26.73,75.18,82.11,7.07,0.6,Medium,Coffee Leaf Rust
papaya,21.9,61.57,233.47,6.63,0.384,Medium,Powdery Mildew
lentil,27.86,68.83,13.04,6.13,0.464,Medium,Rust
watermelon,30.12,62.89,111.81,7.1,0.59,Medium,Anthracnose
watermelon,28.39,66.99,92.01,3.18,0.501,Medium,Anthracnose
maize,20.87,93.01,134.48,7.32,0.601,Medium,Gray Leaf Spot
apple,21.45,69.71,299.68,7.86,0.643,Medium,Apple Scab
coffee,31.99,72.46,189.75,0.0,0.435,Medium,Coffee Leaf Rust
coconut,25.72,81.28,126.58,3.74,0.555,Medium,Bud Rot
mothbeans,21.4,79.19,99.75,4.32,0.529,Medium,Yellow Mosaic Virus
pomegranate,27.09,89.67,122.61,2.45,0.651,High,Bacterial Blight
coffee,28.21,75.19,147.38,18.7,0.737,High,Coffee Leaf Rust
mothbeans,18.5,74.95,400.0,5.78,0.659,High,Yellow Mosaic Virus
watermelon,22.62,72.53,218.18,9.84,0.558,Medium,Anthracnose
jute,26.04,89.81,60.38,12.55,0.559,Medium,Stem Rot
coffee,21.43,93.55,400.0,12.98,0.725,High,Berry Disease
maize,18.12,87.23,219.46,6.12,0.584,Medium,Maize Leaf Blight
coconut,25.52,72.7,23.02,11.79,0.574,Medium,Leaf Blight
rice,25.04,76.68,49.15,4.24,0.453,Medium,Bacterial Leaf Blight
lentil,26.19,77.4,75.67,7.26,0.548,Medium,Wilt
cotton,25.0,66.89,50.12,0.0,0.308,Low,Healthy
chickpea,25.15,79.1,57.76,4.49,0.485,Medium,Fusarium Wilt
pigeonpeas,28.28,65.55,120.37,3.45,0.513,Medium,Sterility Mosaic
pomegranate,27.96,62.41,49.67,1.79,0.432,Medium,Bacterial Blight
apple,34.21,73.08,93.43,12.13,0.529,Medium,Apple Scab
mothbeans,28.57,58.24,145.85,10.51,0.524,Medium,Powdery Mildew
watermelon,26.33,68.8,209.02,6.18,0.537,Medium,Fusarium Wilt
maize,21.91,85.39,168.14,6.39,0.541,Medium,Gray Leaf Spot
blackgram,29.17,74.76,37.42,6.81,0.516,Medium,Yellow Mosaic Virus
pigeonpeas,28.9,89.87,28.33,12.13,0.61,Medium,Sterility Mosaic
maize,17.11,71.86,104.44,7.86,0.5,Medium,Maize Leaf Blight
mothbeans,26.73,100.0,85.66,10.59,0.71,High,Powdery Mildew
watermelon,30.6,71.35,175.95,7.71,0.559,Medium,Fusarium Wilt
maize,22.46,75.44,10.75,11.05,0.518,Medium,Maize Leaf Blight
papaya,28.69,77.69,83.14,10.43,0.593,Medium,Papaya Ring Spot Virus
chickpea,17.94,78.22,167.36,9.69,0.561,Medium,Fusarium Wilt
pigeonpeas,37.36,75.36,80.91,12.33,0.512,Medium,Sterility Mosaic
mungbean,29.0,65.99,26.98,16.75,0.624,Medium,Yellow Mosaic Virus
lentil,31.46,75.78,34.83,1.46,0.44,Medium,Wilt
mothbeans,21.83,84.17,99.78,8.8,0.492,Medium,Yellow Mosaic Virus
rice,31.58,73.69,81.66,2.83,0.476,Medium,Rice Blast
jute,27.51,66.93,38.54,15.64,0.597,Medium,Stem Rot
blackgram,26.81,59.26,113.63,10.22,0.482,Medium,Yellow Mosaic Virus
rice,26.79,75.94,56.14,19.66,0.6,Medium,Bacterial Leaf Blight
kidneybeans,17.8,57.2,160.67,12.9,0.449,Medium,Bean Rust
coconut,22.55,78.06,87.1,11.46,0.472,Medium,Leaf Blight
orange,32.89,57.03,49.99,9.06,0.389,Medium,Greening (HLB)
lentil,29.98,74.8,33.81,8.7,0.427,Medium,Wilt
lentil,22.81,84.45,70.65,10.15,0.54,Medium,Wilt
cotton,37.45,45.31,265.23,0.38,0.49,Medium,Leaf Curl Virus
lentil,24.53,80.03,156.09,4.61,0.526,Medium,Wilt
coffee,27.13,65.86,137.64,8.28,0.545,Medium,Coffee Leaf Rust
apple,26.6,85.15,136.75,11.16,0.57,Medium,Apple Scab
apple,43.01,45.49,125.48,7.28,0.401,Medium,Apple Scab
pigeonpeas,17.32,76.6,42.85,9.92,0.581,Medium,Fusarium Wilt
apple,24.01,73.39,44.52,9.08,0.527,Medium,Apple Scab
papaya,30.95,75.43,58.94,6.5,0.505,Medium,Powdery Mildew
pigeonpeas,32.44,77.51,255.98,6.85,0.677,High,Fusarium Wilt
papaya,32.07,81.31,262.9,10.63,0.656,High,Powdery Mildew
pigeonpeas,16.18,73.97,135.29,11.84,0.546,Medium,Fusarium Wilt
orange,35.5,71.97,137.96,10.1,0.555,Medium,Greening (HLB)
rice,23.09,47.16,42.39,7.2,0.46,Medium,Rice Blast
watermelon,28.34,58.86,57.32,14.02,0.595,Medium,Anthracnose
rice,34.31,61.72,45.47,6.42,0.428,Medium,Rice Blast
pomegranate,29.13,68.01,139.64,5.51,0.586,Medium,Fruit Rot
pomegranate,29.53,92.28,117.14,7.58,0.638,Medium,Fruit Rot
chickpea,31.68,56.46,78.3,10.2,0.423,Medium,Fusarium Wilt
rice,20.12,67.46,53.51,11.24,0.508,Medium,Bacterial Leaf Blight
kidneybeans,34.25,84.25,72.68,7.59,0.537,Medium,Bean Rust
mango,25.95,67.67,96.25,9.68,0.649,Medium,Powdery Mildew
mothbeans,17.63,84.36,21.65,10.06,0.583,Medium,Powdery Mildew
banana,31.01,64.86,82.53,14.07,0.507,Medium,Sigatoka Leaf Spot
coconut,37.27,78.02,89.76,6.18,0.47,Medium,Leaf Blight
cotton,28.65,63.69,90.83,7.87,0.567,Medium,Leaf Curl Virus
banana,33.25,87.46,11.54,7.16,0.526,Medium,Panama Wilt
cotton,30.5,88.58,66.55,7.32,0.521,Medium,Leaf Curl Virus
pigeonpeas,17.81,65.39,52.49,11.88,0.442,Medium,Fusarium Wilt
watermelon,26.55,67.08,188.68,8.96,0.53,Medium,Anthracnose
coconut,26.61,84.93,76.38,8.39,0.608,Medium,Leaf Blight
coconut,19.99,76.24,216.85,17.25,0.728,High,Leaf Blight
coconut,25.28,80.99,89.81,7.29,0.519,Medium,Bud Rot
maize,25.42,89.14,116.24,8.68,0.605,Medium,Maize Leaf Blight
jute,35.27,61.93,174.54,2.92,0.384,Medium,Anthracnose
kidneybeans,19.56,77.87,146.25,9.99,0.606,Medium,Bean Rust
pigeonpeas,31.63,100.0,117.14,12.14,0.654,High,Sterility Mosaic
lentil,30.34,70.86,187.4,12.69,0.631,Medium,Rust
watermelon,25.46,65.52,130.14,3.46,0.524,Medium,Fusarium Wilt
cotton,24.16,54.27,105.88,14.7,0.565,Medium,Bacterial Blight
grapes,25.7,83.84,95.17,12.89,0.597,Medium,Downy Mildew
maize,33.3,73.57,45.7,8.8,0.487,Medium,Common Rust
lentil,19.99,70.84,28.68,8.05,0.448,Medium,Wilt
chickpea,20.16,96.49,58.36,10.57,0.644,Medium,Ascochyta Blight
mungbean,24.29,86.61,122.99,7.53,0.554,Medium,Yellow Mosaic Virus
mungbean,24.41,68.24,67.61,6.97,0.477,Medium,Yellow Mosaic Virus
pigeonpeas,29.1,46.9,35.85,2.75,0.376,Medium,Fusarium Wilt
cotton,34.27,68.17,84.45,11.05,0.527,Medium,Leaf Curl Virus
kidneybeans,29.36,76.83,175.34,20.72,0.76,High,Bean Rust
jute,35.24,100.0,79.4,12.12,0.706,High,Anthracnose
chickpea,25.99,99.45,16.19,12.85,0.588,Medium,Ascochyta Blight
lentil,27.72,73.77,277.99,9.16,0.619,Medium,Wilt
banana,27.1,62.24,170.76,12.68,0.592,Medium,Sigatoka Leaf Spot
chickpea,25.12,100.0,70.4,0.9,0.606,Medium,Fusarium Wilt
kidneybeans,28.03,65.69,135.27,2.42,0.507,Medium,Angular Leaf Spot
maize,32.36,82.24,90.26,3.36,0.497,Medium,Gray Leaf Spot
lentil,26.11,84.65,145.04,10.7,0.669,High,Rust
pigeonpeas,29.98,83.11,311.8,5.62,0.6,Medium,Fusarium Wilt
coconut,33.79,70.92,80.5,8.32,0.543,Medium,Leaf Blight
cotton,26.91,67.83,66.79,10.99,0.483,Medium,Bacterial Blight
rice,28.7,78.79,135.22,0.0,0.466,Medium,Rice Blast
rice,31.02,95.65,26.6,3.84,0.547,Medium,Rice Blast
jute,26.59,69.36,71.61,2.97,0.486,Medium,Stem Rot
rice,23.35,79.54,139.31,8.95,0.669,High,Bacterial Leaf Blight
lentil,35.97,92.53,49.92,8.91,0.489,Medium,Wilt
orange,19.6,69.34,218.67,15.33,0.72,High,Greening (HLB)
papaya,32.31,51.14,125.35,9.56,0.474,Medium,Powdery Mildew
muskmelon,27.89,84.24,25.56,14.55,0.636,Medium,Downy Mildew
lentil,24.49,69.46,225.36,9.81,0.624,Medium,Wilt
mungbean,27.73,60.36,295.1,7.51,0.678,High,Yellow Mosaic Virus
apple,30.21,68.8,76.18,12.66,0.613,Medium,Fire Blight
coffee,28.57,69.89,96.92,5.14,0.445,Medium,Berry Disease
cotton,23.01,83.67,198.14,9.1,0.654,High,Bacterial Blight
cotton,26.19,49.85,117.06,8.21,0.483,Medium,Leaf Curl Virus
orange,26.34,88.45,96.26,12.97,0.601,Medium,Citrus Canker
blackgram,30.23,76.8,150.36,6.74,0.506,Medium,Yellow Mosaic Virus
coffee,28.51,73.52,100.02,10.03,0.596,Medium,Coffee Leaf Rust
chickpea,29.94,73.82,120.2,5.39,0.488,Medium,Ascochyta Blight
pomegranate,26.0,67.57,78.67,10.86,0.562,Medium,Fruit Rot
apple,20.52,47.96,120.86,2.91,0.343,Low,Healthy
mungbean,29.23,71.87,269.85,10.58,0.595,Medium,Yellow Mosaic Virus
grapes,35.54,58.62,190.86,10.43,0.414,Medium,Downy Mildew
blackgram,25.11,76.26,136.81,6.3,0.596,Medium,Yellow Mosaic Virus
grapes,35.57,84.93,304.56,1.63,0.565,Medium,Downy Mildew
blackgram,29.55,72.15,134.31,8.49,0.7,High,Yellow Mosaic Virus
rice,19.35,77.75,168.48,10.53,0.525,Medium,Sheath Blight
orange,21.89,64.42,47.7,8.99,0.495,Medium,Citrus Canker
cotton,32.85,69.62,359.91,8.54,0.626,Medium,Bacterial Blight
coconut,34.77,72.51,164.66,14.49,0.602,Medium,Bud Rot
kidneybeans,25.34,79.08,86.83,11.96,0.473,Medium,Angular Leaf Spot
coconut,31.27,49.57,182.22,9.75,0.514,Medium,Leaf Blight
banana,31.53,83.17,136.24,6.72,0.619,Medium,Sigatoka Leaf Spot
pomegranate,22.63,74.89,160.98,7.76,0.603,Medium,Fruit Rot
cotton,21.48,88.37,77.68,0.71,0.543,Medium,Bacterial Blight
watermelon,26.93,62.02,53.73,3.88,0.395,Medium,Anthracnose
papaya,35.92,71.16,95.21,13.86,0.558,Medium,Papaya Ring Spot Virus
jute,27.46,95.97,87.61,6.78,0.641,Medium,Stem Rot
chickpea,35.72,84.22,62.75,5.04,0.541,Medium,Fusarium Wilt
pomegranate,36.79,84.24,87.06,13.41,0.501,Medium,Fruit Rot
mango,24.16,100.0,29.25,7.67,0.582,Medium,Anthracnose
mango,28.95,80.04,29.37,11.63,0.636,Medium,Anthracnose
mungbean,31.57,84.54,125.34,13.49,0.673,High,Yellow Mosaic Virus
muskmelon,23.88,77.26,87.15,8.91,0.577,Medium,Downy Mildew
kidneybeans,28.62,80.8,99.55,10.91,0.607,Medium,Angular Leaf Spot
chickpea,25.15,78.5,214.14,4.4,0.62,Medium,Fusarium Wilt
mango,37.71,69.0,181.79,7.34,0.526,Medium,Powdery Mildew
maize,19.86,69.93,109.49,6.91,0.495,Medium,Maize Leaf Blight
banana,36.11,100.0,141.5,9.74,0.722,High,Sigatoka Leaf Spot
papaya,20.74,100.0,26.83,4.63,0.501,Medium,Powdery Mildew
papaya,23.37,82.36,152.51,6.27,0.552,Medium,Powdery Mildew
grapes,27.66,63.0,217.59,7.19,0.561,Medium,Powdery Mildew
banana,27.7,66.26,51.09,9.71,0.509,Medium,Sigatoka Leaf Spot
cotton,24.13,51.25,35.34,8.88,0.451,Medium,Bacterial Blight
pomegranate,24.27,57.4,67.87,3.82,0.484,Medium,Fruit Rot
cotton,35.83,62.43,38.33,9.19,0.439,Medium,Leaf Curl Virus
mothbeans,23.64,80.98,34.99,6.09,0.566,Medium,Powdery Mildew
pigeonpeas,23.29,83.9,151.47,3.49,0.415,Medium,Fusarium Wilt
watermelon,30.54,87.76,127.84,3.3,0.455,Medium,Anthracnose
pomegranate,33.62,94.48,247.04,2.77,0.6,Medium,Fruit Rot
coffee,42.37,58.41,119.15,10.15,0.43,Medium,Berry Disease
maize,27.73,74.8,123.57,0.94,0.53,Medium,Common Rust
apple,22.18,62.66,40.58,0.06,0.292,Low,Healthy
apple,25.15,79.02,116.26,9.09,0.596,Medium,Apple Scab
kidneybeans,25.24,71.77,257.75,16.8,0.743,High,Angular Leaf Spot
watermelon,28.41,48.63,63.25,20.04,0.583,Medium,Anthracnose
rice,37.48,57.51,72.69,9.8,0.48,Medium,Rice Blast
mungbean,30.51,70.95,65.43,5.37,0.515,Medium,Cercospora Leaf Spot
grapes,29.85,87.84,341.08,13.58,0.865,High,Downy Mildew
chickpea,23.37,60.41,25.61,3.77,0.433,Medium,Ascochyta Blight
watermelon,26.45,79.44,48.92,9.9,0.546,Medium,Fusarium Wilt
banana,21.55,71.63,274.78,4.99,0.625,Medium,Panama Wilt
mango,30.77,82.81,33.63,9.36,0.561,Medium,Powdery Mildew
grapes,32.06,90.96,311.61,8.63,0.68,High,Downy Mildew
coffee,23.74,80.19,164.88,4.46,0.518,Medium,Berry Disease
papaya,23.93,83.48,21.62,7.55,0.602,Medium,Powdery Mildew
banana,30.66,70.88,246.55,15.71,0.753,High,Panama Wilt
orange,25.74,78.75,109.74,8.43,0.63,Medium,Greening (HLB)
kidneybeans,26.07,85.19,55.05,11.29,0.664,High,Angular Leaf Spot
coffee,30.96,58.34,170.45,9.18,0.44,Medium,Berry Disease
muskmelon,21.97,85.3,121.22,9.14,0.691,High,Downy Mildew
maize,24.09,56.39,139.36,3.7,0.419,Medium,Maize Leaf Blight
blackgram,16.75,73.33,72.08,4.99,0.428,Medium,Leaf Crinkle
kidneybeans,13.96,61.98,102.85,0.23,0.33,Low,Healthy
mothbeans,29.63,59.95,59.3,15.11,0.609,Medium,Yellow Mosaic Virus
apple,28.41,62.43,111.32,2.91,0.463,Medium,Fire Blight
coconut,21.74,70.92,7.59,14.59,0.496,Medium,Bud Rot
mungbean,30.98,87.26,2.29,10.55,0.689,High,Cercospora Leaf Spot
chickpea,22.19,79.0,8.68,3.92,0.458,Medium,Ascochyta Blight
muskmelon,37.07,65.7,187.2,7.8,0.45,Medium,Powdery Mildew
blackgram,22.15,83.23,55.71,5.85,0.466,Medium,Yellow Mosaic Virus
grapes,24.69,87.59,24.69,0.63,0.412,Medium,Powdery Mildew
pomegranate,29.32,77.13,64.38,10.25,0.591,Medium,Bacterial Blight
mungbean,19.33,96.07,309.11,5.09,0.646,Medium,Yellow Mosaic Virus
coffee,21.46,74.44,30.38,12.53,0.611,Medium,Coffee Leaf Rust
papaya,23.06,75.3,69.25,1.59,0.468,Medium,Papaya Ring Spot Virus
pigeonpeas,31.59,70.94,206.95,5.29,0.561,Medium,Fusarium Wilt
grapes,31.56,42.2,278.53,5.49,0.458,Medium,Downy Mildew
coffee,18.63,79.45,85.85,4.44,0.425,Medium,Berry Disease
banana,27.98,69.12,316.72,12.85,0.751,High,Sigatoka Leaf Spot
maize,20.19,57.94,48.89,3.28,0.375,Medium,Gray Leaf Spot
apple,20.41,87.99,150.78,10.52,0.628,Medium,Apple Scab
pomegranate,27.58,73.04,109.17,7.77,0.614,Medium,Fruit Rot
watermelon,25.59,69.11,129.06,8.52,0.588,Medium,Fusarium Wilt
grapes,25.26,80.65,10.61,9.6,0.556,Medium,Powdery Mildew
rice,27.85,69.73,72.44,9.03,0.581,Medium,Bacterial Leaf Blight
papaya,20.29,90.39,61.26,6.4,0.481,Medium,Papaya Ring Spot Virus
papaya,18.43,70.07,121.77,6.22,0.501,Medium,Powdery Mildew
mungbean,26.43,85.73,45.04,7.79,0.48,Medium,Yellow Mosaic Virus
apple,20.41,100.0,39.67,10.5,0.679,High,Apple Scab
chickpea,26.78,85.42,187.45,5.05,0.606,Medium,Fusarium Wilt
pomegranate,33.4,74.47,280.98,0.0,0.558,Medium,Bacterial Blight
mango,28.68,80.74,229.1,5.33,0.642,Medium,Anthracnose
muskmelon,35.49,62.71,57.16,4.69,0.416,Medium,Downy Mildew
mothbeans,23.86,75.01,58.55,11.94,0.625,Medium,Yellow Mosaic Virus
orange,30.73,71.21,143.79,4.08,0.578,Medium,Citrus Canker
lentil,27.23,73.61,251.38,7.72,0.659,High,Wilt
mungbean,32.01,81.91,138.29,0.7,0.397,Medium,Yellow Mosaic Virus
mango,34.71,73.58,40.53,2.82,0.446,Medium,Anthracnose
pigeonpeas,28.8,76.64,224.67,11.04,0.728,High,Sterility Mosaic
mungbean,25.72,70.31,90.34,7.3,0.47,Medium,Yellow Mosaic Virus
pigeonpeas,25.69,73.05,17.87,6.09,0.45,Medium,Sterility Mosaic
cotton,31.33,82.74,21.97,4.17,0.486,Medium,Bacterial Blight
papaya,29.84,60.06,65.54,6.67,0.432,Medium,Powdery Mildew
rice,26.59,54.53,19.8,5.91,0.294,Low,Healthy
pomegranate,28.23,87.03,127.99,6.88,0.649,Medium,Fruit Rot
pigeonpeas,14.2,61.46,261.66,13.28,0.66,High,Sterility Mosaic
blackgram,15.54,63.21,250.09,11.53,0.612,Medium,Leaf Crinkle
watermelon,25.11,63.88,183.94,9.8,0.61,Medium,Anthracnose
papaya,24.47,77.0,110.86,10.28,0.556,Medium,Powdery Mildew
rice,24.88,78.77,82.15,0.0,0.414,Medium,Bacterial Leaf Blight
coconut,29.01,61.42,51.9,8.1,0.547,Medium,Leaf Blight
chickpea,22.48,66.18,42.12,2.51,0.385,Medium,Fusarium Wilt
coconut,26.01,100.0,68.87,10.18,0.662,High,Bud Rot
chickpea,36.2,79.66,63.74,5.21,0.423,Medium,Fusarium Wilt
mothbeans,25.38,86.47,164.86,5.35,0.609,Medium,Yellow Mosaic Virus
mango,29.08,62.94,22.04,7.06,0.408,Medium,Powdery Mildew
cotton,36.19,85.45,11.29,6.87,0.452,Medium,Bacterial Blight
lentil,18.76,80.12,83.75,2.74,0.428,Medium,Rust
pomegranate,26.6,97.26,70.11,12.09,0.734,High,Bacterial Blight
banana,25.81,74.98,164.53,6.83,0.54,Medium,Sigatoka Leaf Spot
pigeonpeas,26.96,68.49,169.7,3.34,0.608,Medium,Sterility Mosaic
jute,24.19,48.23,2.36,11.53,0.449,Medium,Anthracnose
kidneybeans,21.38,75.07,48.78,0.77,0.309,Low,Healthy
jute,19.42,57.21,103.03,4.43,0.402,Medium,Anthracnose
apple,27.91,73.53,148.96,7.82,0.524,Medium,Fire Blight
orange,32.86,65.31,104.02,8.84,0.419,Medium,Citrus Canker
muskmelon,21.84,69.52,160.87,9.18,0.545,Medium,Downy Mildew
coconut,33.93,82.61,309.2,15.41,0.763,High,Bud Rot
mothbeans,24.94,77.69,35.26,8.75,0.504,Medium,Yellow Mosaic Virus
pomegranate,29.33,78.37,291.35,12.96,0.695,High,Bacterial Blight
maize,31.18,89.23,117.24,9.6,0.475,Medium,Maize Leaf Blight
mothbeans,35.2,95.08,15.2,4.04,0.436,Medium,Yellow Mosaic Virus
lentil,35.19,83.46,91.92,8.19,0.547,Medium,Wilt
muskmelon,31.73,55.88,133.06,5.28,0.451,Medium,Downy Mildew
kidneybeans,31.49,72.18,178.91,15.99,0.726,High,Bean Rust
rice,19.46,63.18,47.04,15.21,0.522,Medium,Rice Blast
orange,30.8,65.85,58.61,13.26,0.551,Medium,Citrus Canker
cotton,31.55,76.01,96.69,6.27,0.476,Medium,Leaf Curl Virus
coffee,23.7,75.0,32.66,8.1,0.524,Medium,Coffee Leaf Rust
pigeonpeas,29.28,92.49,125.11,3.03,0.681,High,Fusarium Wilt
apple,28.42,75.91,32.93,7.85,0.536,Medium,Fire Blight
pigeonpeas,34.37,65.66,264.06,7.5,0.591,Medium,Sterility Mosaic
jute,22.0,78.27,91.7,14.7,0.663,High,Stem Rot
maize,30.08,57.57,69.1,3.7,0.459,Medium,Gray Leaf Spot
apple,31.94,80.43,77.31,10.08,0.506,Medium,Apple Scab
pomegranate,25.61,75.23,45.08,5.76,0.551,Medium,Bacterial Blight
apple,28.78,62.37,142.4,8.68,0.46,Medium,Fire Blight
watermelon,18.4,69.03,17.11,10.89,0.526,Medium,Anthracnose
mungbean,26.02,88.23,190.07,6.83,0.507,Medium,Yellow Mosaic Virus
maize,28.28,80.22,362.53,11.44,0.758,High,Common Rust
chickpea,32.3,57.02,282.32,0.0,0.444,Medium,Fusarium Wilt
cotton,22.34,72.34,28.82,2.87,0.511,Medium,Bacterial Blight
pomegranate,30.79,94.12,49.05,7.94,0.625,Medium,Bacterial Blight
watermelon,21.8,85.92,154.45,2.38,0.547,Medium,Fusarium Wilt
maize,19.14,84.25,233.83,7.96,0.531,Medium,Maize Leaf Blight
pigeonpeas,26.91,59.49,70.89,3.97,0.525,Medium,Fusarium Wilt
pigeonpeas,33.63,84.99,81.52,10.99,0.575,Medium,Sterility Mosaic
grapes,32.65,69.07,152.62,9.56,0.597,Medium,Powdery Mildew
watermelon,24.98,88.54,84.52,6.94,0.584,Medium,Anthracnose
papaya,25.55,76.19,245.18,8.75,0.659,High,Powdery Mildew
watermelon,24.12,68.37,79.03,11.41,0.569,Medium,Fusarium Wilt
maize,31.21,63.99,400.0,6.76,0.612,Medium,Maize Leaf Blight
mothbeans,25.47,86.31,246.35,6.59,0.695,High,Yellow Mosaic Virus
maize,37.61,77.81,16.69,7.51,0.442,Medium,Gray Leaf Spot
lentil,29.95,85.73,279.78,17.3,0.851,High,Wilt
mothbeans,29.28,51.39,40.33,9.68,0.368,Medium,Yellow Mosaic Virus
grapes,29.76,83.27,53.98,2.73,0.466,Medium,Downy Mildew
coconut,21.87,59.03,129.51,8.07,0.446,Medium,Leaf Blight
mango,20.32,73.82,61.95,9.37,0.471,Medium,Powdery Mildew
pomegranate,27.71,69.61,39.96,12.35,0.576,Medium,Bacterial Blight
maize,25.68,57.52,55.08,10.19,0.527,Medium,Maize Leaf Blight
maize,26.16,87.52,133.67,10.62,0.597,Medium,Common Rust
cotton,28.96,65.76,76.91,3.2,0.556,Medium,Leaf Curl Virus
orange,19.43,77.91,159.63,7.63,0.593,Medium,Citrus Canker
muskmelon,22.87,64.93,400.0,6.27,0.602,Medium,Downy Mildew
maize,33.36,81.44,73.0,1.73,0.477,Medium,Common Rust
mungbean,32.07,79.12,152.65,10.1,0.624,Medium,Yellow Mosaic Virus
mango,18.95,59.45,161.5,9.25,0.511,Medium,Powdery Mildew
pigeonpeas,25.86,65.97,78.92,8.86,0.517,Medium,Fusarium Wilt
pigeonpeas,23.03,72.76,18.02,1.21,0.414,Medium,Fusarium Wilt
orange,26.34,65.81,122.28,7.48,0.467,Medium,Citrus Canker
pigeonpeas,24.63,64.96,36.95,13.5,0.531,Medium,Sterility Mosaic
coconut,32.23,70.9,87.51,8.0,0.558,Medium,Bud Rot
pigeonpeas,24.58,74.81,32.31,4.25,0.454,Medium,Sterility Mosaic
orange,30.78,80.2,61.99,4.17,0.491,Medium,Greening (HLB)
pomegranate,29.04,61.06,313.88,17.12,0.672,High,Fruit Rot
coconut,21.57,69.77,13.26,4.02,0.387,Medium,Leaf Blight
blackgram,31.66,72.81,68.43,10.21,0.483,Medium,Leaf Crinkle
papaya,28.77,57.44,67.23,8.19,0.404,Medium,Powdery Mildew
lentil,31.02,82.94,211.79,8.34,0.691,High,Rust
blackgram,21.94,73.0,81.92,18.41,0.664,High,Yellow Mosaic Virus
coconut,35.95,71.27,111.28,1.82,0.478,Medium,Bud Rot
kidneybeans,33.16,63.53,105.86,5.81,0.538,Medium,Angular Leaf Spot
pigeonpeas,28.73,78.21,86.01,7.06,0.49,Medium,Sterility Mosaic
watermelon,24.15,77.61,70.05,8.72,0.656,High,Anthracnose
watermelon,21.48,82.54,77.05,9.52,0.543,Medium,Anthracnose
cotton,22.2,70.54,69.94,8.43,0.518,Medium,Bacterial Blight
jute,25.01,58.37,165.0,14.76,0.693,High,Anthracnose
papaya,32.59,47.95,89.38,5.38,0.489,Medium,Powdery Mildew
banana,29.06,70.5,86.08,16.11,0.691,High,Panama Wilt
mungbean,29.47,71.29,72.71,11.28,0.613,Medium,Yellow Mosaic Virus
grapes,30.23,60.73,15.24,13.52,0.541,Medium,Downy Mildew
grapes,25.46,100.0,227.34,0.99,0.61,Medium,Downy Mildew
lentil,24.55,70.63,50.24,12.45,0.489,Medium,Rust
mango,20.34,83.77,195.14,3.97,0.5,Medium,Powdery Mildew
pigeonpeas,28.72,82.12,172.12,10.11,0.678,High,Sterility Mosaic
rice,27.57,78.96,173.14,11.51,0.585,Medium,Sheath Blight
mango,29.83,78.83,84.82,0.0,0.426,Medium,Anthracnose
cotton,21.99,68.81,184.18,12.21,0.676,High,Leaf Curl Virus
cotton,27.19,92.59,113.53,9.34,0.671,High,Bacterial Blight
jute,25.13,82.11,187.44,7.08,0.534,Medium,Anthracnose
chickpea,26.21,73.08,254.66,4.7,0.457,Medium,Ascochyta Blight
rice,28.19,67.87,24.61,5.88,0.478,Medium,Rice Blast
mungbean,34.16,75.21,31.37,8.01,0.436,Medium,Cercospora Leaf Spot
jute,34.93,61.62,29.7,4.31,0.336,Low,Healthy
lentil,21.71,74.8,104.09,10.79,0.574,Medium,Rust
maize,28.98,78.67,186.44,12.56,0.664,High,Gray Leaf Spot
mango,27.7,56.85,132.02,9.9,0.594,Medium,Anthracnose
rice,37.65,59.55,36.83,19.62,0.504,Medium,Bacterial Leaf Blight
mothbeans,23.88,90.38,53.24,12.93,0.623,Medium,Yellow Mosaic Virus
banana,33.71,65.22,80.52,5.66,0.506,Medium,Panama Wilt
apple,29.25,83.89,13.06,10.22,0.576,Medium,Fire Blight
mothbeans,34.14,89.13,171.65,2.25,0.605,Medium,Yellow Mosaic Virus
pomegranate,25.94,50.33,150.3,13.76,0.531,Medium,Fruit Rot
mango,25.18,67.05,49.15,11.29,0.6,Medium,Anthracnose
apple,32.96,76.95,102.52,13.69,0.591,Medium,Fire Blight
watermelon,28.43,66.78,163.68,6.59,0.507,Medium,Fusarium Wilt
mothbeans,24.79,74.45,57.04,12.81,0.516,Medium,Powdery Mildew
coffee,29.02,63.81,101.52,11.51,0.523,Medium,Coffee Leaf Rust
papaya,25.35,81.29,102.44,12.47,0.633,Medium,Papaya Ring Spot Virus
chickpea,27.91,79.98,48.78,7.62,0.434,Medium,Fusarium Wilt
mango,22.86,86.58,87.6,12.24,0.581,Medium,Powdery Mildew
muskmelon,23.26,63.27,250.86,6.9,0.56,Medium,Downy Mildew
apple,31.01,81.41,70.68,10.63,0.6,Medium,Fire Blight
rice,22.5,77.28,24.34,12.99,0.557,Medium,Bacterial Leaf Blight
jute,27.8,74.46,32.33,0.94,0.422,Medium,Anthracnose
orange,35.85,64.32,143.07,11.52,0.554,Medium,Greening (HLB)
chickpea,40.66,82.09,36.47,8.27,0.525,Medium,Fusarium Wilt
jute,25.27,71.2,144.9,14.41,0.722,High,Stem Rot
jute,21.37,66.09,29.32,8.57,0.423,Medium,Anthracnose
pigeonpeas,30.06,89.51,110.8,11.4,0.655,High,Sterility Mosaic
pomegranate,24.78,70.13,326.62,13.14,0.793,High,Bacterial Blight
mothbeans,40.39,56.53,194.14,8.52,0.606,Medium,Yellow Mosaic Virus
rice,21.25,73.95,191.95,8.85,0.628,Medium,Bacterial Leaf Blight
muskmelon,25.18,57.42,75.67,5.68,0.454,Medium,Powdery Mildew
mungbean,29.04,70.59,88.33,14.78,0.588,Medium,Yellow Mosaic Virus
orange,12.59,88.47,71.45,6.16,0.475,Medium,Citrus Canker
jute,35.08,53.38,18.46,6.46,0.356,Medium,Stem Rot
apple,28.57,77.17,103.71,0.25,0.416,Medium,Fire Blight
cotton,24.13,85.75,131.45,12.81,0.554,Medium,Leaf Curl Virus
pomegranate,32.18,67.61,161.17,7.52,0.519,Medium,Fruit Rot
papaya,27.78,61.8,135.95,8.79,0.507,Medium,Powdery Mildew
maize,28.35,64.09,136.05,5.57,0.466,Medium,Maize Leaf Blight
papaya,27.8,80.2,73.83,5.9,0.492,Medium,Papaya Ring Spot Virus
mango,29.95,69.27,231.03,2.85,0.522,Medium,Powdery Mildew
apple,22.34,81.09,152.79,10.53,0.673,High,Apple Scab
banana,16.89,80.33,168.92,11.9,0.607,Medium,Panama Wilt
mungbean,23.83,77.12,28.05,0.0,0.338,Low,Healthy
papaya,24.18,58.53,171.48,6.13,0.539,Medium,Papaya Ring Spot Virus
apple,23.6,81.83,96.32,7.15,0.522,Medium,Fire Blight
blackgram,31.99,69.17,13.71,14.88,0.592,Medium,Yellow Mosaic Virus
grapes,18.32,70.15,61.87,7.76,0.481,Medium,Downy Mildew
coconut,21.99,46.87,153.44,8.32,0.461,Medium,Leaf Blight
orange,25.42,76.57,122.96,8.79,0.586,Medium,Greening (HLB)
papaya,26.35,97.41,49.26,9.34,0.627,Medium,Powdery Mildew
coffee,30.59,60.64,35.12,4.25,0.457,Medium,Berry Disease
pigeonpeas,29.78,71.21,109.24,13.05,0.678,High,Fusarium Wilt
pomegranate,20.7,69.69,109.26,9.18,0.587,Medium,Fruit Rot
coffee,23.62,56.8,110.84,9.09,0.438,Medium,Berry Disease
pomegranate,27.01,53.23,101.41,8.05,0.551,Medium,Fruit Rot
rice,26.13,95.01,36.55,9.28,0.569,Medium,Sheath Blight
watermelon,24.35,79.41,188.02,1.68,0.454,Medium,Anthracnose
chickpea,26.44,73.74,94.05,9.01,0.602,Medium,Ascochyta Blight
banana,28.07,72.25,68.99,6.24,0.494,Medium,Sigatoka Leaf Spot
jute,29.33,71.71,45.58,0.89,0.441,Medium,Stem Rot
blackgram,30.87,78.55,86.9,7.42,0.582,Medium,Yellow Mosaic Virus
orange,27.66,71.11,117.25,9.76,0.706,High,Greening (HLB)
mothbeans,26.49,80.82,31.5,7.36,0.528,Medium,Powdery Mildew
coffee,29.9,77.69,54.5,15.19,0.655,High,Coffee Leaf Rust
mango,23.54,95.32,246.12,4.99,0.643,Medium,Anthracnose
cotton,25.37,84.35,37.06,4.48,0.552,Medium,Bacterial Blight
kidneybeans,29.89,81.28,36.75,9.09,0.519,Medium,Bean Rust
pomegranate,20.05,57.55,49.66,9.13,0.504,Medium,Bacterial Blight
rice,25.89,82.77,98.95,3.86,0.531,Medium,Rice Blast
pomegranate,24.84,83.53,129.01,11.74,0.615,Medium,Bacterial Blight
jute,21.29,67.4,209.41,3.34,0.521,Medium,Anthracnose
coconut,22.31,77.5,105.19,7.01,0.58,Medium,Bud Rot
cotton,25.77,92.37,39.96,13.09,0.624,Medium,Bacterial Blight
pomegranate,35.88,55.33,130.51,2.31,0.347,Low,Healthy
mango,28.91,83.59,63.61,13.34,0.673,High,Powdery Mildew
mungbean,30.16,69.03,70.08,12.52,0.552,Medium,Cercospora Leaf Spot
muskmelon,22.93,78.45,19.01,6.68,0.52,Medium,Downy Mildew
blackgram,23.75,59.2,217.85,6.37,0.529,Medium,Leaf Crinkle
lentil,27.99,73.72,72.46,11.26,0.514,Medium,Wilt
mungbean,27.15,72.9,215.94,12.45,0.669,High,Yellow Mosaic Virus
mungbean,24.46,79.76,20.11,3.19,0.444,Medium,Cercospora Leaf Spot
orange,26.26,60.42,118.6,12.28,0.57,Medium,Citrus Canker
watermelon,34.94,91.75,128.18,7.01,0.634,Medium,Fusarium Wilt
papaya,27.78,92.79,246.28,5.43,0.683,High,Papaya Ring Spot Virus
coconut,28.46,53.68,294.61,11.48,0.63,Medium,Leaf Blight
lentil,22.68,91.12,265.11,16.31,0.835,High,Wilt
mango,22.11,65.01,132.0,16.79,0.574,Medium,Anthracnose
watermelon,25.85,73.0,75.01,6.34,0.533,Medium,Fusarium Wilt
cotton,30.29,82.45,251.66,13.41,0.738,High,Bacterial Blight
pomegranate,23.25,72.66,83.53,4.45,0.35,Low,Healthy
blackgram,26.98,64.03,137.97,15.01,0.67,High,Yellow Mosaic Virus
maize,24.74,67.01,137.53,2.38,0.527,Medium,Maize Leaf Blight
coffee,33.46,97.12,6.93,7.42,0.516,Medium,Berry Disease
cotton,34.41,75.53,78.54,8.41,0.481,Medium,Leaf Curl Virus
muskmelon,26.73,83.06,127.71,10.15,0.603,Medium,Downy Mildew
apple,22.91,61.35,297.66,11.23,0.676,High,Fire Blight
pomegranate,25.74,73.39,220.74,10.53,0.608,Medium,Bacterial Blight
pomegranate,23.11,80.84,100.48,5.77,0.48,Medium,Fruit Rot
blackgram,33.37,90.98,19.01,8.9,0.531,Medium,Leaf Crinkle
jute,14.61,98.41,47.99,8.41,0.567,Medium,Anthracnose
lentil,25.36,76.29,58.04,14.14,0.603,Medium,Rust
rice,28.05,66.42,239.94,0.26,0.436,Medium,Rice Blast
orange,28.99,84.37,48.4,10.43,0.521,Medium,Citrus Canker
pomegranate,30.73,79.99,189.27,4.84,0.583,Medium,Fruit Rot
apple,34.8,96.26,388.32,4.49,0.786,High,Fire Blight
kidneybeans,37.33,75.96,9.19,4.38,0.385,Medium,Bean Rust
apple,23.29,73.47,204.98,11.57,0.631,Medium,Apple Scab
coconut,30.3,44.1,99.73,10.98,0.495,Medium,Leaf Blight
coconut,30.05,73.77,105.94,7.6,0.541,Medium,Leaf Blight
mungbean,23.47,77.28,187.65,7.21,0.573,Medium,Yellow Mosaic Virus
papaya,25.4,74.03,137.6,12.56,0.656,High,Powdery Mildew
orange,29.77,61.9,168.17,4.89,0.531,Medium,Greening (HLB)
rice,25.74,76.83,262.77,7.05,0.64,Medium,Rice Blast
muskmelon,24.84,79.26,90.6,8.37,0.543,Medium,Downy Mildew
cotton,26.38,76.87,57.7,9.34,0.501,Medium,Bacterial Blight
maize,23.9,84.43,196.25,13.72,0.766,High,Maize Leaf Blight
mungbean,32.02,75.24,48.49,4.76,0.489,Medium,Yellow Mosaic Virus
orange,21.85,69.1,179.98,7.52,0.586,Medium,Greening (HLB)
pigeonpeas,25.69,81.08,86.66,8.31,0.553,Medium,Fusarium Wilt
mothbeans,27.84,75.03,146.87,4.87,0.516,Medium,Powdery Mildew
blackgram,25.17,56.21,236.04,4.38,0.493,Medium,Yellow Mosaic Virus
orange,26.23,84.98,88.45,1.8,0.449,Medium,Citrus Canker
mango,28.83,82.72,54.55,7.57,0.492,Medium,Powdery Mildew
lentil,31.49,79.9,16.69,8.84,0.542,Medium,Rust
rice,31.62,75.42,79.66,8.89,0.57,Medium,Rice Blast
chickpea,28.34,71.34,64.49,12.59,0.545,Medium,Ascochyta Blight
jute,22.34,60.77,29.94,9.03,0.499,Medium,Stem Rot
maize,26.16,88.15,152.03,5.34,0.544,Medium,Gray Leaf Spot
rice,30.13,71.29,139.72,6.55,0.515,Medium,Sheath Blight
rice,30.81,80.38,18.02,3.86,0.479,Medium,Sheath Blight
apple,30.1,67.62,298.24,9.53,0.618,Medium,Apple Scab
rice,26.3,93.38,200.1,11.0,0.807,High,Rice Blast
banana,38.32,74.47,108.03,7.53,0.514,Medium,Sigatoka Leaf Spot
chickpea,24.45,79.92,128.41,4.86,0.601,Medium,Fusarium Wilt
papaya,25.7,95.71,40.06,6.08,0.718,High,Papaya Ring Spot Virus
papaya,26.21,61.32,101.44,5.23,0.314,Low,Healthy
grapes,21.39,67.76,23.13,1.97,0.303,Low,Healthy
jute,32.78,75.88,66.73,9.48,0.479,Medium,Stem Rot
coffee,29.34,99.99,169.24,10.87,0.673,High,Berry Disease
orange,18.95,80.47,123.57,5.33,0.537,Medium,Greening (HLB)
apple,26.46,57.65,63.04,7.31,0.517,Medium,Fire Blight
grapes,16.35,51.04,77.29,7.06,0.353,Medium,Powdery Mildew
apple,34.76,64.41,262.37,6.26,0.526,Medium,Fire Blight
apple,25.79,97.04,36.27,10.74,0.626,Medium,Fire Blight
chickpea,23.78,68.65,83.68,10.38,0.577,Medium,Ascochyta Blight
papaya,18.08,100.0,46.96,5.87,0.493,Medium,Papaya Ring Spot Virus
blackgram,22.48,85.78,93.25,3.21,0.503,Medium,Yellow Mosaic Virus
chickpea,28.08,81.01,58.85,6.93,0.522,Medium,Ascochyta Blight
maize,24.12,69.61,263.97,4.86,0.544,Medium,Gray Leaf Spot
papaya,23.51,78.86,128.53,2.37,0.418,Medium,Powdery Mildew
banana,29.48,85.46,139.48,10.84,0.519,Medium,Sigatoka Leaf Spot
blackgram,23.88,85.98,51.86,4.57,0.542,Medium,Leaf Crinkle
jute,24.9,86.9,195.91,8.72,0.754,High,Stem Rot
muskmelon,26.93,59.95,40.87,9.07,0.454,Medium,Downy Mildew
blackgram,20.54,61.71,78.43,3.5,0.452,Medium,Yellow Mosaic Virus
mothbeans,22.89,79.77,11.84,9.88,0.484,Medium,Yellow Mosaic Virus
lentil,31.72,64.19,227.95,7.37,0.572,Medium,Wilt
maize,23.8,82.68,63.83,7.43,0.59,Medium,Common Rust
rice,30.75,71.58,116.12,13.31,0.601,Medium,Rice Blast
banana,24.59,64.11,71.29,7.85,0.544,Medium,Panama Wilt
kidneybeans,23.84,72.92,113.26,9.97,0.54,Medium,Bean Rust
cotton,21.9,75.07,92.87,8.18,0.438,Medium,Leaf Curl Virus
orange,20.71,83.67,218.34,3.74,0.64,Medium,Citrus Canker
coffee,23.62,57.86,112.35,11.57,0.548,Medium,Coffee Leaf Rust
pomegranate,26.24,71.99,18.73,2.46,0.312,Low,Healthy
watermelon,24.61,61.43,133.25,6.39,0.541,Medium,Fusarium Wilt
mango,29.6,64.0,127.0,10.83,0.568,Medium,Powdery Mildew
muskmelon,28.02,66.3,134.29,10.17,0.563,Medium,Downy Mildew
orange,30.65,82.55,224.97,7.14,0.536,Medium,Citrus Canker
chickpea,23.88,67.54,57.68,2.87,0.359,Medium,Ascochyta Blight
chickpea,23.49,94.22,170.02,4.33,0.63,Medium,Fusarium Wilt
mothbeans,29.47,96.53,88.11,15.03,0.677,High,Yellow Mosaic Virus
jute,30.01,60.01,170.15,9.88,0.65,Medium,Stem Rot
coconut,25.35,67.99,400.0,7.06,0.594,Medium,Bud Rot
maize,34.06,87.29,124.18,7.16,0.602,Medium,Common Rust
coconut,31.79,75.72,201.08,15.79,0.64,Medium,Leaf Blight
coffee,16.66,80.5,102.23,15.18,0.556,Medium,Berry Disease
kidneybeans,29.64,78.77,104.58,9.81,0.571,Medium,Angular Leaf Spot
coconut,29.75,63.13,32.19,7.2,0.476,Medium,Leaf Blight
mothbeans,36.02,69.4,79.44,12.58,0.377,Medium,Powdery Mildew
apple,23.89,60.65,206.93,10.31,0.601,Medium,Apple Scab
pigeonpeas,24.27,78.96,230.04,7.82,0.615,Medium,Sterility Mosaic
chickpea,34.12,70.28,247.72,13.72,0.665,High,Fusarium Wilt
pomegranate,32.44,78.35,150.0,8.04,0.505,Medium,Fruit Rot
mungbean,28.21,61.23,156.38,0.68,0.438,Medium,Yellow Mosaic Virus
mothbeans,28.54,68.37,117.29,9.89,0.558,Medium,Yellow Mosaic Virus
mungbean,32.77,78.71,68.26,2.71,0.544,Medium,Cercospora Leaf Spot
jute,31.43,59.07,38.3,3.11,0.328,Low,Healthy
kidneybeans,32.54,67.57,153.05,0.62,0.446,Medium,Angular Leaf Spot
lentil,27.47,87.23,134.2,0.3,0.605,Medium,Rust
cotton,15.17,86.95,205.49,9.1,0.627,Medium,Bacterial Blight
orange,35.51,88.64,72.96,9.37,0.483,Medium,Greening (HLB)
mungbean,18.76,54.39,76.79,15.18,0.553,Medium,Cercospora Leaf Spot
cotton,28.28,80.86,113.68,13.68,0.721,High,Leaf Curl Virus
kidneybeans,31.52,90.47,195.51,11.02,0.681,High,Angular Leaf Spot
jute,27.55,88.32,282.12,2.75,0.714,High,Stem Rot
blackgram,24.91,59.97,68.13,10.92,0.5,Medium,Yellow Mosaic Virus
jute,27.05,64.21,161.14,12.01,0.616,Medium,Stem Rot
grapes,28.11,78.2,67.21,9.72,0.629,Medium,Powdery Mildew
mango,20.61,72.05,264.29,2.54,0.497,Medium,Anthracnose
lentil,31.03,71.4,63.25,3.48,0.476,Medium,Rust
mothbeans,22.52,76.49,102.45,5.14,0.455,Medium,Yellow Mosaic Virus
watermelon,29.19,92.53,186.21,5.13,0.621,Medium,Fusarium Wilt
coffee,33.24,85.1,60.59,5.03,0.449,Medium,Coffee Leaf Rust
pomegranate,22.27,88.32,51.26,2.22,0.488,Medium,Bacterial Blight
coconut,23.97,74.84,216.48,6.25,0.481,Medium,Leaf Blight
mungbean,17.56,75.97,145.38,8.47,0.443,Medium,Yellow Mosaic Virus
coffee,29.2,74.99,168.7,6.65,0.49,Medium,Berry Disease
mango,31.45,79.23,224.92,6.07,0.665,High,Anthracnose
coconut,26.77,62.68,53.52,14.23,0.63,Medium,Leaf Blight
mungbean,23.98,61.18,225.16,5.76,0.529,Medium,Yellow Mosaic Virus
mothbeans,24.6,75.66,226.68,5.24,0.651,High,Powdery Mildew
coconut,32.45,77.85,185.13,4.23,0.541,Medium,Bud Rot
watermelon,27.42,62.37,28.07,5.63,0.392,Medium,Fusarium Wilt
papaya,21.51,74.59,50.28,4.52,0.428,Medium,Papaya Ring Spot Virus
jute,29.02,97.54,154.08,5.74,0.659,High,Anthracnose
coffee,19.63,82.42,226.83,17.58,0.68,High,Coffee Leaf Rust
pigeonpeas,24.25,61.7,71.29,8.92,0.458,Medium,Fusarium Wilt
lentil,30.86,70.81,23.14,10.17,0.427,Medium,Rust
apple,27.77,91.83,148.65,10.59,0.652,High,Fire Blight
mungbean,19.24,72.37,313.0,5.74,0.501,Medium,Yellow Mosaic Virus
mungbean,30.34,83.69,115.11,13.08,0.686,High,Cercospora Leaf Spot
coffee,28.5,67.92,184.29,4.9,0.462,Medium,Coffee Leaf Rust
maize,17.45,59.65,39.47,6.54,0.477,Medium,Maize Leaf Blight
watermelon,28.22,60.14,44.7,10.04,0.513,Medium,Anthracnose
grapes,36.83,78.31,61.16,1.61,0.379,Medium,Downy Mildew
jute,24.13,66.2,204.84,15.37,0.692,High,Stem Rot
banana,20.59,100.0,24.72,0.0,0.475,Medium,Sigatoka Leaf Spot
muskmelon,29.4,74.98,94.8,16.05,0.674,High,Downy Mildew
pomegranate,18.6,75.9,132.78,8.59,0.616,Medium,Fruit Rot
coconut,42.25,87.22,400.0,9.0,0.621,Medium,Bud Rot
apple,27.3,84.78,238.9,8.12,0.611,Medium,Fire Blight
coconut,21.23,63.81,25.58,4.51,0.474,Medium,Leaf Blight
mungbean,24.82,77.27,90.83,3.48,0.392,Medium,Yellow Mosaic Virus
kidneybeans,21.82,80.79,59.94,6.85,0.586,Medium,Bean Rust
maize,27.04,72.55,23.85,0.0,0.448,Medium,Gray Leaf Spot
kidneybeans,30.59,87.09,61.95,11.71,0.554,Medium,Bean Rust
chickpea,17.82,65.51,196.87,12.47,0.658,High,Fusarium Wilt
maize,31.54,76.52,0.91,15.54,0.56,Medium,Common Rust
coffee,22.94,81.11,13.19,8.53,0.508,Medium,Coffee Leaf Rust
papaya,20.38,72.61,47.65,11.67,0.522,Medium,Powdery Mildew
mungbean,30.01,74.86,80.28,6.24,0.447,Medium,Cercospora Leaf Spot
maize,32.14,74.36,97.64,8.48,0.552,Medium,Common Rust
coffee,28.39,78.87,92.91,10.58,0.488,Medium,Coffee Leaf Rust
kidneybeans,25.65,80.26,128.87,2.68,0.529,Medium,Bean Rust
rice,21.12,64.95,119.37,3.11,0.456,Medium,Sheath Blight
kidneybeans,26.6,74.28,400.0,8.92,0.75,High,Angular Leaf Spot
coconut,24.07,68.53,26.3,6.5,0.474,Medium,Leaf Blight
grapes,29.59,89.41,167.75,15.7,0.779,High,Downy Mildew
muskmelon,29.87,57.39,84.57,10.72,0.483,Medium,Downy Mildew
rice,29.23,69.54,113.97,8.64,0.54,Medium,Rice Blast
mungbean,24.55,58.98,143.28,3.17,0.479,Medium,Yellow Mosaic Virus
chickpea,30.59,60.72,143.02,10.9,0.59,Medium,Fusarium Wilt
papaya,28.03,85.74,58.19,12.71,0.667,High,Papaya Ring Spot Virus
rice,23.19,76.78,131.13,2.72,0.54,Medium,Sheath Blight
apple,29.01,81.62,127.83,13.22,0.639,Medium,Fire Blight
maize,26.18,68.03,7.01,7.55,0.431,Medium,Maize Leaf Blight
banana,32.25,68.04,151.41,11.43,0.568,Medium,Panama Wilt
cotton,24.87,83.97,228.54,15.1,0.78,High,Bacterial Blight
lentil,26.36,91.91,50.79,7.8,0.646,Medium,Rust
mothbeans,21.78,62.03,170.37,10.29,0.557,Medium,Powdery Mildew
papaya,31.02,64.09,67.76,2.92,0.378,Medium,Powdery Mildew
mothbeans,31.05,68.55,16.27,12.92,0.474,Medium,Yellow Mosaic Virus
grapes,27.1,100.0,201.9,3.28,0.581,Medium,Powdery Mildew
jute,27.09,71.46,185.31,2.46,0.482,Medium,Anthracnose
cotton,25.27,89.07,59.07,14.78,0.599,Medium,Leaf Curl Virus
coconut,33.22,77.26,19.22,7.37,0.375,Medium,Bud Rot
coconut,35.26,63.95,24.21,10.18,0.529,Medium,Leaf Blight
muskmelon,25.67,83.69,70.65,7.69,0.697,High,Powdery Mildew
coffee,17.42,67.55,37.34,1.47,0.321,Low,Healthy
muskmelon,29.73,72.54,248.26,5.74,0.613,Medium,Downy Mildew
muskmelon,27.84,47.41,77.19,5.11,0.36,Medium,Powdery Mildew
jute,23.17,79.07,178.66,7.33,0.575,Medium,Anthracnose
coconut,20.53,69.48,55.92,12.73,0.495,Medium,Bud Rot
pomegranate,19.86,75.3,45.33,4.44,0.466,Medium,Bacterial Blight
orange,18.51,82.01,51.57,9.47,0.531,Medium,Greening (HLB)
blackgram,21.07,71.73,30.27,6.15,0.469,Medium,Leaf Crinkle
muskmelon,26.52,78.34,40.72,11.56,0.602,Medium,Powdery Mildew
orange,23.53,62.98,76.57,3.0,0.416,Medium,Greening (HLB)
rice,36.76,99.92,105.47,12.3,0.61,Medium,Bacterial Leaf Blight
papaya,24.3,86.81,13.18,12.35,0.625,Medium,Papaya Ring Spot Virus
banana,24.3,79.68,93.96,10.24,0.611,Medium,Sigatoka Leaf Spot
chickpea,28.25,75.79,68.17,2.93,0.477,Medium,Fusarium Wilt
papaya,21.45,88.06,101.62,3.14,0.526,Medium,Powdery Mildew
coffee,34.71,83.72,97.12,14.09,0.622,Medium,Berry Disease
banana,37.09,78.59,35.56,12.09,0.411,Medium,Sigatoka Leaf Spot
muskmelon,26.56,88.93,119.95,9.44,0.744,High,Powdery Mildew
rice,25.99,79.51,23.44,4.96,0.468,Medium,Sheath Blight
papaya,24.59,92.98,57.99,9.46,0.554,Medium,Papaya Ring Spot Virus
muskmelon,29.32,46.96,22.61,8.2,0.365,Medium,Powdery Mildew
maize,27.45,82.26,209.26,6.18,0.639,Medium,Gray Leaf Spot
coffee,25.31,87.11,101.12,3.6,0.437,Medium,Berry Disease
apple,27.89,43.26,76.08,10.78,0.514,Medium,Apple Scab
mango,23.42,67.98,400.0,9.11,0.694,High,Powdery Mildew
mango,27.66,82.64,279.04,5.82,0.637,Medium,Powdery Mildew
maize,31.02,76.48,61.1,13.74,0.625,Medium,Maize Leaf Blight
kidneybeans,35.11,74.9,68.82,11.2,0.557,Medium,Angular Leaf Spot
jute,26.98,86.28,106.25,3.92,0.495,Medium,Stem Rot
mungbean,16.34,70.4,220.66,7.34,0.591,Medium,Cercospora Leaf Spot
mango,28.99,76.71,113.74,0.0,0.475,Medium,Powdery Mildew
jute,18.87,73.97,68.55,7.06,0.545,Medium,Stem Rot
cotton,28.86,71.84,99.83,5.27,0.504,Medium,Leaf Curl Virus
pigeonpeas,20.49,72.65,41.9,6.39,0.44,Medium,Fusarium Wilt
papaya,29.16,68.84,139.28,2.38,0.456,Medium,Papaya Ring Spot Virus
grapes,24.01,76.69,126.57,6.92,0.5,Medium,Powdery Mildew
papaya,25.09,58.16,20.36,8.89,0.451,Medium,Papaya Ring Spot Virus
mango,29.15,96.34,137.5,10.71,0.636,Medium,Anthracnose
pigeonpeas,30.21,68.3,139.36,7.23,0.526,Medium,Fusarium Wilt
rice,26.58,69.72,214.37,9.44,0.547,Medium,Bacterial Leaf Blight
chickpea,24.67,66.77,274.08,13.08,0.645,Medium,Fusarium Wilt
pigeonpeas,43.47,80.05,26.67,4.36,0.452,Medium,Fusarium Wilt
mothbeans,18.04,69.36,102.16,0.16,0.391,Medium,Yellow Mosaic Virus
jute,22.97,79.34,16.23,10.02,0.468,Medium,Stem Rot
kidneybeans,27.24,71.7,131.22,11.47,0.529,Medium,Angular Leaf Spot
coconut,34.75,84.47,5.42,12.26,0.639,Medium,Bud Rot
papaya,19.77,83.32,171.83,2.96,0.513,Medium,Papaya Ring Spot Virus
coffee,26.42,70.92,139.57,8.19,0.593,Medium,Coffee Leaf Rust
pomegranate,30.29,74.21,60.6,6.43,0.512,Medium,Bacterial Blight
pomegranate,24.22,57.13,212.33,8.29,0.662,High,Fruit Rot
mango,24.05,85.0,103.03,4.1,0.584,Medium,Anthracnose
mango,32.95,64.98,128.11,8.65,0.531,Medium,Powdery Mildew
banana,28.44,81.58,10.5,10.28,0.498,Medium,Sigatoka Leaf Spot
cotton,28.19,100.0,96.86,2.95,0.543,Medium,Bacterial Blight
cotton,20.94,94.44,56.51,9.89,0.627,Medium,Bacterial Blight
rice,27.92,86.55,122.64,10.79,0.65,Medium,Sheath Blight
coconut,28.08,72.48,70.18,6.23,0.579,Medium,Bud Rot
grapes,35.88,72.4,184.19,7.39,0.515,Medium,Powdery Mildew
pomegranate,28.73,94.09,127.38,10.87,0.661,High,Bacterial Blight
coconut,23.03,44.98,68.3,9.8,0.387,Medium,Bud Rot
coffee,25.77,68.25,149.02,12.2,0.634,Medium,Berry Disease
coffee,18.26,99.66,96.03,8.75,0.538,Medium,Berry Disease
jute,27.22,65.67,93.06,3.25,0.481,Medium,Anthracnose
watermelon,24.03,89.29,241.23,7.28,0.785,High,Fusarium Wilt
orange,30.55,89.9,151.87,11.75,0.687,High,Greening (HLB)
chickpea,27.9,100.0,125.19,12.82,0.736,High,Fusarium Wilt
chickpea,28.98,77.5,224.69,8.27,0.7,High,Fusarium Wilt
grapes,19.49,76.79,137.69,9.78,0.615,Medium,Powdery Mildew
watermelon,24.85,86.77,121.25,12.4,0.726,High,Anthracnose
banana,28.94,94.3,18.15,10.71,0.685,High,Sigatoka Leaf Spot
watermelon,35.54,87.77,127.96,6.85,0.612,Medium,Fusarium Wilt
mothbeans,30.25,62.41,162.05,14.04,0.635,Medium,Yellow Mosaic Virus
coconut,29.26,84.89,55.35,12.03,0.541,Medium,Leaf Blight
mungbean,21.95,61.15,104.77,2.29,0.455,Medium,Yellow Mosaic Virus
chickpea,26.42,87.77,41.74,9.5,0.613,Medium,Ascochyta Blight
blackgram,15.66,77.14,71.72,5.05,0.45,Medium,Leaf Crinkle
muskmelon,32.93,70.66,68.15,12.12,0.591,Medium,Downy Mildew
banana,34.92,83.04,94.21,9.86,0.557,Medium,Sigatoka Leaf Spot
coffee,22.74,66.78,117.92,8.05,0.493,Medium,Berry Disease
chickpea,20.05,72.74,23.17,1.38,0.421,Medium,Ascochyta Blight
banana,20.02,73.55,144.91,3.27,0.363,Medium,Panama Wilt
banana,29.48,79.42,167.02,10.65,0.586,Medium,Panama Wilt
coffee,22.84,59.96,37.04,11.06,0.46,Medium,Coffee Leaf Rust
muskmelon,24.01,70.26,124.95,0.0,0.473,Medium,Powdery Mildew
blackgram,30.38,88.36,186.61,17.93,0.74,High,Leaf Crinkle
apple,30.33,87.31,12.46,3.15,0.49,Medium,Fire Blight
cotton,25.53,69.57,87.71,8.17,0.595,Medium,Bacterial Blight
kidneybeans,24.81,81.45,54.26,12.79,0.654,High,Angular Leaf Spot
blackgram,22.63,84.87,129.78,7.71,0.557,Medium,Yellow Mosaic Virus
banana,21.8,70.51,168.66,6.09,0.398,Medium,Sigatoka Leaf Spot
grapes,25.74,65.83,42.57,17.06,0.605,Medium,Powdery Mildew
pigeonpeas,23.05,83.91,95.45,10.53,0.586,Medium,Sterility Mosaic
watermelon,32.17,69.48,157.85,6.32,0.398,Medium,Anthracnose
watermelon,25.74,58.28,59.82,0.0,0.336,Low,Healthy
muskmelon,34.19,76.8,37.54,15.05,0.611,Medium,Downy Mildew
banana,30.26,46.77,115.98,10.32,0.523,Medium,Panama Wilt
pigeonpeas,32.75,49.17,351.95,8.56,0.602,Medium,Fusarium Wilt
papaya,29.53,68.15,88.9,6.77,0.506,Medium,Powdery Mildew
rice,28.95,91.81,114.71,11.3,0.705,High,Bacterial Leaf Blight
muskmelon,30.47,59.73,46.75,6.53,0.375,Medium,Downy Mildew
papaya,27.85,85.18,39.09,3.8,0.512,Medium,Powdery Mildew
papaya,33.36,73.42,29.02,4.64,0.421,Medium,Papaya Ring Spot Virus
chickpea,22.27,91.22,76.59,15.12,0.646,Medium,Ascochyta Blight
coffee,21.8,82.48,11.72,3.74,0.437,Medium,Berry Disease
lentil,21.59,58.75,145.9,7.07,0.471,Medium,Rust
rice,29.27,61.67,67.74,8.21,0.475,Medium,Sheath Blight
lentil,38.84,59.95,82.34,3.86,0.361,Medium,Wilt
rice,31.58,54.2,182.73,9.51,0.468,Medium,Rice Blast
papaya,26.89,75.05,47.91,11.15,0.628,Medium,Papaya Ring Spot Virus
maize,25.47,69.12,45.69,6.26,0.503,Medium,Maize Leaf Blight
cotton,35.63,80.0,74.78,2.16,0.425,Medium,Leaf Curl Virus
mothbeans,26.4,82.67,186.24,9.71,0.703,High,Yellow Mosaic Virus
jute,25.35,79.72,141.59,4.66,0.513,Medium,Stem Rot
maize,33.08,94.39,173.35,11.0,0.637,Medium,Common Rust
coconut,21.12,83.18,38.12,7.89,0.524,Medium,Leaf Blight
kidneybeans,23.66,66.98,132.36,12.58,0.527,Medium,Angular Leaf Spot
mothbeans,32.61,94.1,46.58,0.0,0.453,Medium,Powdery Mildew
maize,30.42,67.63,19.98,12.49,0.532,Medium,Maize Leaf Blight
mothbeans,21.35,59.55,193.65,10.19,0.632,Medium,Powdery Mildew
blackgram,29.5,68.51,57.49,0.33,0.423,Medium,Leaf Crinkle
cotton,26.92,87.16,70.93,10.11,0.6,Medium,Bacterial Blight
lentil,32.32,87.19,28.25,9.21,0.651,High,Wilt
rice,25.9,73.76,97.85,11.79,0.543,Medium,Bacterial Leaf Blight
apple,22.58,57.33,123.74,13.94,0.543,Medium,Fire Blight
blackgram,36.28,72.35,128.3,14.92,0.497,Medium,Leaf Crinkle
rice,35.66,89.13,138.01,9.76,0.646,Medium,Bacterial Leaf Blight
chickpea,23.53,100.0,185.49,11.18,0.806,High,Fusarium Wilt
pomegranate,26.54,63.84,67.97,2.45,0.399,Medium,Fruit Rot
apple,25.77,70.02,198.69,9.91,0.588,Medium,Fire Blight
coffee,25.28,77.93,103.5,8.09,0.552,Medium,Berry Disease
mango,21.53,76.5,20.31,12.2,0.641,Medium,Anthracnose
chickpea,31.22,70.65,69.17,9.41,0.543,Medium,Fusarium Wilt
watermelon,29.47,76.94,233.34,1.27,0.536,Medium,Anthracnose
banana,22.59,69.87,326.66,12.08,0.645,Medium,Panama Wilt
mothbeans,22.63,63.35,71.22,3.28,0.375,Medium,Yellow Mosaic Virus
orange,27.88,53.84,56.46,12.76,0.639,Medium,Greening (HLB)
rice,26.1,77.36,177.97,10.08,0.618,Medium,Rice Blast
blackgram,23.45,72.37,400.0,4.56,0.596,Medium,Leaf Crinkle
jute,25.11,71.6,196.43,5.97,0.49,Medium,Anthracnose
papaya,29.05,68.19,50.95,2.8,0.41,Medium,Papaya Ring Spot Virus
pomegranate,18.3,83.13,345.3,4.2,0.655,High,Fruit Rot
rice,34.26,69.71,102.51,5.52,0.498,Medium,Rice Blast
blackgram,28.08,79.85,146.88,8.33,0.688,High,Leaf Crinkle
maize,27.22,84.1,110.56,4.75,0.569,Medium,Maize Leaf Blight
rice,27.22,72.57,37.41,5.02,0.422,Medium,Rice Blast
kidneybeans,22.12,80.83,176.41,9.49,0.659,High,Angular Leaf Spot
banana,28.03,59.68,322.07,2.24,0.51,Medium,Sigatoka Leaf Spot
grapes,25.91,92.66,245.5,6.54,0.769,High,Downy Mildew
apple,23.74,82.1,55.63,10.7,0.628,Medium,Apple Scab
coffee,24.78,61.22,120.9,4.62,0.385,Medium,Berry Disease
mango,22.94,62.35,102.85,14.41,0.499,Medium,Anthracnose
pomegranate,28.22,78.93,67.93,12.66,0.682,High,Fruit Rot
lentil,16.35,58.04,52.8,9.16,0.475,Medium,Wilt
mungbean,24.04,83.2,229.15,10.12,0.662,High,Yellow Mosaic Virus
blackgram,29.89,66.86,119.95,5.73,0.576,Medium,Yellow Mosaic Virus
mungbean,32.66,84.58,245.6,0.0,0.475,Medium,Yellow Mosaic Virus
maize,30.15,76.58,177.77,11.14,0.672,High,Maize Leaf Blight
apple,27.41,85.18,191.26,7.79,0.608,Medium,Fire Blight
mungbean,27.98,89.48,146.92,6.15,0.598,Medium,Cercospora Leaf Spot
watermelon,31.15,66.58,51.01,9.51,0.551,Medium,Anthracnose
maize,18.45,66.14,59.46,3.69,0.395,Medium,Maize Leaf Blight
lentil,23.3,60.04,15.33,7.72,0.503,Medium,Rust
mungbean,29.33,56.83,47.98,0.0,0.345,Low,Healthy
kidneybeans,32.78,55.98,102.4,10.02,0.529,Medium,Bean Rust
lentil,25.47,62.55,62.03,0.0,0.341,Low,Healthy
coffee,19.55,71.8,110.1,14.92,0.691,High,Berry Disease
banana,28.3,66.69,34.42,12.47,0.507,Medium,Sigatoka Leaf Spot
banana,27.34,86.56,123.17,12.53,0.744,High,Sigatoka Leaf Spot
chickpea,20.85,62.39,16.5,9.0,0.48,Medium,Fusarium Wilt
maize,19.19,81.51,202.2,3.45,0.428,Medium,Maize Leaf Blight
rice,36.8,60.26,44.03,3.77,0.309,Low,Healthy
mungbean,20.38,78.0,208.67,7.61,0.513,Medium,Cercospora Leaf Spot
watermelon,29.63,75.72,157.63,10.12,0.592,Medium,Anthracnose
grapes,23.79,84.18,52.25,8.23,0.542,Medium,Powdery Mildew
chickpea,20.42,58.43,143.1,13.45,0.463,Medium,Ascochyta Blight
cotton,21.65,54.55,64.58,7.57,0.431,Medium,Bacterial Blight
mango,31.94,78.25,181.57,8.97,0.589,Medium,Anthracnose
pomegranate,26.46,91.95,240.33,11.27,0.706,High,Fruit Rot
coffee,19.99,83.06,56.41,4.15,0.497,Medium,Coffee Leaf Rust
chickpea,21.59,79.74,321.66,6.45,0.679,High,Fusarium Wilt
lentil,30.65,81.61,277.99,18.72,0.943,High,Rust
lentil,32.49,67.49,400.0,10.55,0.653,High,Wilt
lentil,18.54,80.5,86.76,9.0,0.601,Medium,Rust
orange,25.16,76.14,77.79,11.54,0.501,Medium,Greening (HLB)
kidneybeans,21.45,77.5,116.5,7.3,0.441,Medium,Bean Rust
maize,29.51,87.79,132.86,8.04,0.608,Medium,Maize Leaf Blight
muskmelon,28.8,84.26,186.65,8.97,0.728,High,Downy Mildew
watermelon,35.57,71.04,63.22,1.59,0.326,Low,Healthy
mothbeans,33.49,100.0,227.38,10.52,0.743,High,Powdery Mildew
jute,27.34,56.11,41.82,5.93,0.344,Low,Healthy
jute,30.79,59.48,35.72,7.11,0.429,Medium,Anthracnose
banana,23.95,71.48,50.77,11.1,0.536,Medium,Panama Wilt
mothbeans,24.62,86.47,161.69,14.17,0.679,High,Yellow Mosaic Virus
mothbeans,29.63,66.32,133.87,8.2,0.657,High,Powdery Mildew
coconut,27.3,93.99,89.96,7.42,0.658,High,Bud Rot
coconut,28.09,74.88,143.95,10.0,0.573,Medium,Leaf Blight
cotton,37.03,67.67,18.93,11.32,0.468,Medium,Leaf Curl Virus
lentil,33.52,81.35,35.45,5.81,0.497,Medium,Wilt
banana,25.71,46.71,131.27,0.31,0.368,Medium,Panama Wilt
lentil,28.84,75.95,65.04,8.05,0.563,Medium,Wilt
pigeonpeas,36.31,80.66,150.6,2.16,0.506,Medium,Sterility Mosaic
jute,22.9,88.92,54.13,8.9,0.604,Medium,Stem Rot
apple,20.09,64.97,70.66,5.34,0.551,Medium,Apple Scab
jute,28.49,83.43,56.34,7.38,0.605,Medium,Anthracnose
banana,30.29,73.73,134.63,9.39,0.602,Medium,Sigatoka Leaf Spot
mothbeans,17.61,84.32,98.22,7.07,0.522,Medium,Yellow Mosaic Virus
watermelon,27.82,80.67,138.36,1.61,0.544,Medium,Fusarium Wilt
orange,27.06,56.28,44.93,5.98,0.501,Medium,Greening (HLB)
papaya,18.34,84.94,100.9,8.93,0.564,Medium,Papaya Ring Spot Virus
muskmelon,27.76,71.59,167.64,6.51,0.585,Medium,Powdery Mildew
rice,28.67,74.69,126.34,1.64,0.382,Medium,Bacterial Leaf Blight
muskmelon,24.79,79.67,9.24,11.52,0.539,Medium,Downy Mildew
watermelon,33.63,84.44,9.21,2.7,0.393,Medium,Anthracnose
apple,25.84,65.29,109.74,5.16,0.466,Medium,Apple Scab
pigeonpeas,24.31,55.35,186.95,12.36,0.54,Medium,Sterility Mosaic
pigeonpeas,25.88,45.95,78.39,6.36,0.511,Medium,Sterility Mosaic
kidneybeans,28.44,82.45,137.86,10.34,0.688,High,Angular Leaf Spot
mothbeans,19.83,61.29,30.06,10.12,0.423,Medium,Powdery Mildew
pomegranate,23.91,91.47,321.09,7.55,0.76,High,Fruit Rot
mango,21.79,91.48,32.87,9.55,0.552,Medium,Powdery Mildew
rice,22.98,81.61,133.87,5.1,0.515,Medium,Sheath Blight
blackgram,27.01,92.0,333.66,6.93,0.695,High,Yellow Mosaic Virus
lentil,35.42,66.44,77.03,10.91,0.482,Medium,Rust
apple,31.45,65.1,185.3,12.95,0.661,High,Apple Scab
orange,23.93,83.91,84.85,8.33,0.425,Medium,Citrus Canker
mungbean,25.15,68.29,36.58,9.82,0.545,Medium,Cercospora Leaf Spot
mango,26.78,66.4,112.02,11.71,0.517,Medium,Anthracnose
pigeonpeas,21.53,74.48,109.42,7.84,0.576,Medium,Fusarium Wilt
watermelon,21.73,83.48,167.06,13.67,0.543,Medium,Fusarium Wilt
papaya,26.93,76.25,37.86,7.36,0.603,Medium,Powdery Mildew
blackgram,19.89,71.14,103.23,1.43,0.487,Medium,Yellow Mosaic Virus
apple,31.29,54.71,240.86,14.12,0.573,Medium,Apple Scab
kidneybeans,34.05,65.71,202.4,5.5,0.571,Medium,Angular Leaf Spot
muskmelon,28.04,67.51,40.67,7.36,0.524,Medium,Powdery Mildew
pomegranate,31.0,65.18,41.2,10.16,0.577,Medium,Fruit Rot
pomegranate,34.38,79.48,132.48,14.61,0.72,High,Fruit Rot
jute,19.19,89.21,86.49,9.49,0.503,Medium,Anthracnose
coffee,31.08,68.23,28.64,16.64,0.609,Medium,Coffee Leaf Rust
pigeonpeas,24.01,68.34,91.09,6.24,0.512,Medium,Sterility Mosaic
muskmelon,32.92,74.53,67.01,6.92,0.558,Medium,Downy Mildew
mungbean,26.95,83.47,145.97,12.24,0.625,Medium,Yellow Mosaic Virus
pigeonpeas,31.01,93.0,223.47,8.74,0.635,Medium,Sterility Mosaic
mothbeans,25.8,83.81,115.08,5.71,0.597,Medium,Powdery Mildew
kidneybeans,20.28,84.32,95.44,5.87,0.57,Medium,Bean Rust
jute,31.05,85.92,250.37,9.1,0.665,High,Stem Rot
mango,32.43,70.69,37.72,7.95,0.454,Medium,Powdery Mildew
chickpea,32.63,86.7,54.66,5.42,0.554,Medium,Ascochyta Blight
pigeonpeas,22.15,93.08,41.79,6.25,0.547,Medium,Fusarium Wilt
maize,29.73,88.17,169.11,3.39,0.626,Medium,Gray Leaf Spot
mungbean,35.5,65.36,304.0,10.05,0.661,High,Cercospora Leaf Spot
maize,31.77,80.94,111.71,4.55,0.562,Medium,Common Rust
muskmelon,33.05,74.65,45.28,4.1,0.374,Medium,Powdery Mildew
mango,25.99,76.76,175.06,9.45,0.667,High,Anthracnose
lentil,31.66,71.39,197.76,5.26,0.602,Medium,Wilt
mothbeans,26.11,83.64,31.5,10.33,0.646,Medium,Powdery Mildew
kidneybeans,18.35,74.38,123.4,6.65,0.549,Medium,Angular Leaf Spot
apple,21.61,72.49,230.97,8.41,0.628,Medium,Fire Blight
pigeonpeas,23.01,82.2,95.13,6.18,0.48,Medium,Sterility Mosaic
coconut,17.94,86.08,79.13,7.45,0.525,Medium,Bud Rot
coffee,26.99,63.1,168.97,4.5,0.521,Medium,Coffee Leaf Rust
apple,27.21,70.77,142.72,1.04,0.522,Medium,Apple Scab
mungbean,22.18,62.98,320.65,7.99,0.618,Medium,Cercospora Leaf Spot
chickpea,21.38,78.83,29.26,6.05,0.555,Medium,Fusarium Wilt
blackgram,25.72,55.89,94.45,6.61,0.481,Medium,Leaf Crinkle
coffee,23.78,63.93,40.51,5.12,0.44,Medium,Coffee Leaf Rust
banana,27.67,77.93,13.2,8.99,0.432,Medium,Sigatoka Leaf Spot
chickpea,27.16,64.82,38.78,8.89,0.505,Medium,Fusarium Wilt
pomegranate,30.08,94.69,122.63,10.29,0.749,High,Fruit Rot
watermelon,22.81,75.26,34.3,7.53,0.532,Medium,Fusarium Wilt
mothbeans,18.46,74.49,160.0,8.43,0.596,Medium,Yellow Mosaic Virus
cotton,37.32,63.95,201.55,1.04,0.391,Medium,Bacterial Blight
mothbeans,26.56,84.47,163.56,4.34,0.612,Medium,Yellow Mosaic Virus
mungbean,28.79,53.99,302.76,9.57,0.607,Medium,Yellow Mosaic Virus
rice,28.83,71.57,139.45,11.74,0.515,Medium,Sheath Blight
grapes,19.18,90.72,230.87,7.53,0.478,Medium,Powdery Mildew
grapes,39.45,69.47,349.37,0.99,0.584,Medium,Downy Mildew
apple,27.88,89.27,12.18,9.59,0.638,Medium,Fire Blight
watermelon,24.61,73.75,18.65,12.09,0.555,Medium,Fusarium Wilt
coffee,18.8,67.6,105.47,11.17,0.528,Medium,Coffee Leaf Rust
mothbeans,27.73,58.88,81.71,10.42,0.484,Medium,Yellow Mosaic Virus
mango,25.86,80.18,142.75,3.64,0.53,Medium,Powdery Mildew
grapes,19.98,83.86,41.63,5.48,0.469,Medium,Powdery Mildew
mungbean,18.93,47.6,174.07,11.59,0.47,Medium,Cercospora Leaf Spot
pigeonpeas,23.71,75.77,156.97,6.19,0.544,Medium,Fusarium Wilt
pigeonpeas,39.17,70.23,148.75,10.32,0.456,Medium,Fusarium Wilt
mungbean,25.83,92.83,48.87,3.49,0.462,Medium,Yellow Mosaic Virus
kidneybeans,31.49,74.84,77.42,11.97,0.637,Medium,Angular Leaf Spot
orange,30.58,75.9,81.27,12.2,0.615,Medium,Citrus Canker
rice,24.33,70.06,247.04,0.0,0.584,Medium,Sheath Blight
apple,33.41,75.86,268.44,12.03,0.637,Medium,Fire Blight
papaya,29.5,100.0,120.88,9.73,0.624,Medium,Powdery Mildew
mango,20.36,63.68,231.08,7.7,0.573,Medium,Anthracnose
chickpea,23.53,72.91,107.31,7.87,0.466,Medium,Fusarium Wilt
chickpea,27.4,67.4,150.11,6.21,0.484,Medium,Fusarium Wilt
chickpea,20.38,56.52,91.56,7.25,0.513,Medium,Ascochyta Blight
orange,23.45,87.95,216.06,16.26,0.714,High,Citrus Canker
rice,20.92,66.95,126.17,10.44,0.429,Medium,Sheath Blight
mango,25.42,82.32,105.2,13.23,0.751,High,Anthracnose
blackgram,29.25,58.51,43.32,4.78,0.472,Medium,Yellow Mosaic Virus
chickpea,33.0,79.84,115.24,1.86,0.42,Medium,Ascochyta Blight
apple,19.28,69.3,78.75,8.14,0.514,Medium,Apple Scab
mungbean,25.98,66.31,166.43,7.92,0.518,Medium,Yellow Mosaic Virus
apple,34.72,87.94,110.83,5.38,0.543,Medium,Fire Blight
rice,26.75,73.61,48.21,10.6,0.593,Medium,Sheath Blight
mungbean,36.2,67.35,42.58,11.98,0.562,Medium,Cercospora Leaf Spot
mothbeans,24.34,65.46,246.77,13.01,0.716,High,Powdery Mildew
cotton,29.57,46.7,70.72,14.85,0.5,Medium,Leaf Curl Virus
kidneybeans,19.65,62.99,72.49,9.52,0.522,Medium,Angular Leaf Spot
muskmelon,26.76,63.28,66.45,10.73,0.528,Medium,Downy Mildew
papaya,22.95,77.28,22.89,3.2,0.514,Medium,Papaya Ring Spot Virus
cotton,27.49,80.34,343.6,6.68,0.675,High,Leaf Curl Virus
muskmelon,25.56,89.3,161.16,9.76,0.598,Medium,Powdery Mildew
coconut,31.0,71.01,97.84,8.98,0.47,Medium,Leaf Blight
muskmelon,21.31,65.09,81.19,10.86,0.507,Medium,Powdery Mildew
coffee,35.07,69.11,128.44,7.97,0.5,Medium,Coffee Leaf Rust
papaya,31.33,65.46,86.28,6.05,0.499,Medium,Powdery Mildew
chickpea,23.36,100.0,199.57,10.31,0.658,High,Fusarium Wilt
cotton,25.17,74.0,172.49,4.74,0.492,Medium,Bacterial Blight
orange,23.33,71.61,128.16,17.86,0.631,Medium,Greening (HLB)
coconut,18.33,86.91,53.38,15.27,0.555,Medium,Bud Rot
rice,26.74,74.04,313.86,8.05,0.678,High,Sheath Blight
pomegranate,25.79,78.28,10.03,6.5,0.468,Medium,Bacterial Blight
pomegranate,33.39,84.4,218.54,6.92,0.584,Medium,Fruit Rot
blackgram,33.01,91.56,139.88,5.54,0.682,High,Yellow Mosaic Virus
papaya,22.49,79.17,100.29,16.16,0.719,High,Powdery Mildew
banana,28.46,69.33,78.4,7.31,0.571,Medium,Panama Wilt
pomegranate,31.74,89.3,253.25,0.0,0.531,Medium,Bacterial Blight
mango,36.03,78.18,144.62,13.63,0.647,Medium,Powdery Mildew
blackgram,27.91,81.04,97.53,11.46,0.619,Medium,Yellow Mosaic Virus
banana,34.58,71.52,78.05,11.94,0.554,Medium,Sigatoka Leaf Spot
rice,21.96,83.69,104.96,0.17,0.469,Medium,Rice Blast
jute,33.3,66.33,393.18,9.68,0.602,Medium,Anthracnose
banana,26.9,75.1,80.74,8.01,0.651,High,Panama Wilt
muskmelon,32.37,62.16,25.35,0.35,0.351,Medium,Powdery Mildew
chickpea,30.87,55.72,77.65,11.12,0.547,Medium,Ascochyta Blight
rice,31.15,51.08,29.44,0.0,0.287,Low,Healthy
muskmelon,23.24,78.07,92.72,5.28,0.561,Medium,Downy Mildew
blackgram,28.34,78.14,87.67,7.44,0.539,Medium,Yellow Mosaic Virus
mungbean,25.8,81.27,81.43,12.15,0.683,High,Yellow Mosaic Virus
grapes,29.6,68.35,95.55,9.95,0.55,Medium,Powdery Mildew
blackgram,28.74,97.65,73.95,8.1,0.621,Medium,Leaf Crinkle
rice,28.96,53.56,90.79,12.24,0.576,Medium,Rice Blast
apple,27.4,58.59,138.77,9.63,0.531,Medium,Apple Scab
watermelon,22.99,67.65,181.15,2.62,0.546,Medium,Anthracnose
mango,28.95,66.62,168.57,6.41,0.479,Medium,Anthracnose
banana,21.77,83.14,92.27,7.95,0.547,Medium,Panama Wilt
pigeonpeas,31.59,86.94,151.65,2.01,0.559,Medium,Fusarium Wilt
chickpea,28.34,60.45,136.9,13.4,0.626,Medium,Fusarium Wilt
coffee,33.35,57.34,28.22,6.98,0.348,Low,Healthy
jute,26.82,79.15,67.85,5.75,0.659,High,Anthracnose
kidneybeans,27.51,77.75,140.96,5.23,0.521,Medium,Angular Leaf Spot
cotton,26.56,72.44,73.37,11.56,0.643,Medium,Bacterial Blight
apple,21.28,69.88,30.54,4.8,0.473,Medium,Apple Scab
mango,32.11,65.47,64.93,6.61,0.533,Medium,Anthracnose
mothbeans,25.15,80.56,158.12,11.8,0.644,Medium,Yellow Mosaic Virus
banana,30.66,74.11,67.94,10.64,0.476,Medium,Panama Wilt
chickpea,28.91,84.59,43.45,14.46,0.643,Medium,Fusarium Wilt
watermelon,23.35,82.16,90.03,15.09,0.701,High,Fusarium Wilt
coconut,25.99,76.15,170.21,6.6,0.613,Medium,Leaf Blight
mango,29.36,75.95,60.08,13.65,0.672,High,Powdery Mildew
chickpea,25.78,71.2,57.56,9.58,0.557,Medium,Ascochyta Blight
jute,21.64,85.42,62.87,9.7,0.455,Medium,Anthracnose
banana,25.66,80.02,113.99,5.15,0.506,Medium,Panama Wilt
apple,20.54,58.88,122.88,13.86,0.473,Medium,Apple Scab
mothbeans,24.07,92.04,252.89,2.01,0.722,High,Powdery Mildew
grapes,37.21,77.55,110.07,10.42,0.599,Medium,Downy Mildew
orange,30.69,75.3,50.33,6.39,0.474,Medium,Citrus Canker
maize,26.14,86.57,97.52,7.22,0.57,Medium,Gray Leaf Spot
mungbean,25.14,98.84,100.51,5.84,0.643,Medium,Cercospora Leaf Spot
maize,21.39,92.55,176.69,0.0,0.482,Medium,Common Rust
coconut,30.62,66.22,156.45,15.6,0.657,High,Bud Rot
mothbeans,30.5,53.61,162.99,7.53,0.436,Medium,Powdery Mildew
blackgram,28.36,84.42,14.53,14.58,0.655,High,Yellow Mosaic Virus
coffee,22.1,64.63,4.18,10.93,0.542,Medium,Berry Disease
pomegranate,24.28,68.58,74.95,3.55,0.443,Medium,Bacterial Blight
muskmelon,26.7,65.0,59.44,4.46,0.461,Medium,Downy Mildew
papaya,26.43,61.55,394.58,7.17,0.671,High,Papaya Ring Spot Virus
coffee,30.86,68.9,144.24,10.93,0.658,High,Coffee Leaf Rust
maize,32.95,38.43,59.47,6.73,0.292,Low,Healthy
orange,28.74,47.35,52.37,3.67,0.293,Low,Healthy
mungbean,25.31,52.55,95.19,14.64,0.526,Medium,Cercospora Leaf Spot
maize,33.47,58.8,282.84,3.35,0.469,Medium,Common Rust
rice,19.62,87.81,76.46,9.53,0.567,Medium,Sheath Blight
chickpea,25.26,89.73,47.54,8.27,0.504,Medium,Fusarium Wilt
banana,16.42,72.87,260.19,1.6,0.507,Medium,Panama Wilt
mungbean,18.77,66.93,22.96,8.47,0.484,Medium,Cercospora Leaf Spot
pomegranate,21.54,64.52,27.02,6.46,0.487,Medium,Fruit Rot
rice,22.0,62.5,212.29,2.33,0.498,Medium,Bacterial Leaf Blight
kidneybeans,26.53,65.7,143.99,3.65,0.555,Medium,Bean Rust
watermelon,28.82,67.81,198.19,5.5,0.538,Medium,Anthracnose
mango,32.49,71.29,9.72,4.22,0.516,Medium,Powdery Mildew
mungbean,32.13,81.52,256.64,15.61,0.652,High,Yellow Mosaic Virus
coffee,21.15,69.89,224.18,7.32,0.58,Medium,Coffee Leaf Rust
mungbean,28.55,83.37,124.23,6.96,0.597,Medium,Yellow Mosaic Virus
maize,22.14,83.88,177.84,6.5,0.564,Medium,Common Rust
coffee,30.41,76.68,153.21,10.51,0.658,High,Berry Disease
kidneybeans,32.62,74.01,134.79,4.62,0.554,Medium,Bean Rust
watermelon,21.02,73.24,73.94,8.53,0.49,Medium,Anthracnose
watermelon,29.23,46.15,64.06,8.9,0.416,Medium,Fusarium Wilt
maize,27.45,86.95,60.1,0.33,0.423,Medium,Common Rust
coconut,24.34,76.54,135.37,8.81,0.598,Medium,Bud Rot
watermelon,23.11,69.91,70.93,8.01,0.534,Medium,Fusarium Wilt
muskmelon,23.5,82.14,106.13,7.17,0.511,Medium,Powdery Mildew
banana,24.04,50.38,63.41,11.2,0.508,Medium,Sigatoka Leaf Spot
watermelon,29.7,73.97,93.84,9.78,0.554,Medium,Anthracnose
grapes,25.07,64.88,83.1,7.7,0.438,Medium,Powdery Mildew
kidneybeans,33.37,82.49,187.08,7.36,0.536,Medium,Bean Rust
lentil,34.96,84.76,58.95,7.09,0.504,Medium,Rust
blackgram,30.68,72.61,190.11,8.1,0.575,Medium,Yellow Mosaic Virus
rice,27.19,73.93,100.29,0.0,0.358,Medium,Rice Blast
grapes,30.22,74.13,66.11,2.15,0.333,Low,Healthy
kidneybeans,19.44,87.77,87.74,1.17,0.466,Medium,Bean Rust
mango,23.54,67.93,89.34,12.44,0.56,Medium,Powdery Mildew
rice,28.48,70.54,16.31,14.91,0.506,Medium,Bacterial Leaf Blight
mothbeans,21.33,58.66,71.39,5.12,0.407,Medium,Powdery Mildew
pigeonpeas,29.09,79.14,152.23,4.07,0.592,Medium,Fusarium Wilt
watermelon,23.02,70.2,78.38,0.26,0.415,Medium,Anthracnose
blackgram,27.3,79.41,110.67,6.28,0.64,Medium,Leaf Crinkle
coffee,32.41,73.16,102.33,14.24,0.68,High,Coffee Leaf Rust
pomegranate,22.92,72.91,51.45,7.52,0.595,Medium,Bacterial Blight
pigeonpeas,20.08,70.21,80.63,11.28,0.484,Medium,Sterility Mosaic
blackgram,31.88,74.31,108.02,3.5,0.447,Medium,Yellow Mosaic Virus
muskmelon,28.64,91.12,278.92,9.1,0.692,High,Powdery Mildew
lentil,30.62,54.65,28.11,7.86,0.409,Medium,Rust
maize,25.71,92.74,45.2,8.04,0.634,Medium,Common Rust
lentil,33.01,28.35,138.12,7.86,0.414,Medium,Rust
orange,30.79,92.73,66.59,13.42,0.667,High,Greening (HLB)
apple,26.72,91.99,65.18,5.21,0.663,High,Apple Scab
coconut,26.76,58.84,54.19,6.31,0.497,Medium,Bud Rot
blackgram,27.46,81.44,60.55,7.99,0.52,Medium,Yellow Mosaic Virus
apple,30.51,92.0,243.51,4.22,0.586,Medium,Apple Scab
mothbeans,35.1,83.85,165.57,0.0,0.458,Medium,Powdery Mildew
muskmelon,41.06,95.18,15.81,6.38,0.557,Medium,Powdery Mildew
papaya,22.51,78.25,193.77,18.68,0.745,High,Powdery Mildew
jute,25.32,63.52,73.22,11.53,0.575,Medium,Anthracnose
jute,29.74,91.98,28.77,7.08,0.54,Medium,Anthracnose
grapes,25.65,80.9,147.71,8.33,0.585,Medium,Downy Mildew
grapes,28.79,87.95,272.36,4.74,0.72,High,Downy Mildew
banana,25.57,83.29,134.68,6.46,0.657,High,Sigatoka Leaf Spot
mothbeans,23.31,71.75,79.63,6.42,0.518,Medium,Powdery Mildew
lentil,22.78,58.32,89.59,5.62,0.386,Medium,Rust
jute,27.84,59.82,33.49,1.7,0.376,Medium,Anthracnose
maize,19.01,76.62,139.07,1.54,0.512,Medium,Common Rust
chickpea,29.77,68.0,156.16,7.76,0.526,Medium,Fusarium Wilt
orange,32.34,81.39,177.72,8.32,0.492,Medium,Citrus Canker
rice,26.29,82.38,16.92,6.44,0.616,Medium,Bacterial Leaf Blight
blackgram,27.71,75.51,108.18,6.26,0.553,Medium,Leaf Crinkle
grapes,14.76,71.09,99.72,16.69,0.68,High,Downy Mildew
watermelon,25.06,51.0,85.15,8.81,0.463,Medium,Fusarium Wilt
watermelon,31.8,86.16,84.11,4.42,0.571,Medium,Anthracnose
mungbean,24.02,72.64,400.0,9.8,0.675,High,Cercospora Leaf Spot
watermelon,28.41,51.21,40.0,9.77,0.411,Medium,Fusarium Wilt
apple,39.03,98.32,30.12,8.54,0.57,Medium,Apple Scab
jute,25.75,68.59,24.25,11.98,0.621,Medium,Anthracnose
maize,23.5,75.51,93.43,11.16,0.504,Medium,Common Rust
pomegranate,27.43,47.4,62.2,10.35,0.535,Medium,Fruit Rot
cotton,29.06,52.2,141.68,7.06,0.491,Medium,Bacterial Blight
papaya,21.9,77.23,28.98,4.71,0.545,Medium,Papaya Ring Spot Virus
jute,29.72,55.58,93.72,13.86,0.586,Medium,Stem Rot
kidneybeans,21.83,86.86,123.88,8.29,0.567,Medium,Bean Rust
lentil,21.66,88.81,134.23,11.04,0.745,High,Rust
rice,31.18,79.28,261.57,5.44,0.557,Medium,Bacterial Leaf Blight
lentil,22.12,78.39,341.24,7.57,0.704,High,Rust
chickpea,24.58,68.28,130.42,0.0,0.461,Medium,Ascochyta Blight
rice,22.74,100.0,198.63,8.11,0.666,High,Rice Blast
coconut,27.17,73.18,3.02,1.14,0.385,Medium,Bud Rot
papaya,23.36,68.8,118.01,12.73,0.566,Medium,Papaya Ring Spot Virus
watermelon,29.33,71.55,324.9,18.77,0.847,High,Fusarium Wilt
jute,22.65,66.29,342.74,8.59,0.629,Medium,Anthracnose
chickpea,28.51,86.79,3.34,8.64,0.55,Medium,Fusarium Wilt
watermelon,27.86,60.98,101.26,10.01,0.5,Medium,Anthracnose
banana,31.52,69.91,75.52,12.98,0.523,Medium,Sigatoka Leaf Spot
kidneybeans,33.86,85.85,38.75,12.08,0.604,Medium,Angular Leaf Spot
pomegranate,23.67,75.88,110.13,5.9,0.546,Medium,Fruit Rot
pigeonpeas,26.27,74.3,156.5,0.0,0.43,Medium,Fusarium Wilt
grapes,27.88,82.46,169.09,6.6,0.578,Medium,Downy Mildew
banana,29.05,55.97,108.32,11.22,0.494,Medium,Sigatoka Leaf Spot
orange,24.37,95.38,34.69,3.63,0.662,High,Greening (HLB)
watermelon,35.65,79.09,84.71,8.04,0.548,Medium,Anthracnose
apple,35.52,85.98,178.5,4.41,0.567,Medium,Fire Blight
grapes,29.38,82.17,153.28,12.02,0.687,High,Powdery Mildew
chickpea,21.9,76.99,95.73,8.86,0.503,Medium,Ascochyta Blight
blackgram,26.72,72.84,143.48,8.6,0.519,Medium,Leaf Crinkle
banana,28.45,91.71,20.29,8.11,0.538,Medium,Sigatoka Leaf Spot
grapes,23.48,83.05,247.86,9.41,0.658,High,Downy Mildew
lentil,36.53,56.83,19.22,11.25,0.366,Medium,Rust
watermelon,27.95,77.54,18.3,8.06,0.544,Medium,Fusarium Wilt
orange,23.72,81.12,111.79,4.67,0.542,Medium,Greening (HLB)
apple,32.98,61.76,80.6,7.93,0.491,Medium,Apple Scab
mango,23.96,100.0,93.97,11.2,0.632,Medium,Powdery Mildew
watermelon,34.44,76.63,92.1,1.01,0.452,Medium,Fusarium Wilt
pigeonpeas,38.73,87.71,122.68,0.08,0.326,Low,Healthy
jute,36.18,69.75,35.33,10.0,0.529,Medium,Stem Rot
kidneybeans,32.28,83.2,44.72,10.15,0.542,Medium,Angular Leaf Spot
muskmelon,26.11,74.82,53.68,9.23,0.522,Medium,Downy Mildew
coffee,16.31,75.88,18.5,2.16,0.332,Low,Healthy
rice,22.42,66.94,263.64,9.85,0.52,Medium,Rice Blast
coconut,21.52,70.41,84.15,8.64,0.48,Medium,Leaf Blight
orange,26.12,96.6,20.7,4.45,0.59,Medium,Citrus Canker
apple,24.25,77.47,157.26,9.98,0.658,High,Fire Blight
apple,18.22,64.73,134.14,6.24,0.551,Medium,Apple Scab
jute,25.3,78.77,192.35,5.23,0.62,Medium,Anthracnose
blackgram,27.94,73.81,104.6,10.3,0.605,Medium,Leaf Crinkle
rice,34.25,70.5,131.77,8.09,0.494,Medium,Rice Blast
papaya,29.86,50.47,220.51,8.84,0.621,Medium,Papaya Ring Spot Virus
banana,23.17,62.46,51.02,7.33,0.52,Medium,Sigatoka Leaf Spot
lentil,21.76,58.6,110.17,8.99,0.412,Medium,Wilt
jute,17.49,86.47,55.2,5.24,0.52,Medium,Anthracnose
pigeonpeas,11.69,90.27,228.77,6.79,0.675,High,Sterility Mosaic
blackgram,24.49,75.84,212.17,12.36,0.667,High,Leaf Crinkle
kidneybeans,28.61,34.1,400.0,5.62,0.627,Medium,Angular Leaf Spot
mango,34.67,66.66,82.43,4.86,0.455,Medium,Powdery Mildew
muskmelon,28.94,90.4,57.07,8.11,0.58,Medium,Powdery Mildew
grapes,32.28,58.9,33.61,11.08,0.456,Medium,Powdery Mildew
chickpea,17.31,59.13,235.91,5.2,0.478,Medium,Fusarium Wilt
muskmelon,25.13,45.42,57.5,7.77,0.386,Medium,Downy Mildew
grapes,21.69,60.27,175.18,12.69,0.585,Medium,Powdery Mildew
papaya,27.96,81.53,105.13,0.0,0.453,Medium,Papaya Ring Spot Virus
rice,34.94,67.53,359.54,2.89,0.562,Medium,Rice Blast
orange,23.69,80.59,151.31,2.89,0.543,Medium,Citrus Canker
apple,23.62,73.19,33.83,8.33,0.576,Medium,Apple Scab
pigeonpeas,27.04,46.96,36.47,1.8,0.339,Low,Healthy
lentil,17.42,84.55,207.18,18.52,0.738,High,Wilt
mango,26.85,91.72,28.9,11.44,0.632,Medium,Powdery Mildew
coffee,32.74,59.06,20.76,13.08,0.551,Medium,Coffee Leaf Rust
maize,32.3,71.76,168.93,6.59,0.517,Medium,Gray Leaf Spot
mango,27.16,64.19,66.28,6.39,0.431,Medium,Powdery Mildew
papaya,27.94,64.21,139.2,1.49,0.461,Medium,Powdery Mildew
cotton,36.01,85.11,261.68,2.72,0.515,Medium,Leaf Curl Virus
chickpea,35.21,54.41,37.0,14.66,0.512,Medium,Ascochyta Blight
banana,36.27,65.06,155.17,5.43,0.434,Medium,Sigatoka Leaf Spot
maize,31.49,84.61,123.01,6.75,0.53,Medium,Gray Leaf Spot
pomegranate,26.28,100.0,33.86,13.57,0.662,High,Bacterial Blight
muskmelon,31.83,78.02,214.94,9.03,0.633,Medium,Powdery Mildew
cotton,25.71,89.65,139.12,8.66,0.677,High,Leaf Curl Virus
papaya,21.49,61.7,92.5,11.02,0.505,Medium,Papaya Ring Spot Virus
mothbeans,25.54,69.53,108.03,6.39,0.49,Medium,Powdery Mildew
mungbean,31.79,77.86,63.63,7.98,0.538,Medium,Cercospora Leaf Spot
banana,19.52,78.65,122.08,2.59,0.464,Medium,Panama Wilt
banana,24.7,80.52,160.57,7.99,0.618,Medium,Sigatoka Leaf Spot
pigeonpeas,26.59,70.14,222.07,1.82,0.493,Medium,Sterility Mosaic
watermelon,26.41,73.99,121.75,9.08,0.572,Medium,Fusarium Wilt
maize,31.35,89.14,206.18,0.0,0.453,Medium,Maize Leaf Blight
coconut,29.77,71.33,245.58,12.55,0.571,Medium,Bud Rot
muskmelon,32.53,53.02,74.44,3.07,0.443,Medium,Powdery Mildew
muskmelon,20.78,67.77,62.31,3.25,0.474,Medium,Powdery Mildew
apple,31.16,70.68,176.14,5.29,0.649,Medium,Apple Scab
banana,30.07,70.88,220.11,10.41,0.608,Medium,Sigatoka Leaf Spot
mothbeans,35.79,62.16,160.41,10.4,0.614,Medium,Yellow Mosaic Virus
jute,24.68,71.84,40.3,10.54,0.54,Medium,Anthracnose
kidneybeans,25.76,72.41,57.0,14.9,0.644,Medium,Bean Rust
grapes,24.86,63.5,47.64,7.67,0.449,Medium,Powdery Mildew
muskmelon,29.15,66.6,128.93,9.03,0.537,Medium,Powdery Mildew
orange,12.83,83.96,183.31,3.39,0.456,Medium,Citrus Canker
rice,27.34,70.05,15.16,1.76,0.471,Medium,Bacterial Leaf Blight
papaya,35.19,77.9,138.08,10.96,0.665,High,Powdery Mildew
cotton,23.62,67.41,124.86,5.8,0.567,Medium,Leaf Curl Virus
coconut,25.39,69.51,13.43,11.38,0.566,Medium,Bud Rot
mango,32.45,89.18,53.17,7.97,0.508,Medium,Powdery Mildew
coconut,26.82,80.64,160.07,8.31,0.579,Medium,Bud Rot
cotton,29.84,65.36,158.98,9.48,0.511,Medium,Bacterial Blight
mothbeans,25.37,58.76,118.13,10.78,0.61,Medium,Powdery Mildew
banana,29.64,87.11,172.76,2.01,0.427,Medium,Panama Wilt
grapes,34.17,82.84,131.19,2.71,0.479,Medium,Powdery Mildew
apple,22.16,71.07,304.54,9.72,0.699,High,Fire Blight
cotton,19.87,68.89,94.34,0.0,0.336,Low,Healthy
mothbeans,23.07,72.45,127.96,14.26,0.646,Medium,Yellow Mosaic Virus
orange,28.03,77.67,62.24,1.32,0.458,Medium,Citrus Canker
coconut,26.05,74.97,28.2,6.5,0.472,Medium,Leaf Blight
pomegranate,22.35,61.61,62.9,10.76,0.456,Medium,Bacterial Blight
jute,33.79,78.09,134.83,4.72,0.542,Medium,Anthracnose
muskmelon,36.22,79.77,61.65,15.78,0.639,Medium,Powdery Mildew
maize,17.2,83.47,18.66,4.45,0.395,Medium,Maize Leaf Blight
pigeonpeas,26.23,87.59,49.99,1.62,0.52,Medium,Sterility Mosaic
muskmelon,25.32,76.81,194.81,0.0,0.533,Medium,Downy Mildew
apple,23.33,82.45,40.01,9.21,0.522,Medium,Fire Blight
cotton,21.67,89.64,147.34,5.27,0.612,Medium,Leaf Curl Virus
coffee,25.09,62.02,74.18,9.46,0.57,Medium,Coffee Leaf Rust
rice,30.09,93.62,235.11,14.73,0.736,High,Bacterial Leaf Blight
lentil,24.11,76.56,87.0,8.51,0.53,Medium,Rust
rice,21.85,74.32,205.27,4.36,0.567,Medium,Rice Blast
muskmelon,36.6,100.0,136.61,11.48,0.594,Medium,Powdery Mildew
mango,30.01,78.07,29.13,8.0,0.558,Medium,Powdery Mildew
watermelon,29.44,86.39,104.21,9.95,0.645,Medium,Fusarium Wilt
mothbeans,30.74,80.04,80.04,11.05,0.531,Medium,Powdery Mildew
grapes,29.43,74.24,48.7,9.73,0.534,Medium,Downy Mildew
cotton,29.27,74.95,386.57,11.77,0.78,High,Bacterial Blight
coffee,26.45,80.29,83.07,7.81,0.621,Medium,Coffee Leaf Rust
watermelon,29.26,75.96,62.06,7.84,0.454,Medium,Fusarium Wilt
cotton,25.36,82.68,91.61,9.94,0.51,Medium,Bacterial Blight
jute,24.25,96.82,97.34,3.95,0.603,Medium,Stem Rot
watermelon,25.17,86.5,49.31,8.98,0.567,Medium,Fusarium Wilt
maize,31.69,65.59,318.64,13.31,0.646,Medium,Gray Leaf Spot
mungbean,30.85,85.39,85.77,10.98,0.567,Medium,Yellow Mosaic Virus
orange,31.32,98.57,181.2,11.02,0.72,High,Greening (HLB)
apple,27.75,78.49,132.35,17.4,0.662,High,Fire Blight
maize,29.83,43.78,116.77,13.23,0.487,Medium,Gray Leaf Spot
chickpea,29.75,99.74,191.84,20.35,0.86,High,Ascochyta Blight
rice,24.07,92.22,120.09,9.73,0.641,Medium,Bacterial Leaf Blight
blackgram,22.71,79.02,79.26,12.06,0.598,Medium,Leaf Crinkle
muskmelon,28.93,64.53,157.3,7.0,0.534,Medium,Powdery Mildew
blackgram,29.62,64.83,198.59,3.16,0.437,Medium,Leaf Crinkle
pigeonpeas,24.03,75.24,50.62,4.14,0.391,Medium,Fusarium Wilt
pigeonpeas,27.59,82.0,398.95,12.46,0.747,High,Sterility Mosaic
grapes,31.74,66.77,214.77,5.75,0.453,Medium,Powdery Mildew
pigeonpeas,25.47,95.09,53.99,3.84,0.553,Medium,Sterility Mosaic
blackgram,22.88,84.66,393.5,10.2,0.726,High,Leaf Crinkle
cotton,30.68,60.53,294.42,10.26,0.623,Medium,Leaf Curl Virus
lentil,21.86,77.79,172.44,11.35,0.663,High,Wilt
banana,28.02,55.26,73.48,10.63,0.552,Medium,Sigatoka Leaf Spot
pomegranate,24.23,74.14,82.62,9.18,0.578,Medium,Bacterial Blight
pomegranate,18.98,62.66,57.32,9.94,0.424,Medium,Bacterial Blight
pomegranate,26.61,82.14,173.45,9.68,0.643,Medium,Bacterial Blight
cotton,33.74,86.72,257.61,11.67,0.669,High,Bacterial Blight
mango,24.84,85.0,126.81,8.99,0.595,Medium,Anthracnose
papaya,30.43,73.67,165.65,10.43,0.612,Medium,Powdery Mildew
papaya,29.77,82.04,66.95,9.83,0.596,Medium,Papaya Ring Spot Virus
muskmelon,23.31,58.4,137.61,12.22,0.449,Medium,Downy Mildew
rice,28.66,71.37,67.07,13.92,0.688,High,Sheath Blight
mango,26.83,74.33,139.05,10.25,0.571,Medium,Powdery Mildew
grapes,27.03,64.14,66.78,5.13,0.421,Medium,Powdery Mildew
jute,24.0,80.3,62.44,10.28,0.538,Medium,Anthracnose
papaya,21.07,79.91,216.82,8.0,0.502,Medium,Papaya Ring Spot Virus
chickpea,22.97,81.62,136.8,12.44,0.593,Medium,Ascochyta Blight
banana,31.77,76.46,201.51,9.69,0.696,High,Sigatoka Leaf Spot
orange,28.45,84.04,247.91,7.16,0.788,High,Greening (HLB)
coffee,17.83,81.3,209.54,2.32,0.588,Medium,Coffee Leaf Rust
mungbean,26.96,68.45,231.24,6.83,0.511,Medium,Yellow Mosaic Virus
coffee,27.05,59.98,33.23,1.32,0.404,Medium,Berry Disease
coffee,32.06,68.36,69.89,7.24,0.521,Medium,Coffee Leaf Rust
watermelon,17.87,63.62,77.79,6.75,0.482,Medium,Fusarium Wilt
rice,22.78,60.37,46.24,11.66,0.44,Medium,Bacterial Leaf Blight
pigeonpeas,28.0,73.29,24.63,8.17,0.495,Medium,Sterility Mosaic
kidneybeans,28.81,61.78,37.79,11.11,0.55,Medium,Bean Rust
papaya,24.57,82.49,67.15,7.36,0.526,Medium,Powdery Mildew
kidneybeans,25.61,80.3,75.34,14.37,0.632,Medium,Bean Rust
mungbean,28.37,63.28,188.5,1.73,0.452,Medium,Yellow Mosaic Virus
maize,21.45,89.27,156.72,15.11,0.732,High,Maize Leaf Blight
apple,31.21,92.29,55.52,14.32,0.668,High,Fire Blight
watermelon,23.97,89.15,120.1,11.54,0.683,High,Fusarium Wilt
apple,26.98,67.93,352.76,9.25,0.645,Medium,Apple Scab
jute,30.06,79.98,63.69,11.82,0.552,Medium,Anthracnose
lentil,29.73,74.21,36.73,16.45,0.635,Medium,Wilt
maize,29.33,59.2,225.83,12.01,0.679,High,Common Rust
mothbeans,29.39,71.36,191.12,2.72,0.356,Medium,Powdery Mildew
muskmelon,27.05,88.6,46.49,6.87,0.483,Medium,Powdery Mildew
rice,30.71,52.46,37.71,9.08,0.466,Medium,Rice Blast
mothbeans,26.43,63.68,132.91,5.48,0.507,Medium,Powdery Mildew
pigeonpeas,30.36,68.24,71.71,12.94,0.566,Medium,Fusarium Wilt
grapes,29.59,73.33,179.43,5.78,0.554,Medium,Powdery Mildew
coffee,31.09,62.02,106.52,4.58,0.49,Medium,Berry Disease
chickpea,35.91,94.48,130.53,11.17,0.573,Medium,Fusarium Wilt
maize,24.2,75.37,81.72,6.84,0.535,Medium,Common Rust
pomegranate,22.81,85.76,121.11,8.94,0.616,Medium,Fruit Rot
pigeonpeas,34.45,82.79,37.33,7.49,0.463,Medium,Sterility Mosaic
jute,27.71,87.18,108.45,13.44,0.687,High,Stem Rot
pomegranate,30.51,89.54,4.11,9.34,0.486,Medium,Fruit Rot
pigeonpeas,27.01,76.45,17.51,11.18,0.547,Medium,Fusarium Wilt
kidneybeans,25.51,69.26,141.36,9.08,0.515,Medium,Angular Leaf Spot
muskmelon,21.93,98.54,67.17,12.11,0.67,High,Downy Mildew
banana,27.31,74.32,39.8,9.74,0.55,Medium,Sigatoka Leaf Spot
rice,33.23,86.52,134.75,7.9,0.603,Medium,Rice Blast
mothbeans,22.26,71.42,88.04,11.25,0.59,Medium,Powdery Mildew
pigeonpeas,28.02,82.24,59.3,4.37,0.488,Medium,Sterility Mosaic
papaya,19.39,52.67,60.69,11.1,0.531,Medium,Papaya Ring Spot Virus
chickpea,26.18,64.6,229.54,9.47,0.673,High,Ascochyta Blight
pomegranate,31.76,77.6,50.38,12.05,0.588,Medium,Bacterial Blight
muskmelon,31.86,77.05,34.62,8.24,0.453,Medium,Downy Mildew
chickpea,29.84,51.81,27.28,3.81,0.407,Medium,Ascochyta Blight
orange,21.36,66.27,31.37,14.2,0.537,Medium,Greening (HLB)
mungbean,19.72,81.83,49.51,3.91,0.484,Medium,Cercospora Leaf Spot
orange,31.61,69.2,75.23,0.78,0.402,Medium,Greening (HLB)
chickpea,30.83,57.94,55.21,10.91,0.504,Medium,Fusarium Wilt
rice,25.18,61.21,13.06,4.01,0.407,Medium,Rice Blast
grapes,23.67,88.7,207.7,8.12,0.624,Medium,Powdery Mildew
mungbean,31.87,78.6,157.91,6.79,0.51,Medium,Yellow Mosaic Virus
watermelon,28.04,61.29,77.42,7.64,0.549,Medium,Fusarium Wilt
coconut,19.81,71.27,140.44,5.79,0.425,Medium,Bud Rot
maize,27.46,51.95,141.69,8.16,0.55,Medium,Common Rust
mungbean,30.36,66.31,74.82,12.04,0.58,Medium,Cercospora Leaf Spot
watermelon,31.51,72.02,140.16,11.81,0.619,Medium,Anthracnose
pigeonpeas,31.3,59.87,133.54,9.51,0.545,Medium,Fusarium Wilt
pomegranate,30.28,69.07,311.41,4.74,0.58,Medium,Bacterial Blight
maize,28.39,58.49,58.47,6.32,0.428,Medium,Common Rust
maize,17.86,83.76,315.75,1.5,0.605,Medium,Maize Leaf Blight
pigeonpeas,23.41,71.82,70.97,7.55,0.466,Medium,Fusarium Wilt
chickpea,30.05,49.35,83.71,8.07,0.424,Medium,Fusarium Wilt
kidneybeans,30.04,77.01,229.97,8.13,0.705,High,Bean Rust
pigeonpeas,31.09,86.39,59.89,6.03,0.568,Medium,Fusarium Wilt
rice,33.45,79.93,173.69,10.1,0.643,Medium,Sheath Blight
banana,22.36,99.25,234.81,15.19,0.74,High,Sigatoka Leaf Spot
coffee,23.43,48.11,108.09,10.31,0.43,Medium,Coffee Leaf Rust
muskmelon,24.16,95.1,118.66,9.83,0.632,Medium,Downy Mildew
cotton,29.59,87.27,202.77,8.71,0.696,High,Bacterial Blight
chickpea,29.53,93.02,17.5,7.28,0.604,Medium,Fusarium Wilt
orange,26.22,68.05,84.15,5.3,0.481,Medium,Citrus Canker
maize,32.5,82.55,299.54,3.88,0.61,Medium,Maize Leaf Blight
grapes,33.2,58.43,83.71,10.45,0.481,Medium,Downy Mildew
papaya,23.61,71.01,43.3,9.87,0.545,Medium,Powdery Mildew
pomegranate,24.21,84.18,178.83,5.59,0.622,Medium,Fruit Rot
orange,28.06,58.91,126.37,11.98,0.61,Medium,Greening (HLB)
banana,34.16,76.0,20.03,4.73,0.547,Medium,Panama Wilt
papaya,25.64,71.06,264.82,4.27,0.524,Medium,Powdery Mildew
rice,32.64,47.63,23.1,13.84,0.484,Medium,Rice Blast
pigeonpeas,32.58,69.51,166.32,3.26,0.585,Medium,Fusarium Wilt
mothbeans,24.13,79.94,115.05,9.76,0.651,High,Yellow Mosaic Virus
muskmelon,31.64,68.48,72.41,7.89,0.516,Medium,Powdery Mildew
rice,30.27,83.95,80.45,4.53,0.441,Medium,Bacterial Leaf Blight
mungbean,22.12,69.16,309.4,4.83,0.489,Medium,Cercospora Leaf Spot
chickpea,24.6,70.25,65.47,11.44,0.562,Medium,Fusarium Wilt
grapes,21.51,54.14,122.6,1.24,0.384,Medium,Powdery Mildew
mango,24.3,73.78,23.32,11.67,0.514,Medium,Anthracnose
orange,22.32,86.54,201.49,12.22,0.704,High,Greening (HLB)
mango,33.7,76.08,104.77,3.81,0.511,Medium,Anthracnose
kidneybeans,22.32,75.14,101.01,5.84,0.494,Medium,Bean Rust
pomegranate,30.5,74.56,51.21,13.07,0.53,Medium,Fruit Rot
maize,24.57,65.8,32.5,11.28,0.507,Medium,Common Rust
cotton,22.42,64.87,148.63,6.83,0.429,Medium,Leaf Curl Virus
chickpea,37.27,75.94,95.3,16.13,0.557,Medium,Fusarium Wilt
mungbean,27.23,61.11,86.31,6.0,0.465,Medium,Cercospora Leaf Spot
coffee,32.43,70.24,164.95,6.52,0.535,Medium,Coffee Leaf Rust
orange,31.25,86.04,153.21,10.33,0.68,High,Citrus Canker
rice,30.98,75.73,120.68,7.91,0.652,High,Sheath Blight
grapes,28.82,72.4,174.59,8.84,0.715,High,Downy Mildew
pomegranate,23.38,62.31,248.16,14.55,0.558,Medium,Bacterial Blight
maize,31.12,67.76,72.59,5.28,0.466,Medium,Common Rust
muskmelon,28.73,78.81,72.08,10.92,0.542,Medium,Downy Mildew
banana,22.07,79.65,33.81,5.43,0.323,Low,Healthy
jute,33.01,78.72,400.0,12.19,0.718,High,Stem Rot
pomegranate,27.49,60.29,93.26,11.13,0.558,Medium,Fruit Rot
cotton,28.99,83.2,183.79,12.01,0.643,Medium,Leaf Curl Virus
cotton,29.55,80.26,78.65,10.45,0.655,High,Leaf Curl Virus
chickpea,36.75,66.98,187.75,10.82,0.511,Medium,Ascochyta Blight
papaya,20.24,58.16,277.53,9.88,0.624,Medium,Papaya Ring Spot Virus
chickpea,32.9,97.69,169.26,7.78,0.669,High,Ascochyta Blight
coffee,28.11,51.4,31.68,8.46,0.553,Medium,Coffee Leaf Rust
cotton,44.38,70.81,235.02,12.7,0.481,Medium,Leaf Curl Virus
cotton,27.14,77.11,182.04,5.05,0.576,Medium,Leaf Curl Virus
coconut,28.44,68.9,32.92,6.8,0.47,Medium,Bud Rot
pomegranate,29.49,73.6,396.25,11.27,0.749,High,Fruit Rot
mothbeans,27.03,84.79,166.4,8.69,0.601,Medium,Yellow Mosaic Virus
pigeonpeas,19.62,67.61,26.52,10.49,0.49,Medium,Sterility Mosaic
banana,28.01,67.96,66.4,0.11,0.492,Medium,Panama Wilt
apple,23.0,82.41,276.11,5.11,0.544,Medium,Fire Blight
maize,28.47,86.07,160.33,4.95,0.516,Medium,Maize Leaf Blight
grapes,21.93,71.14,14.05,12.99,0.586,Medium,Downy Mildew
mothbeans,20.7,74.24,176.52,5.12,0.556,Medium,Powdery Mildew
coffee,25.01,68.48,36.72,11.74,0.519,Medium,Berry Disease
cotton,27.07,80.69,176.9,11.48,0.644,Medium,Bacterial Blight
rice,28.39,76.9,173.15,1.52,0.405,Medium,Bacterial Leaf Blight
kidneybeans,25.51,74.64,186.44,7.5,0.59,Medium,Angular Leaf Spot
muskmelon,31.28,71.44,246.72,7.53,0.544,Medium,Powdery Mildew
banana,28.78,84.0,60.64,7.5,0.494,Medium,Panama Wilt
pigeonpeas,26.09,65.55,109.1,10.16,0.509,Medium,Fusarium Wilt
orange,28.2,66.24,206.43,4.07,0.563,Medium,Greening (HLB)
coffee,24.8,62.98,192.75,3.77,0.482,Medium,Berry Disease
lentil,34.29,97.86,108.43,11.95,0.658,High,Wilt
apple,26.67,78.69,12.93,5.94,0.449,Medium,Apple Scab
cotton,33.14,72.16,68.09,11.91,0.541,Medium,Bacterial Blight
coffee,27.03,71.39,96.35,18.97,0.722,High,Berry Disease
cotton,22.63,62.86,81.57,5.19,0.458,Medium,Bacterial Blight
mungbean,25.32,75.43,36.95,2.0,0.481,Medium,Cercospora Leaf Spot
grapes,32.03,57.24,99.32,4.3,0.416,Medium,Powdery Mildew
mungbean,22.56,86.58,168.24,6.69,0.547,Medium,Yellow Mosaic Virus
pomegranate,23.87,81.02,27.37,9.17,0.505,Medium,Fruit Rot
papaya,34.48,83.64,95.15,9.48,0.605,Medium,Powdery Mildew
banana,24.84,53.4,60.89,2.25,0.389,Medium,Panama Wilt
maize,27.54,77.58,172.57,8.18,0.567,Medium,Common Rust
chickpea,19.83,65.93,38.47,9.41,0.533,Medium,Fusarium Wilt
coconut,27.89,77.13,197.46,9.77,0.65,High,Bud Rot
muskmelon,35.75,74.51,63.14,12.12,0.51,Medium,Downy Mildew
lentil,27.68,78.34,25.06,14.97,0.653,High,Wilt
grapes,33.79,77.01,69.41,11.48,0.412,Medium,Powdery Mildew
cotton,30.61,69.73,131.48,5.99,0.533,Medium,Leaf Curl Virus
muskmelon,28.92,62.8,202.02,0.52,0.555,Medium,Downy Mildew
blackgram,33.67,81.96,45.59,8.39,0.473,Medium,Leaf Crinkle
mothbeans,25.33,85.06,30.44,0.0,0.344,Low,Healthy
blackgram,25.86,91.08,46.14,5.65,0.51,Medium,Yellow Mosaic Virus
watermelon,31.28,49.21,265.78,2.29,0.413,Medium,Anthracnose
coffee,33.09,72.59,169.75,5.3,0.552,Medium,Berry Disease
mango,23.54,76.17,125.98,2.18,0.594,Medium,Anthracnose
orange,33.73,81.97,25.02,8.93,0.561,Medium,Citrus Canker
lentil,30.36,77.28,90.95,6.19,0.587,Medium,Wilt
lentil,38.11,75.77,62.18,6.77,0.389,Medium,Rust
banana,28.63,79.2,134.48,14.28,0.685,High,Panama Wilt
kidneybeans,26.59,68.87,264.29,13.49,0.703,High,Bean Rust
mungbean,29.58,72.42,40.81,10.92,0.494,Medium,Yellow Mosaic Virus
muskmelon,22.06,90.38,154.64,5.64,0.668,High,Downy Mildew
blackgram,23.06,80.65,92.65,9.36,0.552,Medium,Yellow Mosaic Virus
lentil,24.72,46.62,93.94,10.14,0.448,Medium,Rust
maize,30.89,73.86,67.95,9.87,0.554,Medium,Gray Leaf Spot
kidneybeans,30.89,82.21,63.27,0.2,0.434,Medium,Bean Rust
rice,31.87,89.9,215.56,10.39,0.701,High,Sheath Blight
apple,28.89,83.74,117.93,0.27,0.445,Medium,Apple Scab
pomegranate,26.33,65.73,45.08,6.3,0.406,Medium,Fruit Rot
mango,30.45,81.53,3.37,1.02,0.414,Medium,Anthracnose
papaya,36.57,83.57,68.22,7.28,0.485,Medium,Papaya Ring Spot Virus
papaya,27.85,71.72,105.43,11.12,0.566,Medium,Papaya Ring Spot Virus
jute,21.44,71.4,335.86,3.82,0.666,High,Anthracnose
rice,27.03,100.0,118.29,8.37,0.693,High,Bacterial Leaf Blight
maize,36.21,59.83,302.36,7.9,0.538,Medium,Common Rust
coconut,27.57,73.87,122.59,12.45,0.546,Medium,Bud Rot
blackgram,19.95,80.82,302.99,2.68,0.515,Medium,Leaf Crinkle
coconut,24.05,62.61,74.55,14.14,0.515,Medium,Bud Rot
rice,18.13,81.18,61.6,5.49,0.452,Medium,Rice Blast
jute,24.17,79.61,88.34,3.96,0.471,Medium,Anthracnose
mungbean,29.29,83.04,63.3,8.4,0.515,Medium,Yellow Mosaic Virus
blackgram,16.77,61.81,44.37,14.77,0.503,Medium,Leaf Crinkle
papaya,31.49,84.09,165.46,2.91,0.595,Medium,Powdery Mildew
grapes,26.53,65.16,205.72,7.12,0.523,Medium,Powdery Mildew
cotton,29.67,82.79,127.46,4.0,0.563,Medium,Bacterial Blight
papaya,23.51,65.84,67.85,0.72,0.411,Medium,Powdery Mildew
orange,36.29,70.74,125.58,11.06,0.539,Medium,Citrus Canker
apple,17.47,63.3,97.23,10.96,0.545,Medium,Fire Blight
maize,24.26,75.49,95.31,3.9,0.546,Medium,Maize Leaf Blight
mothbeans,29.85,81.45,84.22,10.26,0.62,Medium,Yellow Mosaic Virus
apple,37.21,73.54,107.5,5.12,0.415,Medium,Fire Blight
banana,23.48,67.96,48.08,7.38,0.487,Medium,Panama Wilt
coffee,20.55,55.55,299.91,6.04,0.483,Medium,Coffee Leaf Rust
pigeonpeas,34.96,78.59,83.53,9.88,0.56,Medium,Fusarium Wilt
papaya,26.05,68.45,94.97,5.17,0.489,Medium,Papaya Ring Spot Virus
mothbeans,28.24,75.94,87.86,6.29,0.543,Medium,Powdery Mildew
cotton,33.96,47.75,108.14,7.33,0.407,Medium,Leaf Curl Virus
lentil,24.22,79.21,62.11,10.45,0.642,Medium,Rust
orange,18.59,70.55,45.88,3.86,0.525,Medium,Citrus Canker
lentil,18.81,63.22,198.56,6.45,0.507,Medium,Rust
chickpea,27.03,77.34,130.73,1.83,0.464,Medium,Fusarium Wilt
coconut,13.22,74.96,186.4,8.82,0.584,Medium,Leaf Blight
muskmelon,23.8,76.95,113.91,4.95,0.502,Medium,Downy Mildew
rice,26.34,60.07,77.26,7.19,0.456,Medium,Bacterial Leaf Blight
watermelon,18.83,79.59,28.41,6.78,0.458,Medium,Fusarium Wilt
lentil,27.67,55.14,45.24,0.0,0.429,Medium,Rust
papaya,33.15,66.51,22.56,0.0,0.304,Low,Healthy
papaya,28.99,86.07,189.32,14.04,0.712,High,Powdery Mildew
coconut,29.68,94.17,13.99,12.65,0.612,Medium,Bud Rot
banana,28.96,64.85,92.89,11.71,0.624,Medium,Sigatoka Leaf Spot
coconut,27.52,64.29,116.55,12.66,0.598,Medium,Bud Rot
orange,29.72,74.81,152.65,4.84,0.555,Medium,Citrus Canker
kidneybeans,29.92,70.06,14.01,15.0,0.63,Medium,Bean Rust
papaya,34.74,87.9,30.33,4.98,0.434,Medium,Papaya Ring Spot Virus
pigeonpeas,35.68,93.56,185.27,6.8,0.676,High,Fusarium Wilt
blackgram,33.7,71.16,180.71,3.65,0.49,Medium,Yellow Mosaic Virus
coffee,27.96,74.95,29.82,8.29,0.596,Medium,Coffee Leaf Rust
maize,33.84,75.67,143.56,6.85,0.554,Medium,Maize Leaf Blight
pigeonpeas,19.51,93.63,136.32,20.47,0.776,High,Fusarium Wilt
apple,24.39,75.2,161.48,9.27,0.541,Medium,Apple Scab
watermelon,24.54,69.98,35.32,8.65,0.494,Medium,Anthracnose
banana,32.94,91.95,28.82,6.84,0.543,Medium,Sigatoka Leaf Spot
cotton,26.83,74.06,119.58,11.51,0.532,Medium,Leaf Curl Virus
orange,14.26,66.43,78.56,16.96,0.551,Medium,Citrus Canker
jute,20.2,52.34,216.5,12.19,0.55,Medium,Anthracnose
mango,29.09,57.65,52.61,10.49,0.557,Medium,Powdery Mildew
chickpea,28.52,82.08,95.05,11.7,0.645,Medium,Ascochyta Blight
papaya,24.8,78.45,206.31,4.68,0.607,Medium,Powdery Mildew
banana,25.81,68.37,78.22,2.68,0.572,Medium,Sigatoka Leaf Spot
lentil,15.65,99.91,125.85,9.4,0.57,Medium,Wilt
jute,29.29,75.56,140.62,5.45,0.506,Medium,Anthracnose
mungbean,34.93,85.22,82.64,5.37,0.61,Medium,Yellow Mosaic Virus
coffee,16.62,100.0,213.98,14.51,0.735,High,Coffee Leaf Rust
orange,27.12,100.0,61.61,2.2,0.537,Medium,Citrus Canker
apple,23.44,66.54,147.93,8.29,0.582,Medium,Fire Blight
maize,28.66,65.29,162.19,5.91,0.477,Medium,Gray Leaf Spot
blackgram,19.56,76.96,68.27,8.62,0.49,Medium,Yellow Mosaic Virus
watermelon,31.92,86.57,44.1,10.14,0.623,Medium,Anthracnose
muskmelon,29.34,70.95,85.05,9.62,0.57,Medium,Powdery Mildew
mothbeans,21.91,72.68,16.63,10.03,0.5,Medium,Powdery Mildew
papaya,29.62,62.34,113.43,9.87,0.56,Medium,Papaya Ring Spot Virus
mothbeans,29.07,67.96,22.47,3.99,0.428,Medium,Powdery Mildew
orange,29.57,88.1,45.83,6.09,0.607,Medium,Citrus Canker
pigeonpeas,35.33,75.5,320.58,12.4,0.636,Medium,Sterility Mosaic
mungbean,32.62,72.81,114.29,3.94,0.525,Medium,Cercospora Leaf Spot
pomegranate,19.22,53.34,230.96,0.0,0.38,Medium,Fruit Rot
jute,16.22,74.16,130.57,7.35,0.474,Medium,Anthracnose
grapes,33.53,73.49,190.1,2.94,0.532,Medium,Powdery Mildew
mango,23.59,77.38,3.4,12.37,0.588,Medium,Powdery Mildew
apple,21.39,73.21,209.67,5.14,0.5,Medium,Apple Scab
watermelon,30.22,72.24,16.39,9.67,0.445,Medium,Fusarium Wilt
blackgram,26.4,76.29,75.18,5.68,0.557,Medium,Leaf Crinkle
maize,26.53,67.04,56.97,11.92,0.563,Medium,Gray Leaf Spot
coconut,35.08,75.5,28.14,13.42,0.506,Medium,Bud Rot
grapes,25.12,61.98,27.78,2.98,0.487,Medium,Downy Mildew
jute,21.36,73.45,88.16,7.58,0.563,Medium,Stem Rot
mothbeans,35.3,80.63,46.28,12.53,0.612,Medium,Yellow Mosaic Virus
maize,24.99,65.99,288.84,8.1,0.601,Medium,Maize Leaf Blight
cotton,26.81,82.19,165.05,8.17,0.529,Medium,Leaf Curl Virus
coffee,30.86,39.43,196.42,10.9,0.401,Medium,Coffee Leaf Rust
cotton,16.07,56.43,27.98,6.72,0.358,Medium,Leaf Curl Virus
apple,27.41,88.79,270.85,13.56,0.717,High,Fire Blight
muskmelon,29.81,60.49,62.38,10.81,0.485,Medium,Downy Mildew
rice,26.51,69.92,93.95,2.21,0.4,Medium,Bacterial Leaf Blight
coconut,29.02,66.21,33.45,9.67,0.463,Medium,Leaf Blight
grapes,27.7,46.06,123.33,8.58,0.493,Medium,Downy Mildew
kidneybeans,30.68,74.75,38.37,7.45,0.576,Medium,Angular Leaf Spot
coffee,33.9,98.23,54.78,13.83,0.608,Medium,Berry Disease
papaya,17.74,70.5,83.5,0.33,0.42,Medium,Powdery Mildew
rice,29.54,77.34,84.07,9.15,0.55,Medium,Bacterial Leaf Blight
papaya,35.05,68.29,39.44,9.52,0.434,Medium,Powdery Mildew
maize,32.25,85.13,263.95,0.0,0.541,Medium,Maize Leaf Blight
mango,35.54,58.22,79.88,8.61,0.506,Medium,Anthracnose
jute,26.76,72.7,119.42,14.29,0.607,Medium,Stem Rot
apple,27.65,63.91,36.46,10.8,0.534,Medium,Fire Blight
orange,30.5,72.7,58.62,14.21,0.647,Medium,Greening (HLB)
coconut,33.03,73.81,40.71,0.0,0.397,Medium,Bud Rot
blackgram,29.31,70.48,289.61,11.5,0.749,High,Leaf Crinkle
apple,33.22,95.68,4.93,9.67,0.619,Medium,Fire Blight
muskmelon,30.17,61.68,84.3,5.42,0.501,Medium,Powdery Mildew
mungbean,33.52,70.7,52.18,11.32,0.556,Medium,Yellow Mosaic Virus
mungbean,28.63,84.85,23.49,8.22,0.584,Medium,Cercospora Leaf Spot
papaya,23.79,64.58,177.6,4.84,0.532,Medium,Powdery Mildew
papaya,20.44,69.43,108.64,18.13,0.613,Medium,Powdery Mildew
blackgram,19.49,69.79,72.45,12.96,0.585,Medium,Yellow Mosaic Virus
coffee,17.1,68.2,79.42,13.68,0.573,Medium,Berry Disease
apple,26.18,48.11,11.17,7.49,0.397,Medium,Fire Blight
jute,24.41,90.28,91.9,7.28,0.607,Medium,Anthracnose
maize,29.82,83.28,27.06,5.11,0.485,Medium,Maize Leaf Blight
jute,35.11,54.91,36.22,13.68,0.533,Medium,Stem Rot
kidneybeans,29.31,78.84,86.12,9.16,0.554,Medium,Angular Leaf Spot
pigeonpeas,28.05,88.19,189.46,13.08,0.594,Medium,Fusarium Wilt
banana,25.02,90.45,88.9,6.31,0.582,Medium,Panama Wilt
mothbeans,28.8,61.44,127.13,7.72,0.457,Medium,Yellow Mosaic Virus
pomegranate,23.88,74.58,61.36,7.04,0.494,Medium,Fruit Rot
blackgram,20.51,76.61,61.26,3.59,0.426,Medium,Leaf Crinkle
jute,25.62,92.61,84.56,2.48,0.453,Medium,Anthracnose
lentil,30.86,79.65,110.04,8.64,0.48,Medium,Rust
mothbeans,34.16,61.11,18.9,6.35,0.338,Low,Healthy
apple,24.76,59.6,34.68,8.61,0.384,Medium,Fire Blight
chickpea,32.37,70.13,39.62,9.11,0.475,Medium,Fusarium Wilt
mothbeans,24.28,51.41,29.28,0.55,0.321,Low,Healthy
coconut,14.89,71.45,61.41,7.65,0.438,Medium,Leaf Blight
rice,22.49,86.18,132.88,7.84,0.558,Medium,Sheath Blight
lentil,21.03,53.3,157.37,6.04,0.447,Medium,Wilt
pomegranate,21.1,73.69,206.25,10.04,0.597,Medium,Bacterial Blight
pigeonpeas,25.24,55.83,101.14,0.18,0.475,Medium,Fusarium Wilt
pomegranate,33.69,80.69,202.74,10.62,0.581,Medium,Fruit Rot
pigeonpeas,19.18,70.54,93.55,10.6,0.529,Medium,Fusarium Wilt
banana,26.07,46.76,92.54,10.96,0.448,Medium,Panama Wilt
mungbean,30.45,65.93,41.34,17.43,0.638,Medium,Yellow Mosaic Virus
coconut,32.5,62.37,4.99,0.78,0.416,Medium,Bud Rot
orange,23.06,98.08,94.63,17.54,0.721,High,Greening (HLB)
lentil,31.17,76.57,40.57,8.58,0.494,Medium,Rust
jute,27.65,68.81,98.94,4.43,0.49,Medium,Stem Rot
muskmelon,24.26,55.33,80.31,11.04,0.437,Medium,Downy Mildew
maize,27.04,68.58,24.11,11.01,0.582,Medium,Maize Leaf Blight
jute,27.78,87.28,121.64,6.89,0.63,Medium,Stem Rot
apple,24.96,79.6,137.09,12.35,0.548,Medium,Fire Blight
coffee,25.52,85.27,102.61,11.02,0.65,Medium,Coffee Leaf Rust
watermelon,25.58,81.82,108.49,7.11,0.495,Medium,Fusarium Wilt
banana,32.07,69.85,39.98,9.06,0.59,Medium,Sigatoka Leaf Spot
banana,24.68,65.59,98.23,6.85,0.519,Medium,Sigatoka Leaf Spot
mango,33.17,100.0,164.93,10.05,0.697,High,Powdery Mildew
apple,23.06,82.09,81.85,8.58,0.581,Medium,Fire Blight
jute,32.29,62.63,76.79,7.97,0.409,Medium,Stem Rot
banana,27.11,86.38,289.39,9.43,0.874,High,Panama Wilt
coffee,31.79,74.45,70.08,9.22,0.504,Medium,Berry Disease
pigeonpeas,24.8,94.31,150.6,9.74,0.643,Medium,Fusarium Wilt
mango,14.34,76.9,153.24,5.51,0.502,Medium,Anthracnose
maize,23.72,83.29,257.57,9.94,0.664,High,Maize Leaf Blight
papaya,25.81,90.21,68.59,9.14,0.575,Medium,Powdery Mildew
papaya,28.43,64.17,24.81,4.29,0.54,Medium,Papaya Ring Spot Virus
rice,18.72,62.46,39.93,6.9,0.412,Medium,Rice Blast
jute,19.41,75.85,97.61,5.7,0.546,Medium,Stem Rot
rice,35.7,69.21,199.1,11.18,0.561,Medium,Bacterial Leaf Blight
chickpea,20.73,78.04,186.61,16.96,0.765,High,Fusarium Wilt
chickpea,27.4,58.0,400.0,9.54,0.69,High,Fusarium Wilt
muskmelon,20.88,49.56,103.04,6.93,0.409,Medium,Downy Mildew
coconut,22.39,68.69,102.5,11.78,0.564,Medium,Bud Rot
pigeonpeas,26.85,63.25,27.69,4.97,0.457,Medium,Fusarium Wilt
banana,34.76,57.1,193.04,3.93,0.55,Medium,Sigatoka Leaf Spot
jute,28.22,84.84,115.04,9.32,0.582,Medium,Anthracnose
apple,28.26,66.46,158.45,6.24,0.589,Medium,Apple Scab
grapes,26.19,84.25,15.56,5.27,0.522,Medium,Powdery Mildew
coconut,32.75,100.0,400.0,6.16,0.748,High,Leaf Blight
blackgram,21.84,77.07,107.9,4.82,0.501,Medium,Yellow Mosaic Virus
maize,28.97,66.37,55.29,11.75,0.528,Medium,Common Rust
apple,20.03,58.81,90.85,10.26,0.473,Medium,Fire Blight
papaya,31.09,74.02,65.11,5.34,0.513,Medium,Powdery Mildew
banana,38.45,72.74,188.13,16.79,0.619,Medium,Sigatoka Leaf Spot
chickpea,26.25,73.02,62.24,8.24,0.58,Medium,Fusarium Wilt
apple,32.09,82.26,133.31,15.84,0.682,High,Apple Scab
mungbean,33.7,67.95,67.36,4.3,0.417,Medium,Cercospora Leaf Spot
mango,19.28,69.28,244.98,6.64,0.525,Medium,Powdery Mildew
maize,32.33,81.45,343.76,20.13,0.818,High,Gray Leaf Spot
jute,22.27,66.99,268.58,11.3,0.681,High,Anthracnose
muskmelon,33.39,94.33,92.54,12.26,0.561,Medium,Downy Mildew
watermelon,32.83,54.42,92.12,10.79,0.51,Medium,Fusarium Wilt
coffee,17.75,74.46,77.99,7.21,0.538,Medium,Coffee Leaf Rust
watermelon,31.45,54.45,86.45,10.24,0.523,Medium,Anthracnose
muskmelon,23.81,61.86,97.51,6.33,0.432,Medium,Downy Mildew
cotton,27.27,90.89,128.1,7.09,0.658,High,Bacterial Blight
kidneybeans,27.91,100.0,230.16,4.15,0.636,Medium,Angular Leaf Spot
chickpea,20.59,75.36,79.63,8.5,0.511,Medium,Ascochyta Blight
papaya,26.33,70.45,75.68,6.83,0.553,Medium,Powdery Mildew
rice,27.15,69.19,76.71,10.15,0.623,Medium,Bacterial Leaf Blight
muskmelon,35.39,80.8,54.77,11.95,0.573,Medium,Powdery Mildew
papaya,24.95,78.6,69.47,5.64,0.54,Medium,Powdery Mildew
jute,31.93,82.34,80.77,1.24,0.433,Medium,Anthracnose
grapes,35.68,75.18,191.96,11.34,0.553,Medium,Downy Mildew
pigeonpeas,18.05,86.23,8.47,7.78,0.515,Medium,Sterility Mosaic
lentil,30.44,64.57,183.29,1.82,0.499,Medium,Rust
grapes,25.02,74.23,247.93,4.15,0.587,Medium,Powdery Mildew
chickpea,21.56,65.26,19.83,0.0,0.307,Low,Healthy
coffee,23.19,59.48,228.77,8.94,0.545,Medium,Coffee Leaf Rust
grapes,27.9,79.38,15.96,5.0,0.52,Medium,Powdery Mildew
coffee,31.08,81.7,110.27,6.32,0.55,Medium,Coffee Leaf Rust
mungbean,35.87,76.57,171.54,9.72,0.522,Medium,Yellow Mosaic Virus
grapes,23.55,84.37,190.58,8.93,0.594,Medium,Powdery Mildew
blackgram,30.61,69.68,58.1,4.96,0.412,Medium,Yellow Mosaic Virus
blackgram,18.37,92.55,145.43,5.66,0.484,Medium,Yellow Mosaic Virus
mango,20.31,68.19,104.63,9.42,0.569,Medium,Powdery Mildew
jute,25.9,96.04,61.16,11.33,0.674,High,Anthracnose
rice,30.92,78.27,54.27,11.34,0.589,Medium,Bacterial Leaf Blight
cotton,20.22,65.33,122.81,17.6,0.532,Medium,Bacterial Blight
cotton,28.43,89.75,27.28,8.76,0.59,Medium,Bacterial Blight
kidneybeans,30.55,90.66,41.86,2.26,0.598,Medium,Angular Leaf Spot
pomegranate,20.11,70.92,154.74,10.69,0.573,Medium,Fruit Rot
orange,29.16,75.16,38.44,10.38,0.566,Medium,Greening (HLB)
banana,37.67,79.16,96.88,7.2,0.539,Medium,Sigatoka Leaf Spot
mango,28.14,63.75,180.3,6.45,0.512,Medium,Powdery Mildew
rice,27.89,67.6,98.25,3.71,0.46,Medium,Rice Blast
kidneybeans,20.28,94.5,28.51,10.04,0.65,High,Angular Leaf Spot
pigeonpeas,30.15,89.94,72.83,8.69,0.593,Medium,Sterility Mosaic
mothbeans,24.12,67.92,17.56,3.17,0.429,Medium,Powdery Mildew
muskmelon,32.85,81.61,89.37,15.59,0.665,High,Downy Mildew
maize,21.71,52.23,236.43,7.92,0.491,Medium,Gray Leaf Spot
rice,21.51,83.41,27.45,13.21,0.632,Medium,Rice Blast
chickpea,29.73,62.56,145.01,5.5,0.549,Medium,Ascochyta Blight
banana,22.96,69.56,28.04,15.05,0.586,Medium,Panama Wilt
banana,29.48,76.11,139.87,9.61,0.629,Medium,Sigatoka Leaf Spot
cotton,20.42,73.74,64.15,8.62,0.439,Medium,Bacterial Blight
blackgram,36.4,81.86,259.38,12.5,0.763,High,Leaf Crinkle
grapes,21.97,90.83,21.81,7.33,0.548,Medium,Downy Mildew
chickpea,21.38,80.28,224.28,9.13,0.574,Medium,Ascochyta Blight
apple,20.69,89.51,87.93,10.35,0.579,Medium,Apple Scab
pomegranate,25.21,68.46,176.65,12.2,0.563,Medium,Bacterial Blight
chickpea,29.37,66.7,167.03,6.87,0.57,Medium,Ascochyta Blight
pigeonpeas,34.45,69.48,136.27,14.87,0.59,Medium,Fusarium Wilt
pomegranate,25.68,80.33,50.14,12.57,0.668,High,Fruit Rot
mango,30.26,60.89,188.98,5.58,0.516,Medium,Anthracnose
blackgram,26.27,65.51,108.6,7.15,0.419,Medium,Yellow Mosaic Virus
papaya,28.88,59.32,165.92,4.35,0.428,Medium,Powdery Mildew
blackgram,26.31,82.6,50.68,7.12,0.602,Medium,Yellow Mosaic Virus
coconut,19.0,80.1,54.14,6.07,0.441,Medium,Leaf Blight
mungbean,22.64,98.1,182.08,13.7,0.705,High,Yellow Mosaic Virus
blackgram,31.66,59.89,37.87,16.53,0.526,Medium,Leaf Crinkle
lentil,22.48,84.96,43.9,10.18,0.544,Medium,Wilt
mungbean,23.64,65.32,58.6,6.16,0.497,Medium,Yellow Mosaic Virus
banana,35.72,75.53,17.58,9.57,0.496,Medium,Sigatoka Leaf Spot
banana,25.93,70.8,168.1,4.72,0.602,Medium,Panama Wilt
banana,22.41,79.82,297.4,6.71,0.687,High,Panama Wilt
chickpea,27.05,61.79,16.84,9.95,0.525,Medium,Ascochyta Blight
coconut,19.8,84.93,304.62,12.67,0.719,High,Leaf Blight
orange,28.86,68.09,50.55,13.94,0.625,Medium,Citrus Canker
coconut,31.79,88.4,231.9,14.16,0.693,High,Bud Rot
jute,27.65,77.01,51.33,8.09,0.569,Medium,Stem Rot
mango,32.55,55.68,177.54,11.86,0.512,Medium,Anthracnose
mungbean,34.7,81.05,374.46,1.47,0.649,Medium,Cercospora Leaf Spot
apple,28.17,59.24,164.8,13.95,0.703,High,Apple Scab
lentil,25.99,81.56,174.79,11.51,0.633,Medium,Rust
coffee,27.09,73.11,61.57,8.15,0.553,Medium,Coffee Leaf Rust
papaya,30.03,98.76,41.55,6.73,0.525,Medium,Powdery Mildew
maize,36.68,75.16,237.04,11.31,0.633,Medium,Gray Leaf Spot
coconut,30.13,83.85,78.13,3.8,0.525,Medium,Leaf Blight
papaya,23.85,84.3,137.19,6.61,0.587,Medium,Powdery Mildew
mango,27.29,57.8,301.05,11.01,0.525,Medium,Anthracnose
mango,29.86,75.56,142.0,15.97,0.573,Medium,Anthracnose
orange,25.46,79.39,42.44,6.71,0.579,Medium,Greening (HLB)
pigeonpeas,21.59,70.25,190.16,2.07,0.529,Medium,Fusarium Wilt
apple,27.86,59.28,76.3,15.18,0.483,Medium,Apple Scab
maize,29.48,85.93,116.18,6.96,0.585,Medium,Common Rust
pigeonpeas,24.3,74.34,110.74,7.48,0.494,Medium,Fusarium Wilt
muskmelon,25.53,82.41,76.24,11.83,0.692,High,Downy Mildew
cotton,31.8,75.65,200.48,8.12,0.572,Medium,Bacterial Blight
watermelon,22.1,66.22,117.93,14.1,0.615,Medium,Anthracnose
watermelon,27.01,96.7,245.04,8.81,0.732,High,Anthracnose
grapes,28.83,79.35,128.56,5.49,0.476,Medium,Downy Mildew
blackgram,36.52,63.59,209.21,10.62,0.592,Medium,Yellow Mosaic Virus
pomegranate,29.1,97.19,25.06,4.42,0.483,Medium,Fruit Rot
lentil,28.22,52.14,103.85,12.54,0.495,Medium,Wilt
blackgram,28.72,86.97,144.21,9.5,0.644,Medium,Yellow Mosaic Virus
pigeonpeas,26.93,78.74,79.64,8.89,0.549,Medium,Sterility Mosaic
blackgram,22.25,62.37,121.61,3.13,0.508,Medium,Yellow Mosaic Virus
chickpea,29.94,82.14,53.72,16.8,0.657,High,Ascochyta Blight
muskmelon,35.78,61.47,94.43,14.64,0.603,Medium,Powdery Mildew
watermelon,27.59,79.85,225.26,6.1,0.565,Medium,Anthracnose
muskmelon,29.92,42.14,106.76,9.55,0.433,Medium,Powdery Mildew
mothbeans,30.9,93.84,235.7,10.48,0.717,High,Powdery Mildew
pigeonpeas,21.19,68.24,45.01,12.13,0.605,Medium,Fusarium Wilt
maize,27.49,100.0,73.48,4.8,0.577,Medium,Gray Leaf Spot
chickpea,26.4,91.56,225.99,14.88,0.747,High,Ascochyta Blight
lentil,29.75,86.69,93.05,11.74,0.679,High,Wilt
kidneybeans,25.98,52.32,144.7,18.11,0.607,Medium,Bean Rust
rice,26.18,79.05,253.44,10.58,0.579,Medium,Rice Blast
pigeonpeas,24.76,89.99,103.35,10.18,0.612,Medium,Fusarium Wilt
papaya,24.08,67.76,48.02,4.97,0.479,Medium,Papaya Ring Spot Virus
jute,27.97,68.65,209.5,2.19,0.505,Medium,Anthracnose
pomegranate,22.05,67.17,190.54,11.0,0.612,Medium,Bacterial Blight
lentil,27.72,88.73,156.29,5.56,0.594,Medium,Wilt
grapes,30.6,76.69,110.39,9.08,0.603,Medium,Powdery Mildew
pomegranate,33.3,81.38,248.75,10.76,0.709,High,Bacterial Blight
coconut,31.21,78.57,88.61,10.83,0.697,High,Bud Rot
orange,21.04,84.05,246.6,12.35,0.676,High,Greening (HLB)
banana,38.73,83.48,68.46,15.32,0.64,Medium,Panama Wilt
grapes,24.79,60.2,71.66,12.05,0.586,Medium,Powdery Mildew
pomegranate,22.39,64.08,99.95,1.59,0.533,Medium,Fruit Rot
mungbean,25.27,55.15,139.68,8.86,0.522,Medium,Cercospora Leaf Spot
mango,25.86,82.21,151.42,2.78,0.513,Medium,Anthracnose
mothbeans,32.27,55.31,245.45,3.3,0.352,Medium,Powdery Mildew
apple,20.56,73.17,46.2,5.75,0.448,Medium,Fire Blight
pigeonpeas,30.74,83.42,149.22,5.73,0.515,Medium,Sterility Mosaic
cotton,25.4,77.99,150.11,2.48,0.586,Medium,Leaf Curl Virus
muskmelon,34.59,52.27,28.46,19.15,0.589,Medium,Downy Mildew
coconut,25.49,59.78,175.17,13.24,0.656,High,Bud Rot
apple,31.45,74.91,85.36,1.03,0.442,Medium,Fire Blight
muskmelon,22.7,66.08,392.07,9.48,0.701,High,Powdery Mildew
kidneybeans,35.54,100.0,32.71,4.17,0.516,Medium,Bean Rust
kidneybeans,35.55,92.74,173.98,9.95,0.576,Medium,Angular Leaf Spot
watermelon,24.35,82.88,22.53,1.58,0.444,Medium,Anthracnose
mungbean,28.03,76.67,55.86,16.2,0.588,Medium,Yellow Mosaic Virus
mungbean,25.39,100.0,15.32,8.87,0.698,High,Yellow Mosaic Virus
kidneybeans,22.07,89.26,130.06,10.57,0.633,Medium,Bean Rust
grapes,32.55,72.55,123.66,7.47,0.472,Medium,Downy Mildew
banana,23.69,60.71,74.15,16.46,0.598,Medium,Panama Wilt
mungbean,28.65,79.75,15.76,7.1,0.578,Medium,Cercospora Leaf Spot
mungbean,31.07,47.03,62.63,14.97,0.452,Medium,Yellow Mosaic Virus
grapes,26.81,79.06,99.28,9.27,0.617,Medium,Downy Mildew
maize,30.38,81.72,81.35,5.43,0.513,Medium,Common Rust
orange,32.47,84.08,201.02,7.7,0.602,Medium,Greening (HLB)
blackgram,24.97,67.34,41.42,0.0,0.379,Medium,Yellow Mosaic Virus
grapes,22.04,75.65,159.92,11.15,0.581,Medium,Downy Mildew
banana,24.87,88.65,70.54,3.9,0.518,Medium,Sigatoka Leaf Spot
orange,23.24,93.67,13.05,6.49,0.541,Medium,Citrus Canker
lentil,24.64,78.41,60.04,5.64,0.582,Medium,Rust
jute,28.78,73.87,155.84,7.57,0.51,Medium,Anthracnose
lentil,31.25,74.6,17.75,7.92,0.51,Medium,Wilt
orange,31.31,81.2,72.67,6.33,0.494,Medium,Citrus Canker
grapes,29.36,90.1,121.5,11.49,0.702,High,Powdery Mildew
mango,37.05,80.27,92.78,2.79,0.45,Medium,Powdery Mildew
mango,16.9,72.89,91.9,4.52,0.528,Medium,Anthracnose
rice,22.53,71.84,55.73,7.34,0.561,Medium,Bacterial Leaf Blight
coconut,19.25,61.4,234.65,6.69,0.575,Medium,Leaf Blight
coconut,25.81,60.06,4.65,10.18,0.437,Medium,Leaf Blight
lentil,31.86,73.97,400.0,12.01,0.77,High,Wilt
blackgram,24.45,60.39,11.85,10.1,0.426,Medium,Yellow Mosaic Virus
cotton,32.94,82.74,173.87,5.06,0.551,Medium,Bacterial Blight
mango,26.62,62.06,48.53,6.5,0.565,Medium,Anthracnose
cotton,27.48,70.35,107.44,14.36,0.587,Medium,Leaf Curl Virus
grapes,24.17,72.56,137.22,9.38,0.663,High,Downy Mildew
rice,29.57,69.97,391.23,13.04,0.808,High,Bacterial Leaf Blight
coffee,32.92,78.08,104.56,7.0,0.469,Medium,Berry Disease
mungbean,31.66,73.46,400.0,12.66,0.663,High,Cercospora Leaf Spot
papaya,21.1,65.3,42.58,2.9,0.468,Medium,Powdery Mildew
mothbeans,19.0,84.11,243.35,13.12,0.723,High,Yellow Mosaic Virus
chickpea,23.79,95.33,38.71,6.72,0.657,High,Fusarium Wilt
blackgram,16.98,73.09,151.23,11.5,0.492,Medium,Leaf Crinkle
pomegranate,27.77,68.3,100.21,13.4,0.603,Medium,Bacterial Blight
grapes,24.97,81.22,51.15,3.83,0.458,Medium,Downy Mildew
banana,28.7,72.82,143.9,7.54,0.682,High,Sigatoka Leaf Spot
cotton,24.08,63.41,118.63,9.95,0.581,Medium,Leaf Curl Virus
pigeonpeas,26.6,70.89,66.74,13.54,0.621,Medium,Fusarium Wilt
lentil,32.39,75.36,106.75,0.0,0.5,Medium,Rust
kidneybeans,22.09,62.6,143.15,7.89,0.566,Medium,Bean Rust
coffee,26.96,77.66,104.09,8.31,0.537,Medium,Berry Disease
blackgram,29.95,76.44,41.11,2.41,0.504,Medium,Yellow Mosaic Virus
chickpea,35.5,66.98,124.73,6.98,0.524,Medium,Fusarium Wilt
coffee,26.39,86.96,122.82,7.42,0.595,Medium,Coffee Leaf Rust
apple,25.52,76.39,153.59,11.2,0.613,Medium,Fire Blight
mungbean,30.36,77.6,46.1,6.18,0.461,Medium,Yellow Mosaic Virus
mango,32.05,77.69,102.5,0.27,0.41,Medium,Anthracnose
rice,21.53,78.47,230.75,0.0,0.424,Medium,Sheath Blight
grapes,23.43,63.43,82.64,6.68,0.418,Medium,Powdery Mildew
orange,24.02,72.22,102.78,4.3,0.527,Medium,Citrus Canker
chickpea,41.0,70.6,18.48,5.09,0.457,Medium,Ascochyta Blight
pomegranate,30.41,84.67,230.37,12.06,0.6,Medium,Fruit Rot
banana,20.16,63.65,42.0,6.75,0.442,Medium,Panama Wilt
cotton,24.58,71.62,245.65,9.97,0.584,Medium,Leaf Curl Virus
pigeonpeas,17.58,38.98,22.16,7.74,0.374,Medium,Fusarium Wilt
cotton,17.15,66.04,400.0,10.45,0.616,Medium,Bacterial Blight
kidneybeans,27.66,69.15,290.3,8.6,0.701,High,Bean Rust
lentil,33.02,97.52,259.59,6.25,0.666,High,Wilt
pomegranate,33.56,71.74,99.58,7.22,0.559,Medium,Bacterial Blight
kidneybeans,34.56,96.65,110.79,13.4,0.705,High,Angular Leaf Spot
apple,33.62,92.67,19.09,9.08,0.558,Medium,Apple Scab
orange,15.99,69.11,137.5,8.77,0.543,Medium,Citrus Canker
grapes,27.69,86.42,73.53,3.53,0.509,Medium,Downy Mildew
mothbeans,24.21,88.27,58.65,2.83,0.456,Medium,Powdery Mildew
kidneybeans,13.64,77.46,96.25,11.86,0.487,Medium,Angular Leaf Spot
banana,29.76,69.74,48.14,9.29,0.529,Medium,Panama Wilt
mungbean,24.18,73.55,258.69,11.18,0.677,High,Cercospora Leaf Spot
papaya,30.19,62.73,196.45,12.34,0.653,High,Papaya Ring Spot Virus
maize,24.87,88.98,190.45,5.0,0.582,Medium,Gray Leaf Spot
orange,28.18,72.07,50.3,3.91,0.453,Medium,Citrus Canker
lentil,31.49,51.36,82.74,8.82,0.475,Medium,Wilt
muskmelon,23.83,56.26,143.43,9.6,0.548,Medium,Powdery Mildew
mothbeans,25.31,89.88,96.98,6.9,0.564,Medium,Yellow Mosaic Virus
jute,26.73,62.85,137.79,8.34,0.549,Medium,Stem Rot
pigeonpeas,21.54,92.12,43.69,10.5,0.554,Medium,Sterility Mosaic
pomegranate,19.4,86.49,163.4,9.64,0.676,High,Fruit Rot
jute,34.67,72.62,130.51,6.36,0.462,Medium,Stem Rot
rice,27.36,79.97,284.7,5.64,0.67,High,Bacterial Leaf Blight
banana,34.07,79.47,245.63,7.2,0.661,High,Sigatoka Leaf Spot
coconut,28.5,81.49,40.53,12.33,0.687,High,Leaf Blight
mango,22.13,83.04,149.22,10.24,0.683,High,Powdery Mildew
coffee,24.38,90.28,16.48,3.87,0.521,Medium,Coffee Leaf Rust
mungbean,24.85,58.06,142.31,5.38,0.467,Medium,Cercospora Leaf Spot
mothbeans,26.85,70.11,93.72,6.23,0.496,Medium,Yellow Mosaic Virus
mothbeans,27.99,58.69,119.13,3.89,0.357,Medium,Powdery Mildew
pomegranate,25.49,69.11,75.62,3.14,0.373,Medium,Fruit Rot
lentil,25.79,79.37,234.5,6.65,0.583,Medium,Rust
mango,22.18,93.52,184.0,16.24,0.753,High,Anthracnose
coffee,22.12,84.36,92.09,10.09,0.588,Medium,Coffee Leaf Rust
muskmelon,24.49,73.01,199.06,4.36,0.534,Medium,Downy Mildew
maize,29.47,73.71,149.38,12.79,0.633,Medium,Common Rust
papaya,28.69,63.3,124.2,10.86,0.444,Medium,Papaya Ring Spot Virus
mungbean,30.31,90.11,27.45,6.57,0.583,Medium,Cercospora Leaf Spot
orange,25.98,85.27,27.08,11.91,0.616,Medium,Citrus Canker
mungbean,32.63,62.94,47.95,8.3,0.5,Medium,Cercospora Leaf Spot
mango,29.92,79.62,237.82,12.27,0.73,High,Powdery Mildew
orange,26.82,84.43,210.62,4.67,0.647,Medium,Citrus Canker
pigeonpeas,31.58,77.58,110.57,9.22,0.594,Medium,Fusarium Wilt
watermelon,30.06,96.62,143.92,6.04,0.606,Medium,Fusarium Wilt
orange,27.16,86.68,70.64,10.51,0.621,Medium,Greening (HLB)
jute,29.66,63.72,85.73,13.77,0.538,Medium,Stem Rot
mothbeans,18.58,85.1,31.59,10.59,0.591,Medium,Powdery Mildew
maize,21.9,85.95,53.85,2.91,0.454,Medium,Gray Leaf Spot
papaya,24.76,73.73,37.36,3.44,0.474,Medium,Papaya Ring Spot Virus
orange,23.58,74.99,148.17,4.29,0.537,Medium,Citrus Canker
mango,25.29,56.0,117.59,10.33,0.471,Medium,Powdery Mildew
mungbean,29.56,65.39,7.91,2.47,0.355,Medium,Cercospora Leaf Spot
coffee,21.34,70.6,3.24,2.89,0.466,Medium,Berry Disease
pigeonpeas,32.24,66.37,245.42,11.01,0.564,Medium,Fusarium Wilt
lentil,26.61,73.52,207.27,8.17,0.618,Medium,Rust
mothbeans,23.92,86.12,13.16,8.01,0.546,Medium,Powdery Mildew
lentil,24.58,65.46,82.44,7.75,0.447,Medium,Wilt
apple,29.98,100.0,10.6,8.36,0.67,High,Fire Blight
pomegranate,29.06,78.33,135.01,2.38,0.47,Medium,Bacterial Blight
banana,25.86,72.55,107.25,8.89,0.538,Medium,Panama Wilt
muskmelon,27.21,76.48,166.25,11.5,0.589,Medium,Powdery Mildew
papaya,24.37,93.17,18.11,6.38,0.518,Medium,Powdery Mildew
maize,31.98,66.72,23.42,0.97,0.368,Medium,Gray Leaf Spot
kidneybeans,33.53,66.35,80.27,8.58,0.458,Medium,Angular Leaf Spot
kidneybeans,28.26,69.26,43.62,1.4,0.413,Medium,Bean Rust
muskmelon,23.14,89.89,59.45,11.93,0.686,High,Powdery Mildew
maize,32.96,66.65,118.37,9.13,0.489,Medium,Common Rust
coffee,23.32,65.96,299.58,5.75,0.507,Medium,Coffee Leaf Rust
chickpea,31.44,88.47,75.68,9.2,0.616,Medium,Ascochyta Blight
blackgram,33.07,72.09,58.93,10.32,0.481,Medium,Yellow Mosaic Virus
coconut,31.34,83.11,56.86,15.83,0.601,Medium,Leaf Blight
cotton,33.89,91.54,60.4,6.55,0.493,Medium,Bacterial Blight
banana,36.57,83.03,78.2,8.96,0.537,Medium,Panama Wilt
lentil,25.36,73.09,216.54,5.63,0.538,Medium,Rust
rice,24.5,60.78,42.32,16.51,0.535,Medium,Bacterial Leaf Blight
pigeonpeas,31.51,53.33,400.0,13.98,0.688,High,Fusarium Wilt
pomegranate,20.31,77.87,118.77,10.87,0.624,Medium,Bacterial Blight
lentil,24.86,63.42,21.05,4.31,0.361,Medium,Wilt
rice,21.3,61.57,138.85,10.19,0.521,Medium,Sheath Blight
pomegranate,28.58,64.63,121.48,8.68,0.464,Medium,Bacterial Blight
rice,28.01,85.13,100.89,11.43,0.678,High,Sheath Blight
mothbeans,25.25,66.97,14.96,16.22,0.608,Medium,Yellow Mosaic Virus
chickpea,26.2,71.53,16.73,11.14,0.491,Medium,Ascochyta Blight
pigeonpeas,26.3,79.02,162.06,0.0,0.427,Medium,Fusarium Wilt
muskmelon,37.0,87.63,84.79,13.65,0.567,Medium,Powdery Mildew
maize,26.96,78.29,78.47,6.7,0.53,Medium,Gray Leaf Spot
watermelon,20.24,81.24,267.08,1.89,0.658,High,Fusarium Wilt
blackgram,37.77,90.37,209.85,4.63,0.573,Medium,Leaf Crinkle
chickpea,27.9,97.9,181.1,11.27,0.649,Medium,Fusarium Wilt
banana,31.22,71.51,38.88,5.26,0.548,Medium,Panama Wilt
apple,27.75,70.66,102.28,9.85,0.577,Medium,Fire Blight
pigeonpeas,20.1,64.49,84.95,3.74,0.333,Low,Healthy
cotton,23.51,72.21,29.69,7.67,0.473,Medium,Bacterial Blight
orange,22.48,86.6,161.88,10.12,0.69,High,Greening (HLB)
muskmelon,26.07,81.15,62.98,6.67,0.608,Medium,Downy Mildew
mothbeans,21.07,83.0,98.23,7.41,0.537,Medium,Yellow Mosaic Virus
banana,23.55,100.0,70.06,6.57,0.584,Medium,Panama Wilt
pomegranate,25.41,89.11,343.92,5.04,0.707,High,Fruit Rot
watermelon,21.39,67.34,152.5,5.8,0.464,Medium,Fusarium Wilt
muskmelon,35.18,77.4,144.38,8.89,0.545,Medium,Downy Mildew
coconut,30.5,99.62,229.67,7.65,0.604,Medium,Leaf Blight
lentil,29.8,92.1,84.68,12.87,0.705,High,Rust
mango,31.34,82.4,291.86,7.37,0.61,Medium,Powdery Mildew
grapes,26.25,72.57,164.47,2.98,0.589,Medium,Powdery Mildew
watermelon,29.59,56.61,77.72,7.58,0.452,Medium,Fusarium Wilt
coconut,22.43,63.72,201.62,10.54,0.619,Medium,Bud Rot
coconut,15.33,73.1,355.12,10.13,0.724,High,Leaf Blight
rice,25.19,63.71,69.12,1.74,0.451,Medium,Bacterial Leaf Blight
blackgram,19.93,92.69,94.18,5.83,0.532,Medium,Yellow Mosaic Virus
mungbean,22.71,66.83,121.26,2.34,0.425,Medium,Yellow Mosaic Virus
coffee,25.32,100.0,292.0,8.97,0.805,High,Berry Disease
grapes,14.8,62.68,121.6,9.98,0.518,Medium,Powdery Mildew
blackgram,26.62,94.47,55.21,6.58,0.618,Medium,Leaf Crinkle
mango,25.69,85.4,120.9,1.74,0.507,Medium,Anthracnose
muskmelon,31.01,78.87,90.47,12.53,0.618,Medium,Downy Mildew
mungbean,35.58,54.3,29.74,8.81,0.378,Medium,Cercospora Leaf Spot
mango,25.2,71.65,14.87,10.02,0.617,Medium,Powdery Mildew
jute,21.7,84.49,221.41,12.01,0.627,Medium,Stem Rot
mango,17.16,74.36,228.59,10.64,0.637,Medium,Anthracnose
coffee,24.79,86.21,136.72,0.45,0.521,Medium,Coffee Leaf Rust
jute,19.85,96.78,155.79,8.31,0.563,Medium,Anthracnose
chickpea,27.58,63.8,69.49,9.89,0.557,Medium,Ascochyta Blight
muskmelon,28.35,78.4,298.96,4.86,0.596,Medium,Downy Mildew
coconut,23.89,80.09,121.17,6.83,0.608,Medium,Leaf Blight
pigeonpeas,31.42,71.33,158.4,10.88,0.523,Medium,Fusarium Wilt
chickpea,28.64,67.47,45.99,7.74,0.598,Medium,Fusarium Wilt
muskmelon,27.84,52.93,133.16,7.13,0.489,Medium,Downy Mildew
mango,20.89,86.95,190.81,0.07,0.463,Medium,Powdery Mildew
pigeonpeas,21.69,74.9,161.73,12.61,0.6,Medium,Fusarium Wilt
pomegranate,23.67,80.41,117.93,4.31,0.477,Medium,Bacterial Blight
banana,20.68,94.75,145.31,6.63,0.615,Medium,Panama Wilt
mungbean,26.62,72.63,151.97,10.33,0.545,Medium,Yellow Mosaic Virus
watermelon,23.17,90.11,89.41,4.42,0.616,Medium,Anthracnose
papaya,21.1,74.47,66.16,8.48,0.547,Medium,Papaya Ring Spot Virus
maize,27.37,75.45,93.13,7.14,0.476,Medium,Common Rust
mango,24.69,56.48,256.09,9.4,0.603,Medium,Anthracnose
cotton,25.37,82.43,46.35,12.78,0.565,Medium,Leaf Curl Virus
lentil,23.25,74.3,69.13,7.56,0.611,Medium,Wilt
orange,20.92,75.81,156.87,3.63,0.5,Medium,Citrus Canker
blackgram,31.74,83.66,181.2,7.18,0.564,Medium,Yellow Mosaic Virus
cotton,27.36,70.3,27.91,9.97,0.547,Medium,Leaf Curl Virus
coffee,19.94,82.02,233.24,8.48,0.545,Medium,Coffee Leaf Rust
watermelon,27.46,66.13,117.61,9.02,0.604,Medium,Fusarium Wilt
coffee,30.17,82.39,65.16,11.3,0.483,Medium,Coffee Leaf Rust
blackgram,27.94,76.31,117.31,7.83,0.591,Medium,Leaf Crinkle
pigeonpeas,34.49,57.41,169.64,4.28,0.478,Medium,Fusarium Wilt
coconut,26.82,71.78,318.05,5.94,0.55,Medium,Bud Rot
coffee,23.28,62.15,147.53,6.77,0.651,High,Berry Disease
lentil,29.59,61.5,37.98,9.37,0.453,Medium,Rust
watermelon,18.37,62.32,64.64,2.46,0.34,Low,Healthy
kidneybeans,25.92,81.91,293.78,9.82,0.703,High,Angular Leaf Spot
mothbeans,20.36,99.12,207.34,3.88,0.637,Medium,Yellow Mosaic Virus
apple,25.87,77.36,112.14,5.97,0.529,Medium,Apple Scab
mungbean,22.24,81.54,122.9,6.7,0.508,Medium,Cercospora Leaf Spot
mungbean,31.13,53.49,39.04,4.41,0.464,Medium,Yellow Mosaic Virus
kidneybeans,25.71,60.47,192.27,7.29,0.54,Medium,Angular Leaf Spot
maize,29.58,48.37,262.54,12.0,0.541,Medium,Maize Leaf Blight
rice,22.69,80.75,21.98,8.41,0.517,Medium,Bacterial Leaf Blight
maize,20.63,76.14,73.38,4.99,0.435,Medium,Common Rust
mungbean,24.48,84.32,106.23,6.57,0.719,High,Cercospora Leaf Spot
pigeonpeas,31.87,68.29,108.58,9.59,0.504,Medium,Sterility Mosaic
maize,22.59,77.61,97.25,7.54,0.545,Medium,Gray Leaf Spot
pomegranate,25.04,72.1,177.93,8.61,0.625,Medium,Fruit Rot
kidneybeans,25.68,65.92,88.02,13.54,0.604,Medium,Bean Rust
grapes,32.35,81.19,151.54,9.48,0.691,High,Powdery Mildew
watermelon,27.14,62.69,55.86,8.87,0.569,Medium,Anthracnose
muskmelon,22.42,68.32,29.49,15.35,0.473,Medium,Downy Mildew
papaya,26.94,63.04,190.62,16.34,0.711,High,Papaya Ring Spot Virus
mothbeans,18.07,68.41,27.09,12.3,0.485,Medium,Yellow Mosaic Virus
apple,25.32,79.59,120.71,6.14,0.574,Medium,Fire Blight
coconut,29.2,58.96,123.63,5.64,0.442,Medium,Bud Rot
blackgram,25.64,73.61,82.46,9.83,0.617,Medium,Yellow Mosaic Virus
mango,27.0,76.8,170.31,2.49,0.553,Medium,Anthracnose
papaya,26.25,56.6,309.93,0.0,0.489,Medium,Papaya Ring Spot Virus
coconut,28.77,100.0,93.09,8.64,0.679,High,Bud Rot
watermelon,27.87,98.76,28.61,3.92,0.607,Medium,Anthracnose
muskmelon,19.97,78.57,123.82,7.64,0.539,Medium,Downy Mildew
rice,33.55,55.77,31.0,4.82,0.407,Medium,Rice Blast
rice,25.32,51.11,23.14,11.58,0.44,Medium,Sheath Blight
kidneybeans,32.08,100.0,167.48,6.27,0.586,Medium,Angular Leaf Spot
coffee,33.78,91.19,155.62,3.04,0.534,Medium,Coffee Leaf Rust
kidneybeans,38.56,63.64,39.88,14.42,0.561,Medium,Angular Leaf Spot
pomegranate,27.49,61.79,92.11,15.06,0.545,Medium,Bacterial Blight
banana,26.64,79.94,52.29,7.5,0.528,Medium,Sigatoka Leaf Spot
lentil,25.97,61.4,52.93,0.0,0.381,Medium,Wilt
coconut,27.5,74.18,102.93,7.87,0.626,Medium,Bud Rot
cotton,32.48,80.36,28.43,11.57,0.477,Medium,Bacterial Blight
mango,19.9,82.93,48.48,11.74,0.552,Medium,Powdery Mildew
mango,25.12,94.73,12.61,3.71,0.514,Medium,Powdery Mildew
papaya,25.35,62.69,122.88,9.08,0.496,Medium,Papaya Ring Spot Virus
kidneybeans,30.58,91.4,285.99,10.3,0.714,High,Bean Rust
lentil,29.67,86.48,101.29,8.53,0.574,Medium,Rust
apple,32.75,82.29,74.82,6.24,0.421,Medium,Fire Blight
jute,22.65,61.12,69.07,4.78,0.497,Medium,Stem Rot
mothbeans,29.22,82.61,133.57,5.06,0.612,Medium,Powdery Mildew
orange,31.97,81.41,279.3,6.6,0.695,High,Greening (HLB)
grapes,29.12,59.18,201.06,4.94,0.519,Medium,Downy Mildew
pigeonpeas,35.98,82.95,71.47,6.58,0.551,Medium,Fusarium Wilt
orange,22.07,76.2,54.24,17.01,0.617,Medium,Greening (HLB)
coconut,29.5,72.87,58.99,5.61,0.533,Medium,Bud Rot
maize,17.52,76.4,7.46,5.85,0.4,Medium,Maize Leaf Blight
watermelon,22.48,100.0,42.91,6.55,0.614,Medium,Anthracnose
mango,33.41,89.5,192.72,10.38,0.659,High,Anthracnose
mango,26.56,56.83,126.96,11.18,0.492,Medium,Anthracnose
jute,22.11,56.98,174.75,9.05,0.469,Medium,Stem Rot
pigeonpeas,27.07,79.17,64.9,7.59,0.643,Medium,Fusarium Wilt
jute,28.26,74.78,47.13,7.81,0.458,Medium,Stem Rot
cotton,25.87,88.78,48.74,6.08,0.526,Medium,Leaf Curl Virus
banana,26.89,55.56,43.82,9.42,0.386,Medium,Panama Wilt
orange,17.95,80.63,188.27,3.77,0.609,Medium,Citrus Canker
papaya,32.98,60.48,82.43,12.1,0.484,Medium,Papaya Ring Spot Virus
jute,25.45,56.81,56.47,10.14,0.466,Medium,Stem Rot
coconut,27.29,84.51,52.46,10.26,0.599,Medium,Bud Rot
coconut,35.87,81.33,192.9,8.42,0.657,High,Leaf Blight
mungbean,20.99,77.57,13.6,1.46,0.373,Medium,Cercospora Leaf Spot
coffee,20.79,80.38,249.66,2.22,0.504,Medium,Coffee Leaf Rust
cotton,25.88,74.76,129.01,12.51,0.599,Medium,Leaf Curl Virus
lentil,22.91,71.93,397.31,13.15,0.702,High,Rust
orange,33.74,73.61,367.64,9.1,0.714,High,Citrus Canker
banana,24.93,72.22,162.74,11.37,0.617,Medium,Panama Wilt
papaya,31.94,78.33,78.37,13.1,0.557,Medium,Papaya Ring Spot Virus
orange,22.89,77.13,149.19,3.97,0.547,Medium,Citrus Canker
rice,30.25,83.92,148.25,8.93,0.617,Medium,Sheath Blight
chickpea,26.72,54.63,256.46,10.99,0.568,Medium,Fusarium Wilt
blackgram,16.29,72.86,49.17,19.69,0.702,High,Yellow Mosaic Virus
grapes,33.12,78.64,68.93,6.91,0.524,Medium,Powdery Mildew
jute,27.24,73.83,76.54,5.71,0.489,Medium,Stem Rot
grapes,27.5,63.09,152.2,5.36,0.475,Medium,Downy Mildew
orange,27.42,71.37,80.52,15.09,0.57,Medium,Greening (HLB)
grapes,32.36,51.29,121.05,16.12,0.59,Medium,Downy Mildew
jute,26.44,83.12,29.77,11.86,0.649,Medium,Anthracnose
pigeonpeas,21.83,57.48,38.04,5.07,0.428,Medium,Sterility Mosaic
papaya,25.82,79.97,156.75,11.69,0.584,Medium,Papaya Ring Spot Virus
lentil,23.59,81.15,84.27,2.36,0.526,Medium,Rust
mothbeans,27.62,72.81,234.33,2.98,0.543,Medium,Powdery Mildew
jute,31.15,80.89,136.17,12.43,0.521,Medium,Stem Rot
blackgram,25.85,89.78,70.55,5.5,0.524,Medium,Yellow Mosaic Virus
jute,24.35,91.91,82.78,11.22,0.468,Medium,Stem Rot
lentil,25.9,75.34,148.69,8.74,0.546,Medium,Rust
papaya,21.1,50.43,45.69,11.91,0.454,Medium,Powdery Mildew
muskmelon,18.22,48.87,219.73,9.03,0.515,Medium,Downy Mildew
pomegranate,29.06,69.68,159.54,12.41,0.561,Medium,Bacterial Blight
pigeonpeas,24.74,62.55,217.72,17.98,0.672,High,Sterility Mosaic
mothbeans,23.64,71.78,29.21,18.3,0.665,High,Yellow Mosaic Virus
cotton,27.02,61.61,48.58,5.21,0.35,Low,Healthy
mango,23.86,63.16,171.26,12.65,0.598,Medium,Anthracnose
muskmelon,30.49,62.76,87.29,8.32,0.553,Medium,Downy Mildew
rice,34.19,73.27,124.19,14.07,0.589,Medium,Rice Blast
jute,20.92,93.42,62.29,13.84,0.712,High,Stem Rot
rice,27.33,66.63,197.91,11.13,0.61,Medium,Bacterial Leaf Blight
chickpea,26.5,91.64,118.76,9.13,0.654,High,Ascochyta Blight
pigeonpeas,22.75,88.86,152.8,14.24,0.653,High,Sterility Mosaic
orange,33.22,69.0,93.46,7.84,0.436,Medium,Greening (HLB)
coffee,24.04,59.58,111.87,6.13,0.415,Medium,Berry Disease
cotton,31.33,67.75,70.12,12.6,0.569,Medium,Leaf Curl Virus
pomegranate,21.62,80.07,24.45,9.93,0.517,Medium,Bacterial Blight
maize,31.57,58.58,86.02,8.45,0.459,Medium,Common Rust
pigeonpeas,27.69,59.99,93.18,6.34,0.499,Medium,Sterility Mosaic
blackgram,12.28,95.14,78.67,3.5,0.468,Medium,Yellow Mosaic Virus
maize,28.79,85.86,78.05,14.83,0.676,High,Gray Leaf Spot
orange,40.74,75.06,140.83,15.84,0.569,Medium,Citrus Canker
muskmelon,23.78,68.45,240.96,5.78,0.518,Medium,Downy Mildew
muskmelon,30.53,74.78,76.9,5.09,0.417,Medium,Powdery Mildew
cotton,28.33,99.71,139.98,5.45,0.72,High,Bacterial Blight
mungbean,28.24,86.25,179.29,6.23,0.618,Medium,Cercospora Leaf Spot
grapes,19.06,91.51,200.6,13.16,0.66,High,Powdery Mildew
rice,29.33,70.49,65.64,6.98,0.485,Medium,Sheath Blight
kidneybeans,25.36,73.05,110.86,7.04,0.543,Medium,Angular Leaf Spot
mothbeans,35.99,100.0,107.36,6.81,0.632,Medium,Powdery Mildew
orange,21.9,95.29,181.25,8.78,0.587,Medium,Greening (HLB)
watermelon,26.42,95.24,168.77,6.51,0.685,High,Fusarium Wilt
blackgram,36.41,73.83,104.97,14.18,0.586,Medium,Yellow Mosaic Virus
coconut,32.64,56.0,245.15,10.28,0.601,Medium,Leaf Blight
grapes,19.72,57.42,140.04,3.96,0.437,Medium,Powdery Mildew
kidneybeans,31.97,77.5,171.3,7.97,0.546,Medium,Angular Leaf Spot
blackgram,32.33,62.47,78.47,3.37,0.327,Low,Healthy
lentil,23.5,69.91,201.41,9.35,0.511,Medium,Rust
maize,26.68,83.78,47.71,8.9,0.607,Medium,Common Rust
jute,28.0,82.26,330.93,13.06,0.797,High,Anthracnose
watermelon,34.03,82.95,52.56,11.9,0.579,Medium,Anthracnose
muskmelon,26.8,74.93,244.67,7.86,0.674,High,Powdery Mildew
blackgram,27.38,80.81,92.61,9.51,0.594,Medium,Yellow Mosaic Virus
mango,32.63,68.01,66.19,9.75,0.491,Medium,Anthracnose
grapes,28.37,84.23,34.56,13.18,0.585,Medium,Downy Mildew
papaya,28.08,72.77,120.42,2.74,0.508,Medium,Papaya Ring Spot Virus
muskmelon,20.67,85.83,96.7,7.83,0.631,Medium,Powdery Mildew
papaya,16.18,69.33,71.4,7.06,0.459,Medium,Papaya Ring Spot Virus
grapes,32.16,63.9,334.88,4.23,0.567,Medium,Powdery Mildew
orange,30.5,95.13,24.32,7.21,0.539,Medium,Citrus Canker
orange,24.6,72.05,163.89,11.4,0.618,Medium,Citrus Canker
mothbeans,21.09,93.34,140.13,3.42,0.659,High,Powdery Mildew
rice,26.08,71.76,309.53,7.02,0.534,Medium,Sheath Blight
jute,24.8,69.31,87.37,14.26,0.592,Medium,Stem Rot
coconut,25.11,72.33,75.89,4.32,0.51,Medium,Bud Rot
papaya,28.21,75.83,66.59,8.13,0.587,Medium,Papaya Ring Spot Virus
cotton,25.16,92.06,128.98,3.84,0.584,Medium,Leaf Curl Virus
blackgram,29.86,72.24,162.12,4.2,0.508,Medium,Leaf Crinkle
mango,39.16,83.43,40.29,8.72,0.478,Medium,Anthracnose
lentil,19.26,64.09,73.05,7.48,0.513,Medium,Wilt
apple,29.5,53.02,119.88,14.46,0.573,Medium,Apple Scab
apple,29.51,100.0,114.87,7.66,0.663,High,Fire Blight
coffee,28.62,82.34,134.44,12.38,0.662,High,Berry Disease
rice,28.52,62.52,170.12,0.2,0.383,Medium,Sheath Blight
lentil,18.36,54.08,239.22,2.05,0.381,Medium,Rust
mothbeans,27.83,91.57,226.23,9.83,0.684,High,Powdery Mildew
orange,23.87,88.53,18.5,1.19,0.43,Medium,Citrus Canker
banana,24.37,94.68,259.16,0.3,0.602,Medium,Sigatoka Leaf Spot
cotton,31.82,76.74,141.97,10.89,0.536,Medium,Leaf Curl Virus
maize,34.37,77.19,94.44,4.74,0.437,Medium,Maize Leaf Blight
jute,26.52,81.57,76.88,0.3,0.472,Medium,Stem Rot
mango,22.74,77.91,81.89,12.06,0.599,Medium,Powdery Mildew
blackgram,18.87,77.31,36.15,8.55,0.51,Medium,Yellow Mosaic Virus
grapes,30.87,81.82,154.61,5.78,0.649,Medium,Powdery Mildew
coffee,26.48,76.62,121.5,5.12,0.563,Medium,Berry Disease
kidneybeans,26.79,82.43,134.04,4.76,0.613,Medium,Bean Rust
mungbean,24.06,74.34,45.45,12.15,0.541,Medium,Cercospora Leaf Spot
muskmelon,31.43,57.42,102.59,9.19,0.547,Medium,Powdery Mildew
blackgram,25.46,72.19,177.3,13.63,0.646,Medium,Yellow Mosaic Virus
pomegranate,38.06,65.84,281.79,7.07,0.572,Medium,Bacterial Blight
papaya,28.44,74.83,50.11,6.11,0.431,Medium,Papaya Ring Spot Virus
orange,25.37,77.64,32.17,8.41,0.547,Medium,Greening (HLB)
muskmelon,25.67,63.07,304.1,9.27,0.704,High,Downy Mildew
jute,31.64,74.33,68.21,8.5,0.49,Medium,Stem Rot
papaya,31.07,69.95,80.24,10.47,0.481,Medium,Powdery Mildew
mango,28.41,60.27,41.42,2.55,0.339,Low,Healthy
mango,32.19,76.99,82.06,10.31,0.551,Medium,Powdery Mildew
muskmelon,31.47,85.49,78.24,6.61,0.558,Medium,Powdery Mildew
apple,24.1,77.24,32.12,10.61,0.554,Medium,Apple Scab
chickpea,39.09,58.33,260.81,11.22,0.475,Medium,Ascochyta Blight
pigeonpeas,28.5,76.9,194.37,11.16,0.639,Medium,Fusarium Wilt
pigeonpeas,26.76,73.01,50.61,7.76,0.58,Medium,Fusarium Wilt
mango,26.83,81.18,87.02,11.09,0.619,Medium,Powdery Mildew
mothbeans,22.88,75.94,85.1,7.3,0.528,Medium,Yellow Mosaic Virus
mango,22.41,74.64,58.1,14.56,0.592,Medium,Anthracnose
coconut,23.84,85.32,23.74,8.1,0.594,Medium,Leaf Blight
chickpea,33.21,76.64,49.03,5.29,0.44,Medium,Fusarium Wilt
cotton,24.34,92.27,44.7,0.83,0.498,Medium,Bacterial Blight
muskmelon,29.04,71.65,98.93,13.01,0.667,High,Powdery Mildew
orange,31.28,80.97,102.81,15.01,0.694,High,Citrus Canker
mothbeans,23.09,64.27,72.54,8.86,0.495,Medium,Yellow Mosaic Virus
coconut,23.82,91.15,131.77,6.42,0.651,High,Leaf Blight
banana,32.54,61.67,400.0,6.6,0.557,Medium,Panama Wilt
papaya,26.78,67.8,119.04,8.46,0.54,Medium,Powdery Mildew
kidneybeans,39.67,77.28,160.61,6.06,0.568,Medium,Bean Rust
mungbean,28.2,59.57,193.83,5.65,0.521,Medium,Yellow Mosaic Virus
coffee,24.18,97.48,58.43,5.35,0.532,Medium,Berry Disease
watermelon,26.82,57.22,110.04,0.0,0.378,Medium,Anthracnose
mango,26.95,100.0,245.37,4.01,0.596,Medium,Powdery Mildew
mothbeans,24.26,78.25,51.2,10.61,0.622,Medium,Yellow Mosaic Virus
coconut,24.13,73.62,107.58,0.99,0.514,Medium,Leaf Blight
chickpea,25.06,74.96,50.88,11.25,0.565,Medium,Fusarium Wilt
watermelon,26.11,78.51,152.86,6.64,0.553,Medium,Fusarium Wilt
apple,30.03,72.51,12.44,0.18,0.425,Medium,Fire Blight
blackgram,23.31,66.81,146.9,11.28,0.634,Medium,Leaf Crinkle
watermelon,21.84,51.4,113.86,12.03,0.491,Medium,Fusarium Wilt
pigeonpeas,26.06,62.86,179.39,10.96,0.618,Medium,Sterility Mosaic
papaya,24.48,70.83,14.2,9.19,0.391,Medium,Papaya Ring Spot Virus
cotton,19.33,77.08,41.03,15.01,0.679,High,Bacterial Blight
pomegranate,27.05,67.55,63.78,12.06,0.642,Medium,Fruit Rot
pigeonpeas,29.66,73.57,13.95,1.92,0.436,Medium,Fusarium Wilt
lentil,28.5,59.05,141.45,6.29,0.5,Medium,Wilt
rice,34.58,65.44,125.26,5.49,0.507,Medium,Rice Blast
mungbean,25.06,70.83,180.76,7.23,0.546,Medium,Yellow Mosaic Virus
chickpea,26.28,59.74,134.01,6.22,0.538,Medium,Fusarium Wilt
lentil,32.79,87.26,91.52,8.7,0.674,High,Wilt
mothbeans,21.33,74.53,94.4,4.63,0.506,Medium,Powdery Mildew
kidneybeans,29.12,65.22,125.27,2.92,0.395,Medium,Bean Rust
pomegranate,28.13,72.8,142.1,13.3,0.541,Medium,Fruit Rot
coffee,22.92,87.78,258.0,9.6,0.678,High,Berry Disease
blackgram,27.1,76.91,119.07,9.7,0.654,High,Yellow Mosaic Virus
rice,31.84,70.66,66.66,8.12,0.519,Medium,Sheath Blight
rice,27.01,92.68,4.95,3.25,0.499,Medium,Sheath Blight
cotton,33.55,65.47,14.13,9.95,0.469,Medium,Bacterial Blight
watermelon,28.53,66.89,77.51,7.32,0.445,Medium,Fusarium Wilt
grapes,29.15,88.72,58.23,12.54,0.641,Medium,Powdery Mildew
grapes,30.21,81.37,221.42,11.56,0.669,High,Powdery Mildew
mango,28.36,84.53,113.78,13.4,0.652,High,Anthracnose
grapes,27.39,76.22,159.02,0.0,0.54,Medium,Powdery Mildew
lentil,34.48,79.97,101.78,16.97,0.697,High,Wilt
chickpea,25.11,63.5,253.58,11.19,0.605,Medium,Fusarium Wilt
blackgram,32.99,74.85,109.62,5.14,0.543,Medium,Yellow Mosaic Virus
orange,27.24,81.63,82.22,5.04,0.539,Medium,Greening (HLB)
lentil,29.38,83.29,102.78,9.28,0.699,High,Wilt
pomegranate,24.11,65.89,120.16,2.76,0.534,Medium,Fruit Rot
apple,29.54,87.52,179.7,12.84,0.647,Medium,Apple Scab
maize,23.16,76.03,50.24,8.94,0.539,Medium,Gray Leaf Spot
grapes,33.68,79.64,74.64,2.37,0.417,Medium,Downy Mildew
chickpea,22.47,74.39,74.84,12.52,0.563,Medium,Ascochyta Blight
papaya,21.22,97.36,152.65,6.32,0.536,Medium,Powdery Mildew
kidneybeans,27.82,72.02,15.7,0.66,0.433,Medium,Bean Rust
pomegranate,25.15,63.47,343.71,3.48,0.568,Medium,Bacterial Blight
jute,31.6,87.61,111.29,6.7,0.614,Medium,Stem Rot
blackgram,26.88,85.79,104.51,11.63,0.676,High,Yellow Mosaic Virus
cotton,25.67,76.1,26.84,11.1,0.519,Medium,Leaf Curl Virus
apple,26.59,94.84,122.68,10.25,0.672,High,Fire Blight
mothbeans,28.16,89.31,95.86,8.19,0.613,Medium,Powdery Mildew
muskmelon,22.75,98.42,88.8,17.83,0.758,High,Powdery Mildew
jute,23.41,74.95,189.99,5.06,0.566,Medium,Anthracnose
chickpea,19.13,64.61,235.71,9.8,0.56,Medium,Fusarium Wilt
blackgram,19.97,68.95,37.45,10.64,0.439,Medium,Yellow Mosaic Virus
mango,27.2,73.47,162.76,7.07,0.607,Medium,Anthracnose
watermelon,31.36,70.17,262.14,2.18,0.453,Medium,Anthracnose
coconut,30.66,83.64,99.55,9.24,0.543,Medium,Leaf Blight
mango,21.19,77.94,146.07,1.06,0.464,Medium,Anthracnose
muskmelon,30.6,87.06,125.98,16.5,0.703,High,Downy Mildew
banana,38.77,73.13,154.56,7.75,0.528,Medium,Sigatoka Leaf Spot
watermelon,22.63,71.18,178.1,8.51,0.617,Medium,Fusarium Wilt
pigeonpeas,24.7,60.44,149.6,12.39,0.514,Medium,Sterility Mosaic
apple,28.61,78.82,49.04,12.88,0.701,High,Apple Scab
mothbeans,30.62,85.09,40.55,5.4,0.539,Medium,Powdery Mildew
jute,27.47,91.11,84.01,2.3,0.557,Medium,Anthracnose
mungbean,29.47,80.99,49.19,0.0,0.448,Medium,Cercospora Leaf Spot
muskmelon,31.03,74.51,138.24,8.4,0.632,Medium,Downy Mildew
coconut,19.64,85.42,105.37,17.57,0.655,High,Leaf Blight
rice,29.14,72.73,127.68,13.28,0.605,Medium,Bacterial Leaf Blight
muskmelon,43.64,71.38,272.6,10.13,0.572,Medium,Downy Mildew
banana,35.76,73.11,43.24,3.47,0.412,Medium,Panama Wilt
pomegranate,21.5,45.48,202.78,8.84,0.534,Medium,Bacterial Blight
apple,22.37,65.22,130.24,4.9,0.488,Medium,Apple Scab
papaya,31.23,56.37,86.27,5.06,0.347,Low,Healthy
kidneybeans,22.8,75.26,286.52,4.74,0.619,Medium,Angular Leaf Spot
pigeonpeas,19.86,94.73,98.28,6.42,0.488,Medium,Fusarium Wilt
muskmelon,26.9,76.44,72.3,10.01,0.619,Medium,Downy Mildew
coconut,28.24,61.48,5.87,7.25,0.528,Medium,Leaf Blight
pomegranate,21.26,100.0,144.3,6.83,0.598,Medium,Fruit Rot
mango,31.78,70.69,99.91,13.55,0.655,High,Powdery Mildew
watermelon,25.23,85.5,208.7,4.28,0.684,High,Anthracnose
cotton,15.04,67.87,34.7,14.99,0.554,Medium,Bacterial Blight
coconut,24.11,75.43,21.86,0.0,0.427,Medium,Bud Rot
orange,31.37,100.0,34.54,5.97,0.609,Medium,Greening (HLB)
pigeonpeas,31.05,64.06,67.79,1.0,0.332,Low,Healthy
maize,33.33,91.47,41.2,7.65,0.568,Medium,Maize Leaf Blight
cotton,32.94,77.78,74.9,5.0,0.429,Medium,Leaf Curl Virus
coconut,20.26,56.64,127.16,11.07,0.552,Medium,Leaf Blight
watermelon,33.74,90.31,23.1,8.25,0.504,Medium,Fusarium Wilt
mothbeans,31.59,85.86,44.9,0.0,0.472,Medium,Yellow Mosaic Virus
mungbean,32.44,63.54,106.01,8.46,0.519,Medium,Yellow Mosaic Virus
lentil,34.34,74.28,32.37,7.29,0.469,Medium,Rust
kidneybeans,22.92,99.84,61.49,7.24,0.638,Medium,Bean Rust
pomegranate,27.85,79.57,199.07,2.11,0.543,Medium,Bacterial Blight
mothbeans,25.48,86.24,86.82,9.69,0.622,Medium,Powdery Mildew
coffee,33.6,72.95,237.5,11.41,0.731,High,Berry Disease
rice,24.31,88.77,5.57,1.25,0.423,Medium,Sheath Blight
coconut,27.47,93.87,22.2,11.94,0.61,Medium,Bud Rot
coconut,21.6,65.32,168.85,5.52,0.509,Medium,Leaf Blight
papaya,23.69,94.93,128.68,14.48,0.683,High,Papaya Ring Spot Virus
papaya,23.9,76.98,66.01,8.4,0.533,Medium,Powdery Mildew
mango,26.22,69.75,46.62,4.33,0.486,Medium,Anthracnose
maize,30.75,79.7,72.5,8.46,0.604,Medium,Maize Leaf Blight
cotton,30.11,50.76,29.97,3.1,0.363,Medium,Bacterial Blight
blackgram,17.36,85.9,112.81,6.23,0.462,Medium,Yellow Mosaic Virus
cotton,18.44,72.97,24.8,2.23,0.406,Medium,Bacterial Blight
orange,29.45,74.32,121.17,7.59,0.487,Medium,Greening (HLB)
apple,32.49,65.37,400.0,8.6,0.733,High,Apple Scab
mungbean,30.8,84.21,117.59,13.09,0.66,High,Cercospora Leaf Spot
jute,28.04,82.52,332.34,7.39,0.686,High,Stem Rot
kidneybeans,32.81,66.51,20.15,13.18,0.533,Medium,Angular Leaf Spot
chickpea,31.36,77.23,218.07,2.38,0.583,Medium,Fusarium Wilt
rice,34.18,81.35,247.15,6.73,0.559,Medium,Rice Blast
mothbeans,23.55,85.67,25.47,6.68,0.608,Medium,Yellow Mosaic Virus
papaya,20.07,64.96,78.87,10.08,0.512,Medium,Powdery Mildew
coffee,21.46,71.42,171.25,6.67,0.558,Medium,Berry Disease
pomegranate,27.29,87.53,174.33,10.2,0.72,High,Fruit Rot
banana,32.08,79.74,45.83,11.8,0.627,Medium,Sigatoka Leaf Spot
pigeonpeas,20.27,71.92,94.72,8.32,0.494,Medium,Fusarium Wilt
pomegranate,30.3,92.14,308.36,3.09,0.736,High,Fruit Rot
grapes,24.16,81.3,40.48,4.24,0.501,Medium,Downy Mildew
blackgram,30.2,54.16,50.32,24.0,0.707,High,Leaf Crinkle
orange,26.61,94.62,48.99,2.56,0.475,Medium,Greening (HLB)
chickpea,26.64,67.7,115.11,2.65,0.508,Medium,Ascochyta Blight
apple,30.37,70.28,66.66,6.71,0.5,Medium,Fire Blight
lentil,29.99,81.32,351.26,9.46,0.78,High,Rust
kidneybeans,21.1,72.55,308.24,1.36,0.524,Medium,Angular Leaf Spot
banana,31.02,77.27,61.19,14.59,0.556,Medium,Sigatoka Leaf Spot
banana,19.39,83.42,62.19,11.55,0.592,Medium,Panama Wilt
chickpea,28.18,63.68,83.37,8.41,0.442,Medium,Fusarium Wilt
watermelon,27.03,78.31,150.52,6.52,0.555,Medium,Fusarium Wilt
blackgram,27.59,76.45,116.75,9.57,0.6,Medium,Leaf Crinkle
orange,22.67,81.27,326.04,3.86,0.615,Medium,Greening (HLB)
cotton,21.14,63.44,274.84,17.16,0.714,High,Bacterial Blight
papaya,25.05,89.1,32.25,8.03,0.706,High,Powdery Mildew
mungbean,30.95,85.93,85.47,5.2,0.563,Medium,Cercospora Leaf Spot
lentil,30.85,63.81,33.08,16.62,0.525,Medium,Wilt
chickpea,24.2,79.33,243.6,9.82,0.59,Medium,Fusarium Wilt
coffee,19.94,80.51,160.12,13.72,0.692,High,Coffee Leaf Rust
kidneybeans,16.86,81.44,400.0,7.52,0.71,High,Bean Rust
coconut,31.05,96.41,76.07,6.28,0.581,Medium,Bud Rot
grapes,17.01,94.95,74.13,13.43,0.681,High,Downy Mildew
mungbean,35.73,81.81,215.06,7.49,0.65,High,Yellow Mosaic Virus
lentil,25.2,82.78,123.25,9.48,0.567,Medium,Rust
muskmelon,33.09,70.14,134.72,10.89,0.62,Medium,Powdery Mildew
cotton,26.23,86.18,110.87,11.94,0.678,High,Bacterial Blight
coffee,23.42,75.04,114.1,5.95,0.532,Medium,Berry Disease
rice,25.13,84.07,132.31,13.77,0.647,Medium,Sheath Blight
pomegranate,31.24,52.98,204.76,8.95,0.479,Medium,Bacterial Blight
mango,25.24,64.57,308.59,7.16,0.582,Medium,Anthracnose
watermelon,24.52,85.83,65.56,9.27,0.624,Medium,Anthracnose
pigeonpeas,32.31,66.74,156.72,14.32,0.633,Medium,Fusarium Wilt
grapes,29.12,94.83,97.84,3.36,0.529,Medium,Downy Mildew
pomegranate,41.24,92.44,110.7,2.52,0.403,Medium,Fruit Rot
coconut,34.87,64.28,259.27,8.91,0.532,Medium,Leaf Blight
maize,28.18,85.46,62.49,3.22,0.461,Medium,Common Rust
kidneybeans,29.72,65.31,170.89,7.75,0.479,Medium,Angular Leaf Spot
papaya,28.52,64.82,98.23,7.41,0.482,Medium,Powdery Mildew
mango,37.48,73.31,2.16,4.5,0.373,Medium,Anthracnose
watermelon,26.47,94.54,134.56,9.12,0.627,Medium,Fusarium Wilt
cotton,18.58,86.62,135.3,4.83,0.591,Medium,Bacterial Blight
orange,29.55,85.72,28.12,3.95,0.52,Medium,Citrus Canker
papaya,21.79,93.69,36.31,6.34,0.552,Medium,Papaya Ring Spot Virus
apple,25.92,75.39,119.99,7.97,0.56,Medium,Apple Scab
kidneybeans,34.26,59.24,35.6,6.25,0.513,Medium,Bean Rust
pomegranate,29.4,73.14,99.31,13.64,0.592,Medium,Bacterial Blight
papaya,25.42,65.28,136.12,8.57,0.578,Medium,Papaya Ring Spot Virus
jute,27.47,61.86,54.42,12.49,0.475,Medium,Stem Rot
mungbean,28.57,80.02,196.68,5.69,0.669,High,Cercospora Leaf Spot
jute,33.1,62.89,99.15,8.25,0.548,Medium,Stem Rot
papaya,32.15,71.68,232.94,6.59,0.576,Medium,Powdery Mildew
muskmelon,30.59,77.25,69.65,12.15,0.582,Medium,Downy Mildew
watermelon,15.8,76.17,64.45,6.6,0.45,Medium,Anthracnose
muskmelon,29.32,82.66,98.02,4.51,0.495,Medium,Downy Mildew
kidneybeans,26.65,58.21,132.91,15.66,0.601,Medium,Bean Rust
muskmelon,23.89,69.54,82.03,3.83,0.538,Medium,Powdery Mildew
banana,26.54,63.88,273.13,7.48,0.679,High,Sigatoka Leaf Spot
banana,26.03,71.43,162.58,14.9,0.625,Medium,Sigatoka Leaf Spot
coffee,26.24,48.91,94.34,10.97,0.591,Medium,Berry Disease
kidneybeans,24.38,70.84,299.77,4.23,0.667,High,Angular Leaf Spot
grapes,25.78,91.17,58.68,5.11,0.681,High,Powdery Mildew
jute,24.77,66.05,77.39,9.86,0.486,Medium,Stem Rot
papaya,31.92,59.72,46.18,11.97,0.439,Medium,Powdery Mildew
apple,27.41,68.56,286.06,0.0,0.438,Medium,Fire Blight
muskmelon,28.86,91.0,321.35,2.74,0.669,High,Powdery Mildew
orange,21.51,75.65,139.77,8.93,0.498,Medium,Citrus Canker
mango,25.45,70.41,33.24,5.61,0.508,Medium,Powdery Mildew
papaya,34.5,60.18,14.92,9.94,0.458,Medium,Powdery Mildew
mothbeans,22.87,64.37,140.06,16.32,0.689,High,Yellow Mosaic Virus
mothbeans,26.07,85.25,400.0,5.06,0.642,Medium,Yellow Mosaic Virus
maize,27.63,68.0,64.4,2.65,0.502,Medium,Maize Leaf Blight
orange,35.91,62.68,10.77,5.16,0.396,Medium,Greening (HLB)
kidneybeans,28.73,94.43,258.15,6.79,0.653,High,Bean Rust
muskmelon,26.5,63.66,173.42,12.28,0.593,Medium,Downy Mildew
coffee,31.73,92.62,137.57,9.17,0.66,High,Berry Disease
pomegranate,21.86,58.79,88.93,2.2,0.403,Medium,Bacterial Blight
lentil,29.86,78.73,85.06,6.54,0.5,Medium,Wilt
grapes,34.3,61.44,94.01,8.4,0.468,Medium,Powdery Mildew
rice,21.66,74.34,215.9,2.31,0.502,Medium,Bacterial Leaf Blight
mungbean,20.12,85.17,67.22,2.39,0.464,Medium,Cercospora Leaf Spot
blackgram,29.31,69.11,43.87,3.88,0.503,Medium,Yellow Mosaic Virus
coffee,36.78,62.72,6.17,5.31,0.423,Medium,Berry Disease
watermelon,27.91,67.87,70.37,6.71,0.486,Medium,Anthracnose
kidneybeans,31.61,77.92,77.6,2.12,0.474,Medium,Angular Leaf Spot
mango,26.75,62.9,184.24,4.46,0.519,Medium,Anthracnose
maize,34.39,81.08,28.92,4.9,0.44,Medium,Gray Leaf Spot
chickpea,29.6,72.6,34.83,2.14,0.383,Medium,Fusarium Wilt
coffee,19.18,77.59,44.89,6.32,0.494,Medium,Coffee Leaf Rust
blackgram,24.36,69.8,154.04,9.59,0.666,High,Yellow Mosaic Virus
muskmelon,23.0,76.65,33.13,3.89,0.483,Medium,Downy Mildew
pigeonpeas,31.2,76.79,174.39,9.51,0.57,Medium,Fusarium Wilt
coffee,30.46,92.67,25.88,16.3,0.635,Medium,Coffee Leaf Rust
orange,27.28,69.99,262.04,9.12,0.531,Medium,Greening (HLB)
banana,33.7,59.7,218.87,7.11,0.503,Medium,Panama Wilt
coconut,25.61,90.64,54.89,5.71,0.505,Medium,Leaf Blight
blackgram,30.68,66.1,168.09,7.17,0.519,Medium,Yellow Mosaic Virus
pomegranate,31.37,73.9,366.78,11.32,0.697,High,Bacterial Blight
pomegranate,24.12,60.29,94.86,4.59,0.443,Medium,Bacterial Blight
mango,27.15,66.89,23.28,5.79,0.57,Medium,Anthracnose
muskmelon,32.73,70.66,143.89,4.28,0.443,Medium,Downy Mildew
blackgram,21.35,54.33,75.62,7.85,0.454,Medium,Yellow Mosaic Virus
chickpea,28.64,71.93,74.78,4.78,0.459,Medium,Ascochyta Blight
mango,24.75,90.05,26.96,5.55,0.579,Medium,Powdery Mildew
pomegranate,26.9,72.04,20.98,8.83,0.476,Medium,Fruit Rot
banana,27.52,68.94,103.65,2.99,0.586,Medium,Sigatoka Leaf Spot
rice,25.12,73.39,26.83,6.93,0.508,Medium,Sheath Blight
blackgram,35.47,60.3,115.0,8.56,0.54,Medium,Leaf Crinkle
mungbean,34.59,74.67,198.42,8.47,0.612,Medium,Yellow Mosaic Virus
mango,37.77,71.25,171.83,11.45,0.536,Medium,Powdery Mildew
maize,28.82,66.29,79.8,3.9,0.434,Medium,Common Rust
orange,20.81,74.32,150.87,4.46,0.595,Medium,Greening (HLB)
kidneybeans,24.0,82.08,167.14,6.03,0.468,Medium,Angular Leaf Spot
papaya,33.21,77.19,296.67,16.47,0.769,High,Papaya Ring Spot Virus
coconut,29.33,82.87,86.59,17.9,0.63,Medium,Bud Rot
coffee,23.83,76.29,109.45,9.34,0.519,Medium,Coffee Leaf Rust
pigeonpeas,24.08,68.93,355.95,9.7,0.687,High,Fusarium Wilt
pigeonpeas,17.93,66.23,79.85,14.52,0.554,Medium,Sterility Mosaic
mango,32.49,82.75,102.3,9.93,0.69,High,Anthracnose
blackgram,25.96,71.07,43.84,13.64,0.528,Medium,Leaf Crinkle
chickpea,22.37,89.72,157.25,12.76,0.644,Medium,Fusarium Wilt
kidneybeans,37.09,77.13,400.0,8.09,0.601,Medium,Angular Leaf Spot
banana,20.56,88.14,45.62,10.21,0.604,Medium,Panama Wilt
maize,25.01,79.47,179.7,15.11,0.708,High,Maize Leaf Blight
lentil,24.56,73.32,135.09,14.13,0.582,Medium,Rust
mothbeans,26.35,69.08,200.35,6.2,0.576,Medium,Powdery Mildew
mango,29.97,100.0,8.66,6.58,0.645,Medium,Anthracnose
banana,25.74,81.84,56.61,10.93,0.615,Medium,Sigatoka Leaf Spot
rice,31.36,77.68,162.35,9.16,0.625,Medium,Rice Blast
pomegranate,32.54,94.85,8.52,8.35,0.61,Medium,Bacterial Blight
coconut,27.11,73.48,102.62,9.22,0.636,Medium,Leaf Blight
apple,19.61,87.98,105.39,16.53,0.73,High,Fire Blight
apple,27.53,85.6,50.68,6.22,0.541,Medium,Fire Blight
mothbeans,20.35,53.32,83.29,14.07,0.441,Medium,Yellow Mosaic Virus
pigeonpeas,37.75,72.36,153.73,6.58,0.48,Medium,Fusarium Wilt
pomegranate,24.88,71.83,108.36,8.75,0.54,Medium,Bacterial Blight
blackgram,31.85,65.43,63.41,5.37,0.381,Medium,Yellow Mosaic Virus
kidneybeans,23.12,88.12,72.07,6.29,0.42,Medium,Angular Leaf Spot
pomegranate,17.99,77.5,58.62,5.93,0.429,Medium,Bacterial Blight
pigeonpeas,18.3,80.54,68.98,10.36,0.606,Medium,Sterility Mosaic
watermelon,26.02,78.63,97.27,8.19,0.569,Medium,Anthracnose
mango,32.62,87.63,133.17,13.98,0.654,High,Powdery Mildew
blackgram,30.05,83.7,54.57,3.87,0.489,Medium,Leaf Crinkle
mothbeans,25.43,83.54,134.94,7.14,0.572,Medium,Powdery Mildew
blackgram,23.95,90.32,181.71,3.28,0.564,Medium,Leaf Crinkle
apple,19.77,64.44,136.0,5.83,0.48,Medium,Apple Scab
maize,31.04,68.27,25.83,5.85,0.432,Medium,Common Rust
kidneybeans,11.34,79.59,82.44,6.15,0.511,Medium,Bean Rust
cotton,26.28,74.37,38.06,3.14,0.452,Medium,Bacterial Blight
kidneybeans,26.76,97.97,80.02,8.16,0.654,High,Angular Leaf Spot
banana,31.0,50.2,66.48,10.04,0.555,Medium,Panama Wilt
mungbean,25.96,78.34,46.17,2.51,0.478,Medium,Yellow Mosaic Virus
lentil,23.24,78.24,133.47,1.37,0.502,Medium,Rust
watermelon,21.12,74.63,50.12,10.73,0.572,Medium,Anthracnose
pomegranate,32.97,54.14,56.28,15.32,0.64,Medium,Bacterial Blight
coffee,24.63,87.58,52.18,8.84,0.58,Medium,Berry Disease
cotton,21.62,79.0,81.35,4.61,0.441,Medium,Leaf Curl Virus
kidneybeans,33.85,75.51,76.16,9.81,0.57,Medium,Bean Rust
coconut,20.16,70.01,91.24,1.23,0.435,Medium,Bud Rot
pigeonpeas,27.24,89.17,6.98,6.66,0.502,Medium,Fusarium Wilt
apple,24.63,69.11,129.19,3.39,0.391,Medium,Apple Scab
muskmelon,27.13,62.97,144.8,7.91,0.66,High,Downy Mildew
chickpea,26.81,56.02,165.07,10.88,0.637,Medium,Fusarium Wilt
coffee,32.57,76.92,86.19,0.93,0.442,Medium,Coffee Leaf Rust
pomegranate,32.11,74.29,16.11,4.17,0.426,Medium,Fruit Rot
papaya,23.76,51.04,41.04,5.19,0.339,Low,Healthy
coconut,28.32,52.98,252.51,6.06,0.462,Medium,Leaf Blight
watermelon,24.79,76.31,108.24,8.71,0.516,Medium,Anthracnose
coconut,21.66,83.5,35.66,7.82,0.521,Medium,Leaf Blight
pomegranate,31.02,77.73,165.08,8.93,0.582,Medium,Fruit Rot
mungbean,24.99,76.17,70.74,12.41,0.574,Medium,Yellow Mosaic Virus
chickpea,21.78,67.58,39.36,8.88,0.5,Medium,Fusarium Wilt
chickpea,25.84,72.86,153.73,6.89,0.585,Medium,Ascochyta Blight
muskmelon,20.56,57.69,219.41,5.33,0.543,Medium,Powdery Mildew
apple,25.28,64.01,193.33,4.79,0.465,Medium,Fire Blight
maize,37.93,78.33,142.48,2.85,0.549,Medium,Maize Leaf Blight
muskmelon,25.18,92.98,400.0,9.18,0.832,High,Downy Mildew
apple,29.64,81.29,57.56,15.44,0.776,High,Apple Scab
maize,28.49,83.11,39.5,7.53,0.639,Medium,Maize Leaf Blight
blackgram,26.08,70.3,237.72,2.42,0.58,Medium,Leaf Crinkle
rice,24.97,51.76,77.83,7.24,0.394,Medium,Sheath Blight
jute,24.93,87.89,99.99,9.46,0.577,Medium,Anthracnose
lentil,26.51,65.68,38.53,17.72,0.594,Medium,Wilt
mungbean,26.16,49.32,88.95,7.48,0.422,Medium,Cercospora Leaf Spot
banana,25.63,69.38,115.75,6.35,0.5,Medium,Panama Wilt
papaya,22.06,93.7,73.65,13.17,0.664,High,Papaya Ring Spot Virus
muskmelon,33.08,77.16,231.58,17.94,0.738,High,Powdery Mildew
mungbean,18.4,81.48,55.2,13.27,0.571,Medium,Yellow Mosaic Virus
kidneybeans,21.43,63.2,62.42,6.71,0.423,Medium,Angular Leaf Spot
cotton,25.77,72.14,141.66,2.14,0.517,Medium,Leaf Curl Virus
chickpea,36.39,84.51,75.85,2.88,0.494,Medium,Ascochyta Blight
rice,24.28,75.17,163.55,6.46,0.612,Medium,Rice Blast
pomegranate,31.49,72.56,104.42,11.83,0.594,Medium,Fruit Rot
orange,28.37,84.58,166.83,8.41,0.62,Medium,Greening (HLB)
grapes,25.85,98.27,204.45,14.21,0.726,High,Powdery Mildew
coconut,28.89,81.08,42.26,5.86,0.446,Medium,Bud Rot
chickpea,29.28,78.37,103.62,11.74,0.656,High,Ascochyta Blight
coffee,34.63,98.67,16.21,7.55,0.561,Medium,Berry Disease
chickpea,23.29,58.75,75.37,0.51,0.322,Low,Healthy
coconut,27.96,52.21,396.34,10.61,0.637,Medium,Bud Rot
coffee,33.21,66.96,95.85,6.33,0.467,Medium,Coffee Leaf Rust
pomegranate,31.58,82.57,341.11,7.38,0.666,High,Bacterial Blight
jute,23.41,59.14,377.88,7.23,0.723,High,Anthracnose
apple,30.71,78.5,9.91,6.08,0.475,Medium,Fire Blight
grapes,39.96,85.05,36.68,13.48,0.55,Medium,Powdery Mildew
lentil,31.33,69.03,177.8,5.15,0.486,Medium,Rust
coffee,31.48,47.11,90.56,7.74,0.434,Medium,Berry Disease
pomegranate,19.82,90.47,135.92,8.92,0.603,Medium,Bacterial Blight
jute,26.85,76.09,50.36,10.28,0.646,Medium,Stem Rot
maize,31.24,91.53,99.83,5.19,0.6,Medium,Gray Leaf Spot
kidneybeans,28.08,72.27,97.13,10.44,0.574,Medium,Bean Rust
blackgram,28.5,62.74,143.1,13.22,0.619,Medium,Leaf Crinkle
maize,23.51,64.61,18.97,6.58,0.33,Low,Healthy
mango,26.62,66.98,179.15,8.97,0.585,Medium,Powdery Mildew
muskmelon,24.11,87.75,98.58,13.45,0.593,Medium,Downy Mildew
cotton,30.78,72.04,135.42,8.87,0.674,High,Leaf Curl Virus
pigeonpeas,27.11,84.28,160.66,2.53,0.646,Medium,Sterility Mosaic
grapes,29.69,61.78,167.88,10.76,0.718,High,Downy Mildew
pomegranate,23.6,92.11,131.96,6.91,0.613,Medium,Fruit Rot
coconut,14.65,54.77,98.63,3.05,0.458,Medium,Bud Rot
mothbeans,30.02,43.73,82.5,6.36,0.409,Medium,Yellow Mosaic Virus
lentil,29.97,80.85,50.99,6.85,0.492,Medium,Wilt
jute,27.02,69.41,61.53,11.43,0.539,Medium,Stem Rot
orange,23.69,60.65,45.01,0.0,0.333,Low,Healthy
apple,27.65,70.91,131.75,7.33,0.504,Medium,Apple Scab
coconut,21.08,87.13,145.26,13.11,0.683,High,Leaf Blight
muskmelon,26.24,82.42,130.43,3.61,0.559,Medium,Powdery Mildew
coffee,26.86,74.27,63.82,7.29,0.528,Medium,Berry Disease
pigeonpeas,22.22,88.75,109.46,7.82,0.521,Medium,Fusarium Wilt
muskmelon,35.41,82.37,196.12,10.93,0.625,Medium,Powdery Mildew
muskmelon,21.7,77.9,126.47,7.63,0.489,Medium,Downy Mildew
mothbeans,28.04,63.96,82.95,3.14,0.408,Medium,Yellow Mosaic Virus
banana,28.63,52.14,18.08,3.28,0.38,Medium,Sigatoka Leaf Spot
watermelon,20.74,67.47,131.65,12.61,0.608,Medium,Anthracnose
orange,25.93,54.34,140.16,12.86,0.528,Medium,Citrus Canker
cotton,24.34,71.87,11.66,2.52,0.457,Medium,Leaf Curl Virus
mothbeans,27.55,54.78,163.9,15.4,0.667,High,Yellow Mosaic Virus
kidneybeans,27.14,71.35,76.67,1.42,0.474,Medium,Bean Rust
pomegranate,28.56,62.41,40.13,11.73,0.469,Medium,Fruit Rot
banana,37.8,77.04,160.91,2.7,0.52,Medium,Sigatoka Leaf Spot
papaya,24.07,77.17,117.14,3.57,0.419,Medium,Powdery Mildew
cotton,31.16,50.8,78.22,10.44,0.451,Medium,Bacterial Blight
mothbeans,22.88,73.67,168.37,4.67,0.564,Medium,Powdery Mildew
watermelon,27.92,69.13,21.56,9.39,0.501,Medium,Anthracnose
kidneybeans,22.65,96.09,39.57,10.28,0.518,Medium,Bean Rust
muskmelon,18.2,66.46,45.37,11.68,0.451,Medium,Powdery Mildew
chickpea,22.32,64.12,140.02,0.46,0.443,Medium,Ascochyta Blight
rice,26.89,56.25,118.79,9.17,0.441,Medium,Bacterial Leaf Blight
mungbean,33.27,64.82,113.13,13.53,0.584,Medium,Cercospora Leaf Spot
lentil,28.11,72.36,131.55,10.73,0.587,Medium,Wilt
kidneybeans,32.55,68.97,57.79,12.63,0.604,Medium,Angular Leaf Spot
chickpea,36.25,70.78,172.93,13.11,0.67,High,Fusarium Wilt
muskmelon,27.33,95.44,54.64,6.78,0.553,Medium,Downy Mildew
blackgram,19.27,100.0,263.76,5.3,0.656,High,Leaf Crinkle
rice,27.55,100.0,26.76,8.6,0.638,Medium,Rice Blast
apple,17.65,72.74,195.68,8.97,0.562,Medium,Apple Scab
watermelon,24.1,77.3,44.45,6.86,0.523,Medium,Anthracnose
cotton,17.03,68.75,23.94,4.89,0.319,Low,Healthy
mango,24.56,73.61,41.38,7.98,0.599,Medium,Powdery Mildew
chickpea,30.43,95.67,113.84,14.03,0.747,High,Fusarium Wilt
kidneybeans,28.16,85.2,64.22,6.48,0.511,Medium,Bean Rust
mothbeans,20.25,81.33,15.83,8.64,0.511,Medium,Yellow Mosaic Virus
coffee,28.1,83.51,28.6,9.66,0.623,Medium,Berry Disease
chickpea,18.48,86.12,81.67,9.64,0.594,Medium,Fusarium Wilt
orange,23.94,87.56,104.42,10.76,0.645,Medium,Citrus Canker
jute,32.58,91.0,33.35,2.65,0.519,Medium,Anthracnose
coconut,22.5,76.05,93.88,7.94,0.576,Medium,Bud Rot
mango,28.54,62.35,223.8,14.7,0.676,High,Anthracnose
grapes,29.72,87.72,127.48,5.36,0.604,Medium,Powdery Mildew
grapes,28.66,74.25,115.04,9.71,0.595,Medium,Powdery Mildew
jute,30.77,78.08,79.63,11.66,0.612,Medium,Stem Rot
blackgram,32.94,74.33,43.65,1.82,0.394,Medium,Yellow Mosaic Virus
banana,28.09,72.25,400.0,10.19,0.672,High,Sigatoka Leaf Spot
chickpea,29.67,58.85,83.53,3.45,0.375,Medium,Fusarium Wilt
muskmelon,19.48,73.05,322.83,11.61,0.625,Medium,Powdery Mildew
chickpea,28.43,70.43,255.25,8.38,0.721,High,Ascochyta Blight
coconut,33.3,65.72,16.85,8.28,0.39,Medium,Bud Rot
orange,26.97,47.75,197.68,4.27,0.516,Medium,Citrus Canker
pomegranate,20.44,57.49,50.58,6.38,0.408,Medium,Fruit Rot
muskmelon,24.33,70.51,400.0,4.71,0.619,Medium,Powdery Mildew
lentil,22.92,75.43,102.9,15.94,0.629,Medium,Rust
muskmelon,27.59,61.71,280.0,8.54,0.614,Medium,Powdery Mildew
muskmelon,40.81,76.56,245.01,12.08,0.626,Medium,Powdery Mildew
mothbeans,33.5,73.67,46.96,1.89,0.348,Low,Healthy
watermelon,24.08,75.74,10.58,6.19,0.494,Medium,Fusarium Wilt
kidneybeans,19.99,66.0,266.76,7.7,0.607,Medium,Bean Rust
chickpea,32.24,65.87,150.81,3.26,0.519,Medium,Ascochyta Blight
mothbeans,23.38,74.79,47.68,5.86,0.521,Medium,Yellow Mosaic Virus
banana,27.11,73.26,150.38,8.58,0.589,Medium,Sigatoka Leaf Spot
blackgram,22.21,89.38,74.45,8.05,0.606,Medium,Leaf Crinkle
mango,29.4,79.1,128.19,3.54,0.501,Medium,Anthracnose
lentil,23.93,95.65,86.38,5.06,0.575,Medium,Wilt
pomegranate,28.78,89.23,340.83,1.06,0.62,Medium,Bacterial Blight
blackgram,24.36,62.26,106.79,8.51,0.483,Medium,Yellow Mosaic Virus
mungbean,23.87,75.77,18.24,11.33,0.53,Medium,Cercospora Leaf Spot
kidneybeans,37.49,53.86,75.51,2.21,0.374,Medium,Angular Leaf Spot
coffee,23.89,64.24,96.04,11.24,0.542,Medium,Coffee Leaf Rust
lentil,24.99,80.28,229.4,4.95,0.651,High,Wilt
cotton,34.37,73.92,229.3,12.76,0.662,High,Bacterial Blight
orange,31.6,64.57,189.71,5.57,0.507,Medium,Greening (HLB)
cotton,32.54,68.9,131.71,0.1,0.423,Medium,Bacterial Blight
coffee,25.49,70.8,123.6,10.27,0.607,Medium,Berry Disease
kidneybeans,23.87,66.78,107.86,17.15,0.559,Medium,Bean Rust
chickpea,21.8,57.04,245.62,6.1,0.454,Medium,Ascochyta Blight
lentil,31.59,70.96,228.91,13.74,0.683,High,Wilt
papaya,41.25,65.8,200.06,11.09,0.575,Medium,Powdery Mildew
grapes,26.8,56.75,121.79,9.25,0.52,Medium,Downy Mildew
coconut,19.81,81.25,199.36,5.17,0.56,Medium,Leaf Blight
mungbean,26.72,57.85,137.01,10.12,0.568,Medium,Yellow Mosaic Virus
coconut,35.64,50.57,228.81,8.95,0.573,Medium,Bud Rot
papaya,28.77,53.77,57.41,10.52,0.511,Medium,Powdery Mildew
watermelon,32.59,95.55,73.5,8.86,0.633,Medium,Anthracnose
pigeonpeas,24.26,72.69,93.12,0.0,0.408,Medium,Sterility Mosaic
blackgram,36.21,84.46,60.6,9.23,0.606,Medium,Yellow Mosaic Virus
coffee,29.76,68.44,3.0,8.89,0.484,Medium,Coffee Leaf Rust
mothbeans,29.4,45.79,164.28,0.58,0.42,Medium,Yellow Mosaic Virus
muskmelon,22.74,86.74,61.48,14.57,0.594,Medium,Downy Mildew
papaya,28.08,70.53,52.76,10.63,0.616,Medium,Powdery Mildew
jute,28.19,74.4,141.04,3.17,0.548,Medium,Anthracnose
blackgram,28.59,73.84,151.45,0.82,0.474,Medium,Leaf Crinkle
coconut,28.27,83.15,115.29,14.41,0.677,High,Leaf Blight
pigeonpeas,27.32,95.2,152.27,7.87,0.711,High,Fusarium Wilt
apple,25.31,72.43,22.63,10.01,0.528,Medium,Apple Scab
mothbeans,29.7,76.79,79.55,11.3,0.557,Medium,Powdery Mildew
jute,18.44,59.9,214.33,4.89,0.463,Medium,Stem Rot
maize,30.7,61.06,44.99,11.88,0.576,Medium,Maize Leaf Blight
mango,27.58,75.11,68.54,8.95,0.597,Medium,Powdery Mildew
orange,32.15,92.45,27.27,0.0,0.5,Medium,Citrus Canker
mungbean,16.32,66.9,148.72,8.72,0.482,Medium,Yellow Mosaic Virus
jute,22.08,77.27,73.72,13.49,0.592,Medium,Stem Rot
coconut,20.68,83.14,17.2,2.87,0.463,Medium,Bud Rot
banana,25.36,62.52,15.34,10.81,0.561,Medium,Sigatoka Leaf Spot
apple,28.7,65.11,56.82,11.33,0.574,Medium,Fire Blight
mango,27.42,67.55,40.75,11.09,0.613,Medium,Powdery Mildew
grapes,34.53,74.2,128.2,8.64,0.551,Medium,Downy Mildew
mothbeans,29.83,94.5,115.41,0.02,0.498,Medium,Yellow Mosaic Virus
chickpea,24.87,75.3,148.2,11.9,0.601,Medium,Fusarium Wilt
orange,20.93,82.88,203.34,3.26,0.539,Medium,Citrus Canker
mango,20.69,69.69,134.86,4.77,0.469,Medium,Powdery Mildew
kidneybeans,29.01,22.33,161.82,0.02,0.374,Medium,Angular Leaf Spot
pigeonpeas,26.46,66.06,132.6,8.06,0.574,Medium,Sterility Mosaic
kidneybeans,30.36,76.75,400.0,10.84,0.748,High,Angular Leaf Spot
mothbeans,27.4,93.1,215.16,7.21,0.529,Medium,Powdery Mildew
chickpea,28.78,71.35,138.72,8.05,0.593,Medium,Ascochyta Blight
pigeonpeas,29.58,70.3,49.88,5.85,0.481,Medium,Fusarium Wilt
pigeonpeas,20.85,83.0,85.53,10.22,0.484,Medium,Fusarium Wilt
coffee,24.86,95.39,69.76,15.67,0.61,Medium,Coffee Leaf Rust
watermelon,24.22,59.5,19.2,11.76,0.471,Medium,Anthracnose
pomegranate,28.69,71.92,70.22,8.98,0.565,Medium,Bacterial Blight
papaya,18.68,82.72,149.26,12.13,0.659,High,Powdery Mildew
rice,29.62,78.32,104.27,9.84,0.62,Medium,Bacterial Leaf Blight
watermelon,33.16,77.63,213.62,17.57,0.698,High,Anthracnose
blackgram,27.34,60.66,78.81,8.3,0.516,Medium,Leaf Crinkle
grapes,29.07,90.0,19.4,11.96,0.659,High,Powdery Mildew
coffee,28.36,88.64,16.77,9.82,0.54,Medium,Coffee Leaf Rust
apple,33.37,97.07,102.93,10.59,0.637,Medium,Fire Blight
mango,30.79,80.75,112.09,0.0,0.445,Medium,Anthracnose
coconut,22.95,58.27,62.21,0.81,0.351,Medium,Bud Rot
pigeonpeas,20.93,68.67,128.41,8.14,0.557,Medium,Fusarium Wilt
cotton,28.7,100.0,169.22,11.09,0.596,Medium,Bacterial Blight
muskmelon,28.21,60.58,98.72,3.08,0.393,Medium,Downy Mildew
apple,28.43,83.07,146.47,9.12,0.686,High,Fire Blight
coconut,24.83,77.3,151.64,4.25,0.629,Medium,Bud Rot
banana,13.22,65.52,400.0,14.56,0.667,High,Sigatoka Leaf Spot
coffee,29.05,85.55,101.9,7.74,0.515,Medium,Coffee Leaf Rust
kidneybeans,24.2,95.91,125.75,6.95,0.742,High,Bean Rust
pigeonpeas,23.4,72.51,51.88,1.58,0.35,Medium,Sterility Mosaic
rice,13.74,58.46,15.1,3.22,0.395,Medium,Sheath Blight
jute,26.55,84.08,88.43,9.93,0.641,Medium,Anthracnose
lentil,31.27,93.7,87.81,7.9,0.677,High,Wilt
lentil,24.5,68.25,86.24,15.82,0.658,High,Rust
cotton,16.53,85.73,64.8,6.94,0.509,Medium,Leaf Curl Virus
coffee,28.54,65.51,245.21,9.76,0.591,Medium,Berry Disease
lentil,33.46,87.23,9.65,2.88,0.486,Medium,Rust
grapes,30.95,66.9,157.82,5.16,0.482,Medium,Powdery Mildew
mothbeans,30.64,58.58,248.03,7.64,0.555,Medium,Powdery Mildew
orange,23.69,75.63,38.69,2.56,0.398,Medium,Citrus Canker
rice,18.16,76.31,214.91,0.0,0.466,Medium,Sheath Blight
papaya,28.96,63.67,186.58,10.19,0.603,Medium,Papaya Ring Spot Virus
banana,24.95,73.82,140.28,3.62,0.545,Medium,Sigatoka Leaf Spot
blackgram,26.7,67.46,66.87,6.93,0.512,Medium,Yellow Mosaic Virus
muskmelon,13.87,51.84,150.41,4.59,0.388,Medium,Powdery Mildew
cotton,21.31,74.65,64.67,13.74,0.602,Medium,Bacterial Blight
mothbeans,29.58,58.59,114.19,10.18,0.567,Medium,Powdery Mildew
lentil,29.72,82.04,65.63,7.27,0.518,Medium,Rust
chickpea,23.48,92.18,188.18,15.18,0.662,High,Ascochyta Blight
pigeonpeas,23.97,87.61,310.24,7.23,0.705,High,Sterility Mosaic
orange,29.4,73.64,75.3,7.44,0.552,Medium,Citrus Canker
orange,30.83,100.0,95.85,17.6,0.767,High,Citrus Canker
blackgram,33.29,79.52,66.85,9.52,0.518,Medium,Yellow Mosaic Virus
banana,32.48,85.86,111.01,2.14,0.546,Medium,Panama Wilt
muskmelon,23.82,56.71,109.78,3.2,0.429,Medium,Powdery Mildew
pigeonpeas,36.16,54.28,189.31,6.68,0.399,Medium,Fusarium Wilt
coconut,27.76,57.96,93.32,6.54,0.499,Medium,Bud Rot
pomegranate,28.71,80.18,151.09,4.14,0.589,Medium,Fruit Rot
coffee,26.6,87.89,182.16,8.76,0.736,High,Coffee Leaf Rust
maize,25.02,76.36,168.62,11.99,0.591,Medium,Maize Leaf Blight
banana,29.67,74.62,66.13,6.73,0.472,Medium,Panama Wilt
pomegranate,33.2,74.29,89.8,0.0,0.424,Medium,Bacterial Blight
jute,23.76,71.42,215.85,11.48,0.605,Medium,Anthracnose
banana,24.35,63.17,233.71,15.77,0.703,High,Panama Wilt
mothbeans,23.13,64.32,150.71,6.93,0.559,Medium,Powdery Mildew
pigeonpeas,32.61,67.98,26.13,0.0,0.425,Medium,Sterility Mosaic
lentil,28.38,73.65,107.8,12.28,0.719,High,Rust
coconut,31.32,63.3,218.17,8.46,0.583,Medium,Bud Rot
blackgram,23.71,63.79,28.85,6.56,0.341,Low,Healthy
apple,21.93,73.42,353.31,2.67,0.624,Medium,Fire Blight
watermelon,28.14,79.48,71.66,7.84,0.464,Medium,Anthracnose
muskmelon,27.14,79.82,112.17,6.22,0.506,Medium,Powdery Mildew
banana,25.64,73.68,208.31,2.13,0.462,Medium,Panama Wilt
apple,32.66,82.26,142.38,5.23,0.53,Medium,Apple Scab
orange,24.6,70.07,134.92,9.5,0.628,Medium,Citrus Canker
orange,28.45,89.42,246.27,0.0,0.533,Medium,Greening (HLB)
mungbean,29.06,52.4,215.61,6.1,0.532,Medium,Yellow Mosaic Virus
blackgram,23.68,58.88,168.28,6.14,0.559,Medium,Leaf Crinkle
maize,26.99,48.18,130.31,14.3,0.654,High,Gray Leaf Spot
mango,33.08,61.63,88.97,4.92,0.457,Medium,Anthracnose
grapes,25.99,73.11,256.76,6.57,0.597,Medium,Downy Mildew
coffee,27.42,82.15,95.59,1.28,0.522,Medium,Coffee Leaf Rust
grapes,28.42,88.52,31.7,7.11,0.622,Medium,Downy Mildew
maize,22.15,72.88,55.42,11.0,0.576,Medium,Common Rust
lentil,27.11,72.42,190.32,9.15,0.606,Medium,Wilt
pigeonpeas,27.29,77.41,39.38,6.56,0.454,Medium,Sterility Mosaic
papaya,26.66,59.0,193.0,3.99,0.465,Medium,Papaya Ring Spot Virus
lentil,35.01,79.42,73.58,0.19,0.437,Medium,Wilt
blackgram,30.03,72.58,203.18,8.99,0.586,Medium,Yellow Mosaic Virus
pigeonpeas,25.0,58.46,82.77,11.68,0.474,Medium,Fusarium Wilt
pomegranate,26.57,95.39,73.11,6.13,0.538,Medium,Bacterial Blight
rice,24.92,67.65,89.49,8.63,0.52,Medium,Rice Blast
lentil,21.67,48.21,119.69,4.03,0.311,Low,Healthy
mungbean,28.87,84.5,218.82,4.14,0.556,Medium,Cercospora Leaf Spot
apple,27.54,63.8,49.26,2.69,0.436,Medium,Apple Scab
apple,30.17,75.25,130.61,7.63,0.526,Medium,Apple Scab
banana,16.2,78.43,85.67,9.41,0.569,Medium,Sigatoka Leaf Spot
watermelon,31.87,63.17,41.27,1.88,0.387,Medium,Fusarium Wilt
papaya,35.5,79.45,355.14,10.32,0.643,Medium,Powdery Mildew
pomegranate,25.26,74.14,123.61,9.63,0.561,Medium,Bacterial Blight
pomegranate,26.9,93.31,21.9,4.45,0.433,Medium,Fruit Rot
maize,28.11,91.6,158.29,7.76,0.76,High,Maize Leaf Blight
pigeonpeas,24.91,71.01,29.18,2.31,0.42,Medium,Sterility Mosaic
rice,23.74,81.58,115.28,7.73,0.585,Medium,Rice Blast
mothbeans,25.41,88.24,86.67,1.25,0.5,Medium,Powdery Mildew
grapes,25.0,62.22,35.46,7.78,0.451,Medium,Powdery Mildew
maize,30.74,75.69,36.02,10.31,0.545,Medium,Common Rust
pomegranate,30.57,75.41,206.96,4.27,0.554,Medium,Bacterial Blight
maize,30.44,98.59,21.64,6.15,0.465,Medium,Gray Leaf Spot
rice,29.78,77.13,124.3,12.9,0.485,Medium,Bacterial Leaf Blight
banana,30.24,64.43,10.14,9.48,0.476,Medium,Panama Wilt
grapes,25.62,59.85,79.13,0.7,0.38,Medium,Downy Mildew
mango,29.87,85.05,94.12,14.34,0.604,Medium,Powdery Mildew
banana,35.72,89.84,305.96,13.86,0.74,High,Panama Wilt
mothbeans,17.62,81.6,90.9,9.05,0.475,Medium,Yellow Mosaic Virus
rice,13.25,72.19,86.11,12.32,0.583,Medium,Sheath Blight
orange,32.8,56.84,135.81,11.49,0.603,Medium,Citrus Canker
chickpea,33.18,65.93,104.41,6.35,0.465,Medium,Ascochyta Blight
cotton,24.67,75.82,55.77,8.29,0.518,Medium,Bacterial Blight
pomegranate,20.19,77.64,50.44,1.58,0.448,Medium,Fruit Rot
papaya,30.89,81.73,64.9,6.73,0.54,Medium,Papaya Ring Spot Virus
pomegranate,26.68,60.72,170.11,9.05,0.584,Medium,Bacterial Blight
chickpea,27.05,75.0,121.49,9.34,0.471,Medium,Fusarium Wilt
coffee,21.98,83.26,255.48,7.33,0.717,High,Coffee Leaf Rust
pomegranate,32.69,68.23,23.33,6.75,0.526,Medium,Bacterial Blight
jute,28.73,88.85,119.1,5.25,0.706,High,Stem Rot
jute,21.98,78.21,87.76,0.62,0.444,Medium,Anthracnose
watermelon,28.89,79.27,98.19,0.0,0.53,Medium,Fusarium Wilt
muskmelon,23.28,52.97,328.33,10.72,0.631,Medium,Downy Mildew
cotton,26.77,91.65,250.01,0.0,0.536,Medium,Leaf Curl Virus
kidneybeans,27.36,75.41,38.79,4.09,0.472,Medium,Angular Leaf Spot
banana,27.54,77.73,24.69,13.63,0.656,High,Sigatoka Leaf Spot
orange,23.37,82.25,208.57,7.92,0.677,High,Greening (HLB)
papaya,35.49,92.78,45.0,8.64,0.514,Medium,Papaya Ring Spot Virus
apple,21.84,90.53,12.82,7.58,0.529,Medium,Fire Blight
apple,15.02,71.01,69.42,4.52,0.451,Medium,Apple Scab
coconut,24.95,85.43,100.67,9.01,0.495,Medium,Leaf Blight
coffee,21.93,54.96,80.08,7.9,0.48,Medium,Coffee Leaf Rust
chickpea,20.28,79.87,153.0,5.51,0.524,Medium,Fusarium Wilt
apple,25.82,84.87,33.81,9.34,0.572,Medium,Fire Blight
watermelon,23.13,77.26,40.48,11.45,0.553,Medium,Anthracnose
papaya,26.52,86.27,261.92,6.61,0.729,High,Papaya Ring Spot Virus
mango,25.7,87.24,165.54,4.14,0.521,Medium,Powdery Mildew
lentil,25.34,63.71,25.62,1.61,0.448,Medium,Wilt
grapes,23.44,84.77,96.08,10.55,0.649,Medium,Powdery Mildew
blackgram,24.91,69.94,123.53,11.35,0.54,Medium,Leaf Crinkle
maize,30.38,67.26,128.76,5.52,0.454,Medium,Maize Leaf Blight
mungbean,19.93,86.96,103.25,0.25,0.474,Medium,Yellow Mosaic Virus
lentil,21.7,75.56,76.02,8.69,0.629,Medium,Rust
apple,26.29,86.66,116.1,10.41,0.648,Medium,Fire Blight
pomegranate,27.14,79.78,210.98,8.77,0.652,High,Fruit Rot
kidneybeans,31.24,66.77,41.5,8.4,0.475,Medium,Bean Rust
chickpea,26.63,80.11,98.2,1.8,0.474,Medium,Ascochyta Blight
chickpea,18.37,65.45,38.84,10.4,0.435,Medium,Ascochyta Blight
watermelon,33.03,60.58,15.08,4.23,0.37,Medium,Anthracnose
mango,28.07,82.21,222.34,5.36,0.525,Medium,Powdery Mildew
jute,22.74,91.23,130.58,10.39,0.636,Medium,Anthracnose
pomegranate,33.08,55.62,21.19,7.89,0.395,Medium,Bacterial Blight
lentil,35.09,73.48,242.59,18.75,0.699,High,Wilt
orange,27.81,81.23,333.77,0.58,0.549,Medium,Greening (HLB)
kidneybeans,28.79,49.57,186.1,12.88,0.544,Medium,Angular Leaf Spot
papaya,22.44,73.98,97.4,9.41,0.578,Medium,Powdery Mildew
watermelon,26.78,79.58,304.4,12.57,0.718,High,Fusarium Wilt
mungbean,20.29,79.64,23.91,11.58,0.56,Medium,Cercospora Leaf Spot
blackgram,19.46,74.99,103.41,0.82,0.419,Medium,Leaf Crinkle
chickpea,34.04,89.75,154.0,8.9,0.609,Medium,Fusarium Wilt
watermelon,26.62,57.63,48.24,10.3,0.55,Medium,Anthracnose
cotton,36.53,77.82,115.94,0.59,0.405,Medium,Bacterial Blight
maize,26.08,67.27,152.88,11.92,0.62,Medium,Maize Leaf Blight
cotton,24.69,60.49,377.65,2.74,0.684,High,Leaf Curl Virus
watermelon,23.94,67.4,24.24,10.6,0.513,Medium,Anthracnose
rice,24.22,59.64,295.03,13.44,0.672,High,Rice Blast
orange,27.86,82.48,29.97,3.15,0.557,Medium,Citrus Canker
coffee,27.57,82.65,223.84,8.16,0.745,High,Coffee Leaf Rust
lentil,29.31,100.0,156.17,18.61,0.705,High,Wilt
orange,27.28,66.4,102.83,9.48,0.552,Medium,Citrus Canker
mungbean,33.68,80.51,65.68,9.86,0.681,High,Cercospora Leaf Spot
mango,30.74,70.42,14.0,9.62,0.538,Medium,Powdery Mildew
muskmelon,33.19,61.98,175.71,7.22,0.422,Medium,Downy Mildew
kidneybeans,21.82,68.63,216.31,6.06,0.607,Medium,Bean Rust
cotton,24.89,66.05,130.8,1.05,0.424,Medium,Bacterial Blight
banana,27.88,70.53,19.11,7.45,0.493,Medium,Panama Wilt
jute,27.47,48.69,102.8,11.6,0.588,Medium,Stem Rot
orange,23.59,83.59,32.77,2.77,0.467,Medium,Citrus Canker
watermelon,33.35,71.0,135.5,1.08,0.531,Medium,Fusarium Wilt
maize,28.3,74.6,66.55,19.07,0.717,High,Maize Leaf Blight
jute,26.76,71.25,46.68,10.94,0.524,Medium,Stem Rot
pomegranate,25.54,60.96,125.23,11.61,0.527,Medium,Fruit Rot
jute,22.45,62.07,110.72,9.17,0.577,Medium,Anthracnose
coconut,26.09,75.85,143.54,7.92,0.598,Medium,Leaf Blight
lentil,22.16,81.11,57.61,6.05,0.505,Medium,Rust
watermelon,26.0,94.28,180.97,9.05,0.671,High,Anthracnose
banana,22.23,78.33,207.64,9.0,0.667,High,Sigatoka Leaf Spot
lentil,33.25,99.07,19.56,10.79,0.584,Medium,Rust
coconut,23.82,79.11,113.59,13.59,0.624,Medium,Bud Rot
kidneybeans,35.37,79.22,70.91,5.96,0.431,Medium,Bean Rust
mothbeans,29.72,72.37,119.59,11.46,0.532,Medium,Powdery Mildew
jute,35.59,74.41,36.53,7.68,0.498,Medium,Anthracnose
jute,23.88,75.97,220.35,9.94,0.657,High,Anthracnose
banana,33.62,75.97,111.14,9.05,0.633,Medium,Sigatoka Leaf Spot
jute,24.18,66.02,161.73,3.3,0.543,Medium,Stem Rot
mothbeans,26.3,77.44,65.61,8.93,0.559,Medium,Yellow Mosaic Virus
pigeonpeas,33.18,89.59,68.98,0.54,0.475,Medium,Sterility Mosaic
watermelon,27.86,58.5,41.39,9.05,0.402,Medium,Fusarium Wilt
maize,36.62,55.03,400.0,11.92,0.687,High,Gray Leaf Spot
mungbean,20.5,83.36,109.47,8.98,0.516,Medium,Yellow Mosaic Virus
maize,25.81,73.62,281.09,0.0,0.567,Medium,Maize Leaf Blight
papaya,15.18,62.52,265.58,1.1,0.461,Medium,Papaya Ring Spot Virus
rice,33.63,78.96,84.48,0.0,0.43,Medium,Rice Blast
coconut,31.07,90.39,55.58,14.56,0.566,Medium,Bud Rot
rice,33.85,69.19,393.77,9.63,0.752,High,Sheath Blight
cotton,26.35,74.82,53.94,8.24,0.52,Medium,Bacterial Blight
cotton,16.56,61.87,160.71,4.25,0.419,Medium,Bacterial Blight
maize,22.22,92.36,88.37,5.95,0.58,Medium,Gray Leaf Spot
lentil,24.68,100.0,188.57,16.15,0.762,High,Wilt
rice,26.65,79.01,104.01,11.6,0.659,High,Rice Blast
kidneybeans,30.18,85.64,41.43,5.87,0.527,Medium,Bean Rust
pigeonpeas,36.1,72.02,138.0,10.49,0.527,Medium,Fusarium Wilt
grapes,27.06,83.09,107.52,3.31,0.548,Medium,Downy Mildew
apple,20.4,88.48,87.71,9.73,0.637,Medium,Apple Scab
coconut,14.13,75.03,287.54,11.29,0.653,High,Bud Rot
mango,27.12,89.56,84.3,2.77,0.514,Medium,Anthracnose
apple,28.03,64.81,212.8,8.12,0.669,High,Apple Scab
banana,27.01,68.47,89.77,8.69,0.57,Medium,Panama Wilt
grapes,34.17,90.47,166.24,5.46,0.549,Medium,Downy Mildew
kidneybeans,35.57,86.85,128.49,10.87,0.599,Medium,Angular Leaf Spot
apple,34.76,57.77,49.07,13.2,0.52,Medium,Fire Blight
rice,19.2,71.43,107.91,11.16,0.567,Medium,Bacterial Leaf Blight
mango,19.66,72.06,32.96,16.0,0.56,Medium,Anthracnose
lentil,20.68,87.65,311.09,5.62,0.639,Medium,Wilt
watermelon,28.1,94.22,132.57,5.23,0.645,Medium,Anthracnose
jute,36.18,75.76,58.86,5.49,0.479,Medium,Anthracnose
jute,32.31,72.88,193.05,5.8,0.565,Medium,Stem Rot
kidneybeans,27.94,59.22,25.56,12.78,0.541,Medium,Angular Leaf Spot
muskmelon,30.15,97.17,149.48,10.72,0.756,High,Downy Mildew
muskmelon,25.79,75.56,41.29,14.35,0.559,Medium,Powdery Mildew
pomegranate,23.94,55.21,44.02,5.01,0.46,Medium,Fruit Rot
grapes,31.34,64.1,124.35,3.47,0.397,Medium,Downy Mildew
coconut,26.27,71.17,145.92,7.3,0.64,Medium,Bud Rot
coconut,28.82,97.57,149.65,6.82,0.743,High,Leaf Blight
papaya,31.0,82.46,7.48,3.14,0.524,Medium,Papaya Ring Spot Virus
orange,24.13,97.67,73.16,3.82,0.502,Medium,Citrus Canker
lentil,25.33,68.74,261.8,12.59,0.64,Medium,Rust
maize,30.19,78.98,170.09,5.22,0.478,Medium,Common Rust
maize,25.44,99.25,16.82,1.28,0.508,Medium,Maize Leaf Blight
jute,32.84,98.38,70.74,7.62,0.587,Medium,Anthracnose
lentil,26.19,76.06,91.82,12.62,0.638,Medium,Rust
rice,28.93,80.04,133.14,11.27,0.658,High,Sheath Blight
banana,29.78,80.69,89.63,6.24,0.509,Medium,Sigatoka Leaf Spot
apple,25.51,77.61,13.83,6.44,0.57,Medium,Fire Blight
grapes,41.61,80.89,52.45,17.46,0.621,Medium,Powdery Mildew
apple,30.93,53.71,153.75,2.7,0.378,Medium,Apple Scab
coconut,21.71,99.6,151.41,13.51,0.765,High,Leaf Blight
blackgram,31.29,66.24,154.06,4.45,0.597,Medium,Yellow Mosaic Virus
mothbeans,28.31,76.52,304.44,15.35,0.745,High,Yellow Mosaic Virus
apple,20.34,75.92,190.67,10.34,0.581,Medium,Fire Blight
apple,41.1,79.31,171.45,8.76,0.554,Medium,Apple Scab
cotton,32.47,61.2,22.97,3.74,0.47,Medium,Leaf Curl Virus
coffee,27.81,93.22,121.05,10.92,0.647,Medium,Berry Disease
mungbean,27.88,82.01,73.11,4.77,0.516,Medium,Cercospora Leaf Spot
papaya,27.95,81.26,203.25,9.64,0.721,High,Papaya Ring Spot Virus
mungbean,20.56,51.4,379.39,9.82,0.596,Medium,Cercospora Leaf Spot
jute,30.39,84.99,172.99,7.73,0.583,Medium,Stem Rot
papaya,29.34,79.15,100.64,5.4,0.55,Medium,Papaya Ring Spot Virus
rice,23.0,82.59,99.18,6.74,0.569,Medium,Sheath Blight
blackgram,25.52,97.27,41.64,8.42,0.663,High,Yellow Mosaic Virus
pomegranate,21.14,73.91,328.36,10.6,0.731,High,Fruit Rot
blackgram,34.89,71.74,149.02,7.21,0.579,Medium,Leaf Crinkle
chickpea,30.22,66.19,126.75,10.0,0.558,Medium,Ascochyta Blight
pomegranate,28.09,59.2,53.22,11.37,0.525,Medium,Fruit Rot
watermelon,21.08,76.35,44.47,8.18,0.446,Medium,Fusarium Wilt
maize,18.69,52.87,121.09,4.34,0.401,Medium,Gray Leaf Spot
papaya,25.47,72.42,75.22,9.68,0.457,Medium,Powdery Mildew
maize,31.94,68.2,58.66,9.51,0.407,Medium,Gray Leaf Spot
cotton,31.02,76.77,53.78,5.44,0.462,Medium,Bacterial Blight
cotton,18.15,65.77,211.44,9.72,0.616,Medium,Bacterial Blight
rice,25.19,79.22,41.31,8.01,0.501,Medium,Sheath Blight
muskmelon,27.97,81.87,107.99,0.73,0.57,Medium,Downy Mildew
coffee,30.75,62.99,90.06,3.3,0.491,Medium,Berry Disease
banana,20.1,72.08,140.75,15.01,0.675,High,Sigatoka Leaf Spot
apple,20.14,76.61,341.04,7.54,0.622,Medium,Apple Scab
muskmelon,23.84,90.4,169.2,5.61,0.602,Medium,Powdery Mildew
pomegranate,16.37,91.74,138.99,6.25,0.512,Medium,Bacterial Blight
grapes,34.69,74.41,146.94,4.14,0.581,Medium,Powdery Mildew
lentil,18.44,74.71,95.71,4.15,0.392,Medium,Wilt
kidneybeans,29.4,92.27,168.17,13.78,0.744,High,Angular Leaf Spot
mothbeans,36.91,78.01,183.58,9.09,0.579,Medium,Powdery Mildew
blackgram,23.47,52.94,166.2,6.91,0.397,Medium,Yellow Mosaic Virus
banana,23.6,60.67,252.75,3.85,0.463,Medium,Panama Wilt
coconut,16.09,82.39,87.06,5.6,0.444,Medium,Leaf Blight
chickpea,26.91,74.52,114.16,15.52,0.654,High,Fusarium Wilt
pomegranate,17.45,84.95,24.29,9.33,0.492,Medium,Bacterial Blight
pomegranate,27.03,76.86,119.3,5.19,0.576,Medium,Bacterial Blight
grapes,39.1,82.23,27.66,12.39,0.558,Medium,Downy Mildew
coffee,24.35,78.93,237.21,12.38,0.664,High,Berry Disease
pigeonpeas,29.34,91.71,101.3,8.62,0.696,High,Sterility Mosaic
chickpea,29.42,83.45,40.44,5.98,0.556,Medium,Ascochyta Blight
coconut,27.79,96.76,211.88,9.0,0.696,High,Leaf Blight
papaya,30.97,74.36,43.57,5.25,0.429,Medium,Powdery Mildew
watermelon,26.72,76.4,77.76,11.52,0.708,High,Anthracnose
orange,22.93,81.25,27.1,5.69,0.517,Medium,Citrus Canker
mungbean,23.22,81.24,92.28,3.28,0.5,Medium,Cercospora Leaf Spot
grapes,40.82,63.96,138.58,12.26,0.552,Medium,Downy Mildew
apple,21.38,83.78,212.83,5.4,0.549,Medium,Apple Scab
lentil,20.87,68.81,77.5,7.25,0.427,Medium,Wilt
banana,27.56,80.03,162.65,1.7,0.593,Medium,Sigatoka Leaf Spot
coconut,19.98,81.31,274.11,7.59,0.621,Medium,Leaf Blight
lentil,23.6,80.7,129.94,11.0,0.571,Medium,Rust
kidneybeans,27.98,54.46,331.27,9.68,0.641,Medium,Bean Rust
coffee,31.0,71.73,19.09,15.77,0.471,Medium,Coffee Leaf Rust
mungbean,25.94,78.27,57.65,8.64,0.567,Medium,Yellow Mosaic Virus
grapes,20.43,66.58,201.64,8.5,0.442,Medium,Downy Mildew
maize,22.28,72.18,400.0,4.59,0.666,High,Common Rust
rice,27.19,64.86,37.35,9.52,0.578,Medium,Sheath Blight
coconut,28.03,78.99,133.79,9.59,0.599,Medium,Bud Rot
grapes,21.59,67.68,8.3,9.4,0.494,Medium,Powdery Mildew
kidneybeans,33.65,51.82,120.94,1.89,0.346,Low,Healthy
mothbeans,26.76,92.46,139.83,8.64,0.609,Medium,Powdery Mildew
mothbeans,28.82,74.01,21.52,12.02,0.543,Medium,Yellow Mosaic Virus
lentil,28.5,67.51,89.25,9.98,0.585,Medium,Wilt
cotton,29.7,62.39,109.51,7.83,0.453,Medium,Bacterial Blight
mungbean,17.81,80.52,113.03,8.03,0.491,Medium,Cercospora Leaf Spot
mungbean,26.37,88.03,191.23,14.54,0.78,High,Yellow Mosaic Virus
blackgram,17.8,83.59,111.77,15.74,0.603,Medium,Yellow Mosaic Virus
coffee,25.62,80.26,46.81,10.92,0.59,Medium,Coffee Leaf Rust
cotton,31.27,60.96,235.56,10.43,0.575,Medium,Leaf Curl Virus
maize,37.79,80.64,166.02,4.71,0.576,Medium,Maize Leaf Blight
grapes,18.69,89.17,140.27,9.18,0.618,Medium,Powdery Mildew
pomegranate,28.71,56.75,185.81,8.22,0.591,Medium,Fruit Rot
kidneybeans,18.45,68.48,217.81,0.0,0.453,Medium,Angular Leaf Spot
coffee,26.09,88.73,204.63,7.91,0.671,High,Coffee Leaf Rust
coconut,31.66,77.36,140.44,3.5,0.484,Medium,Bud Rot
mothbeans,24.47,74.98,69.49,7.19,0.448,Medium,Yellow Mosaic Virus
watermelon,27.18,80.89,100.25,12.5,0.658,High,Fusarium Wilt
jute,32.08,76.19,179.68,12.18,0.631,Medium,Stem Rot
lentil,29.85,72.61,213.84,3.45,0.554,Medium,Wilt
kidneybeans,30.12,100.0,69.01,5.36,0.591,Medium,Bean Rust
maize,27.14,55.8,253.79,16.13,0.671,High,Maize Leaf Blight
mothbeans,21.44,81.34,100.89,5.73,0.551,Medium,Yellow Mosaic Virus
pigeonpeas,32.41,71.28,38.96,9.88,0.439,Medium,Sterility Mosaic
blackgram,21.63,83.97,83.99,6.7,0.558,Medium,Yellow Mosaic Virus
coconut,30.87,89.91,231.4,9.41,0.627,Medium,Bud Rot
chickpea,30.79,79.67,117.66,9.72,0.6,Medium,Ascochyta Blight
pomegranate,29.8,81.52,66.8,5.38,0.447,Medium,Bacterial Blight
chickpea,26.53,81.04,206.82,8.29,0.601,Medium,Fusarium Wilt
pomegranate,22.44,71.87,76.44,5.2,0.539,Medium,Bacterial Blight
mango,24.12,67.96,90.06,7.21,0.549,Medium,Anthracnose
blackgram,34.49,76.96,80.15,6.85,0.615,Medium,Yellow Mosaic Virus
watermelon,34.61,76.8,150.51,6.91,0.484,Medium,Fusarium Wilt
grapes,16.27,71.07,83.97,8.18,0.43,Medium,Powdery Mildew
watermelon,39.48,82.13,34.69,9.59,0.486,Medium,Fusarium Wilt
orange,26.41,87.0,94.65,1.58,0.447,Medium,Greening (HLB)
banana,24.95,72.13,130.16,2.73,0.548,Medium,Sigatoka Leaf Spot
papaya,20.49,55.69,287.76,8.83,0.585,Medium,Powdery Mildew
orange,23.96,69.09,98.82,11.81,0.571,Medium,Citrus Canker
jute,23.76,73.43,374.01,6.9,0.674,High,Anthracnose
muskmelon,21.46,79.71,22.56,4.46,0.469,Medium,Powdery Mildew
blackgram,22.05,76.42,50.55,6.19,0.49,Medium,Yellow Mosaic Virus
orange,34.68,81.16,277.56,11.61,0.702,High,Citrus Canker
maize,26.65,70.54,209.45,12.59,0.684,High,Gray Leaf Spot
pomegranate,26.38,85.7,118.04,9.29,0.639,Medium,Bacterial Blight
coffee,19.27,77.61,41.06,4.25,0.487,Medium,Coffee Leaf Rust
grapes,28.81,76.24,101.14,9.26,0.629,Medium,Powdery Mildew
papaya,19.55,72.86,229.2,6.56,0.541,Medium,Powdery Mildew
kidneybeans,34.08,84.69,175.18,5.18,0.51,Medium,Bean Rust
chickpea,27.2,71.25,20.6,14.27,0.606,Medium,Fusarium Wilt
rice,18.74,59.63,70.65,11.25,0.501,Medium,Sheath Blight
jute,16.24,74.98,131.32,3.59,0.496,Medium,Anthracnose
watermelon,35.69,77.64,100.39,5.58,0.515,Medium,Anthracnose
blackgram,17.65,82.9,52.54,5.24,0.477,Medium,Leaf Crinkle
jute,22.19,81.91,38.89,11.82,0.602,Medium,Stem Rot
grapes,32.23,75.48,105.39,4.44,0.447,Medium,Downy Mildew
coconut,22.18,69.44,34.69,4.75,0.444,Medium,Leaf Blight
orange,30.48,100.0,82.01,15.44,0.76,High,Greening (HLB)
papaya,28.93,80.73,20.91,7.0,0.498,Medium,Powdery Mildew
mango,24.99,73.14,63.96,7.92,0.537,Medium,Anthracnose
banana,31.02,56.97,46.64,10.65,0.567,Medium,Panama Wilt
muskmelon,23.82,74.29,86.01,6.46,0.531,Medium,Downy Mildew
mungbean,30.6,40.47,161.25,5.9,0.36,Medium,Yellow Mosaic Virus
pigeonpeas,25.26,79.61,21.15,6.09,0.558,Medium,Sterility Mosaic
mango,23.33,71.45,378.72,6.24,0.676,High,Anthracnose
blackgram,35.12,99.81,113.32,5.28,0.514,Medium,Yellow Mosaic Virus
banana,25.8,64.61,44.45,16.88,0.641,Medium,Panama Wilt
orange,29.99,93.85,15.64,8.58,0.496,Medium,Greening (HLB)
papaya,27.55,75.84,34.17,0.0,0.51,Medium,Papaya Ring Spot Virus
rice,31.2,77.84,92.09,7.05,0.444,Medium,Sheath Blight
cotton,20.76,60.68,206.64,11.15,0.59,Medium,Bacterial Blight
orange,30.77,74.3,26.26,10.45,0.574,Medium,Greening (HLB)
pigeonpeas,33.43,70.81,147.17,13.48,0.599,Medium,Fusarium Wilt
mango,32.88,77.73,53.8,10.13,0.55,Medium,Powdery Mildew
blackgram,35.1,61.8,163.15,1.68,0.382,Medium,Leaf Crinkle
coconut,28.21,73.1,140.81,9.12,0.651,High,Leaf Blight
rice,29.22,73.16,260.21,12.53,0.648,Medium,Rice Blast
orange,28.0,81.59,86.58,16.81,0.656,High,Greening (HLB)
jute,22.92,66.05,48.44,2.35,0.395,Medium,Stem Rot
jute,33.07,87.54,94.05,9.72,0.569,Medium,Stem Rot
cotton,24.61,86.6,85.49,4.79,0.579,Medium,Leaf Curl Virus
cotton,19.88,80.2,78.78,8.6,0.534,Medium,Leaf Curl Virus
apple,31.17,53.56,48.69,18.08,0.605,Medium,Fire Blight
maize,23.69,98.08,215.21,4.24,0.609,Medium,Maize Leaf Blight
lentil,26.82,47.22,131.4,4.37,0.38,Medium,Wilt
blackgram,34.85,84.51,111.57,0.71,0.481,Medium,Yellow Mosaic Virus
mango,31.43,63.06,185.23,1.41,0.525,Medium,Anthracnose
apple,31.08,72.95,147.86,2.92,0.499,Medium,Fire Blight
mango,27.15,88.7,277.69,5.72,0.668,High,Anthracnose
apple,32.09,92.02,125.83,8.59,0.597,Medium,Apple Scab
mothbeans,27.21,92.0,25.68,1.85,0.405,Medium,Yellow Mosaic Virus
maize,31.97,75.99,253.83,10.5,0.605,Medium,Gray Leaf Spot
watermelon,25.4,77.79,119.04,9.12,0.618,Medium,Fusarium Wilt
kidneybeans,23.61,50.27,236.5,6.8,0.478,Medium,Bean Rust
grapes,25.2,85.5,147.24,9.98,0.628,Medium,Downy Mildew
grapes,17.06,69.51,75.58,9.14,0.562,Medium,Downy Mildew
coffee,23.76,87.68,177.89,7.76,0.559,Medium,Coffee Leaf Rust
jute,25.17,48.39,66.21,6.73,0.414,Medium,Stem Rot
grapes,37.73,71.24,28.58,8.78,0.461,Medium,Powdery Mildew
watermelon,22.1,100.0,120.6,11.42,0.725,High,Fusarium Wilt
mothbeans,25.95,83.52,140.26,6.7,0.579,Medium,Powdery Mildew
chickpea,27.05,70.1,133.81,10.86,0.538,Medium,Ascochyta Blight
banana,30.29,75.9,322.15,4.92,0.529,Medium,Panama Wilt
rice,23.39,78.8,92.65,14.29,0.65,High,Rice Blast
chickpea,19.22,94.98,93.17,6.9,0.498,Medium,Fusarium Wilt
coffee,32.58,91.81,276.06,5.68,0.626,Medium,Berry Disease
muskmelon,21.89,77.56,28.9,8.63,0.481,Medium,Powdery Mildew
rice,32.95,73.16,148.96,7.52,0.46,Medium,Rice Blast
grapes,29.8,76.64,96.42,1.33,0.432,Medium,Downy Mildew
mothbeans,38.4,77.79,28.97,6.51,0.484,Medium,Powdery Mildew
orange,23.47,67.75,42.85,12.1,0.447,Medium,Greening (HLB)
papaya,28.14,88.3,17.85,7.42,0.474,Medium,Papaya Ring Spot Virus
maize,27.45,63.17,95.75,12.56,0.634,Medium,Common Rust
mothbeans,25.09,76.75,39.69,6.72,0.449,Medium,Powdery Mildew
maize,24.67,100.0,16.76,3.49,0.514,Medium,Common Rust
orange,26.95,81.66,113.99,6.79,0.562,Medium,Greening (HLB)
jute,37.86,60.67,154.21,2.58,0.439,Medium,Anthracnose
mungbean,25.82,89.09,215.93,14.38,0.745,High,Cercospora Leaf Spot
mungbean,26.53,81.62,62.38,9.73,0.435,Medium,Cercospora Leaf Spot
pigeonpeas,34.21,64.57,150.19,7.42,0.435,Medium,Fusarium Wilt
kidneybeans,24.32,86.13,246.79,10.45,0.739,High,Angular Leaf Spot
blackgram,33.95,65.64,107.05,4.9,0.455,Medium,Leaf Crinkle
pomegranate,34.24,73.12,154.87,6.59,0.483,Medium,Bacterial Blight
grapes,30.99,74.59,99.36,0.0,0.363,Medium,Downy Mildew
coconut,25.36,76.27,138.41,12.42,0.557,Medium,Bud Rot
lentil,24.92,82.84,191.38,17.58,0.658,High,Rust
watermelon,28.28,81.47,341.33,2.57,0.625,Medium,Anthracnose
maize,30.05,69.79,174.57,13.17,0.718,High,Common Rust
muskmelon,32.45,71.91,75.34,3.57,0.369,Medium,Downy Mildew
mungbean,36.49,69.59,56.34,8.31,0.481,Medium,Cercospora Leaf Spot
mango,27.68,85.72,51.81,3.61,0.52,Medium,Powdery Mildew
muskmelon,24.32,73.93,104.1,14.95,0.666,High,Powdery Mildew
jute,26.35,67.09,35.97,9.91,0.456,Medium,Anthracnose
maize,22.88,60.02,128.13,10.75,0.563,Medium,Maize Leaf Blight
watermelon,21.68,81.14,137.4,7.95,0.614,Medium,Anthracnose
mango,32.73,55.21,93.55,10.41,0.403,Medium,Powdery Mildew
mungbean,28.17,67.34,83.8,1.75,0.414,Medium,Cercospora Leaf Spot
orange,31.41,69.97,226.19,6.44,0.549,Medium,Citrus Canker
cotton,26.26,81.63,180.45,1.66,0.563,Medium,Leaf Curl Virus
jute,24.09,77.02,149.73,6.24,0.566,Medium,Anthracnose
apple,33.41,100.0,142.51,7.74,0.627,Medium,Fire Blight
kidneybeans,30.76,76.32,38.94,10.05,0.558,Medium,Bean Rust
blackgram,17.02,68.17,362.77,4.82,0.525,Medium,Yellow Mosaic Virus
cotton,31.99,69.1,36.39,8.33,0.476,Medium,Leaf Curl Virus
apple,24.5,67.8,14.59,8.31,0.394,Medium,Fire Blight
pomegranate,26.44,69.05,264.03,12.37,0.737,High,Fruit Rot
watermelon,32.67,57.28,165.95,7.76,0.483,Medium,Anthracnose
papaya,27.85,53.86,18.79,3.44,0.369,Medium,Papaya Ring Spot Virus
papaya,29.85,56.56,156.76,7.95,0.499,Medium,Powdery Mildew
jute,29.35,65.37,203.12,20.58,0.641,Medium,Anthracnose
maize,33.05,93.86,277.57,6.59,0.69,High,Maize Leaf Blight
mothbeans,29.05,77.38,33.67,9.6,0.62,Medium,Powdery Mildew
muskmelon,34.51,66.61,232.1,7.93,0.583,Medium,Powdery Mildew
cotton,24.62,61.05,385.01,9.18,0.582,Medium,Bacterial Blight
coffee,32.19,84.5,86.35,6.66,0.442,Medium,Berry Disease
jute,29.47,57.99,400.0,5.84,0.584,Medium,Stem Rot
coconut,14.88,53.9,237.27,2.13,0.407,Medium,Leaf Blight
maize,32.17,60.81,127.98,12.34,0.58,Medium,Common Rust
papaya,24.88,74.62,121.24,9.76,0.66,High,Powdery Mildew
jute,29.33,79.02,103.9,6.14,0.554,Medium,Anthracnose
banana,28.32,69.59,272.33,7.0,0.679,High,Sigatoka Leaf Spot
grapes,31.2,83.4,155.54,5.38,0.554,Medium,Downy Mildew
jute,34.7,82.21,69.83,15.46,0.67,High,Stem Rot
mothbeans,24.9,80.19,109.64,0.0,0.497,Medium,Powdery Mildew
chickpea,24.61,65.41,128.96,7.26,0.457,Medium,Fusarium Wilt
coconut,26.78,80.56,70.8,7.95,0.642,Medium,Leaf Blight
jute,34.55,78.98,180.87,14.09,0.651,High,Anthracnose
lentil,23.31,88.69,101.06,6.17,0.664,High,Wilt
chickpea,29.79,81.7,58.02,4.77,0.479,Medium,Fusarium Wilt
apple,23.82,90.88,53.82,5.44,0.527,Medium,Apple Scab
pomegranate,29.57,72.77,32.86,6.3,0.497,Medium,Bacterial Blight
banana,22.17,100.0,43.28,14.75,0.745,High,Panama Wilt
apple,33.77,68.09,106.01,5.48,0.482,Medium,Fire Blight
papaya,29.8,77.98,214.46,3.19,0.606,Medium,Papaya Ring Spot Virus
apple,24.63,68.48,114.57,9.52,0.525,Medium,Apple Scab
jute,28.33,72.25,44.06,12.1,0.509,Medium,Stem Rot
orange,33.69,83.23,154.08,7.0,0.533,Medium,Greening (HLB)
banana,24.78,70.49,24.39,5.92,0.549,Medium,Sigatoka Leaf Spot
mothbeans,16.9,65.94,32.1,7.96,0.487,Medium,Yellow Mosaic Virus
jute,22.55,63.2,113.26,12.09,0.607,Medium,Stem Rot
papaya,21.11,77.39,31.36,8.19,0.563,Medium,Powdery Mildew
rice,29.58,70.54,45.55,6.8,0.44,Medium,Sheath Blight
blackgram,27.05,77.52,22.29,8.01,0.66,High,Leaf Crinkle
mothbeans,29.9,87.51,156.16,5.65,0.609,Medium,Powdery Mildew
pomegranate,21.65,67.5,35.9,7.33,0.507,Medium,Fruit Rot
pigeonpeas,25.16,76.68,57.96,9.27,0.482,Medium,Sterility Mosaic
banana,30.16,78.38,137.64,7.23,0.625,Medium,Sigatoka Leaf Spot
mango,31.42,80.42,149.43,15.24,0.61,Medium,Powdery Mildew
watermelon,21.54,41.44,400.0,0.0,0.48,Medium,Fusarium Wilt
jute,22.93,85.91,324.43,5.38,0.671,High,Anthracnose
pigeonpeas,23.85,89.69,157.75,8.72,0.516,Medium,Sterility Mosaic
papaya,32.37,87.65,87.27,14.2,0.615,Medium,Papaya Ring Spot Virus
jute,35.89,83.67,165.32,5.82,0.618,Medium,Anthracnose
rice,29.77,100.0,84.94,14.42,0.684,High,Bacterial Leaf Blight
orange,34.65,76.6,15.37,15.38,0.563,Medium,Greening (HLB)
apple,36.16,75.89,80.55,13.32,0.631,Medium,Fire Blight
coconut,24.26,62.54,400.0,7.16,0.681,High,Bud Rot
coffee,35.52,84.65,24.12,14.16,0.611,Medium,Berry Disease
mungbean,20.83,75.76,49.55,12.61,0.59,Medium,Cercospora Leaf Spot
cotton,28.62,62.08,110.74,14.37,0.555,Medium,Leaf Curl Virus
mango,27.73,63.1,159.79,5.89,0.557,Medium,Anthracnose
lentil,26.12,80.45,39.39,9.02,0.47,Medium,Wilt
rice,29.43,68.66,99.89,5.77,0.539,Medium,Sheath Blight
pomegranate,22.75,85.05,38.78,9.38,0.641,Medium,Bacterial Blight
banana,25.35,78.13,11.61,5.97,0.492,Medium,Sigatoka Leaf Spot
apple,31.05,65.16,171.89,5.16,0.515,Medium,Apple Scab
muskmelon,28.45,78.27,117.06,12.09,0.646,Medium,Powdery Mildew
banana,24.11,92.07,22.1,7.27,0.597,Medium,Panama Wilt
papaya,34.61,68.82,44.72,5.96,0.375,Medium,Powdery Mildew
chickpea,28.2,71.49,170.86,6.56,0.577,Medium,Ascochyta Blight
grapes,24.48,66.96,66.09,10.85,0.522,Medium,Downy Mildew
coconut,24.3,80.47,24.08,3.13,0.469,Medium,Leaf Blight
pigeonpeas,23.53,67.38,179.95,3.82,0.42,Medium,Fusarium Wilt
orange,29.28,63.16,37.85,3.93,0.456,Medium,Greening (HLB)
mothbeans,31.47,78.74,34.05,7.99,0.494,Medium,Powdery Mildew
coffee,28.55,71.11,31.93,15.46,0.6,Medium,Berry Disease
rice,24.96,71.59,115.05,6.64,0.583,Medium,Rice Blast
blackgram,25.19,65.5,124.72,10.2,0.554,Medium,Leaf Crinkle
apple,22.03,84.36,180.92,9.75,0.544,Medium,Apple Scab
blackgram,33.25,81.09,90.44,11.18,0.608,Medium,Leaf Crinkle
chickpea,23.75,69.57,82.16,0.44,0.356,Medium,Fusarium Wilt
coconut,27.97,79.23,183.85,4.68,0.496,Medium,Bud Rot
pigeonpeas,29.07,77.63,207.29,12.29,0.698,High,Fusarium Wilt
banana,14.36,100.0,215.87,5.13,0.651,High,Sigatoka Leaf Spot
pigeonpeas,23.38,61.11,239.15,7.58,0.488,Medium,Sterility Mosaic
apple,28.05,54.81,141.85,5.41,0.533,Medium,Apple Scab
banana,24.27,86.56,37.27,0.07,0.472,Medium,Sigatoka Leaf Spot
pigeonpeas,22.71,78.24,83.57,8.2,0.548,Medium,Fusarium Wilt
pigeonpeas,12.52,63.28,211.81,9.5,0.56,Medium,Fusarium Wilt
watermelon,23.29,97.43,109.94,8.34,0.673,High,Anthracnose
coconut,28.83,100.0,92.75,9.3,0.685,High,Leaf Blight
jute,25.77,89.96,40.94,11.58,0.533,Medium,Anthracnose
watermelon,35.0,77.72,41.21,2.03,0.347,Low,Healthy
kidneybeans,27.82,62.96,16.73,7.81,0.366,Medium,Bean Rust
coffee,29.91,51.59,6.2,5.87,0.414,Medium,Coffee Leaf Rust
watermelon,27.43,67.59,135.82,9.6,0.576,Medium,Fusarium Wilt
banana,25.55,77.48,153.91,2.64,0.545,Medium,Panama Wilt
mungbean,33.92,75.95,177.15,9.07,0.539,Medium,Cercospora Leaf Spot
coffee,28.45,81.15,66.39,14.4,0.608,Medium,Berry Disease
blackgram,20.18,71.57,112.6,4.72,0.55,Medium,Yellow Mosaic Virus
apple,36.23,69.28,7.3,4.61,0.448,Medium,Apple Scab
coffee,23.02,84.87,100.14,2.84,0.504,Medium,Berry Disease
orange,25.96,76.89,63.02,9.85,0.581,Medium,Greening (HLB)
coffee,15.36,70.35,55.91,13.81,0.581,Medium,Coffee Leaf Rust
maize,19.66,82.59,50.76,3.66,0.406,Medium,Maize Leaf Blight
coffee,25.26,72.48,120.11,12.26,0.607,Medium,Berry Disease
pigeonpeas,26.05,69.92,75.18,4.92,0.461,Medium,Fusarium Wilt
banana,32.44,77.21,68.65,6.3,0.576,Medium,Sigatoka Leaf Spot
papaya,24.97,66.97,209.44,9.32,0.586,Medium,Powdery Mildew
chickpea,35.11,81.51,400.0,5.24,0.677,High,Ascochyta Blight
mungbean,23.43,81.19,126.95,10.2,0.71,High,Cercospora Leaf Spot
grapes,36.57,79.0,382.89,9.99,0.564,Medium,Downy Mildew
orange,31.21,71.85,87.28,8.92,0.562,Medium,Greening (HLB)
papaya,15.59,71.71,99.09,2.95,0.423,Medium,Papaya Ring Spot Virus
apple,24.93,86.4,34.41,7.4,0.591,Medium,Apple Scab
apple,21.42,76.96,126.82,5.47,0.51,Medium,Apple Scab
papaya,32.36,59.91,97.15,7.5,0.521,Medium,Papaya Ring Spot Virus
chickpea,31.09,80.24,83.93,8.68,0.52,Medium,Fusarium Wilt
chickpea,30.68,56.34,60.91,15.09,0.59,Medium,Fusarium Wilt
pigeonpeas,25.93,68.58,98.76,12.99,0.588,Medium,Sterility Mosaic
cotton,24.64,89.26,109.05,3.15,0.461,Medium,Bacterial Blight
maize,23.65,75.62,59.06,3.5,0.533,Medium,Gray Leaf Spot
mungbean,33.86,96.4,53.0,7.05,0.616,Medium,Yellow Mosaic Virus
coconut,24.07,78.91,104.47,9.06,0.547,Medium,Leaf Blight
jute,24.3,77.89,60.96,12.74,0.582,Medium,Anthracnose
muskmelon,22.35,93.16,54.02,13.4,0.672,High,Powdery Mildew
mothbeans,25.68,67.66,96.73,6.32,0.533,Medium,Yellow Mosaic Virus
grapes,24.95,95.4,28.19,7.26,0.479,Medium,Downy Mildew
papaya,35.13,87.61,193.85,10.1,0.707,High,Papaya Ring Spot Virus
orange,28.51,80.32,109.25,2.82,0.501,Medium,Citrus Canker
coffee,26.91,66.0,55.71,0.4,0.431,Medium,Berry Disease
watermelon,29.32,58.02,69.1,10.57,0.506,Medium,Fusarium Wilt
grapes,27.32,77.44,97.64,6.77,0.557,Medium,Powdery Mildew
grapes,25.66,74.03,52.68,2.87,0.444,Medium,Downy Mildew
banana,27.5,80.16,53.19,2.66,0.562,Medium,Sigatoka Leaf Spot
papaya,20.61,80.71,55.98,10.05,0.53,Medium,Powdery Mildew
rice,32.86,84.01,317.71,1.71,0.588,Medium,Sheath Blight
coconut,32.7,59.0,147.54,4.32,0.455,Medium,Bud Rot
muskmelon,25.02,63.14,19.19,10.96,0.485,Medium,Downy Mildew
kidneybeans,26.38,77.35,183.03,1.74,0.562,Medium,Bean Rust
grapes,31.07,87.45,209.72,9.17,0.715,High,Powdery Mildew
pigeonpeas,35.55,97.21,193.25,7.18,0.627,Medium,Fusarium Wilt
chickpea,23.06,44.27,69.27,8.61,0.439,Medium,Fusarium Wilt
apple,36.62,63.51,15.47,12.94,0.528,Medium,Fire Blight
banana,15.22,61.7,134.01,7.96,0.44,Medium,Sigatoka Leaf Spot
coffee,19.32,74.72,106.28,8.84,0.601,Medium,Berry Disease
mungbean,20.35,81.65,66.87,11.68,0.612,Medium,Cercospora Leaf Spot
mungbean,19.68,59.25,32.97,7.27,0.437,Medium,Yellow Mosaic Virus
pomegranate,29.61,63.98,76.61,3.24,0.356,Medium,Fruit Rot
orange,19.75,87.12,61.97,12.31,0.623,Medium,Greening (HLB)
coconut,31.99,70.05,137.95,11.41,0.624,Medium,Leaf Blight
coffee,28.23,77.4,215.55,9.84,0.745,High,Coffee Leaf Rust
orange,21.41,75.35,76.29,2.48,0.469,Medium,Greening (HLB)
grapes,23.41,77.32,66.49,2.69,0.373,Medium,Powdery Mildew
cotton,22.24,71.65,28.21,6.69,0.476,Medium,Leaf Curl Virus
apple,25.71,72.35,68.41,0.76,0.379,Medium,Apple Scab
jute,29.23,76.5,107.49,3.55,0.47,Medium,Anthracnose
grapes,26.72,65.87,78.95,8.44,0.456,Medium,Downy Mildew
mango,31.0,64.45,129.61,4.6,0.555,Medium,Powdery Mildew
coconut,27.52,90.15,29.32,3.28,0.592,Medium,Bud Rot
apple,29.02,88.21,132.89,4.83,0.564,Medium,Fire Blight
banana,26.66,99.87,85.48,1.11,0.47,Medium,Panama Wilt
mothbeans,27.97,49.15,116.92,13.14,0.507,Medium,Powdery Mildew
papaya,21.47,73.8,57.77,8.44,0.475,Medium,Powdery Mildew
mothbeans,32.3,68.08,70.24,5.91,0.443,Medium,Powdery Mildew
pigeonpeas,31.27,82.47,29.38,5.25,0.504,Medium,Sterility Mosaic
mothbeans,24.71,82.64,39.92,6.46,0.522,Medium,Powdery Mildew
blackgram,20.11,90.66,75.26,9.35,0.616,Medium,Leaf Crinkle
blackgram,27.21,77.42,114.61,3.87,0.489,Medium,Yellow Mosaic Virus
mothbeans,20.95,82.63,82.04,0.13,0.436,Medium,Yellow Mosaic Virus
apple,22.96,55.57,105.09,10.83,0.585,Medium,Fire Blight
rice,28.58,89.47,53.49,0.0,0.473,Medium,Sheath Blight
papaya,26.3,100.0,45.78,4.26,0.584,Medium,Powdery Mildew
pomegranate,31.86,75.0,28.76,8.27,0.492,Medium,Bacterial Blight
apple,37.61,72.81,99.79,10.02,0.501,Medium,Fire Blight
watermelon,41.59,73.49,61.32,0.0,0.419,Medium,Fusarium Wilt
pomegranate,22.19,71.38,7.85,7.3,0.502,Medium,Fruit Rot
grapes,32.96,78.77,69.42,9.76,0.486,Medium,Powdery Mildew
lentil,27.05,72.49,31.15,7.22,0.497,Medium,Rust
apple,27.14,86.04,255.52,7.13,0.626,Medium,Apple Scab
coconut,23.84,81.3,51.73,13.29,0.628,Medium,Leaf Blight
grapes,30.15,66.5,84.58,7.12,0.482,Medium,Downy Mildew
watermelon,19.2,84.24,110.38,3.21,0.503,Medium,Fusarium Wilt
mothbeans,19.23,93.04,215.4,3.1,0.55,Medium,Yellow Mosaic Virus
maize,25.93,52.84,68.71,3.64,0.44,Medium,Maize Leaf Blight
watermelon,32.8,82.24,55.41,0.0,0.428,Medium,Anthracnose
lentil,32.13,78.85,154.17,3.6,0.514,Medium,Wilt
banana,27.12,75.71,74.56,4.32,0.428,Medium,Panama Wilt
muskmelon,29.2,54.98,45.0,4.56,0.483,Medium,Downy Mildew
apple,24.33,93.36,94.62,10.11,0.621,Medium,Apple Scab
mungbean,23.13,72.56,185.77,8.0,0.611,Medium,Cercospora Leaf Spot
papaya,18.94,91.73,106.37,11.43,0.674,High,Powdery Mildew
mothbeans,24.47,70.73,62.1,5.35,0.378,Medium,Yellow Mosaic Virus
jute,18.97,54.34,67.14,8.54,0.387,Medium,Anthracnose
grapes,31.03,82.07,76.98,11.86,0.553,Medium,Downy Mildew
mungbean,25.83,68.9,174.53,5.17,0.514,Medium,Yellow Mosaic Virus
papaya,26.75,76.06,86.86,8.65,0.559,Medium,Papaya Ring Spot Virus
pigeonpeas,20.34,65.12,139.61,0.0,0.479,Medium,Fusarium Wilt
mango,21.63,81.57,46.23,7.54,0.507,Medium,Anthracnose
mungbean,23.54,46.73,202.9,14.64,0.631,Medium,Cercospora Leaf Spot
coffee,19.99,72.65,31.55,5.79,0.395,Medium,Berry Disease
maize,23.28,67.41,155.73,0.56,0.436,Medium,Common Rust
grapes,29.25,83.88,140.67,7.88,0.549,Medium,Powdery Mildew
orange,25.02,94.6,2.22,9.72,0.686,High,Citrus Canker
blackgram,29.19,76.12,56.83,8.68,0.488,Medium,Yellow Mosaic Virus
mothbeans,31.08,72.71,75.19,14.66,0.565,Medium,Yellow Mosaic Virus
blackgram,16.02,83.34,92.41,7.56,0.441,Medium,Leaf Crinkle
kidneybeans,27.18,65.2,186.0,6.96,0.588,Medium,Bean Rust
maize,29.43,81.27,185.88,11.98,0.617,Medium,Maize Leaf Blight
rice,23.24,79.76,149.5,11.95,0.69,High,Sheath Blight
kidneybeans,26.0,66.51,159.69,2.31,0.47,Medium,Angular Leaf Spot
maize,17.96,93.52,121.23,5.14,0.591,Medium,Gray Leaf Spot
rice,24.41,93.13,157.96,3.95,0.592,Medium,Sheath Blight
chickpea,21.78,69.34,60.05,5.55,0.507,Medium,Fusarium Wilt
cotton,26.62,81.92,80.13,10.43,0.639,Medium,Leaf Curl Virus
mango,19.04,85.77,29.85,11.02,0.502,Medium,Anthracnose
pomegranate,26.38,89.18,157.35,13.56,0.768,High,Bacterial Blight
coffee,37.3,62.01,73.26,10.97,0.478,Medium,Coffee Leaf Rust
coconut,29.68,79.94,288.84,4.63,0.575,Medium,Bud Rot
cotton,26.23,70.79,183.88,11.15,0.583,Medium,Bacterial Blight
jute,30.2,81.5,33.45,8.25,0.582,Medium,Anthracnose
muskmelon,21.88,70.82,67.97,2.26,0.504,Medium,Downy Mildew
banana,28.91,79.88,110.97,0.0,0.432,Medium,Panama Wilt
maize,25.93,82.97,61.18,7.65,0.512,Medium,Maize Leaf Blight
papaya,34.84,68.03,189.54,8.66,0.551,Medium,Papaya Ring Spot Virus
pigeonpeas,23.57,79.96,89.71,2.18,0.425,Medium,Fusarium Wilt
apple,23.39,84.16,146.23,3.43,0.508,Medium,Fire Blight
kidneybeans,33.55,67.81,79.95,3.26,0.406,Medium,Bean Rust
pomegranate,21.05,93.02,328.15,1.33,0.554,Medium,Fruit Rot
banana,34.82,59.89,42.04,10.31,0.452,Medium,Sigatoka Leaf Spot
mothbeans,16.05,53.11,99.82,5.21,0.433,Medium,Yellow Mosaic Virus
pomegranate,29.63,77.62,132.49,10.77,0.661,High,Bacterial Blight
coffee,28.58,82.9,238.71,8.33,0.679,High,Coffee Leaf Rust
rice,21.44,89.29,121.76,1.02,0.552,Medium,Rice Blast
mango,27.69,65.88,47.58,7.5,0.516,Medium,Powdery Mildew
cotton,27.56,86.19,85.11,6.6,0.561,Medium,Leaf Curl Virus
watermelon,29.51,63.09,57.17,7.37,0.531,Medium,Anthracnose
grapes,31.19,49.85,44.22,0.3,0.239,Low,Healthy
watermelon,31.38,63.98,122.95,6.1,0.496,Medium,Anthracnose
maize,24.85,84.56,82.82,8.42,0.665,High,Maize Leaf Blight
cotton,36.72,79.09,80.66,8.58,0.463,Medium,Bacterial Blight
rice,22.4,80.97,111.44,6.29,0.55,Medium,Rice Blast
chickpea,24.29,63.63,400.0,8.4,0.588,Medium,Ascochyta Blight
pigeonpeas,25.48,87.34,14.37,6.07,0.578,Medium,Fusarium Wilt
watermelon,26.7,66.47,294.42,4.82,0.486,Medium,Anthracnose
banana,23.64,90.05,184.98,12.66,0.69,High,Panama Wilt
blackgram,23.09,98.13,17.89,8.36,0.613,Medium,Leaf Crinkle
banana,22.36,90.83,94.43,2.87,0.502,Medium,Sigatoka Leaf Spot
mothbeans,24.92,82.06,55.92,6.34,0.402,Medium,Powdery Mildew
mango,21.65,73.84,165.91,9.17,0.635,Medium,Anthracnose
pomegranate,25.16,51.13,248.78,8.68,0.481,Medium,Fruit Rot
lentil,22.71,86.71,42.49,4.76,0.5,Medium,Rust
pigeonpeas,25.92,87.86,15.1,17.78,0.546,Medium,Fusarium Wilt
mango,37.0,73.27,400.0,13.22,0.783,High,Powdery Mildew
kidneybeans,26.5,96.7,88.36,7.32,0.555,Medium,Bean Rust
mango,34.48,54.11,352.67,9.83,0.639,Medium,Anthracnose
grapes,27.19,69.79,249.89,2.65,0.51,Medium,Powdery Mildew
grapes,25.03,100.0,36.86,6.32,0.549,Medium,Powdery Mildew
coffee,20.98,75.88,47.45,10.69,0.564,Medium,Coffee Leaf Rust
watermelon,26.71,67.61,292.23,5.9,0.547,Medium,Fusarium Wilt
lentil,26.45,60.94,41.49,6.36,0.392,Medium,Wilt
lentil,30.33,73.46,274.82,13.55,0.768,High,Wilt
orange,25.22,75.62,270.77,11.71,0.709,High,Greening (HLB)
pomegranate,32.41,62.45,241.75,5.98,0.507,Medium,Fruit Rot
coconut,30.8,91.71,96.7,4.93,0.516,Medium,Leaf Blight
chickpea,30.27,72.16,166.24,2.78,0.499,Medium,Fusarium Wilt
maize,20.3,84.24,13.36,14.3,0.617,Medium,Maize Leaf Blight
mothbeans,28.52,61.59,113.27,5.36,0.457,Medium,Yellow Mosaic Virus
mothbeans,26.84,81.51,121.63,7.17,0.55,Medium,Powdery Mildew
banana,28.5,71.98,42.62,6.37,0.465,Medium,Sigatoka Leaf Spot
mango,24.43,88.34,50.79,2.83,0.53,Medium,Anthracnose
kidneybeans,22.56,87.59,400.0,10.78,0.676,High,Angular Leaf Spot
coffee,35.4,56.3,188.84,1.59,0.472,Medium,Berry Disease
chickpea,36.95,69.93,56.77,14.64,0.41,Medium,Fusarium Wilt
jute,24.86,57.5,78.83,9.81,0.581,Medium,Anthracnose
cotton,22.01,68.56,93.56,3.83,0.433,Medium,Leaf Curl Virus
mango,28.03,73.94,112.76,9.35,0.619,Medium,Powdery Mildew
mungbean,32.6,70.11,301.9,8.54,0.693,High,Cercospora Leaf Spot
papaya,22.68,63.0,90.53,5.86,0.557,Medium,Papaya Ring Spot Virus
kidneybeans,29.79,79.65,134.2,14.75,0.72,High,Angular Leaf Spot
apple,18.95,95.41,196.88,8.13,0.611,Medium,Apple Scab
mothbeans,29.19,76.9,2.71,9.7,0.612,Medium,Yellow Mosaic Virus
cotton,17.43,100.0,345.03,5.19,0.659,High,Bacterial Blight
kidneybeans,24.96,70.16,105.92,11.25,0.528,Medium,Bean Rust
watermelon,23.57,76.03,64.55,2.17,0.508,Medium,Fusarium Wilt
pigeonpeas,24.2,74.18,97.82,4.92,0.555,Medium,Fusarium Wilt
orange,21.85,100.0,317.91,8.35,0.784,High,Greening (HLB)
orange,29.91,76.44,400.0,7.19,0.721,High,Greening (HLB)
muskmelon,20.86,72.63,243.33,7.76,0.625,Medium,Downy Mildew
rice,27.11,94.22,82.58,8.72,0.64,Medium,Rice Blast
mungbean,30.39,60.06,44.17,9.16,0.449,Medium,Yellow Mosaic Virus
mungbean,27.78,77.88,62.78,16.63,0.764,High,Yellow Mosaic Virus
maize,25.47,88.25,137.04,9.92,0.659,High,Maize Leaf Blight
grapes,21.58,78.23,15.36,7.31,0.491,Medium,Powdery Mildew
papaya,22.26,64.57,168.43,4.89,0.444,Medium,Powdery Mildew
mothbeans,30.95,92.88,62.78,9.73,0.607,Medium,Powdery Mildew
grapes,35.55,93.39,153.62,9.23,0.641,Medium,Powdery Mildew
cotton,15.19,83.86,48.41,12.98,0.524,Medium,Bacterial Blight
grapes,30.05,100.0,273.18,11.16,0.791,High,Powdery Mildew
apple,20.06,80.8,107.63,6.3,0.507,Medium,Fire Blight
coconut,19.72,67.16,189.69,9.79,0.498,Medium,Leaf Blight
mango,27.58,54.03,138.43,2.92,0.355,Medium,Powdery Mildew
chickpea,29.69,74.86,77.54,4.73,0.51,Medium,Ascochyta Blight
pigeonpeas,25.5,61.46,114.4,4.19,0.392,Medium,Fusarium Wilt
grapes,20.24,85.64,102.81,4.74,0.423,Medium,Powdery Mildew
mungbean,30.1,89.31,204.75,12.08,0.665,High,Cercospora Leaf Spot
coconut,38.87,76.41,91.32,10.68,0.558,Medium,Leaf Blight
chickpea,27.89,82.71,138.67,14.57,0.702,High,Ascochyta Blight
pigeonpeas,26.85,95.26,100.43,6.97,0.614,Medium,Sterility Mosaic
watermelon,34.13,47.02,136.0,7.06,0.318,Low,Healthy
pomegranate,24.83,100.0,55.94,16.24,0.673,High,Fruit Rot
pigeonpeas,33.14,87.47,89.9,11.47,0.606,Medium,Sterility Mosaic
mothbeans,32.81,61.77,75.56,16.75,0.556,Medium,Powdery Mildew
jute,31.25,56.41,15.96,10.63,0.472,Medium,Stem Rot
mungbean,31.19,52.71,74.66,14.32,0.549,Medium,Yellow Mosaic Virus
blackgram,23.66,69.38,125.6,8.88,0.51,Medium,Yellow Mosaic Virus
mothbeans,30.43,70.04,82.24,16.03,0.692,High,Yellow Mosaic Virus
apple,19.64,77.5,222.55,3.64,0.577,Medium,Apple Scab
papaya,23.54,71.58,52.51,4.56,0.394,Medium,Powdery Mildew
apple,26.92,74.91,212.63,6.41,0.701,High,Apple Scab
blackgram,22.11,75.62,140.32,5.46,0.49,Medium,Leaf Crinkle
papaya,31.76,71.75,64.84,7.42,0.412,Medium,Powdery Mildew
maize,22.38,62.47,97.0,4.39,0.431,Medium,Maize Leaf Blight
coconut,22.48,62.22,194.67,12.3,0.596,Medium,Leaf Blight
kidneybeans,32.84,59.79,39.64,12.33,0.453,Medium,Angular Leaf Spot
chickpea,26.69,77.2,276.1,11.84,0.766,High,Ascochyta Blight
mango,31.49,84.44,39.79,15.43,0.632,Medium,Anthracnose
coconut,25.43,76.66,92.41,15.7,0.732,High,Bud Rot
orange,28.05,75.53,120.1,8.85,0.554,Medium,Greening (HLB)
cotton,23.24,100.0,76.48,14.0,0.647,Medium,Bacterial Blight
papaya,17.73,61.33,60.81,14.08,0.568,Medium,Papaya Ring Spot Virus
watermelon,26.3,64.48,187.89,8.8,0.574,Medium,Anthracnose
muskmelon,26.18,85.96,47.08,8.79,0.587,Medium,Powdery Mildew
muskmelon,33.93,70.95,42.02,8.44,0.468,Medium,Powdery Mildew
watermelon,17.56,71.56,158.78,8.66,0.557,Medium,Fusarium Wilt
pigeonpeas,41.02,71.72,13.4,0.0,0.342,Low,Healthy
pomegranate,26.04,70.34,91.63,5.9,0.536,Medium,Bacterial Blight
watermelon,35.93,63.88,77.8,11.09,0.555,Medium,Anthracnose
pigeonpeas,29.77,57.67,120.25,12.92,0.531,Medium,Fusarium Wilt
rice,23.23,62.61,31.26,5.94,0.394,Medium,Sheath Blight
mungbean,21.88,74.8,129.52,5.74,0.548,Medium,Cercospora Leaf Spot
chickpea,31.13,65.33,75.58,5.51,0.436,Medium,Fusarium Wilt
mothbeans,18.64,50.2,203.88,2.86,0.407,Medium,Yellow Mosaic Virus
papaya,33.46,75.87,111.06,2.99,0.442,Medium,Powdery Mildew
banana,29.45,86.62,20.84,2.34,0.461,Medium,Panama Wilt
apple,26.25,64.67,94.57,9.23,0.491,Medium,Apple Scab
pigeonpeas,17.25,69.64,113.09,7.43,0.471,Medium,Fusarium Wilt
rice,28.98,93.74,35.61,4.99,0.503,Medium,Sheath Blight
mothbeans,26.23,45.87,133.43,12.94,0.558,Medium,Powdery Mildew
orange,30.11,81.66,400.0,9.33,0.748,High,Citrus Canker
papaya,23.87,80.53,13.26,10.14,0.577,Medium,Papaya Ring Spot Virus
apple,28.69,95.22,19.57,8.79,0.596,Medium,Fire Blight
kidneybeans,26.72,96.23,147.53,5.09,0.691,High,Angular Leaf Spot
mango,32.86,94.81,97.47,10.93,0.593,Medium,Powdery Mildew
coconut,31.14,74.3,119.18,2.98,0.535,Medium,Leaf Blight
mothbeans,35.79,69.61,93.31,7.31,0.408,Medium,Yellow Mosaic Virus
maize,27.44,79.7,125.43,5.88,0.673,High,Common Rust
mungbean,30.21,83.26,266.33,8.66,0.712,High,Yellow Mosaic Virus
pomegranate,33.23,75.09,392.09,4.4,0.633,Medium,Bacterial Blight
papaya,24.07,71.44,53.44,15.23,0.581,Medium,Powdery Mildew
mothbeans,28.52,85.27,46.65,11.79,0.685,High,Powdery Mildew
watermelon,28.2,53.29,210.36,10.74,0.549,Medium,Fusarium Wilt
cotton,22.39,92.22,97.17,9.19,0.607,Medium,Bacterial Blight
grapes,35.95,91.13,265.42,0.0,0.5,Medium,Powdery Mildew
pomegranate,29.74,67.28,167.93,5.86,0.508,Medium,Fruit Rot
banana,18.37,68.65,91.33,12.44,0.495,Medium,Sigatoka Leaf Spot
coffee,33.5,84.05,108.38,7.95,0.63,Medium,Coffee Leaf Rust
pigeonpeas,39.4,66.21,41.26,3.22,0.364,Medium,Fusarium Wilt
coconut,28.58,84.62,101.11,11.29,0.677,High,Leaf Blight
pigeonpeas,37.61,78.38,149.2,3.25,0.415,Medium,Fusarium Wilt
watermelon,29.27,80.49,317.78,3.95,0.659,High,Fusarium Wilt
rice,25.98,69.1,61.43,9.02,0.562,Medium,Bacterial Leaf Blight
coconut,32.85,76.13,8.37,11.82,0.566,Medium,Leaf Blight
muskmelon,18.09,63.89,13.11,7.36,0.451,Medium,Downy Mildew
pigeonpeas,28.02,85.11,19.5,2.46,0.497,Medium,Fusarium Wilt
pomegranate,25.7,75.79,58.91,6.57,0.519,Medium,Fruit Rot
banana,27.31,81.27,105.33,3.98,0.502,Medium,Panama Wilt
maize,33.06,88.31,20.43,12.06,0.503,Medium,Common Rust
maize,31.32,77.13,156.87,4.05,0.45,Medium,Gray Leaf Spot
pigeonpeas,21.27,69.75,120.61,7.81,0.596,Medium,Sterility Mosaic
pigeonpeas,34.96,75.91,140.11,10.63,0.653,High,Fusarium Wilt
jute,25.28,68.6,126.6,7.2,0.514,Medium,Anthracnose
pigeonpeas,25.41,56.3,159.26,12.22,0.549,Medium,Fusarium Wilt
jute,30.02,78.05,32.56,9.93,0.585,Medium,Stem Rot
jute,31.55,80.29,94.48,11.7,0.556,Medium,Anthracnose
jute,26.84,75.33,97.03,16.75,0.665,High,Anthracnose
banana,24.76,75.59,48.9,9.14,0.532,Medium,Sigatoka Leaf Spot
coconut,26.34,54.56,9.4,5.35,0.397,Medium,Leaf Blight
pigeonpeas,29.39,74.87,29.49,8.31,0.503,Medium,Fusarium Wilt
lentil,22.97,68.57,129.34,5.18,0.398,Medium,Rust
coconut,22.16,74.73,59.76,13.19,0.523,Medium,Leaf Blight
orange,20.42,64.44,116.46,1.76,0.391,Medium,Greening (HLB)
maize,22.6,83.09,182.56,4.5,0.553,Medium,Common Rust
pigeonpeas,23.84,97.47,96.35,2.41,0.578,Medium,Sterility Mosaic
mothbeans,28.45,77.33,107.97,9.3,0.684,High,Powdery Mildew
coffee,23.27,57.62,34.55,2.26,0.403,Medium,Coffee Leaf Rust
kidneybeans,35.23,86.7,400.0,3.38,0.664,High,Bean Rust
apple,29.76,76.31,244.13,0.8,0.552,Medium,Apple Scab
blackgram,25.65,77.9,135.89,3.19,0.51,Medium,Leaf Crinkle
apple,30.73,92.05,93.29,7.17,0.581,Medium,Fire Blight
mothbeans,27.97,78.29,21.46,7.82,0.534,Medium,Powdery Mildew
chickpea,22.18,67.27,157.66,8.79,0.486,Medium,Fusarium Wilt
apple,19.27,60.92,106.75,6.0,0.469,Medium,Apple Scab
mungbean,23.9,90.69,118.51,4.83,0.501,Medium,Cercospora Leaf Spot
mothbeans,30.28,92.79,85.32,8.29,0.571,Medium,Yellow Mosaic Virus
papaya,35.45,83.57,212.54,3.18,0.54,Medium,Powdery Mildew
blackgram,27.28,65.2,89.23,0.85,0.343,Low,Healthy
mungbean,26.74,89.02,6.11,7.68,0.491,Medium,Cercospora Leaf Spot
mungbean,26.16,73.42,400.0,4.09,0.661,High,Cercospora Leaf Spot
muskmelon,28.71,100.0,59.0,10.05,0.615,Medium,Downy Mildew
pomegranate,28.24,76.02,109.16,8.85,0.611,Medium,Fruit Rot
lentil,30.68,71.24,63.8,11.25,0.526,Medium,Wilt
watermelon,25.82,93.14,148.36,3.9,0.557,Medium,Anthracnose
lentil,24.7,61.26,62.06,8.7,0.385,Medium,Wilt
coffee,30.09,100.0,117.91,8.79,0.644,Medium,Coffee Leaf Rust
blackgram,33.76,70.51,135.82,13.19,0.513,Medium,Yellow Mosaic Virus
grapes,25.69,67.67,44.63,11.5,0.47,Medium,Downy Mildew
grapes,26.41,79.89,42.51,3.54,0.471,Medium,Downy Mildew
mothbeans,28.03,55.4,116.58,2.85,0.434,Medium,Powdery Mildew
lentil,20.06,70.67,114.35,6.06,0.508,Medium,Wilt
cotton,22.9,63.67,91.09,7.1,0.449,Medium,Leaf Curl Virus
chickpea,34.72,66.92,67.59,4.97,0.352,Medium,Fusarium Wilt
pomegranate,29.75,74.91,133.19,3.32,0.5,Medium,Bacterial Blight
coconut,26.08,90.46,102.07,15.87,0.664,High,Bud Rot
cotton,27.18,55.91,95.63,12.43,0.507,Medium,Bacterial Blight
mungbean,26.69,100.0,125.4,9.63,0.656,High,Yellow Mosaic Virus
blackgram,25.03,99.78,27.68,8.39,0.592,Medium,Leaf Crinkle
watermelon,25.89,84.03,184.75,11.8,0.685,High,Fusarium Wilt
cotton,29.77,57.77,20.64,12.23,0.621,Medium,Bacterial Blight
mothbeans,25.67,68.83,69.66,5.61,0.517,Medium,Yellow Mosaic Virus
papaya,32.89,71.23,200.78,13.18,0.62,Medium,Papaya Ring Spot Virus
kidneybeans,30.92,72.75,41.14,8.68,0.559,Medium,Bean Rust
coconut,33.89,62.44,188.65,16.71,0.66,High,Bud Rot
blackgram,26.75,75.56,111.82,11.75,0.626,Medium,Yellow Mosaic Virus
mungbean,31.59,68.36,115.16,5.72,0.543,Medium,Cercospora Leaf Spot
blackgram,22.85,67.12,206.28,6.14,0.425,Medium,Leaf Crinkle
banana,24.45,71.17,83.17,9.26,0.504,Medium,Sigatoka Leaf Spot
maize,24.54,85.71,51.2,5.37,0.501,Medium,Gray Leaf Spot
chickpea,38.38,75.74,51.66,10.21,0.417,Medium,Fusarium Wilt
grapes,20.59,58.48,73.32,15.95,0.604,Medium,Powdery Mildew
watermelon,31.62,77.21,12.16,5.81,0.436,Medium,Fusarium Wilt
pomegranate,33.93,92.59,274.93,4.99,0.586,Medium,Bacterial Blight
cotton,21.06,82.29,84.75,13.73,0.532,Medium,Bacterial Blight
mango,27.31,88.31,130.52,11.25,0.697,High,Powdery Mildew
maize,22.64,99.01,104.43,0.89,0.503,Medium,Gray Leaf Spot
coconut,29.31,80.21,28.29,17.52,0.605,Medium,Leaf Blight
maize,34.73,72.65,121.46,6.21,0.51,Medium,Gray Leaf Spot
mothbeans,30.59,78.17,55.31,7.73,0.513,Medium,Yellow Mosaic Virus
mothbeans,18.77,65.18,68.19,12.57,0.659,High,Yellow Mosaic Virus
lentil,21.27,58.27,148.84,8.42,0.515,Medium,Wilt
jute,27.0,100.0,76.4,6.76,0.606,Medium,Anthracnose
papaya,23.84,72.44,74.17,5.74,0.47,Medium,Powdery Mildew
jute,29.07,71.83,111.39,1.26,0.49,Medium,Anthracnose
lentil,33.65,63.21,66.08,5.06,0.448,Medium,Wilt
rice,33.53,77.63,71.43,9.72,0.619,Medium,Bacterial Leaf Blight
lentil,17.81,87.09,30.06,8.82,0.548,Medium,Wilt
cotton,25.38,65.07,59.82,9.42,0.556,Medium,Bacterial Blight
grapes,25.01,82.88,46.8,7.57,0.497,Medium,Downy Mildew
kidneybeans,28.58,61.96,201.5,5.3,0.496,Medium,Angular Leaf Spot
rice,25.37,92.13,320.52,15.62,0.821,High,Sheath Blight
orange,26.62,64.99,31.87,16.93,0.69,High,Citrus Canker
lentil,27.41,75.8,48.97,4.94,0.614,Medium,Rust
coffee,34.54,72.63,124.62,9.25,0.644,Medium,Berry Disease
chickpea,26.81,71.24,49.05,6.7,0.498,Medium,Fusarium Wilt
apple,24.91,100.0,32.75,10.83,0.589,Medium,Fire Blight
coconut,23.46,62.52,244.77,17.01,0.703,High,Bud Rot
maize,30.31,75.19,68.37,9.31,0.575,Medium,Common Rust
blackgram,25.45,75.72,31.39,8.73,0.493,Medium,Leaf Crinkle
mungbean,30.04,98.54,90.54,14.11,0.672,High,Yellow Mosaic Virus
pomegranate,23.04,51.07,75.19,3.66,0.518,Medium,Bacterial Blight
apple,37.33,74.36,47.34,9.89,0.524,Medium,Fire Blight
grapes,21.33,89.17,99.53,8.09,0.532,Medium,Downy Mildew
mango,32.73,79.7,51.17,8.68,0.502,Medium,Anthracnose
pomegranate,26.77,85.01,92.33,7.1,0.462,Medium,Bacterial Blight
maize,36.11,56.73,202.58,8.41,0.492,Medium,Common Rust
apple,30.1,76.28,155.57,9.5,0.6,Medium,Fire Blight
pomegranate,29.61,72.54,182.64,3.95,0.46,Medium,Fruit Rot
coffee,25.05,85.07,133.33,4.5,0.533,Medium,Berry Disease
kidneybeans,32.09,86.89,47.89,7.82,0.531,Medium,Bean Rust
coffee,24.05,96.62,47.29,14.03,0.748,High,Berry Disease
papaya,27.63,51.17,102.13,19.13,0.61,Medium,Papaya Ring Spot Virus
coconut,26.03,74.59,227.13,9.69,0.699,High,Bud Rot
mango,26.54,100.0,51.99,11.13,0.614,Medium,Powdery Mildew
lentil,22.68,91.62,130.71,7.76,0.635,Medium,Rust
muskmelon,31.9,81.66,99.53,10.05,0.538,Medium,Powdery Mildew
jute,23.63,63.57,66.8,6.83,0.494,Medium,Stem Rot
cotton,19.96,61.79,288.0,13.93,0.624,Medium,Leaf Curl Virus
coconut,31.33,90.26,146.22,14.63,0.736,High,Bud Rot
lentil,28.88,74.37,178.22,6.99,0.484,Medium,Rust
muskmelon,30.98,73.9,243.26,10.07,0.571,Medium,Downy Mildew
chickpea,23.74,76.2,79.57,15.93,0.64,Medium,Fusarium Wilt
watermelon,26.15,64.42,56.56,4.0,0.414,Medium,Fusarium Wilt
apple,29.25,64.46,75.28,10.03,0.489,Medium,Apple Scab
coffee,26.49,55.95,54.91,9.96,0.39,Medium,Coffee Leaf Rust
chickpea,33.91,77.42,40.43,7.42,0.668,High,Ascochyta Blight
mothbeans,24.9,81.91,27.44,8.42,0.567,Medium,Yellow Mosaic Virus
rice,24.57,80.04,92.28,5.3,0.493,Medium,Rice Blast
mothbeans,24.18,81.74,229.17,5.95,0.614,Medium,Yellow Mosaic Virus
coffee,26.51,65.53,170.71,18.09,0.622,Medium,Berry Disease
cotton,20.55,84.01,25.04,15.22,0.729,High,Bacterial Blight
blackgram,25.23,60.05,145.99,5.49,0.454,Medium,Leaf Crinkle
mango,28.55,79.73,200.07,8.8,0.661,High,Anthracnose
mothbeans,23.16,75.09,79.96,14.36,0.632,Medium,Yellow Mosaic Virus
orange,28.0,90.35,279.77,5.22,0.627,Medium,Citrus Canker
coffee,32.83,72.64,210.98,6.06,0.493,Medium,Coffee Leaf Rust
mungbean,18.18,75.09,80.15,12.3,0.553,Medium,Yellow Mosaic Virus
mango,29.47,52.2,88.5,8.93,0.435,Medium,Anthracnose
grapes,26.0,64.04,80.74,3.91,0.468,Medium,Powdery Mildew
mothbeans,26.17,68.68,239.9,8.62,0.642,Medium,Yellow Mosaic Virus
pomegranate,25.82,92.45,166.04,0.23,0.487,Medium,Bacterial Blight
muskmelon,31.71,66.2,37.44,8.39,0.516,Medium,Downy Mildew
chickpea,17.15,74.33,96.93,17.54,0.62,Medium,Fusarium Wilt
orange,31.74,89.28,102.02,1.23,0.542,Medium,Citrus Canker
mungbean,31.57,73.22,59.09,10.34,0.581,Medium,Yellow Mosaic Virus
orange,38.39,68.49,33.38,5.87,0.479,Medium,Citrus Canker
lentil,28.36,88.11,62.82,2.17,0.538,Medium,Wilt
kidneybeans,26.31,85.18,149.36,4.06,0.532,Medium,Angular Leaf Spot
banana,29.25,64.01,122.53,11.97,0.526,Medium,Sigatoka Leaf Spot
orange,25.77,64.83,146.19,3.34,0.484,Medium,Citrus Canker
papaya,28.53,61.49,376.46,4.19,0.545,Medium,Papaya Ring Spot Virus
cotton,30.2,60.03,117.09,8.03,0.442,Medium,Leaf Curl Virus
orange,27.39,100.0,215.23,7.76,0.619,Medium,Greening (HLB)
mango,30.9,70.67,118.64,4.25,0.497,Medium,Anthracnose
maize,31.65,65.75,291.15,5.27,0.643,Medium,Maize Leaf Blight
lentil,25.49,95.52,157.45,9.82,0.648,Medium,Wilt
jute,21.67,78.25,66.07,13.72,0.717,High,Anthracnose
blackgram,23.73,68.39,35.38,7.54,0.524,Medium,Leaf Crinkle
rice,16.1,75.43,99.64,12.75,0.573,Medium,Bacterial Leaf Blight
mungbean,18.97,85.68,103.08,1.43,0.426,Medium,Cercospora Leaf Spot
mango,26.95,60.7,389.0,9.42,0.632,Medium,Anthracnose
cotton,23.11,81.44,84.92,12.42,0.595,Medium,Bacterial Blight
kidneybeans,30.9,74.74,216.44,12.8,0.718,High,Angular Leaf Spot
maize,30.49,100.0,195.65,9.79,0.758,High,Common Rust
pigeonpeas,35.65,67.66,171.63,3.73,0.482,Medium,Fusarium Wilt
jute,30.03,76.56,77.55,8.16,0.547,Medium,Stem Rot
lentil,33.69,77.46,157.25,13.6,0.662,High,Rust
maize,29.56,76.7,72.28,4.73,0.521,Medium,Maize Leaf Blight
coffee,25.87,82.08,162.21,6.16,0.6,Medium,Coffee Leaf Rust
kidneybeans,30.07,90.06,125.82,0.0,0.515,Medium,Bean Rust
mungbean,24.47,78.18,118.53,7.47,0.604,Medium,Cercospora Leaf Spot
mango,27.37,65.58,88.85,11.24,0.591,Medium,Powdery Mildew
muskmelon,19.29,67.48,192.98,1.49,0.499,Medium,Powdery Mildew
coffee,17.68,70.18,36.18,8.53,0.395,Medium,Coffee Leaf Rust
mango,29.55,78.86,192.73,9.65,0.598,Medium,Powdery Mildew
maize,27.07,65.52,110.41,2.67,0.394,Medium,Gray Leaf Spot
watermelon,27.03,73.28,73.19,8.7,0.567,Medium,Anthracnose
chickpea,30.59,76.36,30.85,13.53,0.666,High,Ascochyta Blight
chickpea,23.7,95.13,86.12,12.38,0.626,Medium,Fusarium Wilt
apple,25.49,88.34,126.05,7.32,0.62,Medium,Apple Scab
jute,26.28,71.83,91.05,10.49,0.538,Medium,Stem Rot
blackgram,27.01,68.4,92.67,6.38,0.506,Medium,Leaf Crinkle
muskmelon,30.6,80.82,16.05,11.49,0.578,Medium,Downy Mildew
maize,23.16,65.32,27.31,10.18,0.51,Medium,Gray Leaf Spot
pomegranate,27.06,85.17,239.19,7.85,0.66,High,Bacterial Blight
chickpea,26.15,90.27,52.5,11.82,0.676,High,Ascochyta Blight
pomegranate,29.05,82.24,80.69,5.64,0.521,Medium,Bacterial Blight
muskmelon,26.12,74.37,40.91,8.2,0.352,Medium,Downy Mildew
apple,28.9,75.95,27.3,8.77,0.538,Medium,Apple Scab
blackgram,29.48,78.12,60.93,6.21,0.5,Medium,Yellow Mosaic Virus
chickpea,29.12,75.23,252.42,4.93,0.577,Medium,Ascochyta Blight
watermelon,24.2,89.39,47.52,14.98,0.66,High,Fusarium Wilt
chickpea,22.65,76.04,45.26,16.61,0.627,Medium,Ascochyta Blight
muskmelon,32.98,52.49,90.43,11.3,0.505,Medium,Downy Mildew
grapes,22.8,79.5,84.48,9.53,0.63,Medium,Powdery Mildew
apple,31.33,73.91,75.21,10.35,0.528,Medium,Apple Scab
mothbeans,21.38,75.91,44.49,8.0,0.499,Medium,Yellow Mosaic Virus
apple,32.25,58.09,20.61,8.47,0.477,Medium,Apple Scab
orange,34.23,60.15,29.39,2.74,0.411,Medium,Citrus Canker
cotton,25.6,70.93,71.64,4.46,0.575,Medium,Bacterial Blight
orange,27.77,82.8,47.86,9.91,0.617,Medium,Citrus Canker
lentil,24.32,93.45,115.05,2.76,0.504,Medium,Wilt
grapes,31.47,63.25,171.56,11.25,0.613,Medium,Powdery Mildew
grapes,31.22,71.71,18.05,7.96,0.556,Medium,Powdery Mildew
grapes,27.38,91.41,53.61,6.08,0.61,Medium,Downy Mildew
kidneybeans,27.52,68.29,34.94,2.99,0.447,Medium,Bean Rust
rice,29.43,69.37,100.97,9.79,0.585,Medium,Sheath Blight
kidneybeans,26.52,78.81,86.26,10.09,0.565,Medium,Bean Rust
apple,31.34,64.83,368.29,11.2,0.679,High,Apple Scab
kidneybeans,27.7,100.0,205.94,4.5,0.65,High,Angular Leaf Spot
grapes,21.02,84.28,100.72,7.5,0.575,Medium,Downy Mildew
chickpea,18.86,70.82,171.63,11.13,0.504,Medium,Ascochyta Blight
cotton,24.69,78.86,43.44,12.78,0.61,Medium,Leaf Curl Virus
maize,28.34,63.59,86.7,3.97,0.423,Medium,Common Rust
papaya,25.93,76.39,152.27,8.66,0.568,Medium,Powdery Mildew
coffee,29.13,88.18,65.76,14.66,0.648,Medium,Coffee Leaf Rust
coffee,29.88,68.6,49.5,10.36,0.462,Medium,Coffee Leaf Rust
cotton,21.37,63.21,66.74,12.39,0.541,Medium,Leaf Curl Virus
rice,29.19,68.68,39.45,9.31,0.478,Medium,Bacterial Leaf Blight
cotton,26.97,81.7,22.04,7.87,0.623,Medium,Leaf Curl Virus
maize,20.28,65.59,90.62,17.2,0.598,Medium,Gray Leaf Spot
lentil,26.52,59.44,76.36,15.72,0.601,Medium,Rust
pomegranate,34.63,60.01,137.99,12.51,0.606,Medium,Fruit Rot
maize,32.66,46.87,280.71,12.31,0.516,Medium,Maize Leaf Blight
rice,20.92,56.24,163.08,3.91,0.439,Medium,Bacterial Leaf Blight
papaya,33.04,73.28,86.22,7.49,0.49,Medium,Powdery Mildew
pigeonpeas,26.46,82.43,105.83,9.35,0.583,Medium,Sterility Mosaic
cotton,23.76,65.65,189.94,11.97,0.497,Medium,Leaf Curl Virus
blackgram,33.44,72.1,87.31,4.27,0.372,Medium,Yellow Mosaic Virus
mungbean,26.39,84.44,232.91,7.87,0.615,Medium,Cercospora Leaf Spot
mothbeans,17.89,86.34,20.13,4.63,0.398,Medium,Yellow Mosaic Virus
chickpea,26.91,74.49,48.25,4.94,0.505,Medium,Fusarium Wilt
watermelon,23.01,86.66,167.74,9.01,0.592,Medium,Anthracnose
chickpea,23.0,68.44,96.21,15.2,0.628,Medium,Ascochyta Blight
mothbeans,24.64,85.43,12.51,4.48,0.478,Medium,Powdery Mildew
pomegranate,27.97,71.95,71.04,13.59,0.597,Medium,Fruit Rot
orange,18.8,88.63,184.62,8.22,0.702,High,Greening (HLB)
grapes,27.44,71.48,238.63,3.22,0.456,Medium,Powdery Mildew
mango,18.49,60.67,27.13,5.54,0.382,Medium,Powdery Mildew
coffee,29.78,69.62,52.28,9.47,0.49,Medium,Coffee Leaf Rust
blackgram,24.46,80.28,37.39,9.25,0.491,Medium,Leaf Crinkle
chickpea,28.78,83.96,93.32,6.78,0.555,Medium,Fusarium Wilt
coffee,28.81,75.75,88.95,10.7,0.666,High,Berry Disease
maize,32.79,100.0,131.16,6.03,0.518,Medium,Maize Leaf Blight
coconut,33.33,73.52,102.6,11.88,0.659,High,Bud Rot
jute,26.71,65.43,109.85,0.0,0.464,Medium,Stem Rot
mothbeans,24.5,70.55,107.59,7.47,0.354,Medium,Powdery Mildew
maize,40.17,81.67,68.2,3.96,0.521,Medium,Gray Leaf Spot
orange,18.25,67.74,105.67,0.0,0.419,Medium,Citrus Canker
rice,33.26,68.74,69.92,11.16,0.605,Medium,Bacterial Leaf Blight
grapes,17.38,71.5,212.24,4.39,0.548,Medium,Powdery Mildew
rice,24.14,73.01,328.12,9.66,0.663,High,Sheath Blight
lentil,33.48,64.22,101.82,9.24,0.487,Medium,Wilt
orange,24.19,77.29,233.92,14.48,0.72,High,Citrus Canker
rice,14.95,61.12,78.93,10.86,0.572,Medium,Sheath Blight
mango,25.91,81.11,157.66,9.36,0.628,Medium,Powdery Mildew
grapes,28.95,67.31,86.86,1.03,0.548,Medium,Downy Mildew
lentil,23.65,85.17,165.74,6.1,0.54,Medium,Wilt
grapes,25.37,66.99,230.69,13.68,0.645,Medium,Downy Mildew
orange,24.53,92.51,105.33,5.66,0.533,Medium,Citrus Canker
muskmelon,21.23,82.72,122.2,7.81,0.66,High,Powdery Mildew
lentil,26.55,86.96,56.33,11.05,0.562,Medium,Wilt
banana,25.07,75.54,72.94,1.12,0.498,Medium,Panama Wilt
blackgram,28.93,69.8,45.54,0.18,0.388,Medium,Yellow Mosaic Virus
blackgram,32.79,75.2,21.6,3.54,0.374,Medium,Yellow Mosaic Virus
jute,27.9,93.32,87.38,8.49,0.624,Medium,Stem Rot
pomegranate,37.96,74.01,83.39,9.31,0.452,Medium,Fruit Rot
rice,25.42,74.8,47.41,11.11,0.569,Medium,Sheath Blight
apple,21.29,59.37,162.19,6.15,0.507,Medium,Apple Scab
apple,25.38,62.14,44.22,9.23,0.493,Medium,Fire Blight
coffee,23.19,76.84,88.31,7.08,0.47,Medium,Coffee Leaf Rust
blackgram,27.37,66.59,110.05,3.44,0.465,Medium,Yellow Mosaic Virus
kidneybeans,22.18,61.99,28.24,9.16,0.473,Medium,Angular Leaf Spot
jute,28.67,81.51,63.19,9.67,0.656,High,Stem Rot
banana,29.6,71.57,233.72,9.52,0.55,Medium,Sigatoka Leaf Spot
muskmelon,20.92,73.36,63.96,10.96,0.555,Medium,Powdery Mildew
orange,16.28,66.67,116.23,11.18,0.508,Medium,Citrus Canker
pigeonpeas,24.36,62.14,201.11,5.2,0.581,Medium,Fusarium Wilt
papaya,27.52,86.08,278.6,8.98,0.763,High,Papaya Ring Spot Virus
chickpea,27.43,46.99,92.9,11.47,0.461,Medium,Fusarium Wilt
muskmelon,22.74,67.03,68.81,13.48,0.612,Medium,Downy Mildew
mungbean,30.21,96.12,22.16,10.16,0.633,Medium,Yellow Mosaic Virus
jute,32.34,64.57,298.22,8.21,0.506,Medium,Stem Rot
mango,37.86,59.85,130.02,18.76,0.661,High,Powdery Mildew
coconut,21.69,72.38,105.74,6.14,0.524,Medium,Leaf Blight
pomegranate,27.6,60.08,66.26,7.16,0.448,Medium,Bacterial Blight
mungbean,26.75,71.07,137.59,2.96,0.421,Medium,Yellow Mosaic Virus
pigeonpeas,27.37,68.71,49.22,11.06,0.517,Medium,Sterility Mosaic
coconut,23.76,72.69,83.12,4.73,0.495,Medium,Leaf Blight
rice,26.18,53.97,107.47,3.65,0.451,Medium,Bacterial Leaf Blight
kidneybeans,32.48,66.23,102.43,6.91,0.469,Medium,Bean Rust
mothbeans,32.95,70.62,200.09,6.19,0.594,Medium,Powdery Mildew
watermelon,24.7,71.71,128.34,8.3,0.583,Medium,Anthracnose
rice,33.06,71.11,17.86,4.39,0.412,Medium,Bacterial Leaf Blight
lentil,32.72,77.72,68.26,12.88,0.631,Medium,Rust
mango,29.57,54.15,98.85,13.13,0.595,Medium,Anthracnose
cotton,22.72,91.38,28.48,4.7,0.521,Medium,Leaf Curl Virus
orange,24.99,83.92,236.98,11.04,0.728,High,Citrus Canker
papaya,20.52,74.97,36.15,5.09,0.46,Medium,Powdery Mildew
mungbean,22.19,69.34,84.37,6.63,0.488,Medium,Yellow Mosaic Virus
rice,25.85,55.89,44.65,13.28,0.668,High,Rice Blast
jute,24.87,70.4,83.62,15.23,0.668,High,Anthracnose
muskmelon,25.44,55.43,170.09,0.0,0.446,Medium,Downy Mildew
orange,22.21,73.45,63.31,8.14,0.508,Medium,Citrus Canker
coffee,28.33,67.87,86.83,9.5,0.538,Medium,Coffee Leaf Rust
mothbeans,20.27,68.14,221.74,5.04,0.587,Medium,Powdery Mildew
lentil,18.68,75.63,36.83,5.65,0.426,Medium,Wilt
maize,20.52,95.47,214.2,2.61,0.598,Medium,Gray Leaf Spot
apple,32.32,97.63,55.44,7.79,0.627,Medium,Apple Scab
rice,24.71,71.48,337.63,4.15,0.626,Medium,Rice Blast
papaya,24.01,65.0,100.48,10.48,0.597,Medium,Papaya Ring Spot Virus
apple,18.84,76.82,79.93,1.39,0.464,Medium,Apple Scab
pigeonpeas,30.63,78.29,198.86,15.04,0.717,High,Fusarium Wilt
maize,34.45,79.31,103.61,14.73,0.679,High,Gray Leaf Spot
chickpea,24.62,93.58,73.69,2.09,0.519,Medium,Fusarium Wilt
mothbeans,26.88,91.77,186.42,5.95,0.71,High,Powdery Mildew
coffee,24.59,72.67,230.62,3.63,0.62,Medium,Berry Disease
jute,32.55,93.33,99.54,6.9,0.649,Medium,Stem Rot
banana,25.67,74.16,134.82,13.28,0.534,Medium,Panama Wilt
pigeonpeas,24.71,74.09,152.57,1.59,0.517,Medium,Fusarium Wilt
coffee,28.74,66.5,63.13,6.53,0.519,Medium,Coffee Leaf Rust
papaya,28.38,68.98,52.4,9.6,0.51,Medium,Powdery Mildew
grapes,24.1,83.48,48.22,12.16,0.608,Medium,Powdery Mildew
coffee,32.52,77.48,47.16,5.88,0.587,Medium,Berry Disease
mungbean,34.39,63.94,152.17,18.46,0.602,Medium,Yellow Mosaic Virus
chickpea,22.17,71.66,118.54,15.51,0.594,Medium,Fusarium Wilt
blackgram,24.43,83.34,14.47,6.35,0.572,Medium,Leaf Crinkle
blackgram,24.57,52.72,234.44,5.07,0.445,Medium,Leaf Crinkle
mothbeans,24.13,94.02,34.52,16.75,0.744,High,Yellow Mosaic Virus
apple,26.45,100.0,344.93,0.61,0.744,High,Apple Scab
watermelon,28.61,84.65,66.36,9.43,0.547,Medium,Anthracnose
cotton,28.71,66.5,120.1,10.2,0.556,Medium,Bacterial Blight
pomegranate,21.54,63.67,154.21,2.19,0.515,Medium,Fruit Rot
mango,19.96,62.0,171.44,9.23,0.523,Medium,Anthracnose
grapes,27.19,72.35,217.35,10.54,0.607,Medium,Powdery Mildew
chickpea,27.33,76.38,192.44,12.91,0.674,High,Fusarium Wilt
papaya,27.43,64.03,163.54,6.15,0.557,Medium,Papaya Ring Spot Virus
mango,21.47,64.13,59.96,12.31,0.474,Medium,Powdery Mildew
mango,37.67,98.66,65.68,11.75,0.583,Medium,Anthracnose
maize,30.84,84.83,64.01,10.16,0.543,Medium,Maize Leaf Blight
apple,35.95,48.67,82.21,13.63,0.462,Medium,Fire Blight
mungbean,23.38,64.56,54.21,6.05,0.571,Medium,Yellow Mosaic Virus
chickpea,28.2,69.0,23.35,2.77,0.471,Medium,Fusarium Wilt
blackgram,27.33,97.43,341.32,7.93,0.73,High,Leaf Crinkle
jute,23.91,63.74,78.64,4.44,0.447,Medium,Stem Rot
maize,15.11,65.58,111.09,9.91,0.532,Medium,Maize Leaf Blight
pomegranate,28.94,91.71,145.57,12.44,0.638,Medium,Fruit Rot
lentil,29.92,64.28,185.4,9.58,0.592,Medium,Rust
coconut,24.35,58.77,65.14,8.85,0.571,Medium,Bud Rot
muskmelon,35.83,73.11,197.65,15.73,0.69,High,Downy Mildew
mungbean,30.73,69.92,31.79,13.73,0.529,Medium,Yellow Mosaic Virus
pigeonpeas,25.05,79.19,68.31,3.7,0.509,Medium,Fusarium Wilt
chickpea,25.41,72.96,26.58,9.18,0.617,Medium,Ascochyta Blight
chickpea,19.32,57.27,61.25,5.57,0.439,Medium,Fusarium Wilt
watermelon,26.86,91.16,159.53,7.48,0.536,Medium,Fusarium Wilt
muskmelon,27.44,75.99,94.15,7.57,0.623,Medium,Downy Mildew
cotton,30.94,74.11,293.01,11.87,0.722,High,Bacterial Blight
coconut,22.73,53.77,35.84,13.0,0.395,Medium,Bud Rot
pomegranate,19.0,85.29,121.5,5.22,0.534,Medium,Bacterial Blight
pigeonpeas,33.07,67.8,171.99,13.97,0.679,High,Sterility Mosaic
mungbean,21.45,87.34,36.16,4.94,0.51,Medium,Yellow Mosaic Virus
muskmelon,31.66,58.74,223.13,7.87,0.555,Medium,Downy Mildew
coffee,32.35,74.79,236.12,12.56,0.697,High,Berry Disease
cotton,32.34,68.31,124.2,13.16,0.532,Medium,Leaf Curl Virus
mothbeans,33.64,70.68,52.91,3.36,0.453,Medium,Powdery Mildew
blackgram,26.55,58.69,268.97,7.05,0.546,Medium,Leaf Crinkle
muskmelon,23.74,83.14,197.72,15.24,0.728,High,Powdery Mildew
kidneybeans,29.07,80.54,61.39,7.27,0.399,Medium,Bean Rust
kidneybeans,32.39,54.82,108.99,4.96,0.428,Medium,Bean Rust
coconut,36.64,67.08,259.02,7.87,0.485,Medium,Leaf Blight
blackgram,31.3,70.8,400.0,5.89,0.693,High,Yellow Mosaic Virus
jute,25.52,57.2,104.42,5.55,0.463,Medium,Stem Rot
blackgram,27.02,68.19,83.66,9.96,0.564,Medium,Yellow Mosaic Virus
grapes,25.58,56.74,102.36,13.62,0.591,Medium,Powdery Mildew
muskmelon,26.56,82.77,108.21,4.76,0.586,Medium,Downy Mildew
kidneybeans,24.32,62.38,82.96,5.92,0.425,Medium,Angular Leaf Spot
apple,18.92,71.82,104.54,5.96,0.508,Medium,Apple Scab
coffee,23.51,63.07,82.8,13.03,0.496,Medium,Berry Disease
watermelon,23.43,66.42,341.29,11.82,0.695,High,Fusarium Wilt
mungbean,25.23,90.35,100.04,1.85,0.562,Medium,Cercospora Leaf Spot
mothbeans,29.98,70.0,43.28,8.99,0.517,Medium,Powdery Mildew
muskmelon,34.0,65.27,243.8,18.01,0.705,High,Downy Mildew
cotton,18.89,61.1,111.51,4.66,0.408,Medium,Bacterial Blight
jute,29.02,62.95,99.51,14.35,0.596,Medium,Anthracnose
coconut,24.94,66.99,79.67,10.47,0.54,Medium,Leaf Blight
rice,26.1,71.96,88.17,3.97,0.526,Medium,Bacterial Leaf Blight
orange,22.74,90.42,161.43,8.83,0.651,High,Greening (HLB)
kidneybeans,31.69,74.9,6.08,12.6,0.565,Medium,Angular Leaf Spot
orange,23.22,90.94,58.93,3.84,0.568,Medium,Citrus Canker
pomegranate,21.24,88.85,233.21,7.01,0.664,High,Fruit Rot
rice,25.05,58.48,157.71,2.12,0.398,Medium,Bacterial Leaf Blight
kidneybeans,23.76,96.1,105.76,6.74,0.526,Medium,Angular Leaf Spot
papaya,25.24,64.63,98.55,2.55,0.445,Medium,Papaya Ring Spot Virus
papaya,26.55,90.65,202.19,6.54,0.626,Medium,Powdery Mildew
mango,35.76,81.64,165.67,6.84,0.503,Medium,Powdery Mildew
watermelon,24.83,88.24,48.43,6.28,0.587,Medium,Fusarium Wilt
jute,31.4,65.09,84.71,11.43,0.466,Medium,Anthracnose
apple,31.83,73.69,202.04,9.64,0.616,Medium,Fire Blight
mungbean,30.97,61.27,14.36,3.98,0.396,Medium,Cercospora Leaf Spot
coconut,35.25,86.77,241.29,12.91,0.698,High,Leaf Blight
grapes,35.98,75.52,81.01,13.89,0.556,Medium,Downy Mildew
grapes,28.59,79.03,77.65,13.42,0.621,Medium,Downy Mildew
kidneybeans,27.39,81.6,307.81,7.75,0.658,High,Bean Rust
mungbean,23.36,89.65,68.6,6.51,0.556,Medium,Yellow Mosaic Virus
grapes,27.22,95.26,37.48,6.47,0.543,Medium,Powdery Mildew
papaya,29.66,73.2,216.27,10.16,0.633,Medium,Powdery Mildew
coffee,26.92,68.36,162.24,6.62,0.536,Medium,Coffee Leaf Rust
pigeonpeas,19.95,82.29,113.41,9.41,0.57,Medium,Sterility Mosaic
coconut,24.85,54.27,107.99,4.74,0.349,Low,Healthy
mango,23.05,74.69,74.59,7.39,0.458,Medium,Powdery Mildew
kidneybeans,32.59,88.78,46.5,4.61,0.501,Medium,Angular Leaf Spot
coffee,27.77,65.19,131.19,5.84,0.561,Medium,Coffee Leaf Rust
papaya,19.67,96.15,79.28,5.05,0.468,Medium,Powdery Mildew
muskmelon,26.7,54.99,106.78,4.9,0.46,Medium,Downy Mildew
jute,30.68,75.02,93.85,1.88,0.421,Medium,Anthracnose
orange,24.31,68.88,21.94,10.73,0.518,Medium,Greening (HLB)
coffee,27.57,57.03,160.33,5.34,0.454,Medium,Berry Disease
chickpea,25.84,78.08,114.4,4.33,0.531,Medium,Fusarium Wilt
jute,20.97,68.08,13.38,1.24,0.317,Low,Healthy
chickpea,20.4,75.14,345.35,1.1,0.407,Medium,Ascochyta Blight
mothbeans,21.16,99.22,51.97,3.36,0.468,Medium,Yellow Mosaic Virus
muskmelon,25.69,62.67,24.27,3.45,0.436,Medium,Powdery Mildew
muskmelon,21.36,64.0,89.02,5.44,0.369,Medium,Powdery Mildew
banana,21.09,86.69,129.39,12.0,0.746,High,Sigatoka Leaf Spot
mango,31.74,60.37,197.78,5.5,0.512,Medium,Anthracnose
apple,25.72,67.94,29.47,6.19,0.59,Medium,Apple Scab
jute,29.5,75.37,68.25,13.47,0.634,Medium,Anthracnose
kidneybeans,26.75,74.28,173.69,9.47,0.713,High,Angular Leaf Spot
rice,27.92,60.31,27.05,14.89,0.547,Medium,Sheath Blight
banana,25.81,81.35,156.96,3.62,0.512,Medium,Panama Wilt
pomegranate,24.19,71.55,159.88,14.19,0.703,High,Fruit Rot
kidneybeans,26.87,85.13,215.55,7.69,0.56,Medium,Angular Leaf Spot
muskmelon,34.74,53.58,134.5,7.9,0.414,Medium,Downy Mildew
maize,19.51,59.28,10.64,3.53,0.346,Low,Healthy
chickpea,28.06,79.58,95.92,5.53,0.589,Medium,Fusarium Wilt
pomegranate,33.1,65.92,87.24,5.74,0.381,Medium,Bacterial Blight
coconut,16.99,66.41,170.19,13.76,0.677,High,Bud Rot
rice,31.19,98.96,41.27,9.07,0.566,Medium,Sheath Blight
mango,36.44,70.03,87.36,10.53,0.594,Medium,Anthracnose
kidneybeans,31.34,53.17,22.97,7.48,0.436,Medium,Angular Leaf Spot
kidneybeans,29.13,72.52,110.39,11.12,0.514,Medium,Bean Rust
pigeonpeas,28.65,71.32,160.4,6.52,0.587,Medium,Fusarium Wilt
mothbeans,27.26,79.42,17.6,4.72,0.558,Medium,Yellow Mosaic Virus
cotton,33.7,63.04,299.59,1.48,0.45,Medium,Leaf Curl Virus
maize,24.18,69.68,96.96,6.78,0.491,Medium,Maize Leaf Blight
lentil,24.65,68.8,104.94,0.0,0.453,Medium,Rust
pigeonpeas,20.09,77.37,374.17,7.76,0.737,High,Sterility Mosaic
pomegranate,19.35,66.7,36.41,4.04,0.345,Low,Healthy
chickpea,30.34,73.24,106.37,4.56,0.536,Medium,Ascochyta Blight
mothbeans,26.23,70.05,29.15,4.79,0.414,Medium,Yellow Mosaic Virus
apple,32.37,71.02,25.89,6.05,0.382,Medium,Fire Blight
pigeonpeas,26.67,87.43,155.53,6.39,0.673,High,Sterility Mosaic
muskmelon,25.95,63.66,302.58,8.68,0.651,High,Powdery Mildew
banana,19.46,71.34,12.45,3.82,0.476,Medium,Panama Wilt
pigeonpeas,25.47,88.83,253.97,3.44,0.611,Medium,Sterility Mosaic
lentil,28.91,66.36,220.11,5.61,0.627,Medium,Rust
papaya,26.47,70.78,129.65,7.37,0.633,Medium,Powdery Mildew
mungbean,27.25,76.19,105.47,7.26,0.491,Medium,Cercospora Leaf Spot
cotton,24.58,73.4,201.33,2.92,0.505,Medium,Bacterial Blight
blackgram,19.5,75.06,329.84,9.1,0.592,Medium,Yellow Mosaic Virus
maize,24.65,80.23,50.91,10.21,0.425,Medium,Gray Leaf Spot
mungbean,18.9,62.39,54.8,8.37,0.518,Medium,Cercospora Leaf Spot
lentil,22.86,65.6,265.91,7.55,0.623,Medium,Rust
chickpea,25.95,71.05,81.46,8.92,0.557,Medium,Ascochyta Blight
watermelon,25.75,71.37,271.19,6.0,0.551,Medium,Fusarium Wilt
pomegranate,25.35,92.12,77.09,6.45,0.554,Medium,Fruit Rot
lentil,23.53,68.49,85.28,6.05,0.474,Medium,Wilt
apple,29.43,67.88,10.38,2.2,0.411,Medium,Apple Scab
cotton,31.4,72.34,36.1,12.95,0.511,Medium,Leaf Curl Virus
muskmelon,32.13,85.12,25.89,7.08,0.539,Medium,Downy Mildew
muskmelon,35.28,86.52,98.33,6.71,0.554,Medium,Downy Mildew
banana,20.88,84.82,149.89,16.77,0.729,High,Sigatoka Leaf Spot
jute,31.89,92.16,275.65,5.05,0.634,Medium,Anthracnose
jute,11.49,85.66,155.63,16.73,0.697,High,Anthracnose
chickpea,17.74,85.34,223.61,9.39,0.613,Medium,Ascochyta Blight
pomegranate,28.47,68.06,20.94,10.56,0.542,Medium,Fruit Rot
muskmelon,23.58,94.31,308.03,8.18,0.715,High,Powdery Mildew
mungbean,22.76,72.09,140.78,1.37,0.389,Medium,Cercospora Leaf Spot
banana,28.88,58.17,192.3,3.83,0.569,Medium,Sigatoka Leaf Spot
cotton,24.39,66.86,62.48,8.54,0.569,Medium,Bacterial Blight
mungbean,32.55,78.26,25.95,8.66,0.571,Medium,Cercospora Leaf Spot
lentil,24.76,77.06,54.51,8.23,0.507,Medium,Wilt
grapes,23.24,80.75,115.31,10.82,0.596,Medium,Downy Mildew
pomegranate,28.24,95.24,91.28,13.16,0.731,High,Fruit Rot
mothbeans,38.23,100.0,287.27,7.66,0.735,High,Powdery Mildew
coconut,29.28,65.47,31.64,10.56,0.532,Medium,Bud Rot
cotton,29.45,77.27,127.19,8.2,0.582,Medium,Leaf Curl Virus
apple,28.22,89.75,235.43,9.66,0.7,High,Apple Scab
orange,35.39,66.28,70.77,10.9,0.493,Medium,Greening (HLB)
mungbean,26.82,70.82,179.23,12.34,0.581,Medium,Yellow Mosaic Virus
cotton,31.87,57.99,113.84,11.69,0.494,Medium,Leaf Curl Virus
lentil,26.45,69.33,100.14,9.94,0.579,Medium,Wilt
pomegranate,25.83,79.07,97.98,2.8,0.545,Medium,Fruit Rot
maize,21.54,57.64,301.54,9.52,0.576,Medium,Gray Leaf Spot
cotton,28.1,73.0,98.48,9.29,0.515,Medium,Bacterial Blight
grapes,30.35,66.91,29.85,14.58,0.59,Medium,Powdery Mildew
orange,22.52,76.0,144.49,18.69,0.717,High,Citrus Canker
kidneybeans,35.08,77.12,45.0,0.44,0.348,Low,Healthy
grapes,25.58,79.23,133.33,11.49,0.671,High,Downy Mildew
mungbean,24.3,77.76,118.31,15.36,0.734,High,Yellow Mosaic Virus
watermelon,29.92,66.04,186.53,7.61,0.552,Medium,Fusarium Wilt
rice,21.69,68.65,46.3,0.97,0.323,Low,Healthy
kidneybeans,31.48,82.1,113.93,5.23,0.523,Medium,Angular Leaf Spot
apple,33.46,89.55,182.81,4.64,0.616,Medium,Apple Scab
orange,11.25,71.31,130.6,8.95,0.483,Medium,Citrus Canker
kidneybeans,22.4,86.72,26.93,8.41,0.521,Medium,Bean Rust
kidneybeans,30.42,78.88,95.61,4.42,0.547,Medium,Bean Rust
papaya,29.52,92.53,120.69,9.53,0.639,Medium,Powdery Mildew
mothbeans,20.04,94.68,37.5,9.03,0.526,Medium,Powdery Mildew
mungbean,29.08,62.88,74.2,11.2,0.454,Medium,Cercospora Leaf Spot
orange,32.04,79.85,81.73,12.05,0.509,Medium,Greening (HLB)
mothbeans,20.18,70.8,21.13,12.05,0.539,Medium,Yellow Mosaic Virus
jute,24.87,73.86,162.81,3.26,0.598,Medium,Stem Rot
kidneybeans,20.09,72.83,179.85,7.0,0.487,Medium,Angular Leaf Spot
banana,25.18,59.39,66.08,7.66,0.48,Medium,Sigatoka Leaf Spot
mungbean,27.08,66.1,40.46,11.39,0.614,Medium,Yellow Mosaic Virus
mothbeans,24.43,77.85,99.02,5.9,0.546,Medium,Yellow Mosaic Virus
muskmelon,23.21,62.81,326.02,5.79,0.603,Medium,Downy Mildew
mothbeans,24.91,88.83,238.04,2.6,0.644,Medium,Yellow Mosaic Virus
blackgram,34.04,78.98,300.14,12.31,0.713,High,Yellow Mosaic Virus
coconut,22.08,74.92,78.34,6.04,0.525,Medium,Bud Rot
grapes,33.61,75.25,222.57,7.68,0.573,Medium,Powdery Mildew
lentil,29.86,72.37,116.81,4.85,0.493,Medium,Rust
kidneybeans,27.14,69.69,214.9,9.57,0.734,High,Angular Leaf Spot
orange,28.6,86.88,119.29,4.53,0.597,Medium,Greening (HLB)
rice,32.64,80.61,47.12,4.16,0.52,Medium,Rice Blast
lentil,24.44,66.46,107.96,12.8,0.619,Medium,Wilt
kidneybeans,29.13,79.83,100.96,13.22,0.556,Medium,Angular Leaf Spot
banana,25.57,71.11,68.78,12.75,0.524,Medium,Panama Wilt
pomegranate,35.81,48.45,223.89,12.75,0.432,Medium,Bacterial Blight
blackgram,23.54,72.81,222.6,3.88,0.542,Medium,Leaf Crinkle
mungbean,18.39,68.56,58.51,0.0,0.367,Medium,Yellow Mosaic Virus
blackgram,18.89,82.3,108.91,11.21,0.586,Medium,Leaf Crinkle
jute,24.42,87.25,288.0,6.41,0.617,Medium,Stem Rot
banana,28.51,83.31,54.71,3.65,0.512,Medium,Sigatoka Leaf Spot
chickpea,35.18,85.42,74.75,8.62,0.411,Medium,Fusarium Wilt
rice,19.09,92.71,131.33,5.72,0.608,Medium,Sheath Blight
blackgram,12.63,62.36,142.57,3.14,0.328,Low,Healthy
apple,28.15,84.06,256.44,6.3,0.613,Medium,Fire Blight
banana,22.22,76.31,400.0,8.93,0.716,High,Sigatoka Leaf Spot
mango,23.99,84.11,75.78,11.64,0.571,Medium,Powdery Mildew
kidneybeans,37.28,64.27,358.0,4.75,0.446,Medium,Bean Rust
jute,19.84,94.04,81.71,13.24,0.635,Medium,Anthracnose
kidneybeans,26.85,68.22,124.74,4.69,0.509,Medium,Angular Leaf Spot
watermelon,25.61,71.43,87.47,8.66,0.507,Medium,Fusarium Wilt
mothbeans,29.42,67.38,4.14,14.22,0.501,Medium,Yellow Mosaic Virus
muskmelon,20.92,82.1,71.17,11.96,0.612,Medium,Powdery Mildew
kidneybeans,32.67,84.19,215.85,10.61,0.68,High,Bean Rust
blackgram,33.91,99.93,235.54,9.8,0.678,High,Yellow Mosaic Virus
rice,30.97,70.82,68.29,7.23,0.437,Medium,Rice Blast
watermelon,27.76,77.89,98.3,13.18,0.604,Medium,Fusarium Wilt
mothbeans,22.21,79.44,34.04,7.94,0.426,Medium,Powdery Mildew
kidneybeans,24.29,99.54,58.92,4.47,0.585,Medium,Angular Leaf Spot
papaya,26.82,82.55,100.15,2.73,0.565,Medium,Powdery Mildew
orange,37.79,64.2,137.88,0.0,0.412,Medium,Citrus Canker
lentil,21.75,91.59,147.61,9.25,0.737,High,Rust
coffee,27.17,91.68,24.5,2.71,0.567,Medium,Coffee Leaf Rust
coffee,30.29,58.85,211.28,7.5,0.453,Medium,Berry Disease
lentil,19.69,94.91,126.79,14.37,0.733,High,Rust
kidneybeans,33.28,64.76,66.33,8.96,0.474,Medium,Angular Leaf Spot
banana,16.67,86.28,65.98,8.78,0.519,Medium,Sigatoka Leaf Spot
chickpea,29.19,87.53,130.8,0.0,0.486,Medium,Fusarium Wilt
maize,31.85,85.49,41.59,8.43,0.635,Medium,Gray Leaf Spot
rice,29.45,89.4,124.13,9.34,0.482,Medium,Rice Blast
lentil,23.08,68.44,54.5,7.96,0.468,Medium,Rust
coconut,28.11,77.28,325.72,4.88,0.588,Medium,Bud Rot
pigeonpeas,30.42,76.61,161.42,8.65,0.577,Medium,Sterility Mosaic
muskmelon,15.61,63.67,145.66,9.21,0.445,Medium,Downy Mildew
lentil,20.83,70.63,209.1,7.34,0.529,Medium,Wilt
apple,27.62,83.68,86.96,11.16,0.668,High,Apple Scab
banana,29.19,74.74,164.0,13.65,0.7,High,Panama Wilt
papaya,31.48,77.11,44.6,6.85,0.481,Medium,Powdery Mildew
papaya,26.97,64.14,122.31,7.65,0.589,Medium,Powdery Mildew
pomegranate,27.25,80.49,177.62,9.25,0.681,High,Bacterial Blight
mothbeans,28.16,55.64,136.02,7.5,0.439,Medium,Yellow Mosaic Virus
blackgram,31.56,62.02,131.51,9.79,0.461,Medium,Yellow Mosaic Virus
muskmelon,24.33,75.67,101.75,1.55,0.465,Medium,Downy Mildew
maize,23.11,67.44,38.43,7.42,0.416,Medium,Gray Leaf Spot
rice,15.28,86.31,41.46,2.45,0.368,Medium,Bacterial Leaf Blight
lentil,36.87,62.88,109.08,6.75,0.404,Medium,Rust
papaya,30.75,96.71,98.26,7.9,0.632,Medium,Powdery Mildew
kidneybeans,24.8,98.7,22.26,4.02,0.59,Medium,Bean Rust
apple,39.61,68.61,142.29,8.53,0.484,Medium,Fire Blight
coffee,34.81,73.2,92.71,10.59,0.61,Medium,Coffee Leaf Rust
blackgram,23.01,83.03,99.72,7.01,0.526,Medium,Yellow Mosaic Virus
pomegranate,30.11,78.46,155.08,7.77,0.473,Medium,Fruit Rot
chickpea,27.89,79.22,88.54,6.93,0.521,Medium,Ascochyta Blight
grapes,31.43,73.26,19.93,0.44,0.411,Medium,Downy Mildew
chickpea,26.52,88.7,46.12,11.38,0.601,Medium,Ascochyta Blight
maize,26.95,94.08,112.85,5.36,0.632,Medium,Maize Leaf Blight
muskmelon,21.65,78.59,144.75,4.99,0.467,Medium,Downy Mildew
pigeonpeas,36.86,73.12,243.3,3.91,0.497,Medium,Fusarium Wilt
coffee,32.07,62.77,17.85,10.08,0.453,Medium,Berry Disease
orange,23.72,69.1,49.9,5.51,0.506,Medium,Citrus Canker
mango,36.53,100.0,127.36,6.68,0.606,Medium,Powdery Mildew
kidneybeans,26.75,90.66,100.29,5.74,0.56,Medium,Bean Rust
muskmelon,32.88,63.31,90.91,9.67,0.51,Medium,Powdery Mildew
apple,19.66,68.9,84.48,8.1,0.562,Medium,Fire Blight
rice,28.71,95.74,41.38,11.11,0.657,High,Bacterial Leaf Blight
mango,27.59,81.98,43.6,6.85,0.543,Medium,Anthracnose
coffee,29.52,77.89,83.13,11.74,0.524,Medium,Berry Disease
banana,36.08,97.26,81.06,9.11,0.616,Medium,Panama Wilt
grapes,28.16,65.59,82.86,10.36,0.556,Medium,Powdery Mildew
pigeonpeas,23.89,64.56,63.6,7.47,0.449,Medium,Sterility Mosaic
chickpea,23.55,82.22,56.1,7.02,0.502,Medium,Fusarium Wilt
coffee,21.42,64.63,76.35,3.84,0.429,Medium,Berry Disease
mothbeans,25.57,72.84,97.49,9.25,0.508,Medium,Powdery Mildew
grapes,25.75,70.14,234.84,6.16,0.626,Medium,Downy Mildew
kidneybeans,29.5,94.71,129.98,10.88,0.611,Medium,Bean Rust
pomegranate,20.84,98.26,50.37,7.03,0.635,Medium,Bacterial Blight
cotton,30.22,70.98,30.89,12.41,0.517,Medium,Leaf Curl Virus
papaya,26.89,92.29,197.89,13.46,0.756,High,Papaya Ring Spot Virus
kidneybeans,36.62,71.11,124.34,5.8,0.571,Medium,Bean Rust
mungbean,29.06,60.56,50.55,10.72,0.485,Medium,Cercospora Leaf Spot
mango,34.85,49.45,177.4,4.55,0.504,Medium,Anthracnose
orange,22.77,74.14,145.41,11.78,0.601,Medium,Greening (HLB)
chickpea,32.13,74.76,49.07,6.23,0.523,Medium,Fusarium Wilt
apple,24.88,75.26,62.77,8.31,0.499,Medium,Apple Scab
maize,27.73,72.9,204.83,1.51,0.553,Medium,Gray Leaf Spot
coffee,25.5,45.94,148.14,6.81,0.45,Medium,Berry Disease
apple,27.31,77.74,39.62,12.58,0.571,Medium,Fire Blight
maize,17.43,87.46,63.52,7.65,0.541,Medium,Common Rust
watermelon,28.97,82.33,92.96,15.22,0.71,High,Anthracnose
rice,25.36,74.26,38.61,13.2,0.614,Medium,Bacterial Leaf Blight
coffee,23.8,89.82,28.75,14.58,0.586,Medium,Berry Disease
coffee,25.53,59.7,179.52,7.06,0.469,Medium,Coffee Leaf Rust
muskmelon,37.55,78.98,81.79,8.41,0.499,Medium,Powdery Mildew
muskmelon,26.41,77.12,146.85,4.93,0.531,Medium,Powdery Mildew
coffee,32.27,87.89,39.63,7.96,0.512,Medium,Berry Disease
pomegranate,23.46,71.39,107.11,9.76,0.556,Medium,Fruit Rot
blackgram,28.85,78.85,45.07,10.15,0.554,Medium,Leaf Crinkle
coffee,32.32,75.27,32.85,12.15,0.514,Medium,Coffee Leaf Rust
coconut,30.37,63.69,400.0,3.94,0.594,Medium,Leaf Blight
orange,26.3,82.84,121.15,6.65,0.662,High,Citrus Canker
maize,17.72,72.84,101.09,4.75,0.436,Medium,Gray Leaf Spot
rice,30.01,72.81,151.53,12.73,0.607,Medium,Sheath Blight
muskmelon,25.05,69.36,59.89,16.9,0.69,High,Powdery Mildew
mothbeans,25.34,89.43,27.19,3.14,0.507,Medium,Yellow Mosaic Virus
jute,32.07,69.45,159.53,6.23,0.588,Medium,Stem Rot
apple,23.63,85.21,36.6,14.58,0.655,High,Apple Scab
muskmelon,28.16,74.56,135.23,7.03,0.542,Medium,Downy Mildew
maize,31.23,78.83,232.67,6.67,0.737,High,Common Rust
grapes,31.28,70.12,25.94,11.61,0.487,Medium,Powdery Mildew
coffee,18.47,79.45,78.3,3.49,0.461,Medium,Coffee Leaf Rust
grapes,29.8,59.79,92.59,7.41,0.515,Medium,Powdery Mildew
coffee,20.77,67.01,181.67,5.54,0.486,Medium,Berry Disease
pomegranate,32.14,83.13,39.04,4.35,0.491,Medium,Bacterial Blight
orange,34.83,71.1,12.87,10.1,0.452,Medium,Greening (HLB)
muskmelon,31.35,86.12,109.56,6.19,0.457,Medium,Powdery Mildew
mothbeans,33.55,83.06,70.7,6.6,0.604,Medium,Powdery Mildew
rice,25.64,61.17,82.51,8.32,0.558,Medium,Sheath Blight
orange,22.48,75.47,103.5,8.27,0.649,Medium,Citrus Canker
cotton,26.65,62.23,231.3,8.37,0.54,Medium,Bacterial Blight
muskmelon,35.82,69.33,26.38,10.61,0.45,Medium,Powdery Mildew
orange,21.96,72.8,149.43,9.55,0.544,Medium,Citrus Canker
jute,32.01,69.25,57.58,2.68,0.439,Medium,Stem Rot
coconut,43.53,67.05,130.62,8.18,0.421,Medium,Bud Rot
kidneybeans,23.57,77.63,29.69,5.92,0.515,Medium,Angular Leaf Spot
rice,23.69,76.66,171.19,10.12,0.577,Medium,Sheath Blight
pigeonpeas,24.63,76.53,170.79,5.91,0.582,Medium,Fusarium Wilt
coconut,31.64,71.37,281.34,4.88,0.607,Medium,Leaf Blight
lentil,28.91,74.8,248.37,7.61,0.69,High,Rust
mungbean,34.17,62.45,52.48,9.13,0.438,Medium,Yellow Mosaic Virus
rice,26.45,79.23,171.93,8.52,0.658,High,Sheath Blight
maize,28.21,81.68,96.73,5.1,0.56,Medium,Common Rust
apple,33.83,71.64,389.96,14.26,0.705,High,Fire Blight
blackgram,34.65,58.74,121.99,4.48,0.465,Medium,Yellow Mosaic Virus
kidneybeans,21.06,77.16,27.59,3.84,0.427,Medium,Angular Leaf Spot
blackgram,22.07,100.0,79.58,10.27,0.62,Medium,Leaf Crinkle
banana,24.98,99.24,125.44,10.52,0.746,High,Panama Wilt
jute,31.18,87.25,73.83,6.96,0.588,Medium,Stem Rot
orange,29.97,50.47,29.29,10.84,0.475,Medium,Greening (HLB)
mothbeans,25.34,73.43,149.56,6.92,0.554,Medium,Yellow Mosaic Virus
cotton,35.59,65.14,16.38,7.41,0.462,Medium,Leaf Curl Virus
mango,24.01,74.4,146.07,11.63,0.563,Medium,Anthracnose
rice,38.41,78.57,185.62,7.26,0.509,Medium,Rice Blast
pigeonpeas,24.8,80.55,245.16,10.75,0.707,High,Sterility Mosaic
lentil,19.57,59.89,100.1,7.9,0.428,Medium,Rust
coconut,31.05,77.32,331.46,1.05,0.585,Medium,Leaf Blight
rice,27.66,62.97,91.74,2.54,0.432,Medium,Sheath Blight
orange,31.49,33.43,49.84,12.94,0.473,Medium,Greening (HLB)
watermelon,18.74,79.04,41.77,9.52,0.562,Medium,Fusarium Wilt
mango,23.17,81.45,36.59,11.59,0.569,Medium,Powdery Mildew
apple,29.53,62.3,46.67,11.83,0.537,Medium,Apple Scab
mothbeans,15.79,63.04,36.82,0.0,0.304,Low,Healthy
jute,28.36,78.07,41.95,8.2,0.547,Medium,Stem Rot
coconut,26.78,84.63,149.21,7.63,0.637,Medium,Leaf Blight
muskmelon,27.15,82.79,66.04,6.05,0.522,Medium,Powdery Mildew
cotton,26.76,79.91,107.11,4.33,0.612,Medium,Leaf Curl Virus
grapes,27.35,70.97,21.13,8.92,0.564,Medium,Downy Mildew
mango,24.57,64.55,94.61,17.06,0.63,Medium,Anthracnose
cotton,27.78,69.03,98.18,5.25,0.467,Medium,Leaf Curl Virus
mungbean,28.53,38.01,400.0,9.37,0.646,Medium,Yellow Mosaic Virus
mango,27.89,74.44,153.55,12.07,0.64,Medium,Anthracnose
maize,30.77,71.47,4.3,3.93,0.457,Medium,Maize Leaf Blight
chickpea,33.55,91.08,145.63,7.04,0.553,Medium,Ascochyta Blight
papaya,30.31,81.2,141.09,6.36,0.511,Medium,Papaya Ring Spot Virus
coconut,25.61,89.35,37.25,1.12,0.524,Medium,Bud Rot
lentil,28.03,80.19,121.17,16.66,0.656,High,Wilt
orange,24.78,72.04,301.71,5.49,0.611,Medium,Citrus Canker
papaya,26.16,74.02,156.13,9.41,0.616,Medium,Powdery Mildew
mungbean,28.49,60.82,204.88,13.4,0.643,Medium,Yellow Mosaic Virus
cotton,27.34,89.59,40.76,10.65,0.607,Medium,Leaf Curl Virus
rice,29.36,87.15,112.53,8.21,0.601,Medium,Rice Blast
lentil,28.44,74.23,130.64,5.63,0.525,Medium,Rust
apple,24.99,78.38,251.41,2.09,0.534,Medium,Fire Blight
lentil,28.95,65.13,119.91,1.02,0.511,Medium,Wilt
rice,26.72,72.96,50.96,4.59,0.52,Medium,Sheath Blight
papaya,21.66,100.0,145.3,10.49,0.583,Medium,Papaya Ring Spot Virus
coffee,31.43,73.52,138.66,7.58,0.513,Medium,Coffee Leaf Rust
banana,32.69,94.83,199.53,2.5,0.48,Medium,Sigatoka Leaf Spot
grapes,24.14,90.84,101.95,5.42,0.55,Medium,Downy Mildew
lentil,21.89,92.65,210.44,8.95,0.661,High,Wilt
maize,29.55,93.35,105.09,0.63,0.489,Medium,Gray Leaf Spot
lentil,17.23,85.36,63.15,5.04,0.594,Medium,Wilt
banana,40.17,76.16,79.24,4.34,0.441,Medium,Panama Wilt
mothbeans,31.25,83.99,36.34,7.64,0.485,Medium,Yellow Mosaic Virus
watermelon,27.27,51.93,44.6,8.37,0.538,Medium,Fusarium Wilt
mothbeans,25.61,78.96,169.34,3.54,0.567,Medium,Yellow Mosaic Virus
rice,37.04,63.49,169.99,4.28,0.531,Medium,Rice Blast
jute,21.73,70.85,252.2,12.23,0.617,Medium,Stem Rot
banana,34.13,91.7,112.55,5.05,0.521,Medium,Panama Wilt
banana,37.45,94.08,117.78,12.84,0.606,Medium,Panama Wilt
watermelon,24.65,79.88,65.77,7.05,0.484,Medium,Fusarium Wilt
grapes,35.16,71.56,179.11,10.17,0.571,Medium,Downy Mildew
apple,24.35,88.49,71.79,3.49,0.484,Medium,Apple Scab
mango,23.69,97.47,87.16,16.34,0.87,High,Powdery Mildew
orange,27.03,72.79,115.54,8.09,0.627,Medium,Greening (HLB)
lentil,21.8,52.56,88.68,7.95,0.505,Medium,Wilt
banana,28.87,58.31,101.28,11.1,0.441,Medium,Sigatoka Leaf Spot
mango,31.57,75.78,134.35,0.0,0.382,Medium,Anthracnose
mothbeans,34.13,75.09,186.74,1.59,0.558,Medium,Powdery Mildew
jute,22.37,81.75,57.82,4.74,0.513,Medium,Anthracnose
cotton,25.99,78.87,22.56,2.84,0.433,Medium,Leaf Curl Virus
mothbeans,26.04,93.79,70.99,10.43,0.595,Medium,Yellow Mosaic Virus
coffee,37.41,71.5,4.25,0.74,0.322,Low,Healthy
mungbean,26.65,53.92,44.13,7.47,0.463,Medium,Yellow Mosaic Virus
grapes,26.54,68.14,219.53,5.01,0.467,Medium,Downy Mildew
jute,39.84,72.92,4.26,7.53,0.418,Medium,Anthracnose
muskmelon,25.94,83.33,76.78,16.98,0.639,Medium,Powdery Mildew
blackgram,27.79,77.71,30.3,4.75,0.483,Medium,Leaf Crinkle
chickpea,17.57,70.23,104.42,7.01,0.508,Medium,Fusarium Wilt
orange,31.5,74.09,57.1,0.0,0.422,Medium,Greening (HLB)
mothbeans,25.87,76.15,115.81,8.34,0.636,Medium,Yellow Mosaic Virus
kidneybeans,19.08,61.06,35.85,8.98,0.48,Medium,Angular Leaf Spot
watermelon,33.17,71.26,154.24,5.43,0.573,Medium,Anthracnose
muskmelon,21.61,83.9,99.9,4.21,0.489,Medium,Downy Mildew
orange,25.65,100.0,120.54,4.64,0.564,Medium,Greening (HLB)
grapes,24.74,82.52,33.09,12.56,0.54,Medium,Powdery Mildew
lentil,24.66,94.46,48.77,13.07,0.639,Medium,Rust
kidneybeans,26.4,72.96,178.45,12.65,0.69,High,Bean Rust
papaya,26.05,67.01,209.78,3.03,0.573,Medium,Powdery Mildew
kidneybeans,32.01,86.33,80.89,2.19,0.531,Medium,Angular Leaf Spot
kidneybeans,30.98,85.71,126.44,8.75,0.611,Medium,Bean Rust
papaya,17.43,49.35,109.08,14.56,0.564,Medium,Powdery Mildew
rice,26.7,62.14,139.55,7.69,0.522,Medium,Bacterial Leaf Blight
apple,26.89,71.29,77.71,11.23,0.625,Medium,Fire Blight
banana,21.33,66.47,274.2,7.27,0.521,Medium,Panama Wilt
coffee,16.21,93.2,99.2,8.19,0.55,Medium,Coffee Leaf Rust
mothbeans,27.18,77.52,52.25,3.49,0.493,Medium,Yellow Mosaic Virus
jute,33.68,77.99,190.9,6.84,0.565,Medium,Anthracnose
coconut,23.6,76.68,140.46,3.76,0.548,Medium,Leaf Blight
jute,28.84,69.11,50.96,4.12,0.501,Medium,Anthracnose
watermelon,21.7,74.47,89.27,4.83,0.506,Medium,Fusarium Wilt
watermelon,23.04,83.12,73.89,7.24,0.472,Medium,Anthracnose
maize,26.86,77.32,386.78,9.69,0.788,High,Maize Leaf Blight
pomegranate,15.35,52.52,132.67,2.25,0.311,Low,Healthy
jute,32.09,71.0,262.88,3.62,0.566,Medium,Stem Rot
papaya,27.51,66.68,10.46,5.11,0.482,Medium,Powdery Mildew
kidneybeans,32.94,71.25,168.04,8.02,0.562,Medium,Bean Rust
grapes,17.1,100.0,122.79,4.52,0.507,Medium,Downy Mildew
watermelon,26.72,89.82,28.93,7.87,0.605,Medium,Fusarium Wilt
cotton,25.4,95.96,360.01,4.35,0.688,High,Leaf Curl Virus
rice,28.16,77.81,122.44,7.41,0.562,Medium,Bacterial Leaf Blight
orange,24.67,79.83,162.64,5.03,0.5,Medium,Greening (HLB)
watermelon,26.06,98.8,53.25,7.66,0.636,Medium,Anthracnose
blackgram,29.79,65.11,131.23,9.01,0.586,Medium,Leaf Crinkle
mothbeans,32.56,86.81,277.57,2.69,0.629,Medium,Yellow Mosaic Virus
orange,25.75,84.94,139.12,10.07,0.704,High,Greening (HLB)
watermelon,28.2,78.95,194.3,10.76,0.608,Medium,Anthracnose
kidneybeans,28.78,98.54,96.71,6.2,0.585,Medium,Angular Leaf Spot
watermelon,29.95,83.35,84.2,6.61,0.603,Medium,Anthracnose
lentil,31.51,75.23,42.11,8.95,0.569,Medium,Rust
coconut,31.55,73.94,246.57,6.53,0.652,High,Bud Rot
grapes,36.65,58.94,143.46,12.49,0.514,Medium,Downy Mildew
kidneybeans,28.38,69.07,178.74,7.74,0.542,Medium,Bean Rust
jute,23.76,78.26,38.58,6.61,0.625,Medium,Stem Rot
watermelon,23.36,81.4,86.33,7.48,0.403,Medium,Anthracnose
maize,30.31,67.3,119.01,10.69,0.584,Medium,Gray Leaf Spot
coffee,20.95,72.74,219.76,2.57,0.53,Medium,Coffee Leaf Rust
cotton,33.0,92.09,209.95,2.29,0.52,Medium,Leaf Curl Virus
pomegranate,18.91,82.79,252.08,5.31,0.543,Medium,Fruit Rot
banana,35.08,88.12,160.57,4.03,0.553,Medium,Sigatoka Leaf Spot
lentil,24.03,72.64,152.59,3.77,0.576,Medium,Wilt
watermelon,30.88,80.83,241.39,1.08,0.542,Medium,Anthracnose
chickpea,24.04,88.29,124.46,5.03,0.562,Medium,Ascochyta Blight
kidneybeans,17.76,71.24,32.82,8.98,0.438,Medium,Bean Rust
cotton,24.43,83.99,75.73,7.28,0.53,Medium,Leaf Curl Virus
pomegranate,22.04,63.99,270.24,1.29,0.517,Medium,Bacterial Blight
kidneybeans,33.8,73.29,329.59,7.86,0.664,High,Angular Leaf Spot
grapes,27.12,74.41,93.39,4.83,0.544,Medium,Powdery Mildew
blackgram,26.43,71.09,140.24,1.37,0.43,Medium,Yellow Mosaic Virus
coconut,28.11,68.36,203.55,7.55,0.651,High,Leaf Blight
papaya,25.49,68.24,98.38,10.05,0.525,Medium,Papaya Ring Spot Virus
mungbean,34.11,72.41,77.43,9.32,0.504,Medium,Yellow Mosaic Virus
maize,27.07,75.14,92.59,2.06,0.489,Medium,Common Rust
muskmelon,20.85,84.19,281.19,5.79,0.587,Medium,Powdery Mildew
orange,22.87,81.44,36.45,12.57,0.562,Medium,Greening (HLB)
chickpea,35.93,85.64,56.12,9.03,0.515,Medium,Fusarium Wilt
watermelon,19.76,82.12,252.01,14.25,0.619,Medium,Fusarium Wilt
kidneybeans,27.26,61.24,137.03,7.68,0.517,Medium,Angular Leaf Spot
jute,28.37,55.97,96.34,4.56,0.466,Medium,Stem Rot
lentil,26.71,78.17,29.99,12.84,0.604,Medium,Rust
banana,16.21,72.6,199.13,11.68,0.599,Medium,Sigatoka Leaf Spot
cotton,32.0,93.02,337.25,5.33,0.646,Medium,Leaf Curl Virus
jute,19.09,66.03,72.57,10.69,0.562,Medium,Stem Rot
muskmelon,29.29,80.66,400.0,7.43,0.68,High,Downy Mildew
blackgram,25.41,69.7,171.42,14.3,0.656,High,Leaf Crinkle
orange,29.25,64.25,87.94,2.32,0.532,Medium,Greening (HLB)
coconut,17.45,70.76,182.97,10.8,0.585,Medium,Leaf Blight
jute,20.62,84.77,18.54,6.29,0.489,Medium,Stem Rot
muskmelon,27.1,62.21,142.16,16.85,0.721,High,Downy Mildew
jute,19.14,89.06,73.12,5.83,0.461,Medium,Anthracnose
coffee,29.84,76.02,82.63,4.1,0.545,Medium,Coffee Leaf Rust
coconut,31.07,51.22,97.91,11.56,0.528,Medium,Bud Rot
maize,29.77,77.99,200.25,12.87,0.715,High,Maize Leaf Blight
cotton,32.66,64.35,84.78,6.07,0.395,Medium,Leaf Curl Virus
jute,27.99,85.36,185.63,5.91,0.662,High,Stem Rot
chickpea,31.87,90.72,184.17,10.93,0.682,High,Ascochyta Blight
jute,26.47,66.55,126.72,8.78,0.606,Medium,Stem Rot
orange,22.11,75.59,103.88,16.25,0.677,High,Citrus Canker
muskmelon,23.44,86.71,91.05,8.07,0.65,Medium,Powdery Mildew
rice,30.77,71.99,4.65,12.93,0.406,Medium,Sheath Blight
mothbeans,28.25,66.13,184.86,5.66,0.446,Medium,Yellow Mosaic Virus
muskmelon,25.29,79.28,188.18,3.6,0.543,Medium,Downy Mildew
banana,16.63,77.12,165.22,14.06,0.686,High,Panama Wilt
orange,26.51,77.32,56.99,10.29,0.591,Medium,Greening (HLB)
blackgram,21.39,77.82,98.5,12.27,0.617,Medium,Leaf Crinkle
cotton,28.37,80.71,123.54,5.1,0.532,Medium,Bacterial Blight
mango,29.42,51.04,131.08,13.01,0.615,Medium,Powdery Mildew
grapes,32.35,75.66,292.02,4.59,0.605,Medium,Powdery Mildew
pigeonpeas,22.33,63.29,166.23,0.0,0.461,Medium,Sterility Mosaic
mungbean,24.74,97.07,212.21,6.12,0.596,Medium,Cercospora Leaf Spot
watermelon,31.01,72.15,60.9,12.86,0.569,Medium,Anthracnose
watermelon,26.44,69.44,69.26,3.68,0.447,Medium,Anthracnose
mango,29.59,94.51,84.49,2.12,0.645,Medium,Powdery Mildew
blackgram,24.84,75.8,106.44,2.72,0.553,Medium,Yellow Mosaic Virus
apple,27.42,67.85,143.23,13.24,0.579,Medium,Apple Scab
watermelon,25.2,73.82,163.92,11.86,0.561,Medium,Fusarium Wilt
watermelon,30.68,89.19,105.7,7.8,0.556,Medium,Anthracnose
muskmelon,29.36,57.61,102.03,13.37,0.637,Medium,Powdery Mildew
cotton,26.98,69.37,36.18,5.85,0.463,Medium,Bacterial Blight
watermelon,30.83,78.11,87.4,11.82,0.615,Medium,Anthracnose
chickpea,25.42,61.78,160.95,11.55,0.622,Medium,Ascochyta Blight
grapes,31.19,74.62,259.54,5.5,0.649,Medium,Powdery Mildew
cotton,27.17,84.98,215.29,9.81,0.67,High,Leaf Curl Virus
rice,21.3,69.23,257.83,9.27,0.547,Medium,Rice Blast
apple,24.91,70.24,72.6,7.73,0.503,Medium,Fire Blight
mango,25.52,63.09,181.68,9.63,0.515,Medium,Powdery Mildew
papaya,31.16,82.32,171.63,3.6,0.483,Medium,Papaya Ring Spot Virus
muskmelon,32.75,55.36,74.61,10.3,0.431,Medium,Powdery Mildew
banana,21.99,59.65,117.57,10.67,0.623,Medium,Sigatoka Leaf Spot
kidneybeans,27.03,96.38,170.09,7.74,0.638,Medium,Angular Leaf Spot
mungbean,21.04,87.65,141.63,7.07,0.739,High,Cercospora Leaf Spot
kidneybeans,21.14,81.14,362.12,1.98,0.58,Medium,Angular Leaf Spot
watermelon,31.03,48.9,51.22,2.36,0.393,Medium,Fusarium Wilt
coffee,36.61,81.26,174.44,10.29,0.599,Medium,Coffee Leaf Rust
lentil,31.92,75.42,162.24,8.23,0.591,Medium,Wilt
jute,27.58,52.46,110.14,11.49,0.522,Medium,Anthracnose
pomegranate,34.39,81.1,83.01,13.75,0.645,Medium,Bacterial Blight
maize,30.11,74.55,116.1,0.0,0.459,Medium,Gray Leaf Spot
pomegranate,22.77,71.58,75.12,9.25,0.617,Medium,Bacterial Blight
maize,22.97,58.28,192.22,5.52,0.418,Medium,Gray Leaf Spot
kidneybeans,28.49,79.55,43.21,11.71,0.677,High,Bean Rust
grapes,29.73,72.67,71.02,1.67,0.442,Medium,Downy Mildew
coconut,25.23,82.03,82.65,12.52,0.624,Medium,Bud Rot
coffee,34.72,66.97,40.45,4.9,0.365,Medium,Berry Disease
watermelon,40.77,73.29,146.92,11.84,0.463,Medium,Anthracnose
orange,22.23,90.47,137.94,3.75,0.576,Medium,Greening (HLB)
lentil,28.08,90.15,82.64,3.9,0.643,Medium,Rust
blackgram,25.24,69.54,212.63,4.61,0.534,Medium,Leaf Crinkle
kidneybeans,20.48,94.53,93.68,13.42,0.692,High,Angular Leaf Spot
coffee,28.06,74.0,64.64,12.04,0.598,Medium,Coffee Leaf Rust
banana,27.56,82.24,56.26,5.57,0.57,Medium,Sigatoka Leaf Spot
rice,19.88,80.36,49.63,10.86,0.564,Medium,Sheath Blight
orange,35.94,70.61,22.2,9.56,0.52,Medium,Citrus Canker
apple,30.38,87.73,141.49,13.77,0.639,Medium,Fire Blight
mango,27.5,57.13,289.1,9.74,0.585,Medium,Anthracnose
pomegranate,26.17,69.34,282.05,6.44,0.577,Medium,Bacterial Blight
jute,34.45,62.52,123.1,12.89,0.545,Medium,Stem Rot
cotton,27.08,79.66,44.35,6.81,0.501,Medium,Bacterial Blight
grapes,27.09,52.56,54.28,6.57,0.426,Medium,Powdery Mildew
mango,22.52,84.61,153.25,8.86,0.57,Medium,Powdery Mildew
mango,31.53,84.18,197.75,9.56,0.693,High,Powdery Mildew
blackgram,20.66,55.75,117.13,5.78,0.417,Medium,Yellow Mosaic Virus
blackgram,16.83,78.08,62.39,9.27,0.532,Medium,Leaf Crinkle
banana,32.83,82.52,134.7,5.33,0.411,Medium,Sigatoka Leaf Spot
lentil,28.03,76.83,339.9,9.37,0.705,High,Rust
pomegranate,23.82,83.83,130.82,9.43,0.64,Medium,Bacterial Blight
kidneybeans,29.73,83.04,3.02,16.33,0.697,High,Angular Leaf Spot
grapes,23.51,80.03,91.57,5.58,0.579,Medium,Powdery Mildew
pigeonpeas,32.66,69.96,149.45,5.84,0.542,Medium,Sterility Mosaic
banana,33.69,94.05,185.34,1.36,0.626,Medium,Panama Wilt
lentil,24.36,55.09,89.99,4.41,0.525,Medium,Wilt
maize,33.45,54.18,114.57,6.52,0.397,Medium,Common Rust
kidneybeans,29.84,73.06,67.15,6.02,0.393,Medium,Bean Rust
mothbeans,23.56,65.2,84.6,4.15,0.486,Medium,Powdery Mildew
maize,37.07,82.1,40.14,11.12,0.593,Medium,Gray Leaf Spot
lentil,26.76,66.68,31.86,4.95,0.489,Medium,Wilt
pigeonpeas,26.2,70.12,220.96,5.69,0.528,Medium,Sterility Mosaic
banana,26.23,68.23,48.72,4.09,0.548,Medium,Panama Wilt
coffee,25.64,99.22,56.48,9.57,0.541,Medium,Coffee Leaf Rust
blackgram,37.06,92.65,65.75,5.62,0.522,Medium,Leaf Crinkle
grapes,26.4,73.43,400.0,11.96,0.844,High,Powdery Mildew
orange,28.84,77.98,34.43,3.82,0.464,Medium,Citrus Canker
lentil,25.33,57.77,112.02,12.73,0.659,High,Wilt
muskmelon,25.86,65.38,61.82,3.56,0.41,Medium,Downy Mildew
blackgram,28.65,57.19,141.31,6.32,0.452,Medium,Leaf Crinkle
orange,27.93,79.1,104.02,10.72,0.562,Medium,Citrus Canker
grapes,24.59,64.26,152.67,12.78,0.692,High,Powdery Mildew
pigeonpeas,32.17,83.17,163.67,2.81,0.497,Medium,Fusarium Wilt
lentil,28.26,94.18,20.23,0.0,0.552,Medium,Rust
banana,28.18,88.12,175.08,10.02,0.667,High,Sigatoka Leaf Spot
kidneybeans,34.69,79.09,116.79,12.37,0.636,Medium,Bean Rust
lentil,30.38,79.16,28.0,7.26,0.522,Medium,Wilt
apple,28.79,65.32,350.24,7.97,0.61,Medium,Apple Scab
muskmelon,31.7,71.11,94.05,0.11,0.443,Medium,Downy Mildew
mothbeans,23.15,69.2,382.0,15.29,0.763,High,Yellow Mosaic Virus
blackgram,38.38,91.88,115.27,14.5,0.629,Medium,Leaf Crinkle
pomegranate,34.83,77.73,101.3,9.6,0.581,Medium,Bacterial Blight
pomegranate,23.86,82.71,400.0,10.32,0.729,High,Bacterial Blight
lentil,28.86,71.7,134.08,9.99,0.516,Medium,Rust
pigeonpeas,22.82,84.11,39.72,8.21,0.66,High,Fusarium Wilt
coffee,30.34,75.29,13.53,9.05,0.484,Medium,Berry Disease
orange,29.13,74.96,54.68,6.45,0.539,Medium,Greening (HLB)
banana,25.77,65.8,141.04,8.44,0.6,Medium,Sigatoka Leaf Spot
rice,12.18,68.48,400.0,5.76,0.603,Medium,Rice Blast
mango,23.48,72.8,164.13,7.41,0.513,Medium,Anthracnose
mothbeans,29.02,68.53,44.42,6.23,0.556,Medium,Yellow Mosaic Virus
cotton,29.85,61.16,119.42,6.32,0.452,Medium,Bacterial Blight
kidneybeans,27.84,79.55,120.14,9.14,0.648,Medium,Angular Leaf Spot
apple,26.43,91.47,296.53,8.18,0.757,High,Apple Scab
coffee,27.65,57.15,110.32,11.69,0.59,Medium,Coffee Leaf Rust
mango,28.12,62.67,108.65,13.89,0.534,Medium,Powdery Mildew
watermelon,36.53,62.16,229.16,7.1,0.516,Medium,Fusarium Wilt
banana,24.01,66.58,81.85,12.42,0.609,Medium,Sigatoka Leaf Spot
coffee,18.56,99.35,151.46,9.35,0.746,High,Berry Disease
banana,32.93,66.85,51.8,5.43,0.534,Medium,Sigatoka Leaf Spot
muskmelon,24.2,76.21,69.27,10.3,0.685,High,Downy Mildew
maize,22.21,63.2,122.98,7.48,0.503,Medium,Common Rust
blackgram,19.97,63.86,147.36,4.29,0.507,Medium,Yellow Mosaic Virus
papaya,26.85,60.3,97.0,3.46,0.528,Medium,Powdery Mildew
cotton,34.53,78.16,19.74,9.87,0.565,Medium,Bacterial Blight
cotton,28.02,58.33,149.7,9.35,0.508,Medium,Bacterial Blight
orange,22.72,70.38,127.9,2.12,0.478,Medium,Greening (HLB)
mungbean,25.65,57.68,71.68,13.24,0.553,Medium,Cercospora Leaf Spot
pigeonpeas,24.49,63.37,67.58,7.6,0.492,Medium,Sterility Mosaic
muskmelon,24.11,100.0,58.43,10.28,0.627,Medium,Powdery Mildew
watermelon,31.12,89.21,38.64,9.81,0.582,Medium,Anthracnose
coffee,35.77,84.77,132.87,7.57,0.488,Medium,Coffee Leaf Rust
mango,27.21,79.12,67.92,8.23,0.519,Medium,Anthracnose
blackgram,32.95,82.41,29.41,7.88,0.459,Medium,Yellow Mosaic Virus
coffee,24.4,84.24,400.0,3.87,0.645,Medium,Coffee Leaf Rust
cotton,27.48,63.83,212.51,8.01,0.54,Medium,Leaf Curl Virus
pomegranate,23.07,61.37,115.82,5.7,0.481,Medium,Bacterial Blight
mothbeans,33.01,67.77,67.43,10.29,0.492,Medium,Yellow Mosaic Virus
maize,16.22,64.02,134.98,3.39,0.432,Medium,Common Rust
mungbean,37.56,52.99,144.11,5.44,0.403,Medium,Cercospora Leaf Spot
muskmelon,23.23,57.25,110.77,11.16,0.549,Medium,Downy Mildew
lentil,25.81,60.5,115.09,16.89,0.539,Medium,Wilt
lentil,29.6,82.14,38.08,8.55,0.501,Medium,Rust
mungbean,28.01,90.39,204.3,7.7,0.646,Medium,Yellow Mosaic Virus
maize,24.33,56.13,26.61,8.71,0.391,Medium,Common Rust
cotton,29.51,65.67,161.16,5.35,0.521,Medium,Bacterial Blight
lentil,25.47,56.93,262.81,6.62,0.62,Medium,Wilt
kidneybeans,26.82,87.11,208.27,2.18,0.543,Medium,Bean Rust
muskmelon,27.4,89.03,400.0,7.81,0.802,High,Downy Mildew
lentil,25.13,57.67,141.69,9.99,0.474,Medium,Rust
orange,24.9,58.71,15.37,11.33,0.553,Medium,Citrus Canker
blackgram,28.66,89.37,83.36,7.29,0.629,Medium,Yellow Mosaic Virus
blackgram,23.6,64.19,119.21,8.03,0.565,Medium,Yellow Mosaic Virus
mungbean,35.83,65.37,82.1,7.43,0.456,Medium,Cercospora Leaf Spot
papaya,29.68,81.35,182.52,10.44,0.613,Medium,Papaya Ring Spot Virus
cotton,22.97,82.32,108.37,8.7,0.638,Medium,Bacterial Blight
coconut,31.27,51.08,28.29,10.99,0.419,Medium,Leaf Blight
orange,22.61,75.79,244.1,7.88,0.714,High,Citrus Canker
coconut,17.11,77.72,128.43,16.39,0.736,High,Leaf Blight
rice,38.5,76.09,311.83,11.85,0.62,Medium,Sheath Blight
chickpea,28.81,83.59,92.9,8.03,0.619,Medium,Fusarium Wilt
cotton,21.53,71.83,94.89,12.08,0.575,Medium,Bacterial Blight
pigeonpeas,23.18,75.21,114.95,2.07,0.43,Medium,Sterility Mosaic
mango,21.26,83.79,58.06,7.82,0.62,Medium,Powdery Mildew
kidneybeans,25.73,46.75,84.78,11.14,0.506,Medium,Bean Rust
papaya,25.96,56.11,65.53,2.07,0.47,Medium,Papaya Ring Spot Virus
banana,30.17,97.51,45.8,9.46,0.616,Medium,Panama Wilt
mango,30.63,67.32,45.08,7.6,0.478,Medium,Powdery Mildew
rice,33.25,82.62,168.97,9.36,0.517,Medium,Bacterial Leaf Blight
chickpea,33.39,64.88,123.59,0.0,0.419,Medium,Ascochyta Blight
rice,26.08,66.83,227.74,6.29,0.554,Medium,Bacterial Leaf Blight
orange,23.52,94.96,315.85,2.53,0.746,High,Citrus Canker
maize,28.79,88.1,142.65,7.62,0.573,Medium,Common Rust
rice,22.93,82.39,215.42,4.64,0.54,Medium,Rice Blast
kidneybeans,23.01,73.98,109.67,9.75,0.572,Medium,Bean Rust
banana,34.62,77.98,220.34,10.39,0.605,Medium,Panama Wilt
papaya,27.11,71.08,175.86,5.64,0.485,Medium,Papaya Ring Spot Virus
pigeonpeas,25.13,58.42,192.08,4.6,0.502,Medium,Fusarium Wilt
banana,29.08,64.43,110.99,3.31,0.464,Medium,Panama Wilt
rice,26.94,57.56,30.63,12.12,0.407,Medium,Sheath Blight
pigeonpeas,19.49,43.34,132.19,9.9,0.424,Medium,Fusarium Wilt
mango,23.49,55.81,111.48,11.05,0.583,Medium,Powdery Mildew
muskmelon,34.64,100.0,66.52,6.94,0.632,Medium,Powdery Mildew
pomegranate,18.23,85.28,139.93,4.34,0.518,Medium,Fruit Rot
muskmelon,27.63,75.04,157.79,5.27,0.577,Medium,Downy Mildew
watermelon,17.51,80.96,279.29,16.39,0.725,High,Anthracnose
banana,29.56,65.7,63.15,7.83,0.443,Medium,Sigatoka Leaf Spot
mungbean,28.51,68.57,110.72,12.77,0.59,Medium,Yellow Mosaic Virus
coffee,27.78,85.64,108.81,8.05,0.668,High,Coffee Leaf Rust
pomegranate,35.71,73.02,27.49,8.58,0.553,Medium,Fruit Rot
banana,28.33,100.0,191.54,5.79,0.723,High,Panama Wilt
cotton,27.07,76.5,74.48,3.14,0.51,Medium,Leaf Curl Virus
mothbeans,25.54,57.37,97.14,3.31,0.414,Medium,Yellow Mosaic Virus
watermelon,21.76,66.18,244.47,11.56,0.623,Medium,Fusarium Wilt
apple,28.51,76.89,121.34,13.75,0.57,Medium,Apple Scab
jute,27.67,90.79,73.74,13.41,0.661,High,Stem Rot
pomegranate,28.36,75.82,26.33,6.51,0.53,Medium,Fruit Rot
blackgram,22.92,59.26,60.98,11.36,0.459,Medium,Leaf Crinkle
muskmelon,29.63,89.23,52.17,2.98,0.517,Medium,Downy Mildew
blackgram,32.0,51.41,48.14,14.31,0.533,Medium,Leaf Crinkle
banana,30.28,82.24,119.94,7.24,0.554,Medium,Sigatoka Leaf Spot
jute,30.7,76.49,91.9,4.92,0.602,Medium,Anthracnose
pomegranate,35.06,68.54,208.01,9.46,0.668,High,Fruit Rot
orange,27.38,73.68,84.71,7.52,0.522,Medium,Greening (HLB)
mothbeans,23.22,54.52,127.16,6.8,0.528,Medium,Yellow Mosaic Virus
orange,29.36,66.93,125.25,11.86,0.586,Medium,Greening (HLB)
lentil,33.45,70.37,40.39,10.03,0.518,Medium,Wilt
pigeonpeas,26.89,91.13,98.48,11.76,0.698,High,Fusarium Wilt
cotton,22.29,54.33,110.72,8.01,0.466,Medium,Leaf Curl Virus
rice,36.99,76.59,105.35,11.58,0.46,Medium,Sheath Blight
rice,26.34,53.03,190.52,5.86,0.447,Medium,Bacterial Leaf Blight
mungbean,29.3,79.54,105.42,1.72,0.437,Medium,Cercospora Leaf Spot
watermelon,26.03,61.89,179.93,9.91,0.59,Medium,Fusarium Wilt
muskmelon,27.48,68.15,250.05,1.64,0.599,Medium,Powdery Mildew
coconut,23.65,65.79,67.34,1.56,0.451,Medium,Leaf Blight
rice,28.26,68.95,58.81,6.39,0.506,Medium,Bacterial Leaf Blight
mothbeans,25.04,82.58,114.56,8.44,0.508,Medium,Powdery Mildew
blackgram,30.75,68.15,106.29,9.56,0.553,Medium,Leaf Crinkle
cotton,28.26,77.04,141.48,9.58,0.669,High,Bacterial Blight
cotton,21.0,52.68,59.63,9.03,0.496,Medium,Bacterial Blight
lentil,26.37,57.23,86.11,10.31,0.523,Medium,Wilt
coconut,21.87,69.16,114.96,3.22,0.543,Medium,Leaf Blight
grapes,24.0,71.99,203.72,7.49,0.524,Medium,Downy Mildew
jute,37.53,68.16,111.0,11.58,0.598,Medium,Anthracnose
watermelon,28.77,73.71,90.35,10.64,0.568,Medium,Anthracnose
cotton,30.19,85.85,107.0,2.45,0.521,Medium,Leaf Curl Virus
mango,23.76,64.47,78.31,3.36,0.478,Medium,Anthracnose
kidneybeans,24.95,58.17,281.4,15.63,0.739,High,Angular Leaf Spot
mungbean,30.52,72.0,11.93,9.76,0.558,Medium,Yellow Mosaic Virus
coconut,34.42,83.18,86.71,7.62,0.558,Medium,Bud Rot
maize,39.66,92.76,214.18,4.47,0.607,Medium,Gray Leaf Spot
watermelon,21.39,85.74,232.42,14.17,0.816,High,Fusarium Wilt
lentil,28.26,65.47,80.75,6.78,0.481,Medium,Wilt
orange,25.38,71.98,23.62,14.2,0.54,Medium,Greening (HLB)
coconut,27.76,71.29,68.67,11.9,0.517,Medium,Leaf Blight
chickpea,29.47,74.52,8.13,8.52,0.49,Medium,Ascochyta Blight
rice,28.92,87.0,38.37,13.93,0.6,Medium,Sheath Blight
chickpea,18.33,70.25,260.28,4.64,0.502,Medium,Ascochyta Blight
maize,23.8,71.75,82.8,9.94,0.561,Medium,Common Rust
mango,22.6,95.35,22.04,9.16,0.634,Medium,Powdery Mildew
mothbeans,29.3,100.0,155.51,6.77,0.6,Medium,Yellow Mosaic Virus
coconut,27.02,82.08,190.17,7.73,0.62,Medium,Bud Rot
lentil,32.18,73.59,13.75,5.37,0.436,Medium,Rust
papaya,23.06,84.58,83.44,8.65,0.578,Medium,Powdery Mildew
muskmelon,27.42,73.19,182.98,8.96,0.623,Medium,Downy Mildew
orange,26.12,69.61,49.52,8.52,0.576,Medium,Greening (HLB)
mango,26.91,61.48,105.6,7.12,0.526,Medium,Anthracnose
orange,25.37,58.62,160.17,13.2,0.579,Medium,Greening (HLB)
pomegranate,24.02,67.6,64.21,2.88,0.492,Medium,Bacterial Blight
pomegranate,36.69,75.62,16.76,12.82,0.537,Medium,Fruit Rot
pomegranate,39.76,76.53,68.44,2.12,0.48,Medium,Fruit Rot
blackgram,19.62,72.19,34.87,6.0,0.395,Medium,Leaf Crinkle
blackgram,27.24,77.94,53.32,7.98,0.522,Medium,Yellow Mosaic Virus
cotton,31.31,77.58,131.87,5.13,0.55,Medium,Leaf Curl Virus
grapes,24.38,79.55,78.89,9.76,0.511,Medium,Downy Mildew
pomegranate,18.84,73.38,47.9,5.45,0.416,Medium,Bacterial Blight
chickpea,25.7,52.7,66.39,11.3,0.466,Medium,Ascochyta Blight
apple,40.31,84.11,5.88,8.95,0.428,Medium,Apple Scab
coconut,37.72,74.87,71.44,5.92,0.498,Medium,Leaf Blight
grapes,21.98,76.77,112.58,12.74,0.586,Medium,Powdery Mildew
orange,23.6,72.84,41.89,1.82,0.498,Medium,Greening (HLB)
blackgram,28.66,80.49,380.37,0.35,0.675,High,Leaf Crinkle
chickpea,25.15,67.84,8.26,9.79,0.495,Medium,Ascochyta Blight
orange,29.01,73.13,26.4,9.02,0.577,Medium,Citrus Canker
chickpea,36.18,60.7,271.28,10.31,0.533,Medium,Ascochyta Blight
cotton,26.57,75.21,101.21,2.29,0.503,Medium,Leaf Curl Virus
blackgram,31.96,88.1,43.96,6.03,0.569,Medium,Yellow Mosaic Virus
watermelon,32.17,67.39,165.21,7.85,0.56,Medium,Fusarium Wilt
maize,31.66,80.81,81.13,11.08,0.647,Medium,Common Rust
mungbean,20.11,76.24,25.85,4.37,0.5,Medium,Cercospora Leaf Spot
mango,30.44,75.38,137.27,3.42,0.485,Medium,Anthracnose
papaya,25.01,78.47,136.39,13.29,0.64,Medium,Powdery Mildew
kidneybeans,31.63,65.75,97.34,5.67,0.46,Medium,Angular Leaf Spot
coffee,23.58,85.26,103.26,10.12,0.653,High,Coffee Leaf Rust
kidneybeans,23.66,78.08,18.38,4.19,0.485,Medium,Angular Leaf Spot
blackgram,28.93,80.99,75.66,8.94,0.451,Medium,Yellow Mosaic Virus
orange,22.4,100.0,30.82,3.22,0.545,Medium,Greening (HLB)
apple,33.48,62.62,144.6,12.93,0.622,Medium,Apple Scab
orange,34.41,70.43,298.92,7.36,0.506,Medium,Greening (HLB)
apple,29.26,53.66,48.43,6.16,0.455,Medium,Fire Blight
papaya,27.05,76.63,245.13,11.09,0.62,Medium,Powdery Mildew
banana,25.65,86.72,95.42,12.95,0.645,Medium,Sigatoka Leaf Spot
orange,31.12,100.0,160.94,16.16,0.812,High,Greening (HLB)
grapes,34.61,77.69,245.08,0.57,0.641,Medium,Downy Mildew
muskmelon,28.82,63.34,50.46,6.41,0.52,Medium,Downy Mildew
mango,28.21,76.01,324.03,15.64,0.803,High,Powdery Mildew
watermelon,32.66,72.25,21.01,2.61,0.403,Medium,Anthracnose
rice,22.83,68.31,71.58,6.75,0.539,Medium,Bacterial Leaf Blight
lentil,28.58,75.18,43.75,5.55,0.463,Medium,Wilt
lentil,18.21,48.63,99.43,7.7,0.452,Medium,Wilt
grapes,23.51,91.73,163.09,6.23,0.585,Medium,Downy Mildew
coconut,24.06,67.14,30.85,14.01,0.578,Medium,Bud Rot
cotton,38.26,64.92,6.88,8.53,0.406,Medium,Bacterial Blight
papaya,29.6,72.88,201.71,1.27,0.54,Medium,Powdery Mildew
papaya,32.84,63.32,143.79,12.67,0.678,High,Powdery Mildew
mothbeans,23.26,87.57,57.51,8.87,0.608,Medium,Powdery Mildew
lentil,21.75,71.49,252.37,17.09,0.697,High,Rust
coconut,31.82,66.58,382.14,9.72,0.728,High,Bud Rot
pomegranate,26.87,74.96,10.65,13.42,0.563,Medium,Fruit Rot
mothbeans,25.68,79.21,142.63,15.53,0.707,High,Yellow Mosaic Virus
mothbeans,27.09,87.46,239.53,11.26,0.661,High,Powdery Mildew
lentil,26.37,79.65,172.8,3.49,0.49,Medium,Rust
coconut,28.49,68.34,111.84,10.49,0.548,Medium,Leaf Blight
lentil,28.3,83.13,80.65,11.12,0.64,Medium,Wilt
coconut,26.98,79.82,155.36,8.66,0.563,Medium,Leaf Blight
apple,25.09,51.85,60.27,0.71,0.372,Medium,Apple Scab
mothbeans,29.71,61.66,27.57,9.01,0.523,Medium,Powdery Mildew
watermelon,34.39,74.91,212.92,5.03,0.545,Medium,Fusarium Wilt
watermelon,18.8,60.6,125.0,6.87,0.51,Medium,Fusarium Wilt
mango,28.24,82.44,127.31,5.73,0.536,Medium,Powdery Mildew
coconut,33.02,76.94,106.5,6.41,0.464,Medium,Bud Rot
blackgram,31.59,93.24,30.53,6.4,0.533,Medium,Yellow Mosaic Virus
grapes,26.11,64.92,67.69,5.18,0.518,Medium,Powdery Mildew
maize,25.92,96.39,84.34,15.57,0.752,High,Common Rust
rice,16.33,82.41,149.48,11.93,0.545,Medium,Rice Blast
pigeonpeas,24.76,60.34,37.19,3.55,0.449,Medium,Fusarium Wilt
blackgram,19.25,98.82,57.28,9.61,0.599,Medium,Yellow Mosaic Virus
papaya,17.82,65.91,30.53,12.35,0.523,Medium,Papaya Ring Spot Virus
apple,27.33,90.43,203.95,8.83,0.791,High,Apple Scab
kidneybeans,25.71,71.41,55.16,8.94,0.453,Medium,Bean Rust
lentil,19.75,81.44,83.73,6.02,0.438,Medium,Wilt
coconut,11.76,77.72,47.42,4.71,0.466,Medium,Bud Rot
chickpea,15.99,56.83,90.09,2.7,0.464,Medium,Fusarium Wilt
rice,23.2,81.93,103.65,12.7,0.636,Medium,Bacterial Leaf Blight
mungbean,20.86,55.38,87.66,9.22,0.445,Medium,Cercospora Leaf Spot
watermelon,24.9,93.33,109.42,3.12,0.576,Medium,Fusarium Wilt
lentil,29.73,77.25,76.07,10.11,0.551,Medium,Wilt
blackgram,21.2,80.13,67.62,2.3,0.528,Medium,Leaf Crinkle
jute,24.05,65.99,24.07,8.18,0.435,Medium,Stem Rot
coconut,27.9,86.87,122.81,1.94,0.583,Medium,Leaf Blight
chickpea,22.28,86.9,136.84,8.58,0.599,Medium,Fusarium Wilt
cotton,30.34,71.57,136.27,11.26,0.6,Medium,Bacterial Blight
jute,26.99,59.22,134.93,2.13,0.436,Medium,Anthracnose
lentil,32.34,84.44,63.51,3.38,0.512,Medium,Wilt
orange,25.06,70.99,202.74,15.58,0.655,High,Greening (HLB)
cotton,23.87,90.07,74.37,8.52,0.535,Medium,Bacterial Blight
banana,34.81,61.16,159.0,13.6,0.532,Medium,Sigatoka Leaf Spot
coffee,31.36,71.13,40.67,13.73,0.52,Medium,Coffee Leaf Rust
mothbeans,19.97,65.97,18.89,3.85,0.408,Medium,Powdery Mildew
mungbean,21.73,64.03,38.34,6.41,0.456,Medium,Yellow Mosaic Virus
mango,27.45,68.29,237.13,0.43,0.499,Medium,Anthracnose
lentil,29.73,79.97,20.03,11.85,0.514,Medium,Wilt
coconut,25.73,81.9,133.33,12.88,0.649,Medium,Leaf Blight
coconut,28.55,81.45,52.44,10.01,0.516,Medium,Leaf Blight
maize,24.24,73.14,245.69,4.73,0.571,Medium,Maize Leaf Blight
maize,32.45,100.0,90.84,5.81,0.649,Medium,Maize Leaf Blight
cotton,25.01,53.2,192.18,7.87,0.554,Medium,Bacterial Blight
lentil,29.28,66.64,158.93,7.04,0.495,Medium,Wilt
mungbean,27.3,53.78,143.42,10.31,0.503,Medium,Cercospora Leaf Spot
jute,28.76,75.83,61.91,5.58,0.469,Medium,Stem Rot
cotton,29.59,65.39,28.02,11.02,0.566,Medium,Bacterial Blight
apple,23.23,49.66,329.56,4.78,0.43,Medium,Apple Scab
orange,30.44,89.51,338.63,19.22,0.753,High,Citrus Canker
rice,25.37,81.12,92.07,13.87,0.639,Medium,Bacterial Leaf Blight
lentil,16.79,100.0,72.75,12.34,0.612,Medium,Wilt
grapes,31.02,85.36,317.41,13.41,0.729,High,Downy Mildew
papaya,34.4,71.84,108.2,2.59,0.394,Medium,Papaya Ring Spot Virus
blackgram,20.92,90.03,65.81,11.37,0.63,Medium,Leaf Crinkle
jute,27.28,86.44,94.9,11.35,0.652,High,Anthracnose
kidneybeans,26.06,100.0,251.44,5.34,0.654,High,Bean Rust
mango,33.62,92.02,52.07,11.72,0.677,High,Anthracnose
rice,31.84,54.81,76.24,10.34,0.518,Medium,Sheath Blight
blackgram,29.78,84.59,76.04,9.1,0.515,Medium,Leaf Crinkle
blackgram,24.94,73.97,50.73,8.23,0.481,Medium,Yellow Mosaic Virus
cotton,28.19,83.73,186.95,10.05,0.63,Medium,Leaf Curl Virus
maize,30.76,76.54,400.0,7.59,0.782,High,Gray Leaf Spot
papaya,29.91,89.23,167.99,7.68,0.623,Medium,Powdery Mildew
cotton,21.96,90.52,40.61,18.94,0.73,High,Leaf Curl Virus
mungbean,26.18,98.99,175.89,2.4,0.638,Medium,Cercospora Leaf Spot
mango,28.19,80.77,257.25,0.0,0.512,Medium,Anthracnose
kidneybeans,28.02,58.41,118.47,11.46,0.582,Medium,Bean Rust
cotton,28.56,100.0,116.79,13.06,0.716,High,Leaf Curl Virus
banana,32.74,90.02,84.77,12.79,0.55,Medium,Sigatoka Leaf Spot
apple,40.45,63.91,172.67,16.05,0.605,Medium,Apple Scab
cotton,29.98,74.42,4.93,3.99,0.439,Medium,Bacterial Blight
orange,25.05,100.0,41.58,12.92,0.704,High,Citrus Canker
mango,27.85,73.6,242.23,11.28,0.701,High,Anthracnose
chickpea,33.61,82.63,33.23,14.59,0.592,Medium,Ascochyta Blight
banana,29.84,80.55,116.27,5.37,0.487,Medium,Sigatoka Leaf Spot
cotton,29.0,64.27,41.27,7.78,0.426,Medium,Leaf Curl Virus
jute,28.35,63.65,73.7,10.65,0.543,Medium,Stem Rot
pigeonpeas,28.0,77.48,24.6,6.68,0.503,Medium,Fusarium Wilt
papaya,27.25,91.12,95.72,13.09,0.64,Medium,Papaya Ring Spot Virus
chickpea,27.76,69.35,102.27,0.0,0.496,Medium,Fusarium Wilt
grapes,27.13,68.16,74.46,3.42,0.536,Medium,Downy Mildew
maize,25.65,80.03,232.49,8.05,0.52,Medium,Common Rust
mango,32.51,79.13,49.42,4.92,0.415,Medium,Powdery Mildew
mango,24.39,92.64,163.57,0.23,0.503,Medium,Anthracnose
mothbeans,18.37,82.42,34.7,8.55,0.511,Medium,Powdery Mildew
maize,26.62,69.59,35.2,6.1,0.452,Medium,Common Rust
banana,22.73,64.03,96.73,5.91,0.485,Medium,Panama Wilt
watermelon,24.08,86.78,221.91,1.53,0.605,Medium,Fusarium Wilt
muskmelon,15.84,66.5,11.16,4.57,0.385,Medium,Powdery Mildew
mothbeans,22.3,80.61,139.26,15.94,0.638,Medium,Yellow Mosaic Virus
muskmelon,32.34,71.87,196.43,11.31,0.614,Medium,Powdery Mildew
cotton,30.79,59.17,12.8,8.29,0.38,Medium,Bacterial Blight
watermelon,32.39,59.57,58.2,9.17,0.5,Medium,Anthracnose
mothbeans,29.39,86.76,29.76,7.84,0.541,Medium,Powdery Mildew
muskmelon,20.17,58.45,74.33,8.05,0.427,Medium,Powdery Mildew
mothbeans,33.69,74.41,17.02,12.1,0.412,Medium,Yellow Mosaic Virus
coffee,31.54,90.21,400.0,10.4,0.641,Medium,Coffee Leaf Rust
papaya,27.5,56.48,168.22,12.69,0.525,Medium,Powdery Mildew
watermelon,27.47,87.34,207.34,4.31,0.486,Medium,Fusarium Wilt
mango,19.77,63.8,249.12,5.55,0.52,Medium,Anthracnose
orange,34.72,80.11,22.74,9.36,0.502,Medium,Greening (HLB)
blackgram,19.74,86.58,58.61,8.11,0.558,Medium,Yellow Mosaic Virus
jute,26.27,74.37,179.06,5.95,0.432,Medium,Stem Rot
coffee,22.08,68.02,131.7,4.76,0.491,Medium,Berry Disease
lentil,33.9,72.8,64.37,4.06,0.448,Medium,Wilt
rice,23.53,84.97,27.9,5.66,0.511,Medium,Rice Blast
kidneybeans,20.32,80.98,107.05,11.42,0.482,Medium,Angular Leaf Spot
kidneybeans,27.61,50.78,93.9,3.25,0.484,Medium,Angular Leaf Spot
jute,31.78,73.98,205.9,11.61,0.604,Medium,Stem Rot
mungbean,29.32,77.82,114.68,11.15,0.596,Medium,Cercospora Leaf Spot
pigeonpeas,26.88,68.25,99.46,6.35,0.543,Medium,Fusarium Wilt
chickpea,17.42,61.42,194.45,4.93,0.451,Medium,Ascochyta Blight
papaya,33.44,59.96,127.66,2.57,0.468,Medium,Powdery Mildew
blackgram,25.66,73.95,84.48,0.0,0.502,Medium,Leaf Crinkle
grapes,22.15,72.81,13.08,11.39,0.477,Medium,Downy Mildew
blackgram,20.6,68.04,110.41,6.68,0.397,Medium,Yellow Mosaic Virus
mothbeans,21.41,94.75,104.66,0.0,0.473,Medium,Powdery Mildew
kidneybeans,25.45,70.47,42.48,5.75,0.431,Medium,Angular Leaf Spot
maize,27.57,77.21,340.02,7.89,0.701,High,Common Rust
jute,32.61,64.02,45.63,7.85,0.419,Medium,Anthracnose
muskmelon,28.21,62.36,79.62,4.85,0.441,Medium,Downy Mildew
jute,25.07,87.32,42.87,4.71,0.469,Medium,Stem Rot
cotton,34.91,75.35,197.59,10.26,0.56,Medium,Bacterial Blight
coconut,31.74,73.1,14.43,7.37,0.472,Medium,Leaf Blight
papaya,23.99,60.7,153.28,7.23,0.525,Medium,Papaya Ring Spot Virus
muskmelon,27.82,74.4,90.39,9.37,0.543,Medium,Powdery Mildew
orange,21.12,69.83,205.48,8.32,0.586,Medium,Citrus Canker
muskmelon,21.93,75.16,143.12,1.22,0.479,Medium,Powdery Mildew
chickpea,19.17,64.24,33.7,3.2,0.231,Low,Healthy
orange,34.35,83.71,171.51,14.89,0.629,Medium,Citrus Canker
lentil,23.38,80.64,62.73,2.35,0.459,Medium,Wilt
mango,17.77,66.99,21.22,9.6,0.487,Medium,Anthracnose
blackgram,33.54,100.0,169.59,14.87,0.747,High,Yellow Mosaic Virus
watermelon,34.15,77.34,180.36,5.98,0.539,Medium,Anthracnose
grapes,29.64,94.55,36.05,6.94,0.618,Medium,Powdery Mildew
blackgram,31.73,69.85,36.36,9.09,0.463,Medium,Yellow Mosaic Virus
pigeonpeas,29.33,86.55,84.58,2.67,0.505,Medium,Sterility Mosaic
mothbeans,26.43,89.74,154.01,10.82,0.561,Medium,Yellow Mosaic Virus
papaya,17.87,86.88,64.01,13.66,0.57,Medium,Powdery Mildew
chickpea,27.69,88.05,182.87,5.32,0.669,High,Ascochyta Blight
mungbean,27.7,100.0,100.69,5.61,0.604,Medium,Yellow Mosaic Virus
maize,22.74,78.11,121.37,9.35,0.535,Medium,Common Rust
cotton,38.36,84.71,98.28,8.22,0.57,Medium,Bacterial Blight
blackgram,29.44,83.1,9.86,7.18,0.584,Medium,Leaf Crinkle
mothbeans,27.52,61.58,108.01,12.75,0.712,High,Yellow Mosaic Virus
muskmelon,13.83,77.35,82.88,3.44,0.45,Medium,Downy Mildew
pomegranate,25.77,96.21,134.37,3.93,0.514,Medium,Bacterial Blight
grapes,30.4,91.52,15.08,12.66,0.627,Medium,Downy Mildew
mungbean,17.81,68.66,164.22,14.48,0.599,Medium,Cercospora Leaf Spot
pigeonpeas,24.6,70.36,60.51,5.06,0.41,Medium,Sterility Mosaic
banana,26.06,87.52,48.04,0.0,0.428,Medium,Panama Wilt
mango,27.87,73.88,81.76,6.76,0.546,Medium,Anthracnose
pigeonpeas,20.47,77.05,148.87,6.71,0.623,Medium,Sterility Mosaic
mungbean,19.64,71.58,178.96,13.87,0.544,Medium,Yellow Mosaic Virus
watermelon,25.87,67.91,47.0,11.7,0.561,Medium,Fusarium Wilt
watermelon,21.0,65.33,53.77,4.13,0.377,Medium,Fusarium Wilt
banana,26.01,63.15,151.37,11.37,0.635,Medium,Panama Wilt
kidneybeans,32.05,57.58,118.82,14.86,0.557,Medium,Angular Leaf Spot
cotton,27.97,72.57,28.36,15.04,0.652,High,Bacterial Blight
papaya,26.32,66.44,72.08,11.31,0.616,Medium,Papaya Ring Spot Virus
chickpea,35.92,67.69,113.6,4.05,0.417,Medium,Ascochyta Blight
pigeonpeas,17.76,61.98,268.3,8.88,0.535,Medium,Sterility Mosaic
jute,26.26,78.78,37.95,13.85,0.634,Medium,Anthracnose
watermelon,18.81,58.26,354.29,2.95,0.444,Medium,Anthracnose
mango,25.86,80.51,400.0,8.95,0.882,High,Powdery Mildew
lentil,26.39,53.74,71.24,9.03,0.412,Medium,Rust
pigeonpeas,27.81,73.49,39.53,11.98,0.52,Medium,Fusarium Wilt
banana,28.62,58.07,149.08,13.17,0.609,Medium,Panama Wilt
pigeonpeas,24.54,57.5,57.55,13.06,0.557,Medium,Fusarium Wilt
grapes,29.92,89.68,81.36,7.12,0.558,Medium,Downy Mildew
muskmelon,24.81,84.4,73.14,16.58,0.639,Medium,Powdery Mildew
mango,27.04,76.6,132.42,11.68,0.587,Medium,Powdery Mildew
papaya,31.05,88.72,63.83,1.27,0.529,Medium,Papaya Ring Spot Virus
grapes,27.04,80.53,40.55,1.69,0.528,Medium,Powdery Mildew
cotton,21.38,51.66,48.96,14.21,0.466,Medium,Leaf Curl Virus
rice,27.38,75.07,138.9,14.59,0.678,High,Bacterial Leaf Blight
muskmelon,24.66,67.61,76.4,9.58,0.564,Medium,Downy Mildew
cotton,33.88,55.68,65.12,12.6,0.561,Medium,Bacterial Blight
mango,25.48,77.15,158.39,7.19,0.561,Medium,Anthracnose
chickpea,22.66,75.85,59.2,1.51,0.422,Medium,Fusarium Wilt
blackgram,25.43,69.21,28.47,13.11,0.56,Medium,Leaf Crinkle
banana,29.14,59.41,63.79,8.27,0.555,Medium,Sigatoka Leaf Spot
papaya,31.01,99.97,202.56,10.5,0.723,High,Papaya Ring Spot Virus
orange,29.1,76.26,49.94,10.71,0.542,Medium,Greening (HLB)
maize,22.29,77.42,138.05,9.88,0.701,High,Gray Leaf Spot
coffee,28.63,75.56,206.4,7.27,0.631,Medium,Coffee Leaf Rust
papaya,29.23,88.55,185.67,6.21,0.654,High,Papaya Ring Spot Virus
mothbeans,21.05,68.7,337.03,3.41,0.616,Medium,Powdery Mildew
jute,27.81,65.5,358.23,5.64,0.625,Medium,Anthracnose
chickpea,27.09,62.68,66.64,2.89,0.458,Medium,Ascochyta Blight
apple,29.71,57.38,155.1,6.51,0.563,Medium,Apple Scab
cotton,36.13,72.33,59.64,13.86,0.531,Medium,Leaf Curl Virus
mango,31.91,89.44,285.18,3.2,0.765,High,Powdery Mildew
pomegranate,31.37,68.31,187.8,10.43,0.566,Medium,Bacterial Blight
apple,21.89,67.75,147.32,6.09,0.463,Medium,Fire Blight
watermelon,30.11,58.26,37.71,6.35,0.479,Medium,Fusarium Wilt
apple,24.96,78.06,20.66,2.16,0.475,Medium,Fire Blight
orange,26.63,61.61,84.48,4.85,0.379,Medium,Greening (HLB)
jute,33.1,88.68,81.79,9.4,0.576,Medium,Anthracnose
lentil,26.71,73.12,48.72,13.24,0.657,High,Wilt
mungbean,40.48,70.05,139.04,10.11,0.56,Medium,Yellow Mosaic Virus
orange,24.04,60.58,78.2,11.44,0.601,Medium,Citrus Canker
pigeonpeas,24.05,100.0,81.64,12.61,0.635,Medium,Sterility Mosaic
mango,29.0,80.73,222.89,7.76,0.664,High,Powdery Mildew
mango,20.2,68.14,8.12,0.0,0.421,Medium,Anthracnose
banana,27.39,86.05,134.67,12.18,0.679,High,Panama Wilt
watermelon,34.17,70.86,34.96,9.58,0.484,Medium,Fusarium Wilt
chickpea,18.86,94.16,114.8,3.7,0.492,Medium,Ascochyta Blight
mango,24.31,69.24,39.52,9.08,0.466,Medium,Anthracnose
watermelon,28.34,48.74,42.07,6.73,0.424,Medium,Anthracnose
chickpea,28.62,71.08,88.39,16.97,0.534,Medium,Ascochyta Blight
maize,34.83,81.1,15.93,12.93,0.549,Medium,Common Rust
grapes,31.41,59.61,99.35,7.6,0.477,Medium,Powdery Mildew
mungbean,19.99,67.17,73.24,10.24,0.499,Medium,Cercospora Leaf Spot
kidneybeans,31.34,51.77,95.61,7.46,0.423,Medium,Angular Leaf Spot
watermelon,30.57,100.0,27.93,6.34,0.549,Medium,Anthracnose
apple,27.16,64.76,138.69,11.74,0.671,High,Apple Scab
chickpea,25.41,80.64,48.12,9.45,0.578,Medium,Fusarium Wilt
rice,32.94,62.75,14.04,11.72,0.58,Medium,Rice Blast
maize,28.51,73.64,96.13,7.7,0.487,Medium,Common Rust
grapes,31.96,76.89,69.94,4.03,0.521,Medium,Powdery Mildew
mungbean,26.2,70.16,55.84,2.82,0.449,Medium,Cercospora Leaf Spot
coffee,20.69,77.15,104.25,11.77,0.589,Medium,Coffee Leaf Rust
orange,21.65,72.34,100.57,6.99,0.44,Medium,Citrus Canker
mango,29.58,89.03,8.59,6.05,0.431,Medium,Powdery Mildew
jute,21.86,95.3,252.43,5.84,0.62,Medium,Anthracnose
lentil,30.89,80.78,75.42,8.82,0.567,Medium,Rust
kidneybeans,29.8,57.39,36.62,4.58,0.406,Medium,Bean Rust
banana,26.72,65.32,122.99,8.08,0.482,Medium,Panama Wilt
apple,28.82,84.89,71.49,8.63,0.578,Medium,Fire Blight
watermelon,27.53,53.94,151.54,12.71,0.448,Medium,Anthracnose
orange,28.24,92.73,25.21,11.82,0.627,Medium,Greening (HLB)
pomegranate,37.83,59.56,29.86,11.67,0.492,Medium,Fruit Rot
papaya,25.92,76.19,66.67,12.56,0.586,Medium,Papaya Ring Spot Virus
pigeonpeas,24.04,83.22,373.88,4.63,0.658,High,Fusarium Wilt
apple,36.54,73.03,102.44,6.61,0.427,Medium,Apple Scab
watermelon,25.38,89.74,124.66,9.04,0.667,High,Anthracnose
banana,30.24,70.43,147.19,3.6,0.443,Medium,Sigatoka Leaf Spot
orange,28.76,75.47,128.86,12.42,0.536,Medium,Greening (HLB)
mungbean,26.7,69.64,51.27,0.0,0.407,Medium,Yellow Mosaic Virus
pomegranate,31.39,73.78,70.02,5.07,0.456,Medium,Fruit Rot
muskmelon,36.13,64.81,47.51,3.48,0.399,Medium,Powdery Mildew
jute,19.93,48.91,41.0,14.87,0.442,Medium,Stem Rot
mungbean,29.46,98.79,12.34,7.07,0.594,Medium,Yellow Mosaic Virus
kidneybeans,30.39,82.68,49.66,7.36,0.467,Medium,Angular Leaf Spot
muskmelon,34.73,85.82,93.85,10.96,0.525,Medium,Downy Mildew
kidneybeans,36.46,80.6,151.21,11.08,0.573,Medium,Angular Leaf Spot
coconut,16.71,78.93,205.0,16.58,0.607,Medium,Bud Rot
maize,28.68,75.62,142.08,10.41,0.588,Medium,Maize Leaf Blight
mango,26.87,72.05,147.69,9.85,0.62,Medium,Anthracnose
grapes,30.77,59.67,91.12,9.84,0.544,Medium,Downy Mildew
coconut,22.66,98.66,75.3,7.21,0.583,Medium,Bud Rot
mothbeans,19.37,59.38,50.88,13.63,0.53,Medium,Powdery Mildew
pigeonpeas,28.43,67.24,102.95,14.87,0.654,High,Fusarium Wilt
mango,33.63,77.48,101.91,11.52,0.607,Medium,Powdery Mildew
mungbean,33.38,81.27,88.34,10.32,0.611,Medium,Cercospora Leaf Spot
pomegranate,29.57,84.0,80.74,7.41,0.541,Medium,Bacterial Blight
muskmelon,32.74,79.8,97.46,6.81,0.487,Medium,Downy Mildew
watermelon,29.57,72.01,165.83,13.33,0.645,Medium,Fusarium Wilt
jute,32.14,74.16,74.74,9.7,0.568,Medium,Anthracnose
lentil,26.99,59.26,230.54,11.22,0.681,High,Wilt
papaya,23.09,67.53,100.52,9.52,0.427,Medium,Papaya Ring Spot Virus
coffee,28.27,62.89,45.28,7.42,0.508,Medium,Coffee Leaf Rust
mungbean,28.11,70.64,92.55,11.89,0.656,High,Cercospora Leaf Spot
coconut,16.53,60.54,114.45,1.68,0.384,Medium,Leaf Blight
pomegranate,33.64,78.43,102.47,0.77,0.381,Medium,Fruit Rot
pomegranate,20.89,72.5,180.12,15.13,0.609,Medium,Bacterial Blight
mango,21.38,72.44,213.42,10.38,0.614,Medium,Powdery Mildew
jute,24.08,79.16,193.15,7.59,0.591,Medium,Stem Rot
grapes,25.77,98.53,81.44,7.15,0.537,Medium,Downy Mildew
jute,24.59,86.05,94.67,14.21,0.805,High,Anthracnose
lentil,19.85,77.48,211.01,0.0,0.53,Medium,Rust
grapes,19.32,66.36,70.03,5.87,0.394,Medium,Powdery Mildew
jute,21.55,62.16,56.94,1.14,0.357,Medium,Stem Rot
orange,34.02,76.94,121.32,6.14,0.561,Medium,Greening (HLB)
watermelon,31.62,75.14,210.73,11.44,0.584,Medium,Fusarium Wilt
banana,18.78,50.86,56.79,5.94,0.351,Medium,Panama Wilt
muskmelon,25.57,59.29,39.35,5.9,0.467,Medium,Powdery Mildew
mungbean,24.31,54.48,56.16,6.48,0.43,Medium,Yellow Mosaic Virus
orange,28.04,80.92,97.04,8.23,0.548,Medium,Greening (HLB)
grapes,34.84,65.92,175.54,4.57,0.428,Medium,Powdery Mildew
pomegranate,24.58,83.76,43.75,6.49,0.574,Medium,Fruit Rot
chickpea,30.75,69.73,27.85,10.18,0.569,Medium,Ascochyta Blight
mothbeans,26.12,94.32,91.2,17.41,0.759,High,Powdery Mildew
cotton,27.32,86.64,46.8,4.05,0.52,Medium,Leaf Curl Virus
orange,26.05,51.02,178.74,13.92,0.695,High,Greening (HLB)
watermelon,34.47,72.8,172.69,8.36,0.514,Medium,Fusarium Wilt
cotton,24.71,87.3,146.73,2.71,0.566,Medium,Bacterial Blight
coconut,37.27,73.36,56.05,13.06,0.563,Medium,Bud Rot
muskmelon,34.52,61.9,114.54,11.53,0.539,Medium,Downy Mildew
chickpea,26.36,72.94,29.64,13.35,0.595,Medium,Fusarium Wilt
mango,22.25,74.45,120.51,1.3,0.35,Medium,Anthracnose
chickpea,29.93,75.77,56.36,8.08,0.526,Medium,Fusarium Wilt
coconut,28.26,68.62,65.85,5.99,0.444,Medium,Leaf Blight
pigeonpeas,25.33,72.89,24.35,6.4,0.468,Medium,Fusarium Wilt
mungbean,27.45,84.15,17.26,8.26,0.647,Medium,Yellow Mosaic Virus
pigeonpeas,21.94,70.54,31.33,13.01,0.621,Medium,Fusarium Wilt
blackgram,29.71,72.83,166.45,14.42,0.598,Medium,Leaf Crinkle
pigeonpeas,28.69,92.63,61.74,7.79,0.611,Medium,Fusarium Wilt
mango,31.4,99.83,81.34,13.94,0.7,High,Anthracnose
rice,35.93,88.63,44.29,10.56,0.587,Medium,Bacterial Leaf Blight
chickpea,36.88,67.74,62.12,8.27,0.447,Medium,Ascochyta Blight
coffee,27.64,73.94,202.15,12.23,0.699,High,Berry Disease
muskmelon,31.29,87.76,58.48,1.67,0.485,Medium,Powdery Mildew
kidneybeans,22.35,71.79,282.87,1.52,0.494,Medium,Bean Rust
rice,33.75,75.14,116.55,9.59,0.557,Medium,Rice Blast
cotton,22.55,87.18,314.82,10.75,0.698,High,Leaf Curl Virus
coffee,28.96,56.51,210.85,10.81,0.593,Medium,Coffee Leaf Rust
jute,28.55,86.53,96.04,5.16,0.544,Medium,Stem Rot
chickpea,22.11,87.21,51.6,7.71,0.498,Medium,Fusarium Wilt
papaya,37.37,65.83,103.15,12.93,0.486,Medium,Powdery Mildew
papaya,23.47,65.95,348.62,8.8,0.54,Medium,Powdery Mildew
orange,28.34,77.88,106.76,8.97,0.668,High,Citrus Canker
kidneybeans,18.78,89.91,81.03,8.79,0.559,Medium,Angular Leaf Spot
kidneybeans,18.33,93.39,248.24,4.42,0.699,High,Angular Leaf Spot
cotton,29.98,75.14,144.57,9.63,0.671,High,Leaf Curl Virus
rice,29.66,79.39,135.5,16.57,0.668,High,Bacterial Leaf Blight
grapes,25.51,83.51,138.56,9.74,0.609,Medium,Downy Mildew
grapes,25.61,76.35,91.76,2.18,0.474,Medium,Powdery Mildew
banana,27.74,85.14,81.1,6.88,0.516,Medium,Sigatoka Leaf Spot
pomegranate,22.38,85.71,226.38,1.64,0.49,Medium,Bacterial Blight
apple,27.04,72.11,251.3,2.47,0.584,Medium,Apple Scab
cotton,23.48,68.73,396.12,12.3,0.738,High,Bacterial Blight
cotton,25.31,84.84,28.23,10.16,0.649,Medium,Leaf Curl Virus
mungbean,22.5,80.21,78.03,8.21,0.567,Medium,Cercospora Leaf Spot
pigeonpeas,29.62,61.64,91.76,8.84,0.57,Medium,Fusarium Wilt
watermelon,17.66,80.26,136.07,12.46,0.557,Medium,Anthracnose
chickpea,30.51,100.0,73.69,6.22,0.571,Medium,Ascochyta Blight
apple,30.69,78.52,232.05,5.23,0.731,High,Fire Blight
muskmelon,38.36,74.56,142.77,0.0,0.417,Medium,Downy Mildew
orange,25.37,72.54,72.55,6.18,0.53,Medium,Citrus Canker
kidneybeans,27.83,79.29,34.58,0.0,0.468,Medium,Angular Leaf Spot
blackgram,25.53,87.41,109.83,9.61,0.685,High,Leaf Crinkle
mango,19.74,66.79,52.35,12.05,0.468,Medium,Powdery Mildew
cotton,39.59,57.51,44.04,9.08,0.428,Medium,Leaf Curl Virus
pigeonpeas,24.61,79.7,135.61,4.77,0.525,Medium,Sterility Mosaic
kidneybeans,24.2,93.85,54.08,3.68,0.585,Medium,Angular Leaf Spot
banana,21.7,79.22,307.02,9.81,0.662,High,Panama Wilt
papaya,27.0,53.81,146.21,7.0,0.55,Medium,Papaya Ring Spot Virus
apple,21.45,68.15,67.22,7.35,0.502,Medium,Apple Scab
pomegranate,23.06,95.14,63.01,3.34,0.581,Medium,Fruit Rot
orange,30.87,74.27,124.19,11.44,0.62,Medium,Citrus Canker
cotton,18.61,93.76,272.73,7.96,0.751,High,Leaf Curl Virus
orange,29.84,84.06,214.28,8.22,0.619,Medium,Citrus Canker
mango,18.07,90.01,198.44,0.0,0.502,Medium,Powdery Mildew
chickpea,19.42,60.03,165.66,6.53,0.566,Medium,Fusarium Wilt
pomegranate,28.22,84.91,91.21,2.49,0.459,Medium,Bacterial Blight
jute,27.58,85.21,166.63,5.93,0.616,Medium,Stem Rot
blackgram,18.24,69.44,184.05,14.24,0.652,High,Leaf Crinkle
chickpea,27.45,72.15,32.42,6.87,0.514,Medium,Ascochyta Blight
mango,25.24,81.01,166.79,4.76,0.565,Medium,Anthracnose
papaya,20.57,93.0,33.19,7.37,0.541,Medium,Powdery Mildew
grapes,26.92,73.34,119.0,8.38,0.647,Medium,Downy Mildew
kidneybeans,29.4,58.92,99.91,6.99,0.534,Medium,Angular Leaf Spot
orange,33.65,86.9,52.83,11.25,0.627,Medium,Greening (HLB)
mothbeans,21.95,52.78,146.0,0.83,0.409,Medium,Powdery Mildew
banana,18.29,72.41,73.65,5.73,0.47,Medium,Panama Wilt
rice,26.7,66.25,71.21,8.01,0.533,Medium,Rice Blast
grapes,26.01,76.73,149.99,9.09,0.548,Medium,Powdery Mildew
mungbean,30.67,65.61,23.99,1.01,0.368,Medium,Yellow Mosaic Virus
mango,26.46,78.26,80.99,6.61,0.515,Medium,Anthracnose
coffee,26.35,94.49,132.09,7.86,0.63,Medium,Berry Disease
coconut,28.25,55.31,101.77,1.98,0.42,Medium,Leaf Blight
apple,25.87,96.22,132.72,5.67,0.559,Medium,Fire Blight
banana,23.0,67.47,71.43,11.83,0.571,Medium,Panama Wilt
blackgram,28.89,66.27,6.01,15.39,0.534,Medium,Yellow Mosaic Virus
chickpea,21.69,60.28,96.14,5.04,0.403,Medium,Fusarium Wilt
blackgram,24.12,64.85,35.23,7.46,0.475,Medium,Yellow Mosaic Virus
lentil,31.7,65.06,88.68,6.54,0.461,Medium,Wilt
rice,16.42,52.66,102.27,7.53,0.481,Medium,Bacterial Leaf Blight
watermelon,24.3,83.01,249.91,7.81,0.735,High,Anthracnose
watermelon,31.99,70.28,60.88,0.0,0.435,Medium,Anthracnose
coffee,27.17,86.33,36.62,11.63,0.604,Medium,Coffee Leaf Rust
mango,28.49,82.79,212.11,9.79,0.644,Medium,Anthracnose
kidneybeans,30.67,88.76,48.0,15.39,0.644,Medium,Bean Rust
pomegranate,24.71,78.42,28.91,14.8,0.599,Medium,Bacterial Blight
rice,15.58,76.04,127.53,8.11,0.546,Medium,Bacterial Leaf Blight
pigeonpeas,26.19,83.36,116.58,7.64,0.529,Medium,Sterility Mosaic
jute,27.24,75.79,28.59,10.61,0.563,Medium,Anthracnose
chickpea,28.36,52.77,42.25,8.08,0.315,Low,Healthy
coffee,33.5,69.31,140.77,10.31,0.568,Medium,Coffee Leaf Rust
chickpea,25.48,64.95,164.94,7.8,0.614,Medium,Fusarium Wilt
papaya,23.75,85.62,136.57,13.89,0.62,Medium,Powdery Mildew
maize,21.88,85.9,32.77,5.66,0.517,Medium,Common Rust
watermelon,28.29,56.78,92.89,10.19,0.454,Medium,Fusarium Wilt
coffee,23.44,58.88,249.16,9.13,0.687,High,Coffee Leaf Rust
pigeonpeas,25.99,73.37,32.42,4.5,0.449,Medium,Fusarium Wilt
banana,25.65,66.53,24.5,7.15,0.461,Medium,Panama Wilt
coffee,26.34,91.74,176.8,6.38,0.683,High,Berry Disease
pigeonpeas,19.99,84.76,109.22,13.76,0.612,Medium,Fusarium Wilt
banana,29.76,79.15,270.8,11.13,0.695,High,Panama Wilt
lentil,30.96,53.49,15.96,14.29,0.546,Medium,Rust
pigeonpeas,33.9,70.1,42.82,10.18,0.522,Medium,Fusarium Wilt
rice,22.33,72.53,42.99,11.36,0.455,Medium,Sheath Blight
grapes,27.93,55.07,47.41,6.68,0.475,Medium,Downy Mildew
coconut,23.4,70.85,197.0,13.12,0.712,High,Leaf Blight
cotton,21.37,80.37,126.32,11.21,0.68,High,Bacterial Blight
kidneybeans,22.51,79.07,400.0,13.85,0.738,High,Bean Rust
grapes,30.93,79.87,147.45,4.85,0.616,Medium,Downy Mildew
coffee,29.52,61.86,70.3,10.03,0.491,Medium,Berry Disease
kidneybeans,23.53,92.82,77.48,11.03,0.633,Medium,Bean Rust
cotton,19.96,67.99,152.18,0.26,0.435,Medium,Bacterial Blight
rice,29.3,86.86,103.15,2.56,0.453,Medium,Bacterial Leaf Blight
watermelon,28.55,87.52,69.41,13.39,0.581,Medium,Fusarium Wilt
pomegranate,30.65,84.15,8.31,7.36,0.495,Medium,Fruit Rot
chickpea,30.6,82.48,129.44,15.66,0.634,Medium,Ascochyta Blight
watermelon,25.18,83.81,35.2,9.51,0.497,Medium,Anthracnose
mungbean,27.26,50.08,102.18,7.46,0.459,Medium,Yellow Mosaic Virus
pigeonpeas,20.83,93.68,218.78,3.38,0.672,High,Sterility Mosaic
watermelon,24.63,75.38,106.62,4.19,0.565,Medium,Fusarium Wilt
coconut,30.34,81.88,116.28,7.71,0.614,Medium,Bud Rot
kidneybeans,26.14,85.26,28.43,10.13,0.573,Medium,Angular Leaf Spot
coffee,26.73,57.57,385.37,14.58,0.708,High,Coffee Leaf Rust
banana,28.7,74.1,142.66,6.84,0.633,Medium,Panama Wilt
coffee,25.71,59.15,130.97,7.18,0.48,Medium,Berry Disease
coconut,24.29,74.49,56.83,12.19,0.582,Medium,Leaf Blight
coffee,33.7,83.0,59.07,2.99,0.477,Medium,Coffee Leaf Rust
pigeonpeas,25.92,99.47,64.53,12.33,0.652,High,Fusarium Wilt
mungbean,33.17,60.19,82.21,5.21,0.445,Medium,Yellow Mosaic Virus
apple,24.58,83.21,82.18,7.8,0.599,Medium,Fire Blight
coffee,31.1,93.11,84.11,11.69,0.688,High,Coffee Leaf Rust
mothbeans,35.62,89.42,106.28,5.19,0.524,Medium,Yellow Mosaic Virus
coffee,32.41,85.6,99.84,7.25,0.604,Medium,Coffee Leaf Rust
rice,30.39,63.54,196.0,8.41,0.519,Medium,Sheath Blight
orange,25.85,88.15,83.32,4.09,0.531,Medium,Citrus Canker
kidneybeans,27.68,92.89,48.44,7.23,0.583,Medium,Angular Leaf Spot
apple,35.55,66.81,114.55,8.84,0.578,Medium,Fire Blight
grapes,26.0,76.39,102.98,8.22,0.603,Medium,Downy Mildew
mango,30.64,83.94,111.99,8.39,0.545,Medium,Powdery Mildew
apple,25.97,91.47,11.63,0.0,0.531,Medium,Apple Scab
papaya,29.87,69.22,94.11,3.96,0.517,Medium,Papaya Ring Spot Virus
cotton,29.86,80.77,16.65,6.81,0.514,Medium,Leaf Curl Virus
mango,29.68,75.76,22.52,5.45,0.404,Medium,Powdery Mildew
lentil,32.31,71.71,25.07,19.47,0.654,High,Rust
rice,29.9,81.29,23.16,16.21,0.641,Medium,Sheath Blight
banana,23.57,63.44,54.35,9.62,0.504,Medium,Sigatoka Leaf Spot
grapes,29.52,81.37,58.5,16.45,0.704,High,Downy Mildew
maize,27.27,73.57,220.7,5.22,0.556,Medium,Maize Leaf Blight
apple,35.38,78.46,57.09,11.69,0.584,Medium,Fire Blight
orange,34.31,85.72,90.82,12.06,0.597,Medium,Greening (HLB)
mothbeans,25.7,77.17,184.53,5.29,0.563,Medium,Powdery Mildew
mungbean,19.72,69.46,32.57,13.0,0.501,Medium,Yellow Mosaic Virus
coconut,25.56,67.81,66.04,16.7,0.638,Medium,Leaf Blight
coconut,30.32,63.4,63.52,1.43,0.441,Medium,Bud Rot
apple,13.78,73.19,400.0,5.66,0.601,Medium,Fire Blight
mungbean,35.21,99.43,82.98,8.34,0.566,Medium,Yellow Mosaic Virus
grapes,33.55,97.47,18.31,8.28,0.542,Medium,Downy Mildew
papaya,22.36,69.76,206.41,12.09,0.617,Medium,Powdery Mildew
pigeonpeas,31.81,73.5,109.41,6.43,0.533,Medium,Sterility Mosaic
pomegranate,31.92,67.69,372.92,1.66,0.654,High,Fruit Rot
mungbean,22.88,88.14,105.75,0.0,0.47,Medium,Cercospora Leaf Spot
grapes,18.61,99.05,69.1,3.49,0.509,Medium,Downy Mildew
lentil,27.36,87.78,191.05,14.91,0.635,Medium,Rust
orange,24.67,77.31,72.84,6.08,0.56,Medium,Citrus Canker
grapes,23.92,69.11,341.81,9.32,0.574,Medium,Downy Mildew
coconut,26.47,77.39,201.74,8.35,0.68,High,Leaf Blight
muskmelon,25.59,68.46,269.83,13.04,0.825,High,Powdery Mildew
lentil,26.55,83.3,106.85,9.48,0.652,High,Rust
cotton,26.16,92.51,143.77,9.37,0.681,High,Leaf Curl Virus
muskmelon,32.83,61.9,84.77,9.36,0.501,Medium,Powdery Mildew
coffee,34.42,65.35,90.35,10.2,0.509,Medium,Berry Disease
chickpea,26.5,79.79,63.64,9.5,0.62,Medium,Ascochyta Blight
maize,27.71,47.1,119.49,6.19,0.461,Medium,Maize Leaf Blight
watermelon,28.53,73.91,178.75,1.88,0.551,Medium,Fusarium Wilt
orange,27.91,84.34,144.82,4.45,0.578,Medium,Greening (HLB)
blackgram,20.64,75.75,13.36,5.75,0.473,Medium,Leaf Crinkle
coconut,25.21,74.61,49.92,12.81,0.668,High,Leaf Blight
coffee,27.33,59.34,106.94,7.9,0.55,Medium,Berry Disease
pomegranate,29.19,51.85,32.57,7.31,0.364,Medium,Bacterial Blight
blackgram,25.15,87.28,165.17,8.23,0.643,Medium,Leaf Crinkle
mango,31.89,81.18,112.3,11.86,0.599,Medium,Anthracnose
maize,32.32,83.26,196.33,11.11,0.561,Medium,Maize Leaf Blight
blackgram,23.76,82.05,49.16,9.66,0.555,Medium,Leaf Crinkle
mungbean,20.12,75.75,78.85,0.0,0.45,Medium,Yellow Mosaic Virus
mango,28.19,80.48,70.72,7.67,0.54,Medium,Anthracnose
grapes,24.67,87.81,354.9,10.0,0.7,High,Downy Mildew
rice,8.76,54.32,139.23,3.35,0.315,Low,Healthy
blackgram,22.74,90.34,287.12,6.79,0.748,High,Leaf Crinkle
mothbeans,24.67,65.42,66.07,8.72,0.457,Medium,Yellow Mosaic Virus
mango,23.58,76.52,114.95,1.17,0.425,Medium,Anthracnose
chickpea,24.95,95.31,54.26,7.48,0.613,Medium,Ascochyta Blight
blackgram,23.65,70.72,24.75,12.65,0.592,Medium,Yellow Mosaic Virus
banana,21.89,57.54,55.47,8.93,0.459,Medium,Panama Wilt
watermelon,24.54,82.45,217.89,3.61,0.677,High,Anthracnose
papaya,28.44,64.58,75.98,6.57,0.502,Medium,Papaya Ring Spot Virus
pigeonpeas,32.39,76.34,52.67,4.55,0.449,Medium,Sterility Mosaic
watermelon,28.16,96.91,119.83,5.3,0.574,Medium,Anthracnose
chickpea,27.13,50.97,51.93,5.48,0.381,Medium,Ascochyta Blight
muskmelon,27.9,64.68,93.08,8.06,0.493,Medium,Powdery Mildew
blackgram,29.64,64.62,24.81,11.25,0.503,Medium,Yellow Mosaic Virus
rice,35.1,79.36,84.04,0.0,0.324,Low,Healthy
mango,26.11,78.78,53.99,11.34,0.676,High,Powdery Mildew
pomegranate,27.45,86.03,96.15,3.2,0.547,Medium,Bacterial Blight
papaya,13.15,75.03,118.62,12.37,0.542,Medium,Powdery Mildew
kidneybeans,24.77,67.56,111.92,12.51,0.551,Medium,Angular Leaf Spot
papaya,26.73,76.75,223.59,13.95,0.67,High,Powdery Mildew
orange,24.13,92.13,84.94,6.84,0.634,Medium,Greening (HLB)
watermelon,22.33,55.93,156.62,10.23,0.49,Medium,Fusarium Wilt
rice,25.26,60.84,176.16,9.62,0.59,Medium,Sheath Blight
muskmelon,30.77,63.22,8.8,11.34,0.496,Medium,Powdery Mildew
cotton,20.55,77.99,94.46,3.18,0.526,Medium,Leaf Curl Virus
mungbean,25.18,71.37,63.1,0.71,0.437,Medium,Yellow Mosaic Virus
mango,28.46,76.16,154.49,9.59,0.568,Medium,Powdery Mildew
mungbean,37.52,87.8,129.22,6.76,0.625,Medium,Cercospora Leaf Spot
jute,34.73,73.87,122.27,0.0,0.471,Medium,Stem Rot
jute,28.17,74.09,108.38,4.41,0.532,Medium,Anthracnose
watermelon,38.18,57.12,142.69,3.3,0.451,Medium,Fusarium Wilt
kidneybeans,27.66,79.45,154.29,7.74,0.682,High,Angular Leaf Spot
coconut,29.91,85.31,32.44,5.69,0.615,Medium,Leaf Blight
orange,32.7,68.21,111.36,5.08,0.424,Medium,Greening (HLB)
lentil,26.97,78.07,57.2,9.76,0.553,Medium,Rust
chickpea,28.83,64.03,125.15,10.76,0.614,Medium,Ascochyta Blight
coffee,30.54,81.56,253.62,11.29,0.692,High,Coffee Leaf Rust
mango,28.87,90.43,21.88,13.95,0.678,High,Anthracnose
muskmelon,19.59,88.34,19.54,9.7,0.539,Medium,Powdery Mildew
mungbean,29.13,73.68,81.66,13.36,0.588,Medium,Yellow Mosaic Virus
watermelon,30.12,88.75,58.5,5.46,0.549,Medium,Fusarium Wilt
muskmelon,31.89,90.17,160.61,6.62,0.698,High,Powdery Mildew
mothbeans,29.26,69.34,110.19,7.33,0.573,Medium,Powdery Mildew
coconut,31.23,91.95,336.0,6.85,0.607,Medium,Leaf Blight
blackgram,13.72,61.36,90.58,0.84,0.344,Low,Healthy
jute,26.72,56.97,133.96,2.6,0.468,Medium,Anthracnose
apple,21.98,73.48,102.15,14.62,0.607,Medium,Fire Blight
watermelon,23.39,53.74,55.14,9.35,0.425,Medium,Fusarium Wilt
coffee,23.7,61.47,31.46,10.68,0.455,Medium,Berry Disease
muskmelon,32.8,41.76,65.85,6.75,0.435,Medium,Powdery Mildew
watermelon,28.7,83.58,49.97,3.47,0.584,Medium,Fusarium Wilt
blackgram,23.0,61.84,215.78,7.41,0.579,Medium,Yellow Mosaic Virus
chickpea,28.63,75.45,103.4,7.89,0.553,Medium,Ascochyta Blight
cotton,21.07,73.16,241.29,2.06,0.54,Medium,Bacterial Blight
muskmelon,22.81,75.83,80.06,9.86,0.634,Medium,Downy Mildew
papaya,27.63,78.32,255.74,10.91,0.648,Medium,Papaya Ring Spot Virus
coconut,28.64,85.96,309.36,10.08,0.798,High,Leaf Blight
chickpea,27.95,62.31,237.87,6.27,0.565,Medium,Fusarium Wilt
mothbeans,20.53,76.47,190.36,5.57,0.569,Medium,Powdery Mildew
jute,24.37,63.38,46.68,0.41,0.359,Medium,Anthracnose
banana,27.4,73.36,47.65,13.7,0.589,Medium,Sigatoka Leaf Spot
orange,32.8,64.28,35.49,17.94,0.607,Medium,Citrus Canker
mothbeans,21.16,75.19,150.06,5.95,0.545,Medium,Powdery Mildew
lentil,24.79,74.26,51.84,5.56,0.457,Medium,Rust
watermelon,28.54,91.37,143.0,10.55,0.657,High,Anthracnose
lentil,28.04,93.95,204.47,6.35,0.65,Medium,Rust
mungbean,36.42,98.89,43.43,11.48,0.647,Medium,Yellow Mosaic Virus
mungbean,18.85,87.27,4.1,15.36,0.588,Medium,Cercospora Leaf Spot
coffee,37.64,84.51,56.97,10.86,0.626,Medium,Coffee Leaf Rust
coffee,28.42,80.43,213.28,4.22,0.581,Medium,Coffee Leaf Rust
muskmelon,26.66,65.06,115.08,7.58,0.511,Medium,Powdery Mildew
jute,31.96,61.53,400.0,6.74,0.557,Medium,Stem Rot
cotton,25.19,94.84,191.99,8.37,0.741,High,Leaf Curl Virus
banana,28.39,74.18,105.35,8.23,0.597,Medium,Panama Wilt
grapes,25.98,84.04,154.25,2.17,0.575,Medium,Powdery Mildew
mungbean,24.92,87.33,285.73,4.79,0.604,Medium,Cercospora Leaf Spot
banana,29.03,87.59,54.47,5.48,0.49,Medium,Panama Wilt
banana,22.57,65.92,5.65,12.43,0.574,Medium,Sigatoka Leaf Spot
grapes,23.05,80.05,76.02,6.56,0.605,Medium,Powdery Mildew
watermelon,23.7,62.46,89.44,10.74,0.538,Medium,Anthracnose
mungbean,25.78,58.83,121.28,6.77,0.549,Medium,Yellow Mosaic Virus
coffee,19.82,88.2,44.77,5.62,0.467,Medium,Berry Disease
pigeonpeas,29.41,67.97,111.81,12.35,0.58,Medium,Fusarium Wilt
coconut,27.12,95.78,113.3,8.79,0.626,Medium,Bud Rot
grapes,23.79,84.83,98.66,6.28,0.477,Medium,Downy Mildew
mungbean,21.11,69.34,275.45,4.33,0.538,Medium,Cercospora Leaf Spot
blackgram,24.85,76.7,26.47,4.5,0.487,Medium,Leaf Crinkle
orange,31.4,78.99,69.89,10.56,0.463,Medium,Citrus Canker
jute,23.07,81.21,26.37,13.31,0.61,Medium,Anthracnose
chickpea,27.02,75.18,134.52,9.26,0.588,Medium,Fusarium Wilt
mango,25.79,75.08,164.39,10.88,0.656,High,Powdery Mildew
kidneybeans,35.45,91.11,157.47,7.65,0.533,Medium,Bean Rust
mothbeans,31.68,42.32,115.45,15.48,0.56,Medium,Yellow Mosaic Virus
jute,30.31,62.42,89.2,11.01,0.555,Medium,Stem Rot
rice,36.3,80.62,160.11,7.14,0.51,Medium,Rice Blast
papaya,29.71,82.35,238.23,6.2,0.638,Medium,Papaya Ring Spot Virus
kidneybeans,19.43,64.85,20.4,9.57,0.393,Medium,Bean Rust
papaya,30.44,78.31,8.04,13.51,0.586,Medium,Powdery Mildew
chickpea,21.54,78.97,284.03,9.58,0.52,Medium,Fusarium Wilt
pigeonpeas,26.14,81.18,33.48,15.97,0.614,Medium,Sterility Mosaic
apple,21.37,51.04,91.98,12.32,0.388,Medium,Apple Scab
banana,27.21,73.78,35.94,10.44,0.607,Medium,Sigatoka Leaf Spot
jute,24.84,83.72,51.32,15.11,0.673,High,Anthracnose
mungbean,21.08,69.15,185.53,7.69,0.548,Medium,Cercospora Leaf Spot
mango,31.95,58.77,22.45,13.54,0.52,Medium,Anthracnose
banana,23.11,68.06,283.55,11.2,0.619,Medium,Panama Wilt
kidneybeans,30.01,86.11,11.73,9.57,0.611,Medium,Bean Rust
muskmelon,33.76,88.8,122.88,5.49,0.494,Medium,Powdery Mildew
pomegranate,30.46,74.99,95.12,0.0,0.477,Medium,Bacterial Blight
coconut,31.71,61.38,317.31,5.36,0.535,Medium,Bud Rot
grapes,28.12,73.34,27.55,15.72,0.634,Medium,Powdery Mildew
cotton,22.56,67.22,30.9,8.52,0.514,Medium,Leaf Curl Virus
rice,19.12,67.06,34.47,8.21,0.357,Medium,Bacterial Leaf Blight
grapes,26.22,67.21,115.64,12.55,0.583,Medium,Downy Mildew
pomegranate,27.28,70.25,211.7,11.83,0.674,High,Bacterial Blight
muskmelon,27.83,86.31,72.87,9.15,0.555,Medium,Powdery Mildew
papaya,19.01,92.56,31.57,8.81,0.582,Medium,Papaya Ring Spot Virus
coconut,33.35,67.86,67.56,8.4,0.496,Medium,Leaf Blight
maize,30.16,80.76,135.02,11.15,0.62,Medium,Common Rust
coffee,23.85,76.12,62.1,9.42,0.561,Medium,Coffee Leaf Rust
mothbeans,31.78,74.26,300.97,13.63,0.734,High,Yellow Mosaic Virus
banana,25.7,49.62,12.3,5.66,0.442,Medium,Sigatoka Leaf Spot
lentil,35.95,83.53,79.31,12.31,0.531,Medium,Rust
jute,28.05,59.27,106.1,12.2,0.539,Medium,Anthracnose
banana,20.95,74.57,76.23,14.44,0.609,Medium,Panama Wilt
rice,33.77,76.11,48.15,2.08,0.384,Medium,Rice Blast
apple,24.65,76.87,256.63,6.13,0.604,Medium,Fire Blight
lentil,16.11,64.89,263.3,10.16,0.637,Medium,Wilt
coffee,32.41,75.81,150.92,6.69,0.592,Medium,Berry Disease
maize,20.49,72.52,202.23,5.71,0.598,Medium,Gray Leaf Spot
maize,20.43,73.14,33.29,4.9,0.425,Medium,Common Rust
cotton,29.88,79.93,106.5,10.65,0.581,Medium,Bacterial Blight
apple,23.23,34.37,169.39,10.94,0.506,Medium,Apple Scab
cotton,23.78,71.95,42.38,3.83,0.451,Medium,Bacterial Blight
pigeonpeas,29.8,81.39,343.24,14.44,0.743,High,Sterility Mosaic
kidneybeans,23.94,52.84,79.94,10.4,0.489,Medium,Angular Leaf Spot
maize,29.74,83.71,43.83,8.15,0.56,Medium,Common Rust
pigeonpeas,33.07,67.67,64.64,7.43,0.428,Medium,Fusarium Wilt
mothbeans,27.18,78.11,243.48,6.63,0.66,High,Powdery Mildew
apple,24.0,97.01,86.01,0.0,0.47,Medium,Apple Scab
coconut,23.84,87.22,199.02,15.22,0.71,High,Leaf Blight
watermelon,27.76,58.97,100.48,13.85,0.588,Medium,Fusarium Wilt
cotton,31.91,93.6,34.97,6.76,0.575,Medium,Bacterial Blight
kidneybeans,28.66,74.74,56.86,9.06,0.525,Medium,Angular Leaf Spot
blackgram,18.92,86.91,86.96,11.06,0.607,Medium,Yellow Mosaic Virus
papaya,20.29,91.96,133.12,9.36,0.666,High,Powdery Mildew
rice,24.31,81.51,42.74,3.03,0.469,Medium,Rice Blast
cotton,28.62,71.52,11.8,9.71,0.548,Medium,Leaf Curl Virus
mungbean,38.68,64.95,106.89,8.17,0.461,Medium,Yellow Mosaic Virus
apple,34.15,77.99,77.09,7.41,0.634,Medium,Apple Scab
jute,32.63,75.0,10.02,8.39,0.489,Medium,Anthracnose
banana,25.68,80.42,82.89,6.91,0.629,Medium,Panama Wilt
watermelon,19.37,72.66,115.58,7.53,0.51,Medium,Fusarium Wilt
pigeonpeas,26.43,81.12,81.81,5.38,0.556,Medium,Sterility Mosaic
grapes,23.41,70.89,109.55,4.57,0.505,Medium,Powdery Mildew
apple,35.79,100.0,193.71,11.71,0.777,High,Fire Blight
mungbean,22.67,67.94,71.19,8.64,0.571,Medium,Cercospora Leaf Spot
blackgram,29.32,69.46,61.6,1.3,0.37,Medium,Leaf Crinkle
grapes,25.37,69.31,400.0,8.67,0.76,High,Downy Mildew
rice,28.14,100.0,327.21,6.85,0.67,High,Bacterial Leaf Blight
orange,23.8,60.14,133.27,4.91,0.449,Medium,Citrus Canker
kidneybeans,26.74,87.17,23.85,4.92,0.444,Medium,Bean Rust
banana,21.86,65.97,295.73,10.56,0.585,Medium,Panama Wilt
mothbeans,32.36,74.29,104.4,5.35,0.464,Medium,Yellow Mosaic Virus
mothbeans,29.63,51.1,39.29,11.21,0.539,Medium,Yellow Mosaic Virus
banana,27.25,86.51,53.64,5.18,0.566,Medium,Sigatoka Leaf Spot
mango,32.74,99.41,36.96,13.22,0.601,Medium,Powdery Mildew
lentil,31.24,81.97,148.93,9.18,0.527,Medium,Wilt
rice,27.81,83.76,20.56,7.12,0.555,Medium,Sheath Blight
lentil,27.81,77.09,39.53,11.08,0.578,Medium,Wilt
pomegranate,25.19,89.84,96.41,12.61,0.713,High,Fruit Rot
chickpea,19.39,72.23,19.73,1.62,0.338,Low,Healthy
pomegranate,29.2,86.94,69.89,10.12,0.529,Medium,Bacterial Blight
coffee,21.06,84.56,127.33,6.54,0.561,Medium,Coffee Leaf Rust
mango,24.13,77.32,243.64,12.3,0.683,High,Powdery Mildew
chickpea,17.05,81.49,370.52,6.97,0.653,High,Fusarium Wilt
apple,17.44,66.4,53.18,3.72,0.405,Medium,Apple Scab
muskmelon,26.78,90.53,251.65,8.67,0.671,High,Powdery Mildew
grapes,31.62,82.8,51.46,3.87,0.448,Medium,Downy Mildew
mungbean,29.22,80.19,41.82,9.05,0.527,Medium,Yellow Mosaic Virus
mothbeans,29.96,62.94,29.69,3.6,0.359,Medium,Yellow Mosaic Virus
blackgram,28.89,89.64,56.55,8.06,0.58,Medium,Yellow Mosaic Virus
coconut,28.61,74.52,70.87,7.2,0.496,Medium,Bud Rot
grapes,20.78,82.67,176.3,11.65,0.741,High,Powdery Mildew
banana,28.38,82.49,18.11,4.69,0.477,Medium,Panama Wilt
rice,24.12,81.71,150.58,3.51,0.48,Medium,Bacterial Leaf Blight
blackgram,29.82,70.6,93.52,17.3,0.648,Medium,Leaf Crinkle
kidneybeans,39.82,73.54,69.92,8.96,0.555,Medium,Bean Rust
banana,27.66,92.39,38.31,12.5,0.646,Medium,Sigatoka Leaf Spot
lentil,23.91,77.21,400.0,6.85,0.662,High,Wilt
banana,21.52,74.66,35.0,11.31,0.539,Medium,Panama Wilt
pigeonpeas,23.69,92.73,142.78,8.38,0.639,Medium,Fusarium Wilt
maize,32.24,69.4,36.35,5.91,0.432,Medium,Common Rust
mango,25.93,76.79,80.76,7.91,0.486,Medium,Anthracnose
cotton,27.99,83.54,91.66,15.83,0.738,High,Bacterial Blight
orange,27.81,63.36,46.1,0.55,0.472,Medium,Citrus Canker
watermelon,29.4,81.5,86.51,7.84,0.577,Medium,Anthracnose
coconut,22.2,65.2,160.28,5.63,0.44,Medium,Bud Rot
pigeonpeas,20.59,72.54,58.92,5.0,0.446,Medium,Fusarium Wilt
jute,29.0,96.51,127.58,2.75,0.509,Medium,Anthracnose
coffee,26.85,89.14,69.71,7.13,0.608,Medium,Coffee Leaf Rust
pomegranate,25.28,65.93,47.01,4.6,0.443,Medium,Fruit Rot
pomegranate,29.14,86.27,183.78,12.87,0.688,High,Fruit Rot
kidneybeans,29.14,87.93,75.7,8.2,0.542,Medium,Bean Rust
mungbean,30.16,79.09,71.31,8.66,0.573,Medium,Cercospora Leaf Spot
rice,26.53,76.57,131.06,11.41,0.588,Medium,Sheath Blight
mango,16.24,84.33,142.8,9.12,0.603,Medium,Anthracnose
grapes,23.52,92.26,31.11,10.21,0.591,Medium,Powdery Mildew
watermelon,19.01,62.32,237.96,12.61,0.528,Medium,Fusarium Wilt
papaya,31.34,44.83,74.08,8.02,0.45,Medium,Papaya Ring Spot Virus
coffee,29.98,81.36,87.97,5.84,0.656,High,Berry Disease
maize,20.21,64.91,122.67,10.29,0.468,Medium,Gray Leaf Spot
grapes,32.6,84.84,97.0,7.79,0.596,Medium,Downy Mildew
apple,25.38,72.67,8.25,12.71,0.475,Medium,Apple Scab
jute,23.22,64.5,173.91,6.51,0.534,Medium,Stem Rot
jute,24.52,90.88,5.81,8.43,0.667,High,Anthracnose
coffee,27.37,100.0,152.53,4.93,0.615,Medium,Berry Disease
kidneybeans,29.45,93.03,38.53,8.63,0.561,Medium,Bean Rust
