farmer_id,state,crop,season,land_size_acres,experience_years,irrigation_type,yield_quintal_per_acre,market_price_per_quintal,estimated_revenue_inr
F01127,Andhra Pradesh,orange,Kharif,1.04,17,Rain-fed,19.8,3256.38,67055.38
F00080,West Bengal,lentil,Rabi,4.91,22,Drip,15.82,1103.01,85677.63
F03261,Uttar Pradesh,lentil,Zaid,3.13,16,Sprinkler,26.71,1812.51,151530.0
F01737,Bihar,lentil,Kharif,5.46,10,Drip,4.97,1993.61,54099.0
F04527,Rajasthan,blackgram,Zaid,2.94,19,Drip,23.09,2518.32,170955.15
F03594,Andhra Pradesh,lentil,Zaid,2.05,1,Canal,15.12,1837.17,56944.92
F04047,Haryana,watermelon,Zaid,1.66,1,Drip,22.84,1396.63,52952.39
F02893,Tamil Nadu,coffee,Rabi,1.33,3,Sprinkler,22.63,1924.03,57909.26
F00722,Madhya Pradesh,blackgram,Rabi,1.41,27,Sprinkler,18.56,2154.62,56385.54
F04308,Madhya Pradesh,banana,Kharif,3.55,22,Sprinkler,15.52,2516.6,138654.59
F01593,Andhra Pradesh,mango,Kharif,2.09,0,Canal,26.77,2463.33,137821.59
F01345,Haryana,chickpea,Zaid,1.01,23,Borewell,21.67,2189.02,47910.42
F02616,Punjab,coconut,Zaid,2.15,7,Drip,26.58,2445.45,139750.13
F03548,Karnataka,kidneybeans,Zaid,2.87,18,Borewell,7.98,2016.13,46174.62
F02188,Andhra Pradesh,muskmelon,Zaid,0.25,10,Rain-fed,10.24,2968.35,7598.98
F04220,Rajasthan,coffee,Rabi,1.98,22,Drip,20.6,2279.06,92958.3
F03662,Karnataka,banana,Rabi,4.32,20,Rain-fed,13.4,1517.15,87824.78
F01596,Punjab,orange,Zaid,7.12,17,Borewell,16.01,1689.12,192544.82
F04748,Haryana,grapes,Rabi,1.56,24,Rain-fed,15.44,2719.8,65510.19
F00024,Karnataka,coffee,Kharif,5.17,27,Rain-fed,25.15,2565.54,333585.62
F01484,Gujarat,grapes,Kharif,4.19,20,Canal,20.39,1339.69,114455.21
F04989,Maharashtra,pomegranate,Zaid,0.25,20,Borewell,10.12,1665.9,4214.73
F00585,Andhra Pradesh,lentil,Zaid,1.82,13,Rain-fed,15.17,1858.3,51306.55
F02466,Karnataka,rice,Rabi,3.14,21,Drip,21.52,714.11,48254.41
F02823,Punjab,kidneybeans,Rabi,0.93,9,Rain-fed,17.4,1652.28,26737.19
F02352,Gujarat,rice,Zaid,0.76,5,Sprinkler,12.39,2700.8,25431.81
F03459,Rajasthan,mothbeans,Kharif,1.42,18,Rain-fed,16.03,2571.7,58538.58
F04869,Bihar,blackgram,Kharif,2.47,14,Borewell,19.14,2236.29,105722.4
F04968,Tamil Nadu,watermelon,Rabi,4.45,0,Borewell,35.1,3065.57,478826.71
F02811,West Bengal,lentil,Rabi,1.03,20,Drip,21.64,2588.56,57696.93
F02293,Bihar,muskmelon,Kharif,5.88,24,Rain-fed,23.68,2420.38,337009.84
F02030,Gujarat,watermelon,Zaid,1.43,7,Rain-fed,7.22,2249.54,23225.6
F02211,Rajasthan,rice,Rabi,5.22,22,Sprinkler,16.33,2330.53,198660.44
F00625,Bihar,mango,Zaid,0.74,8,Sprinkler,24.31,2126.97,38262.91
F02886,Uttar Pradesh,coconut,Rabi,4.27,0,Canal,9.64,1732.7,71322.78
F00169,Maharashtra,pigeonpeas,Kharif,1.04,15,Rain-fed,15.9,2819.57,46624.41
F04304,Uttar Pradesh,watermelon,Rabi,2.44,7,Rain-fed,22.43,2207.6,120820.18
F03929,Punjab,watermelon,Zaid,3.94,20,Sprinkler,21.49,1548.68,131127.66
F00423,Maharashtra,orange,Kharif,8.73,13,Rain-fed,20.71,1657.6,299691.26
F02270,Punjab,lentil,Kharif,5.82,28,Sprinkler,27.25,3900.29,618566.49
F03680,Gujarat,coffee,Rabi,5.99,4,Drip,12.59,2340.15,176480.31
F01232,Punjab,grapes,Kharif,3.07,18,Sprinkler,27.0,2046.54,169637.7
F00655,Punjab,kidneybeans,Zaid,2.16,16,Sprinkler,24.71,2530.71,135073.1
F00280,Tamil Nadu,blackgram,Zaid,1.35,15,Canal,10.44,1672.73,23575.46
F05195,Karnataka,jute,Kharif,12.2,17,Canal,15.89,2479.56,480682.54
F03498,Rajasthan,rice,Rabi,8.13,18,Sprinkler,14.97,3116.44,379289.76
F00801,Haryana,banana,Kharif,4.96,4,Borewell,16.96,2649.34,222866.72
F03291,Madhya Pradesh,orange,Kharif,2.19,0,Rain-fed,18.1,2467.4,97805.27
F00953,Karnataka,mungbean,Zaid,1.79,16,Drip,10.36,2237.12,41486.05
F04551,Punjab,pigeonpeas,Kharif,4.68,6,Canal,14.52,2694.83,183123.4
F03455,Karnataka,apple,Zaid,2.39,20,Sprinkler,16.99,3341.25,135675.13
F00834,Bihar,kidneybeans,Zaid,0.77,10,Borewell,23.73,1598.96,29216.36
F03089,Madhya Pradesh,jute,Kharif,2.77,20,Rain-fed,22.27,3708.06,228742.43
F05069,Haryana,mango,Rabi,0.86,25,Rain-fed,19.52,2368.06,39753.1
F01362,Maharashtra,pigeonpeas,Rabi,5.88,11,Rain-fed,21.0,1160.52,143301.01
F01261,Gujarat,muskmelon,Zaid,2.95,14,Borewell,10.66,1662.12,52268.69
F01666,Punjab,chickpea,Kharif,2.92,9,Borewell,20.67,2358.37,142342.72
F05175,Uttar Pradesh,orange,Rabi,0.63,29,Rain-fed,25.17,1503.21,23836.55
F00643,Tamil Nadu,banana,Zaid,1.73,3,Drip,20.72,1602.08,57427.52
F04252,Gujarat,pigeonpeas,Zaid,0.88,1,Drip,12.8,2101.89,23675.69
F04969,Bihar,kidneybeans,Rabi,1.44,23,Canal,18.03,1952.82,50701.46
F00374,Maharashtra,pigeonpeas,Zaid,1.87,12,Borewell,34.66,1840.36,119281.46
F03050,Rajasthan,jute,Kharif,3.1,27,Rain-fed,19.31,2747.89,164491.44
F03162,Rajasthan,muskmelon,Zaid,3.51,27,Rain-fed,31.89,1335.9,149532.5
F05167,Rajasthan,watermelon,Rabi,0.86,12,Borewell,25.18,1318.07,28542.54
F00473,Andhra Pradesh,watermelon,Kharif,1.0,22,Rain-fed,18.86,2763.76,52124.51
F01703,Rajasthan,mothbeans,Zaid,2.12,13,Rain-fed,20.09,2687.81,114475.98
F01050,Maharashtra,pigeonpeas,Kharif,2.19,20,Sprinkler,14.4,706.51,22280.5
F02776,Andhra Pradesh,banana,Rabi,3.64,15,Borewell,12.78,2205.87,102615.31
F04749,Haryana,jute,Zaid,2.21,24,Canal,15.55,3141.35,107954.06
F02223,Bihar,cotton,Kharif,0.65,10,Sprinkler,32.57,2305.41,48806.68
F02918,Maharashtra,coffee,Kharif,1.89,15,Canal,17.73,2277.45,76316.67
F04450,Karnataka,watermelon,Zaid,0.79,9,Drip,3.32,2947.94,7731.86
F04611,Rajasthan,mothbeans,Zaid,3.06,9,Rain-fed,32.77,1975.2,198065.55
F02659,Tamil Nadu,pigeonpeas,Rabi,4.68,15,Canal,11.42,2482.95,132702.75
F04568,Tamil Nadu,apple,Rabi,4.48,23,Borewell,20.4,1348.02,123198.24
F02806,Gujarat,maize,Kharif,3.02,27,Rain-fed,6.66,3101.04,62371.84
F01621,Punjab,coconut,Rabi,9.63,9,Rain-fed,11.66,1418.47,159274.04
F04911,Tamil Nadu,mothbeans,Zaid,0.36,15,Canal,12.51,2674.85,12046.45
F04715,Bihar,chickpea,Rabi,2.59,0,Borewell,26.68,2417.65,167062.52
F04849,Gujarat,mango,Zaid,9.14,12,Drip,13.34,3106.01,378708.34
F04309,Andhra Pradesh,coconut,Kharif,6.34,25,Canal,19.61,1228.32,152713.83
F05196,Madhya Pradesh,chickpea,Kharif,1.13,15,Sprinkler,20.55,2076.89,48228.5
F02630,Maharashtra,banana,Kharif,6.18,18,Sprinkler,17.12,2151.73,227656.48
F01943,Andhra Pradesh,banana,Rabi,6.66,3,Drip,16.8,2355.99,263607.01
F01554,Uttar Pradesh,apple,Zaid,4.58,8,Drip,25.8,1927.16,227720.93
F01838,Gujarat,maize,Zaid,0.92,5,Canal,11.65,2143.76,22976.82
F04432,Tamil Nadu,jute,Kharif,1.93,13,Drip,17.04,3094.0,101753.0
F03274,Punjab,kidneybeans,Zaid,2.47,18,Drip,11.06,2747.9,75067.68
F02586,West Bengal,maize,Zaid,1.63,13,Sprinkler,22.99,1726.72,64706.59
F00133,Haryana,blackgram,Zaid,2.7,5,Sprinkler,8.34,1886.19,42473.23
F04825,Andhra Pradesh,pomegranate,Kharif,1.67,11,Sprinkler,10.53,935.43,16449.63
F01753,Tamil Nadu,chickpea,Zaid,9.45,0,Borewell,15.26,2841.67,409788.71
F01570,West Bengal,lentil,Kharif,1.05,9,Rain-fed,26.47,1612.61,44820.08
F01039,Karnataka,papaya,Rabi,4.0,17,Drip,15.9,2821.64,179456.3
F02771,Madhya Pradesh,jute,Rabi,2.77,28,Drip,11.54,2277.24,72793.8
F01819,Gujarat,pigeonpeas,Rabi,1.47,11,Drip,11.63,1274.83,21794.62
F03221,Gujarat,orange,Kharif,4.93,16,Sprinkler,9.84,1699.75,82456.91
F04097,Haryana,lentil,Zaid,4.24,12,Rain-fed,13.79,1141.49,66742.46
F00152,Haryana,lentil,Rabi,5.89,8,Drip,7.97,1072.42,50342.93
F01938,Punjab,coconut,Kharif,1.49,12,Canal,17.57,1988.78,52064.87
F01619,Madhya Pradesh,muskmelon,Rabi,2.34,14,Borewell,34.59,2205.81,178539.58
F03306,Madhya Pradesh,rice,Kharif,0.65,17,Borewell,12.91,1365.32,11457.08
F00487,Punjab,chickpea,Kharif,1.63,15,Rain-fed,23.53,2044.01,78395.76
F04459,Karnataka,maize,Rabi,5.38,11,Canal,13.46,2740.0,198416.55
F03423,Haryana,mothbeans,Zaid,3.78,3,Drip,13.58,1986.96,101995.43
F01927,Punjab,rice,Kharif,7.17,13,Rain-fed,15.26,2341.36,256178.03
F04561,Gujarat,chickpea,Zaid,6.93,14,Drip,22.43,3317.36,515650.11
F00030,Uttar Pradesh,cotton,Rabi,5.54,2,Borewell,23.1,2492.23,318940.64
F00066,Punjab,lentil,Rabi,4.97,6,Canal,18.31,2959.79,269342.96
F02224,Maharashtra,mungbean,Rabi,1.4,9,Canal,16.21,1507.38,34208.48
F01486,Madhya Pradesh,maize,Rabi,1.67,23,Sprinkler,14.99,2144.78,53690.92
F04916,Punjab,chickpea,Rabi,1.11,9,Rain-fed,19.77,1297.0,28462.28
F01159,Karnataka,blackgram,Rabi,3.94,13,Canal,14.22,2591.76,145208.02
F04558,Rajasthan,blackgram,Rabi,4.19,24,Canal,3.31,1609.97,22328.51
F04909,Rajasthan,kidneybeans,Kharif,2.2,28,Drip,6.3,2686.02,37228.24
F00545,Tamil Nadu,jute,Zaid,8.32,29,Sprinkler,20.6,1893.55,324539.32
F01814,Uttar Pradesh,kidneybeans,Rabi,5.05,9,Borewell,12.79,2713.41,175257.8
F02306,Haryana,coconut,Zaid,0.9,3,Canal,13.63,1558.56,19118.86
F04819,Haryana,orange,Rabi,3.66,21,Canal,16.6,2769.44,168260.1
F04504,Gujarat,coconut,Kharif,0.53,16,Canal,18.78,1706.99,16990.35
F00241,Bihar,pigeonpeas,Rabi,1.35,19,Borewell,17.97,3023.09,73338.65
F03362,Maharashtra,orange,Kharif,1.92,22,Rain-fed,22.28,2441.41,104437.66
F00777,Maharashtra,maize,Zaid,3.68,7,Canal,24.04,1566.93,138621.91
F03047,Tamil Nadu,maize,Rabi,2.42,20,Borewell,22.1,2349.73,125668.26
F04518,Bihar,coffee,Kharif,0.7,7,Canal,21.94,1894.55,29096.5
F03785,Maharashtra,lentil,Kharif,0.66,0,Canal,18.55,2026.39,24809.09
F00627,West Bengal,jute,Kharif,0.94,14,Rain-fed,21.89,870.16,17904.93
F04897,Maharashtra,mango,Rabi,0.8,2,Borewell,29.66,3410.18,80916.75
F02519,West Bengal,coconut,Rabi,8.42,18,Canal,19.86,2082.81,348289.99
F04817,Gujarat,lentil,Zaid,5.14,29,Rain-fed,15.46,3074.4,244305.35
F01823,Andhra Pradesh,kidneybeans,Zaid,2.1,4,Rain-fed,20.35,1885.49,80576.42
F01426,Punjab,maize,Rabi,3.23,8,Canal,18.07,2781.67,162355.23
F03379,Maharashtra,pomegranate,Rabi,17.1,11,Drip,15.0,2133.43,547224.79
F02802,Bihar,mungbean,Rabi,6.13,11,Canal,21.8,2796.96,373768.95
F05027,Punjab,maize,Zaid,1.21,0,Sprinkler,10.82,1996.28,26135.7
F00486,Punjab,muskmelon,Zaid,3.95,2,Sprinkler,11.28,2983.0,132910.55
F02464,Uttar Pradesh,maize,Kharif,1.63,12,Drip,14.06,1965.81,45052.04
F00590,Maharashtra,coffee,Zaid,0.63,24,Canal,18.98,2202.27,26333.42
F03185,Maharashtra,blackgram,Zaid,5.8,12,Borewell,14.21,2459.78,202730.15
F00034,Rajasthan,pigeonpeas,Kharif,4.11,11,Canal,23.63,1068.86,103806.93
F04962,Tamil Nadu,apple,Kharif,3.15,22,Sprinkler,14.19,2852.1,127484.59
F04344,Tamil Nadu,mothbeans,Kharif,2.58,4,Sprinkler,20.78,2200.94,117997.68
F02390,Maharashtra,apple,Rabi,1.43,11,Drip,17.37,1611.5,40028.21
F02834,Tamil Nadu,watermelon,Kharif,0.51,24,Borewell,27.31,2001.12,27871.8
F02216,Punjab,jute,Zaid,1.52,39,Sprinkler,21.03,3280.93,104876.9
F04007,Uttar Pradesh,lentil,Zaid,3.88,14,Borewell,15.14,2046.68,120228.53
F03985,Punjab,chickpea,Rabi,7.78,19,Rain-fed,21.75,1847.18,312570.56
F00228,Uttar Pradesh,blackgram,Kharif,2.32,16,Canal,18.58,2077.32,89544.12
F04628,Uttar Pradesh,apple,Rabi,1.63,13,Drip,22.11,1782.27,64231.76
F03976,Madhya Pradesh,mango,Rabi,1.28,18,Sprinkler,15.96,1947.31,39781.21
F01594,West Bengal,muskmelon,Zaid,2.99,24,Canal,19.41,2559.44,148539.4
F01821,Bihar,orange,Zaid,0.81,0,Sprinkler,13.4,3588.36,38948.06
F02880,Tamil Nadu,watermelon,Rabi,3.93,34,Rain-fed,14.8,1489.07,86610.27
F02982,Madhya Pradesh,muskmelon,Rabi,0.8,23,Canal,22.02,3852.33,67862.65
F04553,Haryana,rice,Rabi,6.08,3,Drip,14.38,1391.37,121648.04
F01455,Punjab,orange,Kharif,3.18,5,Borewell,16.1,2951.64,151118.06
F03894,Punjab,kidneybeans,Zaid,1.64,18,Sprinkler,12.31,1593.84,32177.08
F00600,Gujarat,watermelon,Zaid,6.83,21,Borewell,24.8,2802.83,474754.56
F04372,Andhra Pradesh,pigeonpeas,Kharif,8.28,6,Borewell,17.01,2993.75,421648.13
F00347,Haryana,pomegranate,Rabi,3.41,18,Rain-fed,22.41,2683.84,205093.95
F00562,Madhya Pradesh,mungbean,Zaid,0.95,7,Rain-fed,17.71,500.0,8412.25
F04016,Andhra Pradesh,jute,Rabi,2.74,12,Drip,17.3,2898.04,137372.89
F03033,Haryana,lentil,Rabi,1.88,14,Sprinkler,20.66,1530.67,59452.45
F01216,Maharashtra,lentil,Kharif,6.2,0,Drip,11.65,1358.0,98088.34
F02334,Uttar Pradesh,cotton,Kharif,4.04,14,Drip,13.09,1981.74,104801.55
F01243,Punjab,maize,Rabi,1.48,8,Sprinkler,20.52,979.92,29759.78
F02281,Uttar Pradesh,blackgram,Rabi,1.38,6,Sprinkler,18.63,2351.25,60449.23
F04963,Tamil Nadu,pigeonpeas,Zaid,4.39,2,Sprinkler,9.22,1231.68,49853.23
F04524,Rajasthan,watermelon,Rabi,5.82,7,Borewell,17.27,2335.68,234762.47
F01437,Maharashtra,lentil,Rabi,5.06,12,Borewell,18.93,2841.55,272180.14
F01946,Uttar Pradesh,lentil,Zaid,0.52,27,Borewell,20.48,2241.59,23872.04
F04009,Haryana,mothbeans,Rabi,0.61,18,Sprinkler,18.79,1484.73,17017.83
F04694,Tamil Nadu,mothbeans,Rabi,2.61,18,Canal,16.87,1970.5,86762.49
F02955,Maharashtra,apple,Zaid,4.91,32,Sprinkler,21.27,929.14,97035.39
F00297,Maharashtra,apple,Rabi,9.88,14,Canal,15.75,2382.14,370684.81
F02933,Punjab,grapes,Zaid,1.43,2,Borewell,29.01,2443.57,101369.79
F00997,Haryana,lentil,Rabi,0.84,15,Canal,22.02,2752.29,50908.56
F04051,West Bengal,orange,Zaid,2.44,0,Drip,32.76,2679.27,214165.84
F04273,Madhya Pradesh,apple,Zaid,3.23,23,Drip,13.71,2191.23,97034.9
F02857,Karnataka,grapes,Kharif,4.99,8,Canal,27.12,2026.69,274269.53
F02154,Punjab,papaya,Kharif,0.59,28,Drip,22.21,2615.95,34279.15
F01567,Maharashtra,pigeonpeas,Kharif,2.89,11,Canal,14.06,2382.28,96800.14
F03805,Bihar,banana,Kharif,2.21,3,Rain-fed,23.46,1727.61,89570.7
F05174,Gujarat,muskmelon,Kharif,2.98,13,Sprinkler,16.32,2769.85,134707.78
F04595,Punjab,apple,Rabi,0.47,14,Canal,12.94,2548.66,15500.44
F01320,Bihar,orange,Rabi,4.38,25,Drip,15.44,2214.55,149763.82
F02227,Haryana,papaya,Rabi,0.55,8,Canal,9.0,1968.39,9743.53
F02838,Gujarat,chickpea,Zaid,7.34,16,Drip,9.11,2629.57,175832.51
F01887,Madhya Pradesh,coffee,Rabi,3.2,3,Borewell,9.09,1989.43,57868.54
F03572,Haryana,mango,Kharif,5.71,19,Drip,9.75,2389.81,133046.7
F04536,Maharashtra,mango,Kharif,2.0,7,Sprinkler,22.31,1978.07,88261.48
F02471,Madhya Pradesh,kidneybeans,Rabi,0.81,13,Canal,22.0,1360.03,24235.73
F03352,Punjab,watermelon,Rabi,0.56,16,Canal,22.48,3319.64,41790.28
F02524,West Bengal,grapes,Zaid,1.63,19,Borewell,12.06,2693.39,52946.12
F02504,Haryana,kidneybeans,Rabi,2.91,10,Canal,13.11,1916.84,73127.64
F00945,Andhra Pradesh,pigeonpeas,Rabi,1.7,14,Rain-fed,16.62,2931.05,82813.89
F00085,Andhra Pradesh,pigeonpeas,Rabi,1.37,9,Borewell,16.37,2585.43,57983.18
F02241,Uttar Pradesh,mothbeans,Zaid,2.72,0,Canal,19.37,1693.12,89204.4
F00765,Punjab,lentil,Zaid,2.59,14,Sprinkler,30.11,3202.09,249714.67
F01421,Uttar Pradesh,apple,Zaid,3.53,10,Borewell,9.63,1665.26,56608.68
F04026,Tamil Nadu,lentil,Kharif,1.64,17,Rain-fed,11.72,977.97,18797.37
F01011,Gujarat,papaya,Kharif,1.16,22,Rain-fed,12.23,1515.95,21506.48
F03241,Gujarat,rice,Kharif,4.38,25,Rain-fed,19.61,1461.47,125528.29
F00808,Punjab,coconut,Rabi,3.31,4,Canal,11.27,2529.35,94354.11
F02944,Madhya Pradesh,papaya,Rabi,1.45,1,Drip,14.71,2586.64,55171.74
F02940,Madhya Pradesh,chickpea,Rabi,1.63,13,Rain-fed,16.1,1999.13,52463.17
F00107,Punjab,kidneybeans,Rabi,2.21,0,Sprinkler,25.01,1370.55,75753.18
F01095,Tamil Nadu,muskmelon,Kharif,1.57,11,Rain-fed,16.39,3137.58,80737.15
F02820,Uttar Pradesh,kidneybeans,Zaid,5.56,14,Borewell,10.89,4041.76,244722.1
F01045,Tamil Nadu,banana,Rabi,1.23,39,Drip,13.03,2524.57,40461.03
F02703,Gujarat,blackgram,Zaid,0.65,7,Rain-fed,29.04,500.0,9438.0
F01889,Uttar Pradesh,blackgram,Rabi,1.28,16,Rain-fed,21.15,2828.58,76575.32
F00678,West Bengal,watermelon,Rabi,5.25,22,Canal,14.05,1178.67,86941.65
F02724,West Bengal,banana,Rabi,0.84,29,Canal,15.03,3011.84,38025.08
F04491,Andhra Pradesh,mango,Kharif,1.04,9,Rain-fed,17.16,2603.22,46458.11
F04752,Tamil Nadu,blackgram,Zaid,0.91,8,Rain-fed,22.1,2223.42,44715.2
F01420,Haryana,pomegranate,Rabi,4.78,3,Canal,15.3,2285.99,167183.59
F00291,Uttar Pradesh,maize,Rabi,3.04,3,Canal,17.02,1658.75,85825.05
F00009,Karnataka,pigeonpeas,Zaid,1.84,18,Rain-fed,20.68,2417.89,92003.62
F05141,Haryana,muskmelon,Kharif,4.45,8,Sprinkler,3.48,1255.7,19445.77
F04739,Maharashtra,chickpea,Zaid,2.89,6,Canal,14.53,3196.21,134214.29
F01768,Bihar,watermelon,Kharif,1.07,20,Sprinkler,8.17,2529.72,22114.56
F01033,West Bengal,coconut,Kharif,1.75,10,Drip,18.64,1183.07,38591.74
F04452,Andhra Pradesh,watermelon,Rabi,1.31,16,Borewell,9.5,2777.83,34570.09
F04947,Punjab,orange,Rabi,4.55,12,Drip,17.75,2665.29,215255.48
F01600,Tamil Nadu,banana,Rabi,2.31,14,Canal,18.17,3336.51,140042.33
F00788,Madhya Pradesh,orange,Zaid,3.28,13,Rain-fed,19.6,2399.33,154248.13
F00427,Rajasthan,coconut,Rabi,1.35,32,Drip,17.17,2386.89,55326.92
F04302,Uttar Pradesh,coconut,Kharif,1.85,0,Borewell,24.71,1442.06,65921.61
F02618,Bihar,jute,Zaid,2.05,14,Rain-fed,15.68,2226.69,71574.72
F00158,Bihar,jute,Zaid,4.19,17,Borewell,9.68,2641.86,107151.73
F00240,Rajasthan,maize,Kharif,5.38,0,Canal,9.73,3127.91,163737.96
F01331,Madhya Pradesh,kidneybeans,Rabi,1.26,13,Rain-fed,13.12,2082.09,34419.45
F01658,Rajasthan,maize,Rabi,2.41,20,Canal,14.99,2698.97,97502.72
F01833,Punjab,jute,Kharif,1.31,10,Rain-fed,23.29,2335.57,71258.01
F05017,Gujarat,coconut,Zaid,6.69,18,Rain-fed,25.7,1989.91,342131.2
F00108,Andhra Pradesh,pomegranate,Rabi,3.84,17,Drip,19.1,2587.24,189758.53
F04354,Uttar Pradesh,kidneybeans,Rabi,2.76,14,Rain-fed,18.76,1906.75,98726.94
F00180,Maharashtra,rice,Rabi,5.16,14,Rain-fed,30.07,2064.3,320299.27
F00334,Maharashtra,papaya,Kharif,0.25,10,Sprinkler,23.74,1248.34,7408.9
F04280,Andhra Pradesh,grapes,Rabi,1.71,31,Canal,16.61,1879.23,53375.96
F03025,Rajasthan,jute,Zaid,3.6,9,Sprinkler,16.27,1640.63,96094.98
F00656,Bihar,mothbeans,Rabi,6.12,12,Rain-fed,15.41,1954.96,184370.71
F00168,Haryana,maize,Kharif,7.67,25,Borewell,26.05,3459.46,691212.22
F00081,Gujarat,orange,Rabi,4.03,11,Borewell,20.7,1449.75,120939.59
F01502,Bihar,papaya,Kharif,2.93,8,Canal,8.55,1998.74,50071.44
F04239,Madhya Pradesh,coconut,Rabi,2.81,29,Sprinkler,29.19,2026.73,166240.3
F02868,Maharashtra,mungbean,Zaid,6.9,13,Borewell,21.95,2468.71,373898.47
F04322,Karnataka,pomegranate,Kharif,1.4,27,Borewell,20.41,1572.42,44930.33
F02099,Maharashtra,orange,Kharif,4.41,15,Sprinkler,18.55,2959.56,242108.29
F00752,Andhra Pradesh,chickpea,Zaid,10.65,4,Drip,28.95,2377.49,733021.77
F03354,Bihar,lentil,Kharif,4.4,26,Drip,16.04,2661.02,187804.15
F01341,Haryana,maize,Zaid,1.14,8,Canal,20.39,2333.62,54244.06
F04208,Punjab,pigeonpeas,Zaid,6.4,11,Sprinkler,12.44,1949.27,155193.08
F05091,Haryana,pomegranate,Rabi,2.35,24,Sprinkler,5.4,3358.05,42613.65
F02488,Tamil Nadu,rice,Zaid,2.58,27,Borewell,13.36,2360.78,81373.25
F02499,Maharashtra,grapes,Kharif,3.69,0,Drip,7.51,1731.02,47969.85
F00352,Punjab,maize,Zaid,5.7,14,Rain-fed,14.51,1834.69,151741.71
F03650,Haryana,chickpea,Rabi,11.57,18,Canal,24.76,2444.55,700298.06
F04321,Karnataka,orange,Rabi,4.07,19,Canal,19.5,2186.64,173542.68
F03140,Andhra Pradesh,jute,Rabi,0.97,3,Drip,15.42,2741.77,41009.75
F00531,West Bengal,pigeonpeas,Rabi,0.95,19,Sprinkler,16.66,2165.45,34272.58
F04399,Karnataka,lentil,Zaid,0.52,13,Drip,16.47,2559.96,21924.52
F01790,West Bengal,maize,Rabi,4.49,6,Canal,5.45,2868.0,70181.39
F04163,Bihar,cotton,Rabi,1.74,32,Drip,24.31,1223.1,51736.4
F03902,Punjab,cotton,Zaid,1.86,19,Borewell,20.19,2137.32,80263.63
F04649,Madhya Pradesh,coffee,Zaid,3.46,9,Canal,10.26,1807.51,64165.88
F02105,Punjab,jute,Kharif,1.3,8,Drip,19.96,2207.74,57286.44
F03701,Madhya Pradesh,jute,Kharif,2.15,14,Sprinkler,28.52,1630.16,99958.15
F03394,Madhya Pradesh,apple,Zaid,1.92,8,Drip,13.48,1414.82,36617.81
F02155,Karnataka,coconut,Zaid,4.32,16,Drip,20.36,2817.45,247809.38
F03183,Gujarat,pomegranate,Zaid,2.46,24,Rain-fed,12.59,2552.75,79062.24
F03787,Karnataka,blackgram,Kharif,2.82,2,Drip,14.73,2590.6,107609.9
F03271,Madhya Pradesh,maize,Rabi,3.19,11,Rain-fed,20.12,2843.09,182477.48
F01380,Haryana,coffee,Kharif,2.42,16,Canal,15.22,2437.38,89774.56
F02663,Bihar,rice,Zaid,5.82,11,Rain-fed,12.03,2560.67,179284.29
F04174,Punjab,muskmelon,Rabi,5.63,23,Drip,9.54,1379.31,74083.02
F00411,Tamil Nadu,banana,Zaid,3.45,11,Canal,11.71,3260.41,131718.93
F01076,West Bengal,jute,Rabi,1.99,3,Drip,12.97,2564.6,66193.1
F03500,West Bengal,chickpea,Rabi,2.79,5,Canal,21.36,1807.82,107735.95
F01210,Uttar Pradesh,watermelon,Kharif,1.92,21,Canal,16.52,777.09,24648.05
F01375,Gujarat,kidneybeans,Zaid,0.25,6,Borewell,22.48,3087.23,17350.23
F01097,Uttar Pradesh,papaya,Zaid,1.93,23,Borewell,25.17,2783.78,135230.74
F00255,Madhya Pradesh,rice,Rabi,1.2,0,Drip,12.7,2837.49,43243.35
F02963,Andhra Pradesh,maize,Zaid,4.17,0,Sprinkler,16.37,2775.8,189484.16
F01118,Maharashtra,mothbeans,Rabi,1.78,10,Borewell,16.99,1803.58,54544.23
F04822,Andhra Pradesh,apple,Zaid,1.2,18,Drip,20.01,2214.75,53180.58
F03825,Rajasthan,blackgram,Rabi,3.83,10,Borewell,23.55,2436.46,219760.16
F01293,Gujarat,coffee,Kharif,4.09,5,Rain-fed,9.15,2257.88,84497.77
F05020,Gujarat,watermelon,Zaid,0.62,15,Borewell,13.32,2627.35,21697.71
F04996,Gujarat,maize,Rabi,0.25,8,Canal,19.91,1206.57,6005.7
F03332,Karnataka,blackgram,Zaid,2.85,27,Borewell,5.32,1422.84,21573.1
F04512,Karnataka,watermelon,Kharif,0.53,11,Rain-fed,13.67,2285.06,16555.49
F03903,Andhra Pradesh,muskmelon,Zaid,0.86,8,Drip,18.33,3234.17,50982.81
F04024,Haryana,banana,Rabi,1.64,5,Rain-fed,16.33,2973.16,79624.79
F00200,Maharashtra,watermelon,Kharif,0.48,8,Sprinkler,16.65,1992.57,15924.62
F04863,West Bengal,papaya,Kharif,0.8,14,Canal,21.9,1376.28,24112.43
F03313,Karnataka,mango,Rabi,4.04,11,Canal,16.33,2491.74,164388.06
F02708,Gujarat,mango,Kharif,3.2,20,Drip,19.4,3465.31,215126.44
F04295,Karnataka,pomegranate,Rabi,5.59,22,Borewell,17.29,2865.81,276983.69
F04718,Maharashtra,watermelon,Zaid,0.31,4,Borewell,21.62,1446.43,9694.26
F05056,Karnataka,mungbean,Rabi,1.13,11,Canal,7.83,2576.96,22800.68
F00469,Karnataka,kidneybeans,Zaid,6.46,15,Canal,26.86,1786.31,309952.65
F03430,Maharashtra,banana,Rabi,1.41,12,Rain-fed,16.9,2581.76,61520.76
F01617,Tamil Nadu,mungbean,Zaid,4.45,11,Borewell,30.52,1269.97,172479.71
F02096,Bihar,orange,Kharif,6.95,4,Borewell,19.11,2857.12,379466.96
F04875,Gujarat,coconut,Zaid,2.96,5,Rain-fed,17.11,2208.08,111829.54
F01269,West Bengal,pigeonpeas,Zaid,6.72,26,Sprinkler,11.31,1939.32,147394.53
F02005,West Bengal,papaya,Kharif,1.71,29,Rain-fed,15.42,2493.44,65747.52
F03397,Rajasthan,mungbean,Kharif,4.46,14,Sprinkler,18.31,602.65,49213.97
F00712,West Bengal,banana,Kharif,2.0,13,Drip,17.29,3265.79,112931.02
F02234,Gujarat,grapes,Rabi,2.2,15,Sprinkler,22.87,2359.14,118697.77
F03361,Andhra Pradesh,banana,Kharif,4.21,24,Drip,14.73,2938.24,182209.96
F03847,Madhya Pradesh,papaya,Zaid,1.4,24,Drip,22.19,1985.0,61666.01
F04461,Tamil Nadu,banana,Rabi,5.7,13,Canal,29.54,1839.12,309667.35
F02459,Gujarat,maize,Zaid,2.96,16,Drip,18.62,2402.18,132396.63
F02407,Punjab,muskmelon,Kharif,3.64,12,Canal,17.88,2074.82,135035.93
F00587,Bihar,rice,Kharif,0.43,23,Canal,20.55,3229.86,28540.66
F00229,Gujarat,chickpea,Rabi,0.68,17,Rain-fed,17.13,2037.93,23738.62
F00466,Rajasthan,orange,Rabi,0.58,3,Canal,28.73,2162.19,36029.44
F04591,Punjab,pomegranate,Zaid,4.3,10,Borewell,23.0,2444.68,241778.85
F01651,Gujarat,watermelon,Kharif,1.44,12,Sprinkler,5.25,2589.94,19579.95
F01339,Rajasthan,maize,Zaid,2.32,1,Borewell,18.64,3022.87,130723.41
F03324,Haryana,coconut,Zaid,4.09,34,Canal,14.66,2441.64,146399.27
F01542,Haryana,grapes,Rabi,1.3,9,Drip,22.36,1369.34,39803.98
F02136,Tamil Nadu,grapes,Kharif,9.11,0,Drip,11.07,1082.9,109207.97
F04690,Maharashtra,pomegranate,Zaid,2.03,7,Canal,15.82,2040.15,65518.6
F00249,Andhra Pradesh,chickpea,Kharif,7.72,25,Rain-fed,15.07,2577.26,299839.46
F03801,Madhya Pradesh,banana,Zaid,5.32,15,Sprinkler,26.25,1387.84,193811.86
F00539,Tamil Nadu,kidneybeans,Zaid,0.84,13,Drip,15.08,1986.1,25158.33
F03683,Madhya Pradesh,papaya,Zaid,2.14,16,Drip,8.37,4246.27,76058.34
F03505,Punjab,rice,Rabi,2.48,6,Canal,21.04,2120.99,110671.56
F03401,Uttar Pradesh,grapes,Rabi,3.45,21,Canal,18.34,2883.14,182424.92
F01925,Gujarat,maize,Kharif,0.54,18,Sprinkler,12.37,2805.76,18741.92
F01834,Bihar,mango,Rabi,5.68,0,Borewell,18.48,3187.24,334553.11
F03937,Tamil Nadu,kidneybeans,Zaid,3.24,12,Sprinkler,11.19,2375.58,86128.08
F03519,Haryana,pomegranate,Rabi,0.28,22,Borewell,24.86,3575.19,24886.18
F03788,Uttar Pradesh,muskmelon,Zaid,2.91,17,Rain-fed,9.94,2916.25,84353.7
F03705,Madhya Pradesh,maize,Zaid,2.1,24,Sprinkler,13.51,1227.66,34829.94
F04839,Uttar Pradesh,pomegranate,Zaid,1.28,12,Borewell,23.2,2624.05,77923.79
F02643,Tamil Nadu,grapes,Kharif,0.25,11,Sprinkler,13.9,2725.58,9471.39
F02285,Bihar,mango,Zaid,3.35,7,Rain-fed,16.75,515.62,28932.73
F02452,Punjab,banana,Rabi,0.83,23,Drip,12.1,4382.8,44016.46
F02168,Bihar,coffee,Kharif,3.17,13,Borewell,15.19,673.68,32439.24
F05124,Tamil Nadu,mango,Zaid,2.5,23,Borewell,21.07,1577.78,83109.56
F01731,Maharashtra,kidneybeans,Zaid,2.27,11,Rain-fed,5.94,2464.33,33228.53
F03322,Gujarat,banana,Zaid,2.49,14,Canal,14.19,2074.36,73293.57
F03269,Gujarat,lentil,Zaid,2.19,10,Canal,21.17,2218.3,102845.49
F01035,West Bengal,pigeonpeas,Rabi,1.15,26,Rain-fed,25.44,1572.22,45996.87
F00089,Bihar,mungbean,Kharif,0.31,13,Borewell,27.39,1398.42,11873.84
F04177,Maharashtra,mungbean,Kharif,0.85,5,Rain-fed,11.72,529.16,5271.49
F00654,Maharashtra,mothbeans,Rabi,2.01,24,Canal,16.91,2936.21,99799.14
F03897,Punjab,lentil,Rabi,0.41,11,Drip,17.22,2526.32,17836.32
F00498,Gujarat,mango,Kharif,3.18,13,Rain-fed,20.04,2996.68,190970.03
F04805,Karnataka,mango,Kharif,2.69,14,Sprinkler,9.77,1691.69,44459.81
F03144,Maharashtra,pigeonpeas,Rabi,2.02,21,Sprinkler,8.24,1524.51,25375.16
F04077,Rajasthan,chickpea,Rabi,2.69,4,Drip,18.05,758.56,36831.5
F03177,Haryana,blackgram,Rabi,2.85,14,Canal,20.34,3142.97,182194.83
F02975,Punjab,mungbean,Zaid,1.41,12,Sprinkler,36.78,1879.51,97471.01
F01169,Karnataka,apple,Zaid,0.93,14,Rain-fed,13.78,1425.22,18264.76
F00145,Karnataka,apple,Zaid,3.62,13,Canal,8.22,3457.73,102889.6
F02601,Tamil Nadu,orange,Rabi,0.76,18,Canal,7.17,2200.94,11993.36
F00316,Maharashtra,coconut,Rabi,3.44,7,Borewell,23.91,2160.62,177711.86
F03259,Gujarat,coconut,Rabi,1.7,18,Sprinkler,31.59,2326.01,124913.72
F00554,West Bengal,rice,Rabi,2.24,7,Borewell,17.57,2069.66,81455.19
F03451,Punjab,lentil,Rabi,9.12,0,Drip,17.65,1827.75,294209.26
F00472,Tamil Nadu,jute,Rabi,1.56,0,Rain-fed,17.62,1633.99,44913.81
F01056,Uttar Pradesh,banana,Kharif,1.4,13,Drip,7.73,2465.04,26676.66
F01836,West Bengal,kidneybeans,Zaid,1.29,13,Rain-fed,19.07,500.0,12300.15
F04420,Haryana,papaya,Rabi,5.87,19,Canal,7.85,2017.2,92951.57
F00706,Haryana,chickpea,Kharif,3.63,22,Drip,36.07,2332.4,305390.69
F04379,Maharashtra,orange,Rabi,0.58,6,Rain-fed,15.53,2751.2,24781.16
F01145,Bihar,watermelon,Kharif,3.07,9,Drip,13.34,891.07,36492.7
F01783,Gujarat,mango,Kharif,1.88,22,Sprinkler,18.73,671.84,23657.1
F03693,Uttar Pradesh,maize,Zaid,7.95,9,Drip,23.84,2769.0,524803.03
F04303,Andhra Pradesh,apple,Rabi,1.27,10,Drip,20.32,1834.22,47334.62
F03946,Gujarat,mothbeans,Zaid,8.39,14,Rain-fed,8.4,2029.99,143065.58
F02414,Karnataka,blackgram,Rabi,1.13,19,Sprinkler,17.21,694.3,13502.26
F01435,Punjab,mothbeans,Zaid,1.35,20,Canal,22.02,1629.2,48431.23
F05085,Bihar,blackgram,Kharif,2.61,10,Sprinkler,19.7,3235.66,166367.93
F03226,Gujarat,pigeonpeas,Rabi,2.37,1,Sprinkler,21.95,1826.78,95031.84
F04423,Tamil Nadu,chickpea,Kharif,4.56,24,Canal,17.54,2700.6,216000.47
F04624,Maharashtra,mango,Kharif,2.3,0,Drip,29.9,3318.97,228245.57
F00766,Maharashtra,jute,Kharif,1.57,8,Canal,18.64,1909.96,55894.6
F00101,Madhya Pradesh,pigeonpeas,Rabi,3.0,0,Borewell,12.88,2774.01,107187.75
F03046,Haryana,watermelon,Rabi,4.12,4,Drip,16.88,1419.78,98739.45
F00832,Andhra Pradesh,mango,Kharif,3.42,15,Canal,14.03,2944.6,141289.56
F02267,Punjab,cotton,Rabi,0.96,13,Canal,15.04,3422.36,49413.4
F01264,Andhra Pradesh,jute,Zaid,0.91,19,Rain-fed,12.95,2110.28,24868.59
F03382,West Bengal,coconut,Rabi,5.94,12,Canal,19.69,1942.97,227247.05
F04859,West Bengal,orange,Kharif,3.93,13,Canal,22.89,1735.84,156152.17
F03376,Maharashtra,maize,Zaid,6.0,12,Rain-fed,15.34,2203.42,202802.78
F02576,Uttar Pradesh,papaya,Kharif,0.66,0,Drip,10.52,1198.46,8321.15
F00849,West Bengal,coffee,Rabi,2.79,14,Drip,15.06,2711.54,113931.86
F03425,Haryana,lentil,Zaid,1.81,17,Sprinkler,24.9,2954.94,133176.19
F03863,Haryana,pomegranate,Kharif,6.22,0,Sprinkler,22.48,1499.11,209613.96
F01698,Madhya Pradesh,muskmelon,Kharif,3.12,5,Borewell,9.83,1472.45,45159.45
F02556,Punjab,pigeonpeas,Rabi,1.71,2,Rain-fed,16.46,500.0,14073.3
F00110,Uttar Pradesh,apple,Kharif,3.55,12,Borewell,16.65,2179.97,128852.58
F03086,Madhya Pradesh,maize,Rabi,5.07,1,Canal,20.39,2951.69,305137.74
F02043,Punjab,cotton,Rabi,3.99,11,Canal,10.35,3383.37,139721.34
F03559,Rajasthan,apple,Zaid,4.65,23,Drip,21.31,2318.04,229698.06
F04765,West Bengal,cotton,Rabi,0.54,21,Drip,20.4,1831.76,20178.67
F03878,Maharashtra,watermelon,Zaid,0.34,12,Rain-fed,20.11,1386.67,9481.22
F03587,Punjab,apple,Rabi,0.74,27,Borewell,7.83,1855.87,10753.28
F04854,Gujarat,coffee,Zaid,4.98,0,Canal,18.45,2723.08,250199.31
F01789,Punjab,papaya,Zaid,2.13,0,Canal,21.57,2085.25,95804.93
F03866,Maharashtra,blackgram,Kharif,5.35,12,Borewell,11.68,2765.03,172781.19
F00916,West Bengal,mango,Kharif,1.67,0,Sprinkler,14.47,3178.71,76813.21
F04966,Karnataka,grapes,Zaid,2.46,18,Canal,15.47,1106.06,42092.44
F01428,Rajasthan,coffee,Rabi,2.73,11,Canal,20.74,2431.54,137674.28
F00878,Karnataka,grapes,Zaid,1.65,14,Canal,16.67,2435.55,66991.02
F00394,Uttar Pradesh,maize,Kharif,0.43,16,Borewell,17.35,2640.68,19700.79
F01433,Tamil Nadu,kidneybeans,Zaid,1.27,0,Rain-fed,13.89,1057.57,18655.85
F02119,Maharashtra,papaya,Kharif,3.67,16,Sprinkler,17.39,1745.64,111409.01
F04689,Rajasthan,jute,Zaid,1.14,19,Drip,13.02,1641.46,24363.86
F01048,Punjab,muskmelon,Kharif,1.32,17,Sprinkler,15.31,2112.46,42691.13
F04241,Haryana,grapes,Zaid,4.0,21,Borewell,28.37,3178.19,360661.0
F01695,Uttar Pradesh,banana,Zaid,4.66,38,Canal,21.81,2197.73,223365.41
F03821,Rajasthan,watermelon,Kharif,1.7,12,Canal,21.92,2681.1,99908.51
F02592,Gujarat,blackgram,Zaid,2.44,13,Borewell,20.03,1921.86,93927.45
F00764,West Bengal,coffee,Zaid,3.01,10,Canal,21.06,2392.66,151672.15
F05039,Rajasthan,apple,Rabi,4.87,8,Drip,26.02,1901.98,241013.96
F03335,Karnataka,rice,Rabi,4.22,12,Borewell,25.15,2019.54,214339.84
F04914,West Bengal,orange,Zaid,1.91,12,Rain-fed,17.89,2050.88,70078.36
F02315,Haryana,jute,Zaid,1.85,27,Drip,16.06,2978.39,88490.95
F03136,Rajasthan,mothbeans,Kharif,1.46,8,Rain-fed,7.29,2521.14,26833.5
F00298,Tamil Nadu,pigeonpeas,Rabi,0.96,2,Drip,17.43,1837.91,30753.38
F01225,Madhya Pradesh,pomegranate,Kharif,1.62,15,Sprinkler,18.89,1731.85,52997.73
F02187,Bihar,mango,Rabi,1.6,10,Borewell,18.85,2540.5,76621.48
F00506,Gujarat,mango,Zaid,0.82,16,Rain-fed,22.84,1986.4,37202.89
F00965,Rajasthan,grapes,Kharif,4.49,11,Canal,22.89,1859.66,191128.6
F00309,Bihar,papaya,Kharif,2.33,27,Drip,16.52,3224.62,124120.78
F00231,Andhra Pradesh,blackgram,Kharif,5.24,21,Sprinkler,9.13,1696.23,81149.68
F03660,Bihar,chickpea,Zaid,3.65,0,Canal,16.22,2668.18,157964.26
F04571,Maharashtra,cotton,Zaid,1.83,6,Canal,18.21,2619.66,87298.34
F00894,Punjab,lentil,Rabi,1.86,14,Drip,9.5,2202.14,38911.81
F00502,Gujarat,jute,Zaid,3.16,15,Borewell,14.2,3351.75,150399.73
F02835,Haryana,coconut,Kharif,5.67,12,Rain-fed,16.36,2967.63,275280.92
F02916,Bihar,muskmelon,Kharif,4.48,19,Canal,7.79,2630.72,91810.02
F01030,Rajasthan,coffee,Rabi,1.28,16,Canal,22.24,3718.12,105844.47
F03977,Punjab,papaya,Rabi,1.71,14,Rain-fed,12.46,2849.64,60716.14
F01670,Uttar Pradesh,cotton,Zaid,0.56,21,Borewell,17.74,2985.72,29661.34
F01515,Gujarat,chickpea,Zaid,4.56,6,Borewell,15.32,3271.86,228569.52
F05157,West Bengal,grapes,Rabi,2.71,9,Sprinkler,20.21,1551.54,84976.45
F02903,Punjab,chickpea,Kharif,3.65,27,Borewell,18.74,2469.28,168901.22
F04281,West Bengal,mango,Rabi,1.44,3,Sprinkler,22.64,2652.65,86480.63
F00492,Andhra Pradesh,maize,Rabi,1.61,20,Canal,14.35,1686.64,38967.29
F03807,Gujarat,jute,Rabi,1.96,5,Canal,16.9,2345.01,77676.11
F02331,Bihar,lentil,Zaid,4.08,17,Rain-fed,18.18,1606.25,119142.63
F00419,West Bengal,lentil,Rabi,1.72,12,Sprinkler,25.8,2545.34,112952.01
F03558,Maharashtra,orange,Kharif,1.07,6,Drip,11.65,1492.25,18601.64
F03888,Bihar,watermelon,Kharif,2.44,11,Sprinkler,9.6,1461.87,34242.84
F02016,Bihar,apple,Kharif,6.86,6,Rain-fed,28.57,2163.76,424075.76
F03036,Karnataka,mango,Kharif,1.08,5,Drip,16.46,2904.63,51635.03
F04260,Gujarat,lentil,Kharif,2.17,16,Canal,21.87,2812.23,133462.53
F02922,Maharashtra,orange,Rabi,6.51,21,Rain-fed,15.59,967.01,98142.72
F02992,Haryana,chickpea,Rabi,0.6,7,Borewell,19.22,1535.26,17704.62
F03862,Tamil Nadu,coffee,Rabi,1.5,4,Sprinkler,17.14,1542.72,39663.33
F01671,Rajasthan,coffee,Rabi,3.58,2,Sprinkler,6.74,2189.6,52833.3
F00978,Maharashtra,coconut,Kharif,5.29,13,Sprinkler,13.91,2666.38,196202.64
F04359,Tamil Nadu,chickpea,Rabi,3.41,13,Sprinkler,6.37,1240.51,26945.99
F02604,Karnataka,rice,Kharif,1.74,7,Drip,20.31,1433.85,50671.4
F00556,Gujarat,blackgram,Rabi,6.08,5,Sprinkler,9.91,981.0,59108.0
F01492,Punjab,grapes,Kharif,6.28,1,Sprinkler,10.96,2526.5,173895.96
F03008,Gujarat,mungbean,Zaid,9.39,8,Canal,17.08,861.19,138118.69
F00743,Uttar Pradesh,muskmelon,Zaid,2.57,16,Sprinkler,18.74,1061.95,51145.42
F00439,Gujarat,coconut,Zaid,6.08,24,Canal,24.55,1596.07,238235.79
F03035,Madhya Pradesh,blackgram,Rabi,6.88,2,Borewell,16.08,3615.55,399989.74
F01871,Uttar Pradesh,apple,Zaid,5.06,22,Rain-fed,17.83,2606.26,235136.26
F01102,Andhra Pradesh,grapes,Kharif,2.87,12,Borewell,14.42,1497.43,61971.74
F04100,Rajasthan,coconut,Rabi,0.25,14,Rain-fed,12.71,2175.44,6912.46
F00684,Punjab,grapes,Zaid,1.35,0,Rain-fed,23.05,1905.09,59281.64
F03711,Karnataka,kidneybeans,Zaid,1.14,10,Rain-fed,14.29,500.0,8145.3
F01891,Rajasthan,blackgram,Kharif,0.97,2,Borewell,19.58,1600.5,30397.66
F04184,Punjab,watermelon,Kharif,1.04,6,Sprinkler,23.17,992.22,23909.33
F04964,Karnataka,pigeonpeas,Zaid,0.25,11,Canal,19.11,2006.36,9585.38
F03563,Punjab,lentil,Zaid,1.8,18,Drip,2.0,1795.83,6464.99
F00150,Haryana,muskmelon,Rabi,4.98,6,Sprinkler,14.32,2316.25,165180.13
F00578,Tamil Nadu,apple,Rabi,1.31,12,Sprinkler,9.97,2142.31,27980.07
F02772,West Bengal,orange,Rabi,2.2,20,Sprinkler,24.77,1881.22,102515.2
F00732,Bihar,orange,Kharif,0.25,8,Drip,22.17,1919.57,10639.22
F04393,Maharashtra,maize,Rabi,2.85,17,Rain-fed,16.81,1738.87,83306.65
F01211,Uttar Pradesh,kidneybeans,Kharif,5.66,23,Borewell,18.17,3330.87,342554.0
F03950,West Bengal,mungbean,Zaid,1.75,5,Drip,13.23,2444.68,56600.45
F00438,Haryana,banana,Rabi,7.39,22,Borewell,30.39,2528.42,567837.87
F03922,Gujarat,banana,Kharif,1.68,27,Drip,12.58,1612.42,34077.53
F01130,Punjab,coconut,Rabi,1.29,17,Sprinkler,17.2,4053.57,89940.61
F02410,Bihar,pomegranate,Kharif,6.2,18,Rain-fed,18.65,2248.15,259953.58
F00799,Tamil Nadu,muskmelon,Zaid,3.73,22,Rain-fed,19.34,921.12,66447.94
F03940,Uttar Pradesh,coffee,Kharif,2.49,10,Borewell,20.23,3280.37,165241.09
F02953,Rajasthan,jute,Kharif,1.29,4,Sprinkler,22.33,1819.86,52422.34
F03143,Tamil Nadu,rice,Zaid,2.2,24,Drip,10.18,1749.11,39173.07
F00013,Bihar,watermelon,Rabi,10.15,15,Canal,14.48,1663.58,244499.68
F00094,West Bengal,blackgram,Rabi,3.41,0,Sprinkler,24.78,2280.55,192706.02
F03537,Bihar,mango,Kharif,1.64,6,Sprinkler,19.56,2194.9,70408.88
F02147,Gujarat,mothbeans,Zaid,2.93,11,Canal,5.76,2473.45,41743.92
F02945,Haryana,muskmelon,Kharif,8.78,13,Sprinkler,5.6,2508.2,123323.18
F04011,Gujarat,apple,Kharif,3.21,14,Rain-fed,6.7,2425.73,52170.18
F05176,Tamil Nadu,chickpea,Zaid,2.18,11,Drip,15.12,2999.41,98865.35
F01579,Rajasthan,coffee,Zaid,0.63,27,Canal,25.24,2075.96,33010.26
F01074,Andhra Pradesh,chickpea,Rabi,3.83,0,Drip,13.99,1296.01,69442.42
F00795,Uttar Pradesh,kidneybeans,Rabi,0.7,4,Drip,23.15,1000.75,16217.15
F02145,Maharashtra,cotton,Kharif,4.24,0,Borewell,21.66,1796.25,164964.73
F02421,Madhya Pradesh,grapes,Zaid,4.55,21,Borewell,19.51,2386.37,211839.26
F03292,Bihar,jute,Zaid,2.81,18,Borewell,13.78,2961.69,114681.97
F01021,Bihar,pomegranate,Kharif,0.49,5,Sprinkler,25.25,1921.14,23769.3
F02733,Karnataka,rice,Zaid,0.9,12,Drip,21.91,1946.43,38381.65
F03989,Bihar,mungbean,Zaid,0.84,17,Sprinkler,6.75,2123.81,12042.0
F00417,Maharashtra,mango,Kharif,2.16,0,Drip,15.98,1302.09,44943.98
F04541,Punjab,maize,Zaid,2.0,29,Sprinkler,15.71,1333.39,41895.11
F01438,West Bengal,mothbeans,Kharif,2.09,21,Borewell,13.25,2180.24,60376.3
F01174,Gujarat,mango,Zaid,1.16,0,Rain-fed,8.57,2254.3,22410.45
F04481,Punjab,chickpea,Kharif,1.26,3,Canal,30.19,2398.12,91223.05
F00430,Bihar,mothbeans,Zaid,9.3,27,Canal,9.32,2424.01,210103.49
F03684,Andhra Pradesh,grapes,Zaid,6.63,19,Drip,10.15,2388.16,160710.03
F02183,Gujarat,chickpea,Kharif,2.62,30,Sprinkler,17.21,3333.5,150308.18
F01500,Tamil Nadu,maize,Zaid,2.75,11,Rain-fed,15.64,3544.85,152464.0
F01906,Haryana,mungbean,Zaid,0.94,15,Drip,24.1,1925.23,43614.16
F03201,Uttar Pradesh,lentil,Rabi,3.98,18,Rain-fed,23.26,2884.19,267003.31
F04012,Andhra Pradesh,watermelon,Rabi,1.69,9,Rain-fed,11.61,3044.4,59733.87
F02472,Uttar Pradesh,rice,Rabi,1.86,6,Borewell,14.77,1106.77,30405.41
F04893,Karnataka,mungbean,Kharif,1.12,14,Rain-fed,21.17,2158.26,51173.21
F00734,Gujarat,banana,Kharif,2.38,29,Sprinkler,13.73,2247.79,73451.93
F02681,Uttar Pradesh,pigeonpeas,Rabi,1.0,4,Canal,25.53,1245.55,31798.89
F01860,Punjab,chickpea,Rabi,6.5,9,Borewell,16.48,2574.78,275810.43
F03456,Rajasthan,pigeonpeas,Kharif,5.52,22,Sprinkler,29.25,1905.77,307705.62
F03869,Rajasthan,apple,Zaid,4.3,15,Canal,13.2,2188.79,124235.72
F04883,Uttar Pradesh,apple,Zaid,5.06,3,Sprinkler,24.2,2674.12,327451.34
F01262,Rajasthan,orange,Zaid,3.08,9,Canal,22.68,1685.57,117744.48
F00288,Punjab,cotton,Rabi,0.8,4,Drip,16.26,1774.31,23080.22
F04373,Gujarat,mango,Zaid,11.28,24,Rain-fed,22.51,1853.39,470599.44
F04449,Bihar,banana,Rabi,3.55,28,Drip,25.99,2611.95,240990.26
F01644,West Bengal,orange,Rabi,3.98,12,Canal,9.7,2819.59,108853.09
F01198,Karnataka,mothbeans,Kharif,3.95,23,Borewell,29.37,964.59,111903.53
F05058,West Bengal,coffee,Kharif,3.03,13,Drip,22.8,2345.18,162014.42
F03911,Gujarat,papaya,Kharif,2.91,15,Sprinkler,2.0,1495.87,8705.96
F01673,Bihar,kidneybeans,Zaid,2.06,11,Canal,14.37,1865.74,55230.01
F03079,Madhya Pradesh,papaya,Kharif,2.39,22,Canal,15.21,1968.55,71560.53
F04899,Haryana,coconut,Kharif,1.69,10,Rain-fed,23.9,793.55,32052.28
F03359,Maharashtra,cotton,Rabi,0.89,9,Sprinkler,14.0,2719.99,33891.08
F00843,Andhra Pradesh,orange,Kharif,3.15,20,Rain-fed,13.23,1914.05,79767.08
F02276,Uttar Pradesh,mungbean,Rabi,2.97,7,Rain-fed,14.4,1809.61,77393.4
F03154,West Bengal,blackgram,Rabi,4.22,0,Borewell,11.12,1152.81,54097.22
F00719,Karnataka,pomegranate,Zaid,7.06,11,Borewell,15.67,1971.79,218139.52
F02329,Maharashtra,chickpea,Zaid,2.14,18,Drip,12.81,1787.6,49004.19
F03014,Madhya Pradesh,pigeonpeas,Rabi,4.59,0,Rain-fed,28.75,1078.48,142318.92
F03936,Uttar Pradesh,apple,Rabi,1.1,22,Rain-fed,22.43,1501.89,37056.13
F02526,Punjab,chickpea,Kharif,2.84,19,Borewell,27.83,1575.03,124485.96
F04928,West Bengal,blackgram,Kharif,3.29,24,Rain-fed,20.93,3136.32,215966.05
F01781,Haryana,pigeonpeas,Zaid,5.57,19,Rain-fed,14.82,2883.15,237996.54
F02635,Gujarat,coffee,Rabi,0.93,9,Canal,27.92,1877.77,48757.42
F03408,Rajasthan,blackgram,Rabi,5.99,11,Borewell,14.37,2283.49,196554.37
F02715,Karnataka,pigeonpeas,Kharif,5.71,10,Drip,14.66,2451.25,205190.71
F04563,Uttar Pradesh,blackgram,Zaid,8.38,26,Borewell,17.44,2331.25,340705.66
F02860,Gujarat,blackgram,Zaid,3.25,3,Drip,23.78,1513.28,116953.84
F01546,Tamil Nadu,grapes,Rabi,4.1,0,Sprinkler,26.67,2664.69,291375.86
F04451,Maharashtra,banana,Zaid,10.41,14,Canal,24.38,2066.39,524441.1
F03255,Rajasthan,rice,Zaid,2.94,12,Rain-fed,19.09,3306.67,185585.53
F01282,West Bengal,coffee,Zaid,4.14,16,Canal,25.69,2542.77,270440.37
F00415,Andhra Pradesh,blackgram,Zaid,5.27,17,Rain-fed,24.46,2182.63,281350.17
F02874,Haryana,orange,Zaid,4.13,16,Borewell,31.44,1856.57,241070.42
F02615,Karnataka,muskmelon,Kharif,0.63,30,Sprinkler,18.36,2464.54,28506.84
F02863,Tamil Nadu,muskmelon,Kharif,5.63,1,Sprinkler,16.71,2340.2,220159.7
F05076,Tamil Nadu,pomegranate,Zaid,0.68,0,Drip,16.07,1330.45,14538.63
F03099,Maharashtra,papaya,Kharif,1.76,15,Sprinkler,19.2,2963.03,100126.71
F04688,Karnataka,banana,Kharif,2.39,20,Borewell,21.02,2933.99,147397.2
F00253,Haryana,orange,Rabi,2.0,12,Canal,15.75,1751.1,55159.65
F03492,Bihar,rice,Zaid,1.63,25,Canal,18.9,2041.76,62900.5
F00351,Bihar,cotton,Kharif,4.23,0,Sprinkler,12.25,2045.82,106009.28
F03577,Rajasthan,lentil,Zaid,4.27,13,Rain-fed,5.43,1522.34,35297.13
F04126,Maharashtra,rice,Zaid,3.72,15,Drip,25.18,1650.41,154593.24
F00458,Uttar Pradesh,coconut,Kharif,3.85,21,Drip,15.67,2182.48,131667.93
F02532,Tamil Nadu,papaya,Rabi,0.73,8,Sprinkler,21.87,2044.59,32642.08
F04547,Rajasthan,cotton,Kharif,1.46,18,Rain-fed,25.23,2324.02,85607.14
F00091,Andhra Pradesh,maize,Rabi,4.88,3,Canal,22.16,2204.05,238347.73
F03228,Punjab,mango,Rabi,2.28,18,Borewell,10.24,3104.16,72473.44
F03310,West Bengal,mothbeans,Zaid,3.25,2,Drip,25.22,2056.53,168563.48
F00027,Andhra Pradesh,kidneybeans,Zaid,3.33,8,Sprinkler,11.11,1767.31,65383.93
F02438,Maharashtra,chickpea,Rabi,0.73,17,Drip,15.14,2366.5,26155.03
F00182,Andhra Pradesh,pomegranate,Rabi,1.89,0,Borewell,24.82,781.88,36677.83
F01406,Maharashtra,apple,Kharif,0.46,17,Sprinkler,25.06,1659.84,19133.97
F01774,Bihar,kidneybeans,Kharif,4.07,6,Sprinkler,14.05,1888.87,108012.2
F01958,Punjab,mango,Zaid,0.6,9,Drip,10.13,2337.94,14210.0
F01075,Bihar,mungbean,Kharif,2.82,10,Sprinkler,9.71,3050.22,83521.73
F03545,Haryana,mango,Rabi,2.98,18,Canal,17.44,1278.76,66458.69
F03049,Punjab,watermelon,Zaid,5.26,22,Rain-fed,22.63,2364.66,281474.47
F00897,Bihar,orange,Zaid,2.81,16,Drip,35.16,2596.88,256570.71
F04349,Punjab,banana,Kharif,2.52,7,Drip,21.13,2211.69,117767.18
F01003,Haryana,mango,Zaid,3.95,21,Canal,17.18,2936.2,199253.47
F04485,Gujarat,mango,Rabi,1.9,19,Sprinkler,9.19,2679.6,46788.5
F02722,Tamil Nadu,pomegranate,Kharif,2.69,0,Canal,17.69,2249.75,107056.83
F04835,Tamil Nadu,papaya,Zaid,1.27,19,Drip,16.29,2905.87,60117.51
F03607,Punjab,banana,Rabi,1.0,4,Drip,20.39,902.85,18409.11
F03624,Uttar Pradesh,blackgram,Rabi,4.85,18,Rain-fed,30.54,2097.51,310681.08
F05055,Madhya Pradesh,mothbeans,Rabi,3.99,9,Sprinkler,11.23,2426.41,108721.85
F00070,Punjab,orange,Zaid,1.17,4,Canal,2.0,2217.03,5187.85
F00806,Maharashtra,mango,Kharif,5.29,14,Rain-fed,15.85,3959.51,331991.06
F04371,Gujarat,watermelon,Zaid,2.16,11,Canal,7.86,2597.2,44094.22
F05110,Andhra Pradesh,coffee,Rabi,1.05,3,Drip,19.21,1745.07,35198.93
F00804,Maharashtra,watermelon,Zaid,2.71,23,Sprinkler,17.56,1281.19,60968.76
F04272,Maharashtra,coconut,Kharif,4.31,19,Rain-fed,19.92,2761.11,237055.65
F00204,Madhya Pradesh,mungbean,Rabi,6.18,9,Rain-fed,9.96,826.92,50899.24
F01630,Punjab,maize,Rabi,17.58,22,Canal,25.02,2273.66,1000072.99
F04723,Maharashtra,jute,Rabi,1.75,19,Borewell,20.11,1566.34,55123.42
F00882,Maharashtra,mothbeans,Zaid,5.23,0,Sprinkler,24.4,2495.87,318502.96
F00388,Gujarat,coconut,Rabi,9.52,5,Canal,15.9,2779.33,420701.62
F04319,Rajasthan,orange,Rabi,7.09,8,Rain-fed,14.78,2295.34,240529.14
F02019,Tamil Nadu,maize,Kharif,1.0,8,Borewell,27.12,2815.4,76353.65
F04088,Karnataka,pomegranate,Zaid,1.23,30,Borewell,22.28,3550.33,97294.66
F03555,Bihar,mango,Rabi,5.9,7,Rain-fed,30.46,2923.15,525330.98
F02289,Andhra Pradesh,banana,Kharif,1.64,34,Canal,12.92,1437.94,30468.22
F00890,Punjab,blackgram,Kharif,0.68,14,Drip,24.49,2717.65,45257.57
F00880,Madhya Pradesh,watermelon,Kharif,5.29,0,Rain-fed,24.88,2125.23,279712.57
F00222,Punjab,muskmelon,Zaid,2.72,20,Drip,18.99,2047.53,105760.66
F04864,Rajasthan,watermelon,Zaid,1.9,18,Borewell,21.41,2120.77,86270.8
F02381,Punjab,rice,Kharif,2.04,9,Borewell,18.12,1324.09,48944.72
F02684,West Bengal,pigeonpeas,Rabi,3.45,10,Rain-fed,21.48,3030.69,224592.31
F00682,Punjab,pomegranate,Kharif,1.13,33,Canal,29.07,4035.5,132562.54
F04582,Karnataka,papaya,Zaid,5.51,7,Canal,17.92,1723.74,170200.71
F03836,Uttar Pradesh,jute,Zaid,1.48,12,Borewell,21.25,3402.18,106998.56
F03538,Haryana,mango,Zaid,0.76,25,Canal,3.87,2489.45,7321.97
F03166,Andhra Pradesh,grapes,Rabi,1.46,20,Borewell,13.88,1955.83,39634.5
F04717,Andhra Pradesh,papaya,Zaid,0.25,8,Canal,25.97,1534.15,9960.47
F00178,Tamil Nadu,pomegranate,Kharif,9.34,20,Canal,20.85,2826.2,550371.36
F04575,Uttar Pradesh,papaya,Rabi,5.11,26,Borewell,23.32,2321.28,276615.8
F03155,Karnataka,chickpea,Rabi,5.39,5,Canal,29.34,3403.58,538250.99
F00735,Madhya Pradesh,rice,Kharif,7.26,16,Canal,29.47,2535.25,542422.32
F03964,Maharashtra,mango,Kharif,3.55,28,Drip,9.74,2311.91,79938.91
F04323,Madhya Pradesh,mungbean,Rabi,1.94,9,Sprinkler,23.85,2351.18,108786.75
F03879,Bihar,kidneybeans,Kharif,1.95,9,Canal,19.12,3161.98,117891.26
F03411,Andhra Pradesh,papaya,Kharif,0.88,15,Rain-fed,22.59,1919.05,38149.18
F04768,Bihar,rice,Rabi,0.68,3,Canal,21.77,2663.59,39430.72
F03493,Rajasthan,pomegranate,Rabi,3.47,5,Canal,15.66,1571.37,85388.56
F03337,Madhya Pradesh,blackgram,Kharif,1.94,17,Borewell,17.8,3280.6,113285.68
F04363,Karnataka,orange,Rabi,4.07,21,Sprinkler,16.68,1811.55,122981.78
F04033,Punjab,chickpea,Zaid,1.49,18,Canal,17.8,2425.13,64319.3
F02489,Uttar Pradesh,mothbeans,Rabi,3.29,7,Sprinkler,19.06,3007.49,188591.88
F03658,Uttar Pradesh,blackgram,Kharif,8.53,13,Borewell,15.27,2241.6,291975.35
F01042,Haryana,chickpea,Zaid,2.68,13,Rain-fed,18.25,2158.35,105564.9
F05105,Rajasthan,coffee,Zaid,4.43,15,Sprinkler,10.65,2437.72,115010.41
F04018,Haryana,rice,Kharif,2.34,14,Sprinkler,20.18,1414.48,66793.44
F01449,West Bengal,banana,Kharif,0.35,14,Borewell,13.15,2654.78,12218.62
F00692,Andhra Pradesh,apple,Kharif,1.83,0,Rain-fed,20.08,2826.42,103860.76
F04045,Punjab,grapes,Rabi,4.3,12,Sprinkler,18.98,1626.4,132737.01
F04686,Punjab,papaya,Kharif,5.7,4,Drip,27.08,1088.21,167971.74
F02477,Rajasthan,apple,Zaid,1.63,17,Drip,26.74,2267.59,98835.63
F02728,Madhya Pradesh,apple,Zaid,2.11,12,Canal,24.2,500.0,25531.0
F04275,Rajasthan,mungbean,Kharif,10.02,10,Rain-fed,23.77,1633.41,389038.08
F05188,Bihar,kidneybeans,Zaid,2.92,16,Sprinkler,21.84,1529.54,97543.05
F02277,Punjab,lentil,Zaid,3.54,8,Drip,19.72,1090.88,76153.02
F00220,Madhya Pradesh,rice,Zaid,1.49,14,Drip,23.8,2402.73,85205.61
F02226,Tamil Nadu,coconut,Rabi,0.92,5,Borewell,16.22,2371.65,35390.71
F02296,Maharashtra,lentil,Zaid,2.16,25,Sprinkler,23.87,3446.77,177712.7
F00583,Madhya Pradesh,coffee,Zaid,6.25,5,Sprinkler,23.49,2371.63,348184.93
F03769,Tamil Nadu,blackgram,Rabi,3.56,18,Drip,20.76,2640.17,195123.35
F00747,Uttar Pradesh,mango,Kharif,3.5,18,Rain-fed,27.1,887.03,84134.8
F00044,Karnataka,grapes,Rabi,0.88,14,Canal,21.03,615.78,11395.87
F00211,Karnataka,orange,Kharif,0.79,16,Borewell,19.89,1679.03,26382.77
F01296,Tamil Nadu,blackgram,Zaid,0.95,24,Canal,12.93,2353.39,28907.87
F00355,Madhya Pradesh,pigeonpeas,Rabi,1.95,4,Sprinkler,2.0,1244.21,4852.42
F03393,Punjab,grapes,Rabi,2.49,17,Canal,29.1,1115.15,80802.65
F02182,Punjab,watermelon,Rabi,4.33,14,Drip,18.19,1718.9,135385.21
F01942,Tamil Nadu,rice,Rabi,5.12,12,Drip,13.35,795.23,54355.56
F00725,Rajasthan,chickpea,Zaid,0.95,13,Borewell,18.65,2116.55,37499.97
F00368,Rajasthan,grapes,Kharif,1.31,24,Rain-fed,6.43,1800.75,15168.26
F03104,Karnataka,papaya,Rabi,1.37,14,Sprinkler,17.58,1208.27,29100.7
F04044,Punjab,maize,Rabi,1.64,18,Rain-fed,16.11,2836.87,74951.24
F04288,Gujarat,lentil,Rabi,1.69,20,Borewell,14.45,1857.45,45359.86
F00136,Gujarat,pigeonpeas,Kharif,1.87,9,Borewell,16.9,2311.69,73056.34
F01920,Andhra Pradesh,cotton,Zaid,4.28,22,Drip,11.89,1823.59,92801.04
F00048,Maharashtra,mango,Kharif,0.67,20,Drip,14.3,2598.1,24892.4
F03832,Punjab,muskmelon,Zaid,2.02,8,Rain-fed,23.74,1464.41,70225.49
F04218,Bihar,orange,Zaid,0.73,24,Sprinkler,23.4,1607.79,27464.27
F04350,West Bengal,pomegranate,Kharif,4.89,0,Canal,21.11,2167.5,223746.47
F04993,Gujarat,blackgram,Kharif,2.88,0,Sprinkler,14.35,1300.74,53756.98
F00671,Punjab,mango,Rabi,0.46,15,Drip,13.31,3121.28,19110.35
F02989,Tamil Nadu,coconut,Rabi,3.87,23,Rain-fed,14.06,3417.35,185945.53
F01175,West Bengal,kidneybeans,Zaid,5.13,16,Canal,14.65,2529.2,190080.76
F03296,Punjab,pomegranate,Rabi,2.76,17,Sprinkler,6.18,1768.97,30172.97
F00062,Uttar Pradesh,grapes,Kharif,3.89,9,Borewell,13.91,2496.97,135110.8
F00813,Gujarat,grapes,Kharif,4.86,11,Drip,15.18,1755.32,129498.38
F04922,Gujarat,pomegranate,Zaid,2.05,1,Canal,33.57,2596.24,178669.34
F00096,Maharashtra,mango,Rabi,2.8,21,Drip,16.04,2350.99,105587.66
F02230,Madhya Pradesh,lentil,Rabi,5.41,21,Rain-fed,18.44,2863.25,285638.97
F00479,Rajasthan,muskmelon,Zaid,2.78,11,Sprinkler,14.11,2105.18,82577.37
F03207,Uttar Pradesh,coconut,Kharif,1.87,24,Rain-fed,2.0,2609.41,9759.19
F02781,Uttar Pradesh,coconut,Zaid,6.23,0,Rain-fed,10.26,2001.6,127941.87
F04586,Tamil Nadu,banana,Zaid,2.02,5,Drip,17.28,3722.7,129943.08
F02485,Gujarat,kidneybeans,Rabi,2.22,20,Canal,17.49,2928.23,113696.73
F00908,Haryana,mango,Rabi,1.69,25,Borewell,6.92,1480.29,17311.7
F02793,Punjab,apple,Rabi,3.62,0,Sprinkler,27.36,2918.57,289064.51
F03959,Karnataka,mungbean,Kharif,0.46,14,Borewell,20.28,1898.11,17707.09
F02628,Andhra Pradesh,papaya,Rabi,2.28,10,Rain-fed,23.69,1961.19,105930.15
F02078,Karnataka,mungbean,Kharif,1.37,10,Rain-fed,20.45,1570.6,44002.71
F02418,West Bengal,banana,Rabi,2.51,7,Drip,26.51,2826.79,188094.89
F00323,Madhya Pradesh,orange,Zaid,3.97,8,Canal,18.99,3619.62,272884.24
F03524,Haryana,rice,Kharif,3.03,0,Drip,18.51,1565.32,87791.44
F04240,Maharashtra,kidneybeans,Kharif,3.42,22,Canal,10.39,3778.21,134254.16
F02403,Andhra Pradesh,kidneybeans,Rabi,2.39,19,Canal,19.71,2528.6,119114.51
F02969,Rajasthan,chickpea,Rabi,0.92,3,Canal,14.19,2642.63,34499.01
F03941,Punjab,kidneybeans,Kharif,4.18,18,Borewell,20.45,1242.3,106193.05
F01398,Gujarat,orange,Kharif,0.49,24,Borewell,18.98,1998.68,18588.12
F03823,Andhra Pradesh,maize,Kharif,4.46,26,Canal,14.33,1840.97,117659.71
F04356,Karnataka,watermelon,Zaid,1.25,9,Drip,16.37,2149.51,43984.35
F01863,Maharashtra,coffee,Rabi,1.22,10,Borewell,15.73,1752.39,33629.42
F01505,Haryana,mango,Zaid,5.91,5,Canal,14.7,2319.95,201550.3
F00932,West Bengal,rice,Zaid,2.41,31,Borewell,10.16,3004.72,73572.37
F00292,Punjab,papaya,Zaid,2.03,11,Canal,17.95,2455.83,89486.76
F02623,Madhya Pradesh,rice,Zaid,5.04,19,Borewell,27.66,1599.98,223047.45
F03072,Rajasthan,lentil,Rabi,0.59,7,Canal,12.64,1554.04,11589.41
F00534,Uttar Pradesh,maize,Kharif,2.69,4,Sprinkler,16.01,2320.23,99925.11
F02611,Tamil Nadu,watermelon,Kharif,2.28,8,Borewell,23.37,1868.58,99564.67
F04842,Haryana,banana,Rabi,4.48,8,Drip,26.33,3354.44,395684.38
F03101,Maharashtra,mungbean,Rabi,0.31,37,Drip,14.22,2636.91,11624.03
F01481,Maharashtra,coffee,Zaid,5.92,5,Drip,13.76,1998.12,162765.26
F02358,Karnataka,coffee,Kharif,5.33,16,Rain-fed,19.34,3858.01,397692.16
F00658,Karnataka,banana,Zaid,1.29,15,Rain-fed,27.76,2110.33,75571.76
F02754,Punjab,pomegranate,Kharif,2.14,4,Rain-fed,15.76,1883.78,63533.12
F01780,West Bengal,maize,Kharif,1.97,20,Sprinkler,21.57,2180.25,92645.15
F02795,Madhya Pradesh,maize,Rabi,0.66,15,Borewell,24.07,2978.27,47313.39
F02837,Tamil Nadu,grapes,Zaid,5.01,11,Rain-fed,18.09,2397.49,217286.68
F03236,Bihar,mungbean,Kharif,2.84,11,Canal,11.28,1970.47,63124.4
F00429,Karnataka,lentil,Kharif,1.26,14,Canal,19.9,1907.83,47836.93
F02699,Bihar,apple,Rabi,2.01,3,Rain-fed,15.33,3461.36,106655.92
F01150,Haryana,kidneybeans,Kharif,2.49,16,Sprinkler,17.6,1073.28,47035.42
F01058,Punjab,pomegranate,Kharif,2.87,19,Drip,18.19,1619.47,84544.92
F01322,Tamil Nadu,pigeonpeas,Rabi,3.18,14,Canal,24.94,1892.73,150110.9
F01558,Andhra Pradesh,banana,Zaid,6.39,19,Drip,14.44,2141.27,197578.41
F03117,Madhya Pradesh,papaya,Rabi,5.22,12,Borewell,6.74,1143.1,40217.46
F04699,Uttar Pradesh,mungbean,Zaid,0.4,13,Sprinkler,16.1,1965.82,12659.88
F02887,Haryana,coffee,Rabi,1.59,6,Rain-fed,19.91,2846.53,90112.32
F04776,Maharashtra,chickpea,Zaid,0.25,33,Rain-fed,19.31,2773.37,13388.44
F05198,Rajasthan,banana,Kharif,0.53,7,Rain-fed,14.92,2209.65,17473.03
F01413,Karnataka,pomegranate,Kharif,4.65,2,Borewell,9.25,2755.57,118523.95
F01254,Karnataka,apple,Rabi,1.53,5,Rain-fed,17.28,3087.33,81624.07
F04666,Gujarat,watermelon,Kharif,2.53,10,Drip,24.51,1976.9,122588.16
F01610,Karnataka,mango,Kharif,2.38,13,Canal,14.81,941.99,33203.08
F02706,Rajasthan,coffee,Zaid,4.67,7,Drip,14.97,2590.97,181134.45
F01631,Maharashtra,mothbeans,Rabi,2.59,2,Rain-fed,18.96,2141.83,105177.56
F02092,Bihar,pomegranate,Rabi,1.14,4,Rain-fed,34.02,896.09,34752.88
F04709,Maharashtra,banana,Kharif,1.07,5,Sprinkler,19.4,2218.83,46058.47
F05119,Punjab,watermelon,Kharif,4.02,10,Borewell,19.17,2580.6,198869.81
F00812,Karnataka,coffee,Rabi,1.86,30,Sprinkler,5.21,1979.55,19183.03
F01323,Maharashtra,pomegranate,Kharif,3.56,21,Canal,16.06,1839.8,105187.99
F01910,Punjab,papaya,Kharif,5.82,4,Canal,21.17,1778.09,219077.4
F00912,West Bengal,banana,Zaid,5.43,10,Sprinkler,17.99,2368.01,231320.71
F04457,West Bengal,maize,Zaid,4.27,23,Sprinkler,23.88,1667.64,170045.25
F03506,Bihar,maize,Rabi,0.95,27,Rain-fed,24.88,3213.74,75959.96
F01787,Madhya Pradesh,pigeonpeas,Zaid,1.18,24,Canal,18.78,1841.66,40811.92
F03107,West Bengal,banana,Kharif,2.97,35,Drip,12.9,2948.92,112981.97
F04772,Tamil Nadu,pigeonpeas,Rabi,1.55,19,Canal,17.5,2632.2,71398.42
F03751,Madhya Pradesh,jute,Rabi,1.35,15,Borewell,28.14,1329.43,50503.72
F01336,Uttar Pradesh,coconut,Kharif,7.24,10,Drip,23.14,2345.43,392938.33
F04853,Gujarat,mango,Rabi,8.51,8,Borewell,14.07,752.32,90079.56
F00103,Andhra Pradesh,watermelon,Rabi,0.97,15,Canal,28.87,2335.49,65402.83
F02550,Uttar Pradesh,grapes,Zaid,7.24,25,Rain-fed,14.41,2617.57,273086.89
F05113,Tamil Nadu,watermelon,Rabi,0.99,31,Sprinkler,29.14,1788.31,51590.24
F03987,Gujarat,papaya,Kharif,4.3,0,Borewell,17.99,1834.87,141940.04
F04520,Rajasthan,jute,Zaid,3.63,27,Canal,10.38,2832.89,106741.6
F01635,Madhya Pradesh,lentil,Kharif,5.16,15,Sprinkler,8.02,2841.71,117599.05
F02340,Haryana,pomegranate,Rabi,4.75,13,Sprinkler,8.22,2711.84,105883.79
F00071,Punjab,kidneybeans,Kharif,1.4,7,Sprinkler,14.74,3165.0,65312.94
F01091,Punjab,coffee,Zaid,1.86,18,Drip,18.53,1719.12,59250.85
F04850,Maharashtra,orange,Rabi,1.41,9,Sprinkler,16.13,1672.75,38043.86
F02777,Andhra Pradesh,blackgram,Kharif,1.2,0,Sprinkler,22.1,1214.88,32218.62
F04005,Rajasthan,cotton,Rabi,11.94,22,Canal,6.59,1735.73,136575.22
F03526,Maharashtra,coffee,Rabi,0.88,34,Rain-fed,7.6,2675.11,17891.14
F01176,Madhya Pradesh,mothbeans,Kharif,0.62,22,Borewell,9.21,3084.06,17610.6
F01256,Madhya Pradesh,mungbean,Zaid,1.93,5,Drip,16.96,2193.98,71815.11
F01555,Maharashtra,coconut,Rabi,2.43,12,Drip,21.77,1890.54,100011.65
F03999,Andhra Pradesh,coffee,Kharif,1.51,14,Drip,14.27,2843.14,61263.13
F00839,Tamil Nadu,grapes,Kharif,6.67,35,Canal,13.66,2504.39,228180.48
F04096,West Bengal,apple,Kharif,4.11,25,Sprinkler,20.36,2546.59,213097.63
F04597,Karnataka,banana,Rabi,1.18,9,Sprinkler,14.42,2378.43,40470.41
F04667,Rajasthan,grapes,Rabi,2.55,16,Drip,21.85,1586.37,88388.57
F00811,Madhya Pradesh,chickpea,Rabi,2.32,31,Drip,13.66,2398.92,76024.65
F01303,Madhya Pradesh,blackgram,Kharif,4.08,29,Rain-fed,4.2,1239.62,21242.13
F02634,Uttar Pradesh,jute,Zaid,3.2,21,Rain-fed,10.22,3055.27,99919.55
F04980,Madhya Pradesh,blackgram,Kharif,1.1,40,Drip,23.23,1932.24,49374.53
F04084,Tamil Nadu,banana,Kharif,1.61,24,Drip,19.69,1677.43,53176.04
F01477,Haryana,chickpea,Rabi,1.51,9,Borewell,9.5,2239.01,32118.6
F05006,Gujarat,apple,Kharif,2.81,2,Canal,23.66,2001.58,133074.25
F04430,Karnataka,lentil,Kharif,0.31,29,Sprinkler,18.33,1776.67,10095.57
F03943,Punjab,cotton,Kharif,0.5,39,Sprinkler,20.65,4342.5,44836.31
F04771,Uttar Pradesh,mothbeans,Zaid,0.91,5,Canal,15.16,1853.26,25566.83
F05053,Rajasthan,mothbeans,Rabi,3.13,14,Rain-fed,15.61,2075.23,101394.29
F02406,Rajasthan,coffee,Kharif,4.38,10,Canal,15.69,2018.19,138694.46
F01744,West Bengal,kidneybeans,Rabi,2.18,15,Canal,11.14,3376.42,81997.03
F03521,Gujarat,pigeonpeas,Rabi,5.14,25,Borewell,7.65,2552.53,100368.03
F03717,Karnataka,apple,Kharif,6.72,26,Rain-fed,17.62,1980.87,234547.69
F01472,Bihar,papaya,Rabi,5.06,31,Drip,8.32,2415.45,101688.51
F00382,Karnataka,jute,Kharif,1.76,14,Sprinkler,13.8,1033.56,25103.11
F01116,Karnataka,kidneybeans,Kharif,5.87,12,Canal,17.93,2424.0,255123.82
F01809,Karnataka,papaya,Rabi,1.5,8,Sprinkler,13.44,3658.42,73753.75
F04651,Madhya Pradesh,maize,Kharif,1.07,21,Sprinkler,25.9,1087.3,30132.34
F04090,Bihar,orange,Kharif,1.8,7,Borewell,20.91,4072.44,153278.5
F02093,Haryana,jute,Rabi,3.76,21,Canal,17.86,2842.05,190853.89
F04291,Rajasthan,coffee,Kharif,1.61,0,Drip,17.48,1003.55,28242.71
F03968,Andhra Pradesh,blackgram,Kharif,1.14,4,Rain-fed,16.06,2182.15,39951.68
F04542,Uttar Pradesh,banana,Kharif,1.27,2,Drip,26.69,2388.97,80977.24
F03916,Haryana,muskmelon,Rabi,1.24,17,Drip,19.39,2360.21,56747.95
F01457,Tamil Nadu,muskmelon,Kharif,2.05,3,Drip,15.48,1992.86,63241.42
F00234,Punjab,blackgram,Rabi,1.71,0,Drip,20.96,3277.66,117476.58
F00713,Bihar,coconut,Rabi,2.42,11,Rain-fed,26.59,1350.54,86904.28
F01506,Haryana,papaya,Zaid,0.96,16,Sprinkler,18.28,2855.44,50109.55
F04750,Gujarat,maize,Zaid,1.02,0,Rain-fed,15.34,1413.3,22113.62
F03694,Gujarat,orange,Kharif,1.32,5,Rain-fed,23.4,1862.51,57529.21
F00634,Andhra Pradesh,orange,Rabi,2.09,22,Drip,19.33,1357.46,54840.98
F01832,Rajasthan,grapes,Rabi,2.05,0,Borewell,24.88,2806.93,143164.66
F00416,Rajasthan,maize,Rabi,4.06,19,Drip,11.63,2105.61,99422.27
F01544,Andhra Pradesh,apple,Rabi,2.01,13,Drip,26.21,2421.28,127558.12
F01947,Rajasthan,mothbeans,Zaid,1.41,0,Canal,28.2,2012.73,80030.17
F03200,West Bengal,pomegranate,Rabi,1.88,6,Rain-fed,9.09,2879.65,49210.91
F01236,Haryana,jute,Zaid,3.65,22,Canal,16.88,2103.49,129600.23
F01701,Punjab,orange,Kharif,3.84,1,Canal,18.5,688.1,48882.62
F00758,Maharashtra,kidneybeans,Kharif,0.65,10,Canal,17.79,1190.46,13765.88
F00995,Karnataka,kidneybeans,Rabi,3.77,20,Drip,12.8,1798.75,86800.48
F03263,Gujarat,lentil,Kharif,5.34,13,Borewell,28.33,3226.88,488169.51
F00018,Gujarat,maize,Kharif,3.45,8,Sprinkler,20.87,1705.93,122829.52
F02652,Madhya Pradesh,coconut,Rabi,4.61,19,Canal,18.38,2428.21,205746.6
F04311,Haryana,chickpea,Rabi,2.24,14,Borewell,19.31,3498.66,151332.44
F01965,West Bengal,mungbean,Kharif,1.24,0,Borewell,23.8,3321.13,98013.19
F04887,West Bengal,pomegranate,Rabi,8.19,9,Canal,16.28,3062.84,408378.26
F00597,Uttar Pradesh,cotton,Kharif,3.07,0,Sprinkler,17.61,2566.18,138734.62
F01478,Uttar Pradesh,pigeonpeas,Rabi,6.05,24,Sprinkler,28.15,1145.23,195041.26
F04224,Rajasthan,coconut,Kharif,6.88,0,Drip,22.38,3084.14,474878.61
F04576,Haryana,apple,Zaid,0.52,0,Borewell,13.67,1822.81,12957.26
F01955,Uttar Pradesh,kidneybeans,Kharif,9.5,9,Drip,26.42,2569.76,644984.06
F01618,Uttar Pradesh,blackgram,Rabi,1.36,11,Borewell,20.44,1813.69,50417.68
F01361,Karnataka,pomegranate,Rabi,4.17,17,Drip,9.6,2257.39,90367.84
F00372,West Bengal,lentil,Zaid,1.69,4,Sprinkler,23.29,2587.9,101860.0
F01535,Punjab,blackgram,Zaid,2.7,0,Rain-fed,11.79,1279.0,40714.41
F04402,Rajasthan,orange,Kharif,1.1,15,Drip,20.13,1708.3,37826.89
F00653,Madhya Pradesh,chickpea,Kharif,4.37,4,Rain-fed,23.03,3288.31,330939.14
F00599,Rajasthan,papaya,Kharif,0.59,31,Sprinkler,15.86,1822.22,17051.24
F00677,Punjab,orange,Zaid,4.74,26,Drip,27.38,2113.23,274257.53
F00239,Karnataka,rice,Rabi,4.06,7,Sprinkler,20.28,2542.25,209320.73
F03704,Haryana,mango,Kharif,4.41,6,Sprinkler,21.96,1667.96,161531.25
F02214,Maharashtra,coffee,Rabi,6.28,9,Sprinkler,15.94,1703.16,170491.77
F05164,West Bengal,watermelon,Zaid,3.01,21,Sprinkler,22.56,2170.16,147366.02
F01245,Maharashtra,jute,Zaid,2.6,13,Sprinkler,40.0,3096.34,322019.36
F04490,Madhya Pradesh,mango,Kharif,2.56,20,Sprinkler,11.71,2977.07,89245.41
F02305,Haryana,lentil,Rabi,2.25,14,Sprinkler,20.31,2943.67,134518.36
F00076,Karnataka,pomegranate,Kharif,0.93,0,Sprinkler,22.64,1665.03,35057.54
F01771,Uttar Pradesh,blackgram,Zaid,1.81,26,Drip,17.36,2952.59,92775.1
F02761,Haryana,mango,Kharif,1.72,18,Canal,20.41,2159.66,75815.3
F03772,West Bengal,apple,Kharif,0.74,20,Canal,21.64,2570.58,41164.24
F03378,Madhya Pradesh,orange,Zaid,0.44,20,Canal,23.78,3425.78,35844.62
F02987,Tamil Nadu,rice,Zaid,2.35,17,Canal,18.07,1833.09,77841.25
F02198,Rajasthan,mothbeans,Zaid,8.37,0,Canal,30.47,1967.93,501888.86
F00927,Haryana,mango,Kharif,4.98,34,Borewell,22.0,2930.08,321019.56
F02342,West Bengal,kidneybeans,Zaid,3.39,22,Drip,26.16,1954.7,173347.49
F02245,Rajasthan,mungbean,Zaid,1.02,29,Drip,10.48,990.15,10584.31
F02816,Maharashtra,pomegranate,Rabi,5.64,2,Sprinkler,28.97,2269.97,370892.21
F04426,West Bengal,coffee,Rabi,5.24,18,Drip,22.84,2264.37,271003.42
F01352,Haryana,coffee,Zaid,0.25,7,Borewell,10.47,1509.05,3949.94
F00829,Tamil Nadu,mothbeans,Zaid,0.46,22,Borewell,8.84,3946.76,16049.1
F04405,Karnataka,chickpea,Zaid,2.62,25,Canal,23.15,2365.01,143444.95
F00097,Rajasthan,blackgram,Zaid,3.24,0,Rain-fed,21.24,1354.96,93245.1
F04832,Haryana,watermelon,Kharif,2.64,4,Sprinkler,15.27,2456.86,99042.91
F04109,Karnataka,banana,Zaid,1.8,19,Canal,11.99,2800.91,60449.24
F04890,Andhra Pradesh,grapes,Kharif,1.34,14,Rain-fed,10.86,1610.66,23438.97
F05065,Punjab,pigeonpeas,Zaid,2.99,26,Sprinkler,22.85,2539.45,173499.03
F02766,West Bengal,papaya,Rabi,4.99,19,Canal,14.75,1766.27,130001.89
F00622,Maharashtra,papaya,Rabi,2.42,25,Borewell,24.94,2146.4,129545.54
F05035,Madhya Pradesh,mothbeans,Rabi,0.82,5,Canal,24.51,1806.77,36312.82
F03952,Andhra Pradesh,pigeonpeas,Rabi,1.78,26,Borewell,15.06,1968.21,52761.41
F03947,Rajasthan,kidneybeans,Rabi,1.47,7,Drip,24.18,1825.68,64893.07
F00567,Bihar,banana,Kharif,2.51,0,Canal,20.35,2520.76,128756.64
F01724,Rajasthan,pomegranate,Rabi,0.85,12,Sprinkler,5.05,1070.29,4594.22
F03260,Punjab,chickpea,Kharif,2.31,13,Canal,26.9,2330.86,144837.31
F01719,Uttar Pradesh,mungbean,Rabi,1.04,11,Rain-fed,13.11,2435.14,33201.67
F00749,Uttar Pradesh,pigeonpeas,Kharif,2.13,25,Sprinkler,15.52,2394.93,79170.64
F01201,Maharashtra,muskmelon,Kharif,1.71,1,Drip,27.05,2512.87,116234.06
F02173,Andhra Pradesh,mungbean,Rabi,4.9,20,Sprinkler,26.99,1501.01,198510.07
F00052,Andhra Pradesh,coffee,Zaid,4.1,8,Sprinkler,13.05,1889.21,101082.18
F01861,West Bengal,grapes,Rabi,1.0,18,Rain-fed,15.51,3420.7,53055.06
F02318,Tamil Nadu,coconut,Kharif,3.61,9,Sprinkler,17.26,2005.29,124946.81
F02620,Uttar Pradesh,pigeonpeas,Kharif,0.8,20,Canal,14.74,1751.77,20656.87
F01504,Gujarat,apple,Zaid,1.3,15,Borewell,15.23,2345.56,46439.74
F00535,Madhya Pradesh,pomegranate,Zaid,3.83,20,Rain-fed,18.44,1761.3,124392.16
F00746,Tamil Nadu,mothbeans,Zaid,1.85,16,Rain-fed,24.67,3181.2,145188.38
F03465,Andhra Pradesh,coffee,Zaid,1.56,4,Sprinkler,11.87,1464.13,27111.59
F01469,Gujarat,watermelon,Rabi,0.43,16,Rain-fed,13.25,3422.87,19501.8
F00444,Rajasthan,muskmelon,Kharif,2.45,8,Sprinkler,20.21,2351.33,116424.93
F03528,Uttar Pradesh,grapes,Kharif,1.32,10,Canal,20.71,3032.29,82894.32
F00196,Tamil Nadu,kidneybeans,Kharif,3.08,1,Rain-fed,23.95,2028.36,149624.0
F01624,Haryana,pigeonpeas,Kharif,4.48,15,Drip,19.03,1870.85,159498.19
F01002,Uttar Pradesh,banana,Rabi,7.6,24,Rain-fed,10.75,3105.63,253729.97
F00803,Andhra Pradesh,watermelon,Zaid,1.92,0,Rain-fed,29.07,1365.36,76206.75
F01875,Andhra Pradesh,mothbeans,Rabi,0.52,19,Rain-fed,14.75,1734.4,13302.85
F04211,Gujarat,pigeonpeas,Zaid,3.51,13,Drip,21.76,3947.66,301512.8
F03266,Karnataka,kidneybeans,Kharif,6.79,18,Rain-fed,32.57,1668.01,368880.91
F04055,West Bengal,banana,Zaid,1.81,8,Canal,17.09,1888.97,58431.32
F03222,Gujarat,lentil,Zaid,1.77,10,Borewell,17.64,2637.79,82359.19
F05026,Uttar Pradesh,pomegranate,Rabi,1.76,24,Canal,12.81,2051.57,46253.88
F03173,West Bengal,jute,Kharif,2.66,12,Sprinkler,12.45,3569.22,118201.86
F01845,Karnataka,watermelon,Rabi,1.55,12,Sprinkler,10.67,2043.45,33795.6
F01096,Uttar Pradesh,pigeonpeas,Rabi,0.41,14,Rain-fed,9.57,1998.89,7843.04
F00645,Andhra Pradesh,rice,Kharif,0.94,7,Canal,11.88,2958.93,33042.96
F01919,Gujarat,cotton,Zaid,0.6,0,Rain-fed,9.84,2889.79,17061.32
F03831,Bihar,rice,Kharif,1.44,0,Borewell,5.78,1525.0,12692.88
F01527,Bihar,blackgram,Rabi,2.23,22,Rain-fed,25.87,1249.04,72057.24
F04818,Haryana,chickpea,Kharif,1.79,47,Rain-fed,17.48,2207.91,69083.74
F00121,Gujarat,mango,Rabi,3.99,12,Canal,10.29,1010.18,41475.06
F04530,Bihar,jute,Kharif,0.48,11,Rain-fed,21.74,2594.05,27069.43
F01407,Maharashtra,coffee,Zaid,2.24,19,Drip,26.39,1357.25,80231.93
F04510,Maharashtra,kidneybeans,Zaid,2.71,14,Canal,7.71,1215.29,25392.39
F03529,Rajasthan,lentil,Zaid,2.87,3,Borewell,26.65,2289.84,175139.56
F05086,Tamil Nadu,apple,Kharif,2.19,2,Rain-fed,20.97,2425.65,111396.28
F03481,Haryana,blackgram,Zaid,2.1,12,Borewell,6.13,1944.68,25033.87
F04149,Haryana,kidneybeans,Zaid,4.39,6,Rain-fed,13.72,1904.89,114733.05
F03756,Gujarat,chickpea,Kharif,0.25,2,Canal,26.22,1152.76,7556.34
F03781,Haryana,rice,Zaid,5.07,13,Drip,22.27,2416.46,272839.84
F02433,Karnataka,apple,Zaid,2.28,3,Rain-fed,22.25,3466.93,175877.36
F00135,Tamil Nadu,watermelon,Rabi,2.13,20,Drip,20.56,2757.3,120749.89
F02672,Maharashtra,chickpea,Kharif,1.24,17,Sprinkler,24.69,569.9,17447.83
F03568,Madhya Pradesh,grapes,Zaid,0.88,8,Borewell,23.13,1330.04,27072.17
F02312,Gujarat,chickpea,Zaid,2.82,14,Rain-fed,24.29,1676.73,114852.32
F02479,Punjab,watermelon,Zaid,3.84,13,Canal,19.82,2788.83,212254.5
F00185,Karnataka,jute,Rabi,4.12,9,Canal,9.29,2275.79,87105.41
F01996,Rajasthan,pomegranate,Zaid,5.27,22,Rain-fed,18.73,2393.59,236264.33
F04247,Rajasthan,lentil,Kharif,2.67,0,Drip,18.06,2926.25,141104.36
F00512,Tamil Nadu,pomegranate,Zaid,5.38,16,Borewell,21.25,2870.04,328117.32
F01663,West Bengal,cotton,Zaid,4.22,20,Borewell,11.22,1412.92,66899.5
F00063,Madhya Pradesh,blackgram,Kharif,3.19,15,Sprinkler,16.37,2703.2,141161.91
F02400,Karnataka,banana,Kharif,1.78,3,Drip,15.45,3440.09,94605.92
F03917,Rajasthan,pomegranate,Kharif,2.56,4,Sprinkler,21.08,2802.95,151260.64
F02898,Bihar,coffee,Kharif,6.05,20,Canal,13.84,2282.17,191090.66
F04041,Punjab,coconut,Zaid,3.27,15,Sprinkler,12.65,2478.93,102542.18
F03245,Bihar,jute,Kharif,2.26,18,Borewell,29.96,2236.82,151454.19
F03969,Rajasthan,mango,Kharif,4.98,14,Canal,7.59,1540.66,58234.17
F00252,Uttar Pradesh,pigeonpeas,Kharif,6.73,17,Sprinkler,10.73,2246.89,162254.44
F00626,Uttar Pradesh,coconut,Kharif,2.13,1,Rain-fed,12.75,1890.69,51346.41
F05158,Tamil Nadu,coffee,Rabi,1.07,13,Drip,22.39,2382.91,57088.09
F04160,Rajasthan,apple,Rabi,0.99,38,Canal,17.53,3033.09,52638.37
F02828,Punjab,pomegranate,Zaid,5.56,15,Drip,9.34,2255.86,117147.71
F04997,Punjab,banana,Zaid,2.41,9,Rain-fed,13.85,2347.47,78355.03
F00123,Bihar,grapes,Rabi,2.36,0,Canal,26.01,2321.66,142511.85
F03652,Maharashtra,kidneybeans,Kharif,1.46,12,Rain-fed,21.0,2623.11,80424.55
F03905,Bihar,blackgram,Rabi,7.1,16,Drip,14.97,2024.61,215189.72
F03129,Tamil Nadu,papaya,Zaid,1.72,14,Sprinkler,31.73,3070.31,167564.01
F03001,Karnataka,cotton,Zaid,2.78,0,Drip,14.48,2103.78,84686.4
F02423,Gujarat,lentil,Rabi,3.79,24,Borewell,16.41,2882.2,179255.26
F02116,West Bengal,pomegranate,Kharif,1.5,19,Drip,16.01,1473.02,35374.58
F00568,Madhya Pradesh,coffee,Zaid,4.43,8,Drip,22.49,2461.65,245255.91
F01653,Rajasthan,chickpea,Zaid,5.78,25,Borewell,26.13,2571.27,388342.51
F02687,Maharashtra,jute,Rabi,2.42,19,Sprinkler,13.71,2836.13,94097.69
F03467,Punjab,lentil,Rabi,2.2,13,Borewell,14.94,2079.64,68353.61
F00694,Gujarat,papaya,Rabi,2.53,9,Rain-fed,31.3,2328.64,184402.67
F00865,Gujarat,chickpea,Zaid,2.6,26,Sprinkler,11.56,2050.99,61644.56
F03820,Karnataka,mungbean,Kharif,3.59,17,Canal,16.68,1855.5,111109.57
F03232,Karnataka,apple,Zaid,2.0,7,Canal,25.29,1789.13,90494.2
F02537,Gujarat,orange,Zaid,1.02,23,Rain-fed,17.27,2190.74,38590.76
F00857,Rajasthan,grapes,Rabi,4.15,3,Sprinkler,7.24,1935.78,58162.45
F01372,West Bengal,mango,Zaid,0.36,15,Drip,23.87,1568.45,13478.0
F01729,Gujarat,cotton,Zaid,3.25,8,Sprinkler,18.88,2494.57,153066.82
F04215,Gujarat,maize,Zaid,6.21,24,Rain-fed,30.25,1541.72,289615.96
F01026,West Bengal,grapes,Rabi,0.51,0,Rain-fed,15.34,2401.79,18790.16
F00721,Andhra Pradesh,rice,Kharif,2.31,26,Borewell,28.31,2424.58,158558.08
F02943,Tamil Nadu,kidneybeans,Rabi,4.12,2,Borewell,19.0,1160.79,90866.64
F02577,Tamil Nadu,jute,Kharif,0.9,13,Borewell,15.23,1702.89,23341.51
F01616,West Bengal,lentil,Rabi,1.56,14,Drip,7.95,2743.03,34019.06
F02660,Bihar,mungbean,Zaid,2.08,24,Sprinkler,17.67,1620.89,59573.54
F03478,Maharashtra,pomegranate,Rabi,5.2,15,Drip,18.89,2420.22,237733.37
F00603,Rajasthan,jute,Zaid,4.52,24,Rain-fed,24.02,2656.78,288447.67
F04546,Uttar Pradesh,rice,Zaid,3.39,14,Sprinkler,8.68,2390.83,70350.65
F03290,Andhra Pradesh,grapes,Rabi,9.88,19,Canal,29.26,2012.87,581898.17
F02585,Bihar,watermelon,Rabi,1.97,12,Sprinkler,11.72,2044.2,47197.31
F00970,Andhra Pradesh,jute,Rabi,0.58,23,Canal,15.15,1774.72,15594.46
F01085,Tamil Nadu,mothbeans,Zaid,2.93,26,Drip,14.36,2095.31,88159.75
F04339,Bihar,papaya,Rabi,5.45,17,Borewell,18.03,1593.6,156592.71
F01222,Rajasthan,lentil,Rabi,4.29,15,Rain-fed,24.39,2308.24,241518.31
F03762,Uttar Pradesh,cotton,Kharif,1.17,0,Rain-fed,11.68,1403.97,19186.09
F00319,Rajasthan,coconut,Zaid,3.53,13,Drip,18.08,1257.67,80267.52
F01213,Andhra Pradesh,coffee,Rabi,0.49,8,Canal,13.21,2327.99,15068.85
F01879,Karnataka,mothbeans,Kharif,9.46,16,Sprinkler,25.9,2180.35,534216.27
F00275,Rajasthan,rice,Kharif,1.18,27,Sprinkler,13.99,2321.15,38318.01
F04603,Bihar,jute,Kharif,4.9,4,Rain-fed,20.09,3524.5,346955.3
F00550,Rajasthan,cotton,Zaid,2.02,1,Drip,17.89,1892.52,68391.51
F02108,Andhra Pradesh,cotton,Rabi,2.42,16,Rain-fed,24.98,2910.78,175961.31
F03071,West Bengal,kidneybeans,Rabi,2.15,23,Borewell,15.09,1919.09,62262.0
F05090,Madhya Pradesh,kidneybeans,Kharif,2.73,10,Rain-fed,19.64,2097.73,112474.41
F03186,West Bengal,cotton,Rabi,1.32,23,Rain-fed,16.77,1521.17,33673.23
F00606,Bihar,watermelon,Kharif,4.04,3,Canal,17.88,2494.56,180195.04
F03812,Maharashtra,jute,Zaid,4.02,19,Borewell,13.58,1969.66,107526.89
F00528,Gujarat,apple,Zaid,2.28,10,Sprinkler,15.59,2345.71,83378.73
F03470,Gujarat,maize,Kharif,1.09,21,Drip,12.73,500.0,6937.85
F04285,Maharashtra,pigeonpeas,Zaid,3.2,0,Canal,22.42,2251.65,161542.38
F04702,Uttar Pradesh,maize,Zaid,0.6,8,Borewell,18.17,3691.83,40248.33
F00830,Punjab,maize,Zaid,1.22,25,Rain-fed,14.92,2343.29,42653.5
F04703,Gujarat,jute,Kharif,1.57,22,Borewell,15.52,2377.09,57921.13
F02319,Haryana,orange,Zaid,1.24,3,Canal,16.01,2290.82,45478.27
F04102,Bihar,orange,Rabi,10.02,19,Sprinkler,14.74,2230.88,329489.38
F05022,Madhya Pradesh,cotton,Zaid,4.75,12,Sprinkler,25.51,1138.15,137912.48
F00296,Karnataka,rice,Zaid,3.99,14,Rain-fed,6.06,1794.27,43384.37
F04766,West Bengal,coffee,Zaid,2.09,1,Rain-fed,18.02,1732.38,65244.55
F04261,Bihar,grapes,Zaid,0.75,24,Sprinkler,13.05,953.86,9335.9
F00299,Madhya Pradesh,grapes,Rabi,1.57,8,Borewell,23.8,1315.44,49152.73
F00069,Karnataka,coconut,Kharif,1.81,5,Rain-fed,28.24,2111.35,107920.39
F02752,Haryana,coffee,Rabi,2.45,3,Drip,13.64,1899.31,63471.14
F02269,Gujarat,mango,Zaid,0.41,19,Rain-fed,7.82,1140.42,3656.41
F04104,West Bengal,chickpea,Rabi,4.32,9,Canal,12.43,1830.85,98312.25
F04054,Gujarat,mothbeans,Zaid,1.58,0,Canal,5.06,1473.78,11782.58
F04338,West Bengal,kidneybeans,Kharif,0.89,20,Canal,23.75,3771.08,79711.2
F04733,Uttar Pradesh,rice,Zaid,4.29,22,Sprinkler,19.86,2702.58,230258.19
F04943,Tamil Nadu,coffee,Kharif,5.23,22,Sprinkler,30.61,1296.84,207611.5
F00151,Tamil Nadu,papaya,Kharif,2.53,28,Rain-fed,14.86,1643.05,61771.78
F00757,Karnataka,grapes,Kharif,2.52,15,Borewell,8.67,1968.33,43004.86
F01870,West Bengal,grapes,Zaid,2.33,0,Drip,11.94,3291.43,91568.24
F03059,Uttar Pradesh,mothbeans,Rabi,8.71,22,Sprinkler,5.64,1360.09,66813.61
F02260,Uttar Pradesh,maize,Zaid,4.29,3,Drip,9.37,1751.09,70389.09
F02790,Maharashtra,jute,Rabi,5.89,18,Canal,6.35,2385.56,89223.52
F01706,Karnataka,kidneybeans,Kharif,6.03,18,Drip,12.1,1626.52,118675.78
F01422,Madhya Pradesh,apple,Rabi,2.15,24,Borewell,17.34,1434.48,53478.85
F01346,Bihar,coffee,Kharif,0.25,7,Sprinkler,26.41,2178.05,14380.58
F04398,Bihar,orange,Kharif,0.81,24,Canal,21.37,2906.9,50317.57
F00377,Madhya Pradesh,pigeonpeas,Rabi,5.26,14,Sprinkler,11.01,870.53,50414.66
F02252,Tamil Nadu,pomegranate,Kharif,1.81,11,Drip,13.57,2371.87,58257.16
F04729,Tamil Nadu,muskmelon,Zaid,6.6,0,Borewell,4.66,2362.47,72660.13
F00860,Bihar,chickpea,Rabi,1.05,15,Borewell,22.3,2892.85,67736.08
F02465,West Bengal,banana,Zaid,0.4,26,Drip,18.93,1678.53,12709.83
F04782,Haryana,pomegranate,Rabi,8.44,22,Rain-fed,29.85,772.91,194722.31
F01306,West Bengal,jute,Kharif,11.16,14,Canal,21.5,2732.91,655734.43
F00379,Tamil Nadu,banana,Zaid,3.63,0,Borewell,19.63,2270.92,161818.72
F04786,Karnataka,coconut,Rabi,4.37,19,Canal,24.69,2353.42,253922.96
F01816,Gujarat,grapes,Kharif,1.64,16,Canal,26.59,1956.41,85314.34
F05142,Haryana,coconut,Kharif,6.33,25,Rain-fed,19.98,1853.61,234432.36
F01539,Karnataka,mungbean,Kharif,0.93,0,Canal,28.0,1817.12,47317.8
F02999,Haryana,coffee,Kharif,2.8,2,Rain-fed,10.25,2251.28,64611.74
F00842,Haryana,chickpea,Rabi,3.46,0,Canal,14.88,2578.81,132769.52
F02446,Uttar Pradesh,mango,Zaid,5.35,11,Rain-fed,22.35,2160.68,258357.91
F00176,West Bengal,kidneybeans,Zaid,1.58,16,Borewell,7.78,1864.56,22919.92
F01177,Uttar Pradesh,orange,Zaid,0.25,10,Borewell,10.76,1704.64,4585.48
F00928,Bihar,coffee,Zaid,1.74,9,Canal,13.38,1857.09,43235.28
F04201,Madhya Pradesh,grapes,Rabi,0.54,6,Borewell,23.22,2956.35,37069.08
F00046,Punjab,muskmelon,Rabi,1.12,18,Drip,18.19,1006.23,20499.72
F01730,West Bengal,papaya,Zaid,2.65,10,Sprinkler,15.46,1968.83,80661.0
F04540,Madhya Pradesh,maize,Rabi,3.32,16,Borewell,28.4,796.95,75142.82
F05036,West Bengal,mothbeans,Rabi,1.1,4,Drip,13.42,2031.23,29985.02
F03373,Uttar Pradesh,pigeonpeas,Kharif,5.71,9,Sprinkler,7.27,2047.17,84981.51
F04138,Andhra Pradesh,blackgram,Zaid,3.16,23,Rain-fed,11.49,2687.84,97591.17
F00284,Bihar,maize,Rabi,5.03,1,Rain-fed,30.92,2565.22,398962.51
F04960,Rajasthan,chickpea,Kharif,0.83,13,Borewell,20.27,3036.8,51091.43
F01741,Tamil Nadu,rice,Zaid,5.13,4,Rain-fed,18.13,930.02,86498.28
F02320,West Bengal,mothbeans,Rabi,4.33,25,Rain-fed,20.97,2840.6,257926.76
F01533,Uttar Pradesh,orange,Rabi,4.57,11,Sprinkler,15.43,980.96,69172.49
F03314,Andhra Pradesh,muskmelon,Kharif,3.58,17,Sprinkler,16.59,2302.75,136765.39
F03828,Tamil Nadu,banana,Kharif,0.26,11,Sprinkler,16.86,2475.41,10851.21
F04538,Haryana,papaya,Kharif,1.73,16,Drip,20.87,2339.25,84458.86
F03635,Punjab,watermelon,Kharif,2.71,31,Rain-fed,27.89,2263.93,171112.13
F02330,Haryana,watermelon,Kharif,1.42,24,Canal,17.39,2093.84,51704.87
F03128,Maharashtra,cotton,Zaid,11.39,9,Sprinkler,17.25,2504.28,492034.67
F04668,Karnataka,pigeonpeas,Kharif,0.53,14,Canal,9.42,2614.48,13053.05
F01129,Rajasthan,apple,Rabi,4.2,4,Canal,26.52,3105.03,345850.66
F04743,Madhya Pradesh,watermelon,Kharif,1.68,22,Canal,12.81,2714.94,58427.68
F00258,Bihar,cotton,Zaid,2.97,11,Drip,9.01,1600.91,42839.87
F04056,Rajasthan,pigeonpeas,Rabi,10.27,3,Sprinkler,19.96,2612.66,535567.08
F00100,Madhya Pradesh,coffee,Zaid,0.34,14,Rain-fed,24.85,3342.96,28244.67
F03090,Madhya Pradesh,apple,Zaid,3.1,14,Sprinkler,15.04,1857.78,86617.13
F01392,Haryana,maize,Rabi,4.25,28,Sprinkler,21.41,1635.18,148789.12
F03372,Tamil Nadu,grapes,Kharif,2.55,14,Canal,26.19,1023.36,68344.59
F02202,Bihar,mothbeans,Zaid,2.83,23,Canal,19.05,2424.41,130703.58
F03542,Gujarat,papaya,Rabi,2.9,21,Rain-fed,33.38,2808.88,271905.2
F01745,Rajasthan,mothbeans,Zaid,4.87,0,Rain-fed,20.39,2075.14,206059.95
F00367,Bihar,cotton,Zaid,5.69,0,Drip,16.88,1541.53,148059.64
F02788,Uttar Pradesh,grapes,Zaid,8.46,9,Sprinkler,15.34,3031.47,393413.26
F04244,Gujarat,lentil,Kharif,2.05,18,Canal,3.84,1348.42,10614.76
F02756,Tamil Nadu,chickpea,Kharif,7.26,14,Drip,17.46,1989.96,252246.53
F00950,Maharashtra,chickpea,Zaid,5.4,2,Borewell,2.92,2684.58,42330.46
F01273,Andhra Pradesh,grapes,Zaid,5.45,4,Drip,6.39,2535.38,88295.88
F00020,West Bengal,cotton,Kharif,4.41,6,Sprinkler,7.86,1532.94,53135.69
F02171,Gujarat,watermelon,Zaid,0.69,33,Drip,14.7,1999.68,20282.75
F00669,Karnataka,banana,Rabi,0.61,10,Drip,19.35,1329.63,15694.29
F00219,Gujarat,blackgram,Zaid,3.93,0,Rain-fed,21.62,2828.33,240313.58
F03564,Punjab,mothbeans,Rabi,2.52,5,Canal,23.3,2293.76,134680.41
F03793,Uttar Pradesh,rice,Zaid,1.13,0,Borewell,26.78,2267.5,68617.72
F03579,Maharashtra,cotton,Kharif,7.71,13,Rain-fed,19.6,1213.5,183379.27
F03939,Rajasthan,mungbean,Zaid,0.43,13,Sprinkler,32.11,1412.72,19505.85
F03002,Haryana,maize,Zaid,1.45,32,Rain-fed,20.15,2032.58,59386.91
F02419,West Bengal,coffee,Rabi,2.31,2,Drip,15.68,1688.55,61160.63
F04052,Punjab,watermelon,Zaid,1.52,14,Sprinkler,25.3,1743.34,67041.88
F02060,Maharashtra,pomegranate,Zaid,4.42,15,Canal,21.89,2098.47,203034.95
F01019,Bihar,orange,Zaid,5.36,14,Sprinkler,15.96,2162.2,184966.7
F02442,Karnataka,papaya,Zaid,2.55,9,Drip,18.88,1561.92,75197.08
F01182,Bihar,lentil,Rabi,6.49,2,Drip,19.7,2757.07,352499.67
F00518,Haryana,cotton,Zaid,0.73,11,Borewell,5.69,2368.09,9836.34
F03883,Karnataka,lentil,Kharif,2.4,28,Canal,13.7,2608.56,85769.45
F04498,Andhra Pradesh,chickpea,Rabi,4.85,18,Rain-fed,16.37,2641.07,209686.43
F04431,Bihar,mungbean,Kharif,2.95,0,Rain-fed,19.83,2255.81,131961.5
F01612,Bihar,mungbean,Kharif,5.86,21,Rain-fed,15.15,846.47,75148.76
F04903,Tamil Nadu,apple,Zaid,1.82,21,Drip,13.89,1074.36,27159.61
F01425,Rajasthan,apple,Rabi,1.52,25,Sprinkler,15.16,1815.44,41833.55
F04640,Gujarat,kidneybeans,Kharif,2.88,0,Canal,10.67,2829.79,86958.31
F02555,Rajasthan,watermelon,Zaid,1.26,20,Borewell,29.92,1958.13,73819.93
F04305,Bihar,cotton,Zaid,0.84,11,Borewell,13.35,2370.58,26583.68
F01053,Karnataka,mothbeans,Rabi,4.29,9,Borewell,24.87,1816.28,193783.09
F01324,Rajasthan,coconut,Kharif,3.19,17,Rain-fed,14.63,1489.58,69518.25
F00760,Gujarat,lentil,Rabi,1.2,22,Rain-fed,14.29,3391.58,58158.81
F04366,Bihar,muskmelon,Rabi,4.38,21,Sprinkler,16.63,2655.03,193390.79
F01104,Uttar Pradesh,maize,Kharif,8.15,27,Canal,25.18,1618.91,332227.85
F00215,West Bengal,jute,Rabi,2.05,6,Rain-fed,15.37,892.43,28119.13
F04103,Maharashtra,apple,Kharif,0.86,18,Canal,22.11,1578.67,30017.78
F04812,Punjab,chickpea,Rabi,3.82,16,Drip,28.69,2612.64,286334.37
F04793,Haryana,watermelon,Rabi,6.27,24,Drip,2.0,3408.91,42747.73
F04397,Madhya Pradesh,rice,Kharif,1.98,22,Drip,29.52,2345.42,137088.86
F00197,Maharashtra,blackgram,Kharif,4.72,17,Borewell,11.62,2595.25,142340.12
F04106,Bihar,pigeonpeas,Kharif,2.54,12,Borewell,13.26,2865.7,96517.92
F02996,Bihar,grapes,Zaid,3.03,17,Canal,15.02,2843.43,129406.21
F04629,Punjab,chickpea,Kharif,12.52,6,Rain-fed,7.94,596.57,59304.31
F01057,Rajasthan,apple,Rabi,1.95,23,Drip,9.85,884.16,16982.5
F01565,Uttar Pradesh,rice,Zaid,2.45,26,Drip,15.86,1725.49,67047.36
F00888,Uttar Pradesh,papaya,Zaid,2.09,14,Canal,19.69,2949.03,121358.78
F01540,Bihar,pomegranate,Kharif,1.74,5,Drip,21.35,2137.92,79421.59
F02448,Tamil Nadu,lentil,Rabi,1.04,22,Canal,29.53,2433.71,74742.15
F02695,West Bengal,pigeonpeas,Zaid,4.66,7,Drip,8.12,2199.66,83233.37
F00569,Gujarat,mungbean,Kharif,1.36,25,Canal,7.55,2213.22,22725.34
F01882,Madhya Pradesh,banana,Rabi,1.48,16,Drip,17.32,1582.39,40562.35
F02779,Andhra Pradesh,lentil,Rabi,1.81,7,Canal,16.57,1205.88,36166.39
F02345,Andhra Pradesh,jute,Rabi,3.39,7,Sprinkler,22.53,1428.57,109109.46
F00140,Uttar Pradesh,papaya,Zaid,5.6,8,Borewell,21.15,2431.05,287933.56
F04014,Madhya Pradesh,kidneybeans,Rabi,1.22,12,Drip,17.42,1825.44,38794.98
F01655,Bihar,orange,Zaid,2.92,9,Canal,18.22,2384.01,126835.05
F04387,Gujarat,watermelon,Zaid,2.34,20,Rain-fed,16.08,2378.4,89492.53
F00464,West Bengal,mothbeans,Rabi,6.3,0,Borewell,11.58,1138.5,83058.13
F02528,Rajasthan,jute,Kharif,2.22,16,Rain-fed,9.94,3182.46,70226.71
F00595,Tamil Nadu,mango,Kharif,1.71,2,Canal,14.2,2209.67,53655.21
F02355,Karnataka,pomegranate,Kharif,1.49,14,Rain-fed,14.85,1707.95,37790.96
F00451,Rajasthan,apple,Rabi,1.55,16,Drip,29.94,623.07,28914.81
F05075,Haryana,muskmelon,Kharif,4.02,0,Sprinkler,15.99,2729.95,175480.64
F04031,West Bengal,grapes,Kharif,1.01,4,Drip,12.15,2194.57,26930.67
F03636,Haryana,jute,Kharif,7.31,21,Canal,24.59,2360.19,424251.0
F01184,Uttar Pradesh,watermelon,Kharif,1.64,26,Rain-fed,8.53,2286.02,31979.59
F01376,Punjab,mango,Zaid,0.45,27,Rain-fed,15.27,2896.38,19902.48
F01221,Andhra Pradesh,mothbeans,Zaid,7.81,12,Borewell,17.96,2768.02,388263.52
F01627,Gujarat,banana,Zaid,7.27,15,Drip,15.75,1651.49,189099.73
F00452,Punjab,papaya,Rabi,5.11,17,Sprinkler,29.89,1265.49,193288.29
F04384,Gujarat,grapes,Zaid,5.26,10,Borewell,18.25,2725.92,261674.69
F05078,Uttar Pradesh,rice,Kharif,3.46,19,Borewell,9.71,3432.93,115334.78
F04878,Haryana,rice,Rabi,2.51,9,Drip,10.17,1523.07,38878.95
F03514,Andhra Pradesh,lentil,Kharif,1.78,19,Rain-fed,16.66,2235.52,66293.9
F04036,Andhra Pradesh,lentil,Kharif,5.28,14,Drip,26.47,2184.93,305369.31
F04872,Maharashtra,mothbeans,Zaid,2.39,10,Sprinkler,23.63,1326.25,74900.9
F01000,Andhra Pradesh,lentil,Zaid,1.04,28,Sprinkler,25.62,2313.71,61648.34
F02111,Madhya Pradesh,coffee,Rabi,1.37,12,Rain-fed,15.74,2026.95,43708.74
F04560,Karnataka,banana,Kharif,1.23,23,Sprinkler,20.0,2722.98,66985.31
F00193,West Bengal,apple,Zaid,3.07,5,Sprinkler,8.13,2595.42,64779.35
F04075,Punjab,papaya,Kharif,1.88,10,Sprinkler,11.99,3040.67,68540.35
F04352,Maharashtra,mothbeans,Zaid,2.07,11,Drip,17.19,2822.66,100439.56
F02300,Uttar Pradesh,maize,Rabi,3.13,11,Drip,19.53,1817.39,111095.05
F04403,Rajasthan,muskmelon,Kharif,3.32,25,Drip,18.49,1917.9,117733.74
F04607,Bihar,apple,Kharif,2.42,23,Rain-fed,23.34,1824.22,103037.05
F02192,Andhra Pradesh,pomegranate,Kharif,0.25,0,Sprinkler,14.39,1878.38,6757.47
F04691,Punjab,grapes,Zaid,3.15,21,Borewell,19.48,2104.47,129134.49
F02146,Haryana,lentil,Kharif,5.22,25,Canal,16.51,1864.99,160728.94
F03858,Punjab,kidneybeans,Zaid,4.36,16,Drip,24.6,1663.41,178410.7
F04610,Bihar,orange,Kharif,5.1,15,Sprinkler,22.77,1464.78,170100.51
F04841,Madhya Pradesh,pomegranate,Kharif,1.96,5,Canal,8.38,2319.48,38097.0
F04829,Karnataka,pomegranate,Rabi,0.46,3,Rain-fed,27.45,1928.79,24354.83
F05161,Tamil Nadu,grapes,Zaid,9.5,17,Canal,20.36,1559.35,301609.48
F03227,Madhya Pradesh,maize,Rabi,5.05,18,Canal,20.64,2951.7,307661.59
F03552,Tamil Nadu,pigeonpeas,Kharif,3.9,39,Drip,23.87,965.43,89874.77
F01756,Rajasthan,coffee,Rabi,3.55,20,Borewell,26.42,2501.65,234632.26
F04329,Gujarat,rice,Kharif,7.71,16,Canal,14.37,2193.84,243061.46
F03663,Rajasthan,maize,Rabi,1.06,2,Drip,28.88,2730.44,83586.41
F02727,Haryana,mango,Zaid,11.03,8,Drip,20.87,3241.94,746281.94
F05115,Punjab,orange,Rabi,3.26,17,Sprinkler,14.12,2891.21,133085.87
F00192,Karnataka,chickpea,Rabi,3.1,6,Borewell,8.56,1757.11,46626.67
F02958,Punjab,rice,Kharif,1.08,19,Drip,15.96,1808.39,31170.86
F04465,Karnataka,mango,Rabi,0.28,24,Borewell,24.18,500.0,3385.2
F02847,Maharashtra,muskmelon,Rabi,0.65,30,Sprinkler,19.2,2351.43,29345.85
F02570,Andhra Pradesh,muskmelon,Zaid,2.09,20,Rain-fed,18.42,3461.43,133257.44
F02941,Tamil Nadu,mungbean,Kharif,2.76,20,Drip,13.92,2361.94,90743.85
F01371,Karnataka,mungbean,Rabi,1.43,9,Borewell,21.9,3295.04,103190.77
F01972,Tamil Nadu,watermelon,Zaid,4.43,9,Rain-fed,16.43,877.52,63870.21
F01873,Gujarat,muskmelon,Kharif,1.25,15,Drip,18.22,1854.2,42229.4
F03283,Andhra Pradesh,mothbeans,Kharif,2.82,17,Drip,17.42,2266.0,111315.89
F03671,Madhya Pradesh,kidneybeans,Zaid,2.8,20,Canal,18.55,2960.39,153762.66
F03967,West Bengal,coconut,Rabi,3.39,0,Sprinkler,27.07,1517.72,139277.07
F02686,Uttar Pradesh,blackgram,Rabi,3.89,4,Borewell,22.12,3103.92,267082.38
F04238,Haryana,blackgram,Rabi,1.19,6,Canal,28.6,2639.14,89820.49
F00313,Punjab,watermelon,Kharif,1.06,0,Drip,15.39,1277.61,20842.16
F01898,Maharashtra,papaya,Rabi,1.52,0,Drip,19.42,2047.22,60430.66
F00167,Haryana,rice,Kharif,1.14,14,Rain-fed,29.85,3418.11,116314.87
F03541,Punjab,pigeonpeas,Rabi,2.35,12,Drip,14.14,3521.43,117013.6
F03797,Madhya Pradesh,grapes,Zaid,2.83,20,Canal,10.92,1745.7,53948.41
F01025,Haryana,mungbean,Zaid,1.33,17,Sprinkler,11.27,1578.27,23656.85
F04797,Gujarat,maize,Zaid,3.95,30,Sprinkler,23.26,1974.29,181391.84
F01865,Madhya Pradesh,mango,Zaid,4.22,28,Drip,25.07,2465.32,260819.52
F03539,Andhra Pradesh,papaya,Rabi,4.76,20,Canal,14.18,3014.85,203492.73
F02439,Tamil Nadu,chickpea,Kharif,2.34,38,Canal,10.14,2861.39,67893.92
F02174,Bihar,mango,Kharif,2.0,24,Rain-fed,18.04,1817.66,65581.17
F04792,Punjab,pomegranate,Rabi,3.78,22,Canal,22.38,1984.74,167901.86
F02079,Maharashtra,lentil,Kharif,3.0,6,Drip,8.13,2098.48,51181.93
F04474,Haryana,muskmelon,Rabi,1.14,21,Borewell,8.75,1937.66,19328.16
F01434,Punjab,lentil,Kharif,1.15,16,Borewell,15.53,2319.36,41422.61
F04814,Bihar,maize,Rabi,1.21,7,Borewell,19.92,1699.55,40964.59
F03215,Uttar Pradesh,pigeonpeas,Kharif,5.41,6,Rain-fed,18.42,2943.83,293359.14
F00153,Tamil Nadu,mothbeans,Kharif,2.07,9,Borewell,18.78,2928.7,113852.04
F01903,West Bengal,blackgram,Kharif,4.15,20,Borewell,8.69,2552.38,92047.76
F02750,Uttar Pradesh,apple,Zaid,1.72,13,Borewell,23.9,3338.81,137251.8
F04879,Maharashtra,banana,Zaid,5.92,26,Canal,20.35,2460.98,296479.18
F02606,Andhra Pradesh,maize,Zaid,8.84,18,Sprinkler,17.87,1336.08,211061.63
F05190,Gujarat,pigeonpeas,Kharif,0.7,7,Drip,14.69,3149.46,32385.9
F01335,Karnataka,pomegranate,Zaid,2.66,16,Canal,17.57,2716.5,126958.89
F04741,Rajasthan,cotton,Rabi,2.46,14,Borewell,39.84,1489.7,146000.13
F03108,Andhra Pradesh,blackgram,Zaid,1.73,10,Rain-fed,24.59,3076.96,130896.03
F02631,Rajasthan,mothbeans,Rabi,2.53,11,Drip,16.19,2400.34,98319.61
F05018,Tamil Nadu,coffee,Rabi,1.85,7,Borewell,15.76,1642.68,47893.98
F01601,Karnataka,mungbean,Kharif,10.51,20,Canal,16.4,2093.68,360875.06
F03204,Andhra Pradesh,maize,Rabi,1.27,9,Borewell,5.72,2895.98,21037.56
F00032,Karnataka,mothbeans,Kharif,2.91,20,Rain-fed,17.64,1779.34,91337.79
F00938,Uttar Pradesh,rice,Zaid,2.91,14,Drip,27.6,1954.6,156985.65
F04438,Karnataka,cotton,Kharif,3.96,18,Borewell,15.07,2044.82,122029.13
F00753,Rajasthan,orange,Rabi,5.16,21,Borewell,21.63,1053.3,117559.66
F01294,Madhya Pradesh,mango,Kharif,5.24,7,Canal,16.15,1655.86,140128.81
F00310,Haryana,lentil,Kharif,2.52,6,Canal,15.78,2714.21,107932.19
F02664,Madhya Pradesh,chickpea,Zaid,1.73,18,Borewell,11.68,2095.49,42342.31
F05063,Maharashtra,grapes,Zaid,0.38,5,Borewell,15.94,2064.13,12502.85
F03919,Gujarat,watermelon,Rabi,2.89,16,Drip,6.22,2680.59,48185.75
F02288,Madhya Pradesh,chickpea,Kharif,2.31,9,Borewell,33.35,2526.15,194610.81
F00496,Karnataka,watermelon,Rabi,4.03,5,Sprinkler,17.18,2604.2,180302.83
F05060,Tamil Nadu,mothbeans,Zaid,1.78,12,Rain-fed,21.11,1838.26,69074.09
F00206,Maharashtra,watermelon,Rabi,2.58,28,Sprinkler,19.17,2264.34,111991.09
F01136,Tamil Nadu,rice,Zaid,12.4,23,Borewell,15.23,1314.27,248202.52
F04170,Karnataka,orange,Zaid,0.51,35,Canal,17.99,1459.78,13393.34
F03655,Haryana,banana,Zaid,3.61,25,Canal,21.31,1900.81,146227.6
F00702,Rajasthan,lentil,Rabi,0.85,11,Canal,14.52,1480.53,18272.7
F00306,Madhya Pradesh,pigeonpeas,Zaid,3.66,10,Canal,20.84,3126.89,238501.66
F01193,Karnataka,banana,Rabi,2.98,16,Borewell,19.71,1262.57,74158.06
F04111,Tamil Nadu,maize,Zaid,3.8,18,Canal,20.71,1439.56,113290.49
F04195,Gujarat,coconut,Rabi,4.82,7,Rain-fed,21.66,1727.94,180399.01
F01062,Karnataka,cotton,Zaid,9.08,12,Borewell,3.46,3284.79,103197.59
F00844,Maharashtra,mothbeans,Rabi,8.73,30,Sprinkler,14.94,1652.61,215543.64
F02946,Bihar,watermelon,Kharif,4.46,13,Borewell,13.54,2764.2,166925.62
F05134,Tamil Nadu,papaya,Zaid,2.63,22,Sprinkler,23.91,4010.67,252204.16
F00212,Uttar Pradesh,cotton,Zaid,2.46,22,Borewell,16.91,1950.83,81151.8
F01109,West Bengal,chickpea,Zaid,5.34,25,Drip,17.64,1888.62,177903.47
F04523,Tamil Nadu,grapes,Zaid,4.49,12,Sprinkler,19.91,3533.71,315899.19
F00680,Punjab,rice,Zaid,4.67,14,Canal,23.31,2593.72,282346.39
F00566,Bihar,kidneybeans,Kharif,3.11,19,Rain-fed,12.05,3173.76,118938.24
F04634,Andhra Pradesh,banana,Zaid,1.55,10,Drip,17.27,2257.82,60438.45
F03896,Karnataka,orange,Rabi,2.31,19,Drip,14.29,2046.95,67569.61
F00681,Madhya Pradesh,rice,Kharif,3.54,14,Sprinkler,21.47,3691.08,280536.11
F00181,Rajasthan,rice,Zaid,2.73,21,Canal,16.6,2045.78,92710.66
F02888,Punjab,cotton,Kharif,4.31,20,Drip,25.08,2329.82,251841.43
F04217,Maharashtra,maize,Zaid,1.71,0,Rain-fed,16.53,2524.89,71369.3
F04073,Rajasthan,watermelon,Rabi,7.94,8,Canal,14.95,2438.96,289511.87
F04448,Bihar,cotton,Zaid,0.75,14,Canal,19.12,2902.46,41621.28
F00279,Uttar Pradesh,chickpea,Zaid,0.82,12,Borewell,24.63,2971.42,60012.58
F01393,Karnataka,muskmelon,Kharif,7.66,0,Rain-fed,27.39,1717.95,360438.62
F01205,Bihar,coconut,Zaid,5.78,26,Rain-fed,19.03,1748.81,192357.56
F02017,Andhra Pradesh,muskmelon,Rabi,3.23,10,Drip,19.41,1721.97,107957.7
F00433,Maharashtra,cotton,Rabi,1.05,14,Drip,15.56,2107.21,34427.6
F00290,Bihar,lentil,Zaid,4.43,6,Canal,19.43,2520.21,216926.82
F01028,Gujarat,grapes,Zaid,2.09,7,Canal,18.64,2547.9,99260.07
F00536,Bihar,maize,Kharif,2.13,14,Canal,18.23,2949.53,114529.95
F03734,Madhya Pradesh,blackgram,Rabi,2.5,18,Canal,22.17,1892.04,104866.32
F01188,Gujarat,blackgram,Zaid,0.6,21,Sprinkler,13.08,1165.1,9143.7
F00189,Bihar,pomegranate,Zaid,3.7,31,Canal,26.82,1540.25,152845.17
F03474,Punjab,maize,Zaid,3.02,9,Rain-fed,22.2,2062.85,138301.72
F00707,Bihar,watermelon,Rabi,0.79,2,Sprinkler,8.62,2327.49,15849.74
F01770,Madhya Pradesh,coffee,Zaid,5.87,8,Sprinkler,19.93,1713.44,200453.8
F00271,Madhya Pradesh,watermelon,Zaid,4.39,0,Sprinkler,22.29,2272.04,222326.16
F02343,Bihar,apple,Kharif,6.49,5,Sprinkler,18.22,2359.66,279024.6
F04253,Madhya Pradesh,banana,Kharif,0.25,13,Drip,24.69,2669.47,16477.3
F02338,West Bengal,grapes,Rabi,14.47,2,Drip,25.67,1183.41,439571.61
F04021,Tamil Nadu,lentil,Rabi,1.15,5,Borewell,27.88,1199.45,38456.77
F00112,Maharashtra,orange,Zaid,5.49,6,Borewell,27.12,2254.15,335617.69
F01171,Rajasthan,apple,Kharif,1.45,31,Borewell,14.53,2921.17,61544.67
F02125,West Bengal,kidneybeans,Kharif,4.21,12,Sprinkler,12.45,2781.21,145775.73
F00221,West Bengal,coconut,Rabi,7.31,3,Rain-fed,4.11,2224.77,66841.21
F04263,Karnataka,grapes,Zaid,4.28,21,Drip,22.43,2321.64,222878.37
F00628,Andhra Pradesh,muskmelon,Kharif,6.85,7,Drip,5.21,1851.26,66068.69
F03765,Rajasthan,kidneybeans,Rabi,1.56,4,Rain-fed,13.52,3036.28,64038.79
F03654,Gujarat,jute,Rabi,5.46,16,Sprinkler,25.85,2578.29,363902.43
F02768,Uttar Pradesh,apple,Kharif,1.84,17,Drip,11.32,2699.69,56231.3
F00791,Andhra Pradesh,muskmelon,Zaid,2.73,9,Sprinkler,12.58,1892.89,65008.28
F02178,Maharashtra,orange,Kharif,1.09,20,Drip,18.87,1872.13,38506.53
F00462,Rajasthan,rice,Kharif,5.1,28,Sprinkler,15.76,2325.53,186916.8
F04583,Maharashtra,rice,Kharif,2.23,14,Canal,24.5,1966.55,107442.46
F00552,Karnataka,orange,Kharif,4.83,21,Canal,17.18,3025.65,251066.62
F04181,Bihar,watermelon,Rabi,0.62,16,Borewell,13.69,1757.14,14914.25
F02143,Rajasthan,pomegranate,Rabi,2.43,20,Borewell,14.43,2495.22,87494.64
F00199,Uttar Pradesh,mothbeans,Rabi,2.32,5,Rain-fed,19.85,1798.32,82816.23
F02810,West Bengal,rice,Zaid,1.71,8,Drip,11.27,1902.92,36672.5
F03533,Karnataka,lentil,Zaid,6.01,8,Drip,23.34,2931.46,411205.86
F00403,West Bengal,mothbeans,Zaid,2.02,12,Drip,15.27,3197.26,98620.76
F04604,Rajasthan,chickpea,Rabi,1.98,15,Borewell,22.68,2348.31,105454.15
F02314,Haryana,grapes,Kharif,3.35,7,Rain-fed,23.72,2171.18,172526.31
F04958,Andhra Pradesh,lentil,Rabi,0.62,7,Canal,14.3,945.04,8378.72
F03165,Gujarat,orange,Kharif,3.76,23,Drip,13.71,2126.23,109606.31
F04167,Haryana,jute,Rabi,1.6,1,Borewell,19.51,1262.27,39403.02
F04646,Bihar,mungbean,Zaid,0.86,17,Sprinkler,18.99,1063.17,17363.05
F00651,Karnataka,grapes,Kharif,2.82,0,Rain-fed,14.53,1348.64,55259.98
F04716,Karnataka,mungbean,Kharif,2.79,22,Canal,17.35,1052.74,50959.46
F00709,Karnataka,cotton,Zaid,1.21,4,Drip,13.32,1072.07,17278.77
F01752,Madhya Pradesh,lentil,Kharif,6.46,37,Borewell,26.92,2589.15,450261.47
F04596,Madhya Pradesh,mothbeans,Kharif,6.16,11,Sprinkler,18.25,2494.67,280450.8
F02068,Rajasthan,maize,Rabi,0.36,17,Canal,23.33,2904.61,24395.24
F04202,Haryana,mango,Kharif,6.68,9,Rain-fed,32.31,1944.3,419639.82
F02023,Karnataka,rice,Rabi,4.33,11,Canal,23.17,1311.21,131548.59
F02087,Karnataka,pigeonpeas,Rabi,2.02,23,Rain-fed,18.53,3162.59,118377.64
F02046,Madhya Pradesh,rice,Rabi,2.16,32,Drip,10.03,2008.3,43509.42
F00315,Punjab,muskmelon,Kharif,2.87,19,Canal,30.44,2203.64,192516.16
F04141,Andhra Pradesh,coffee,Kharif,3.72,0,Drip,21.21,3288.53,259468.96
F01584,Bihar,pomegranate,Zaid,2.62,17,Drip,7.5,525.17,10319.59
F04658,Tamil Nadu,maize,Kharif,3.4,0,Sprinkler,12.73,2024.46,87622.68
F00114,Bihar,coffee,Kharif,6.54,5,Borewell,19.06,2423.44,302087.61
F00961,Madhya Pradesh,lentil,Kharif,1.47,20,Drip,13.37,2418.66,47536.1
F03861,Tamil Nadu,maize,Zaid,1.16,19,Drip,20.16,1840.96,43051.95
F02451,Rajasthan,chickpea,Kharif,0.5,18,Rain-fed,16.57,3009.47,24933.46
F02101,Madhya Pradesh,pomegranate,Rabi,4.62,12,Rain-fed,16.16,1581.27,118056.35
F03615,Uttar Pradesh,lentil,Rabi,3.14,25,Drip,19.35,3408.31,207085.51
F05200,Tamil Nadu,lentil,Kharif,3.84,23,Drip,25.96,2728.64,272008.3
F02380,Karnataka,mothbeans,Rabi,2.88,22,Sprinkler,26.78,2367.11,182566.67
F03476,Punjab,kidneybeans,Zaid,2.84,9,Drip,24.25,2315.43,159463.66
F03427,West Bengal,apple,Zaid,0.49,2,Borewell,20.41,1905.18,19053.51
F03718,Madhya Pradesh,grapes,Rabi,2.73,18,Rain-fed,23.2,2066.86,130906.64
F04712,Maharashtra,jute,Rabi,0.43,0,Rain-fed,19.53,1978.41,16614.49
F03293,Maharashtra,papaya,Zaid,7.2,0,Borewell,22.32,2867.89,460881.39
F03300,Punjab,mango,Kharif,0.7,14,Borewell,15.19,1905.81,20264.48
F02229,Bihar,apple,Rabi,2.83,10,Canal,21.65,2062.64,126376.92
F00327,Uttar Pradesh,pigeonpeas,Zaid,1.41,15,Canal,20.44,1768.7,50974.64
F00605,Andhra Pradesh,rice,Zaid,2.04,35,Drip,10.37,2590.37,54798.76
F04362,Haryana,kidneybeans,Zaid,1.52,9,Rain-fed,23.32,1090.31,38647.56
F04254,Madhya Pradesh,mango,Kharif,1.44,3,Borewell,15.4,1492.91,33106.77
F03410,Haryana,chickpea,Zaid,1.02,15,Sprinkler,24.02,1117.87,27388.26
F04511,Gujarat,mothbeans,Rabi,2.0,9,Sprinkler,24.91,2641.01,131575.12
F02858,Uttar Pradesh,rice,Zaid,0.47,23,Rain-fed,17.13,3226.49,25976.79
F01746,Andhra Pradesh,grapes,Rabi,1.66,13,Canal,28.19,1423.95,66634.31
F04605,Karnataka,pigeonpeas,Rabi,1.16,12,Sprinkler,9.39,2412.49,26277.81
F03106,Punjab,chickpea,Zaid,2.87,20,Drip,16.29,2732.48,127749.72
F02332,Maharashtra,jute,Zaid,4.71,10,Drip,18.46,2878.93,250313.18
F03618,Karnataka,banana,Rabi,2.87,11,Canal,14.36,1946.76,80232.21
F01633,Tamil Nadu,pomegranate,Zaid,5.32,0,Sprinkler,20.4,3566.46,387060.77
F01979,Uttar Pradesh,kidneybeans,Zaid,0.25,15,Sprinkler,14.86,3420.02,12705.37
F01880,Bihar,watermelon,Zaid,0.47,16,Borewell,27.25,2304.78,29518.47
F00790,Uttar Pradesh,mungbean,Zaid,1.94,14,Sprinkler,29.15,2408.25,136188.95
F02460,Rajasthan,papaya,Kharif,1.34,19,Rain-fed,29.24,1217.12,47688.71
F04630,Madhya Pradesh,rice,Zaid,1.3,14,Drip,19.91,2539.46,65728.84
F02827,Haryana,kidneybeans,Zaid,2.35,0,Sprinkler,18.35,2560.13,110399.21
F00872,Maharashtra,jute,Rabi,4.61,13,Drip,12.57,2788.58,161591.8
F02928,Bihar,pigeonpeas,Kharif,6.64,17,Borewell,5.37,1964.15,70035.3
F04245,Uttar Pradesh,mungbean,Zaid,2.57,1,Canal,27.21,1807.83,126421.01
F04197,Andhra Pradesh,lentil,Rabi,0.97,23,Borewell,8.76,2664.2,22638.24
F01514,Uttar Pradesh,coffee,Zaid,2.19,17,Rain-fed,18.03,2181.93,86155.03
F00074,Madhya Pradesh,apple,Kharif,2.34,23,Rain-fed,15.53,2105.44,76512.11
F02026,Rajasthan,cotton,Zaid,3.79,0,Borewell,18.23,2286.0,157943.63
F01908,West Bengal,grapes,Rabi,1.39,29,Borewell,10.67,2015.42,29891.3
F01537,Gujarat,kidneybeans,Kharif,3.13,16,Canal,17.79,2421.09,134812.83
F03275,Punjab,jute,Rabi,1.42,15,Drip,15.72,1729.77,38612.62
F00093,Uttar Pradesh,lentil,Rabi,1.82,17,Rain-fed,18.56,2057.57,69503.07
F04759,Punjab,coffee,Kharif,3.19,21,Canal,13.51,1933.17,83313.63
F04117,Maharashtra,maize,Rabi,1.75,17,Canal,10.97,1910.84,36683.35
F03619,Uttar Pradesh,maize,Kharif,3.28,14,Drip,21.86,2110.37,151315.22
F03134,Maharashtra,grapes,Kharif,1.54,16,Borewell,21.77,2051.41,68775.16
F03738,Bihar,maize,Kharif,3.79,12,Drip,13.42,2152.01,109455.1
F00495,Andhra Pradesh,muskmelon,Zaid,2.25,28,Canal,12.38,1647.46,45890.0
F03409,Maharashtra,cotton,Rabi,3.84,27,Canal,5.12,1874.87,36861.44
F02374,Punjab,jute,Rabi,1.75,2,Rain-fed,22.31,2418.2,94412.57
F01452,Punjab,lentil,Zaid,3.27,26,Rain-fed,16.18,2978.51,157588.79
F01165,Madhya Pradesh,watermelon,Kharif,3.58,5,Borewell,11.95,2475.53,105905.65
F01721,Haryana,lentil,Kharif,4.28,10,Sprinkler,24.27,2201.12,228642.66
F01271,Andhra Pradesh,pomegranate,Zaid,2.21,22,Canal,15.67,2756.91,95473.72
F03681,Andhra Pradesh,pomegranate,Rabi,2.27,3,Sprinkler,18.99,3325.1,143336.08
F02304,Tamil Nadu,apple,Zaid,1.12,28,Canal,15.48,2297.46,39832.44
F02593,Karnataka,chickpea,Zaid,8.04,19,Canal,16.04,2077.48,267915.14
F02243,Haryana,cotton,Rabi,3.66,9,Sprinkler,17.64,1458.47,94162.32
F00619,Madhya Pradesh,pomegranate,Rabi,2.45,2,Rain-fed,10.64,3128.47,81552.96
F04020,Andhra Pradesh,kidneybeans,Kharif,2.63,14,Sprinkler,15.13,1287.88,51247.19
F01963,West Bengal,jute,Rabi,1.33,14,Borewell,24.1,1938.67,62140.19
F03713,Karnataka,jute,Kharif,3.05,2,Sprinkler,6.5,1920.64,38076.69
F05042,Rajasthan,apple,Rabi,7.55,15,Sprinkler,22.34,1816.19,306331.32
F01401,Maharashtra,coffee,Kharif,0.25,13,Drip,20.55,3221.88,16552.41
F01742,Karnataka,jute,Zaid,3.33,0,Drip,8.27,4083.42,112453.71
F02246,Uttar Pradesh,maize,Zaid,2.09,16,Canal,23.47,737.01,36152.04
F04396,Uttar Pradesh,maize,Zaid,4.64,32,Borewell,21.04,2404.77,234767.11
F00870,Rajasthan,pomegranate,Rabi,3.32,20,Borewell,23.66,2152.76,169101.88
F04871,Tamil Nadu,blackgram,Rabi,3.34,7,Borewell,12.71,1933.17,82065.77
F01043,Bihar,rice,Kharif,3.18,17,Rain-fed,4.56,2335.16,33861.69
F03754,Bihar,grapes,Rabi,2.64,0,Sprinkler,11.64,2465.46,75762.6
F00357,Rajasthan,pigeonpeas,Zaid,5.7,18,Sprinkler,12.2,2508.95,174472.38
F01163,Tamil Nadu,pomegranate,Kharif,1.88,29,Borewell,29.23,4541.65,249574.57
F03923,Rajasthan,banana,Kharif,2.08,7,Drip,32.63,2485.09,168664.05
F04343,Bihar,apple,Rabi,0.87,8,Borewell,19.92,2885.78,50011.72
F01993,Gujarat,watermelon,Rabi,1.87,8,Rain-fed,14.42,2460.1,66337.58
F03448,Rajasthan,watermelon,Zaid,0.25,12,Drip,14.15,2371.68,8389.82
F02084,Karnataka,grapes,Rabi,2.84,17,Rain-fed,19.84,1555.14,87625.3
F03383,Bihar,kidneybeans,Kharif,8.38,22,Sprinkler,12.48,1995.34,208677.45
F03882,Punjab,pigeonpeas,Rabi,4.1,16,Drip,30.22,3821.1,473441.93
F03859,Bihar,papaya,Rabi,4.45,10,Sprinkler,2.09,2822.75,26252.99
F03962,Maharashtra,mungbean,Kharif,6.67,3,Drip,16.83,1028.96,115507.04
F01439,Tamil Nadu,lentil,Rabi,6.22,12,Sprinkler,19.26,1937.18,232068.74
F05197,Bihar,coffee,Rabi,5.05,10,Borewell,20.42,1374.09,141697.53
F00333,Bihar,grapes,Kharif,3.29,30,Rain-fed,26.1,2500.22,214691.39
F01488,Punjab,coffee,Kharif,1.65,0,Borewell,20.36,2607.33,87590.64
F03956,Punjab,coconut,Rabi,8.72,9,Canal,14.48,2959.18,373642.64
F01850,Haryana,kidneybeans,Kharif,4.91,16,Drip,26.84,1781.62,234789.72
F01259,Uttar Pradesh,banana,Zaid,2.95,12,Drip,20.19,2879.85,171525.31
F04048,Uttar Pradesh,watermelon,Rabi,2.17,0,Sprinkler,19.97,2571.71,111444.8
F05023,Maharashtra,kidneybeans,Kharif,0.36,18,Sprinkler,8.41,2215.89,6708.83
F01117,Rajasthan,cotton,Kharif,1.81,0,Borewell,20.6,2198.0,81954.63
F04915,West Bengal,orange,Zaid,4.71,15,Sprinkler,11.66,1969.93,108185.8
F03868,West Bengal,lentil,Kharif,6.37,16,Sprinkler,16.28,2853.98,295968.0
F05097,Gujarat,papaya,Zaid,0.7,8,Canal,10.07,1598.36,11266.84
F02679,Tamil Nadu,apple,Zaid,5.13,14,Sprinkler,16.99,2980.85,259807.01
F03686,Rajasthan,grapes,Rabi,4.25,19,Canal,26.37,2839.38,318216.42
F04105,Bihar,rice,Zaid,3.14,15,Drip,17.09,2683.14,143984.27
F00446,Gujarat,lentil,Zaid,0.85,10,Sprinkler,17.3,1683.96,24762.63
F02437,Uttar Pradesh,coconut,Kharif,1.24,8,Rain-fed,28.33,2704.96,95023.08
F05046,Haryana,pomegranate,Kharif,0.47,8,Drip,17.02,2419.43,19353.99
F01414,Andhra Pradesh,chickpea,Kharif,0.31,25,Borewell,21.38,2180.37,14451.06
F00453,Uttar Pradesh,grapes,Kharif,1.74,2,Rain-fed,6.45,2292.59,25729.74
F01895,Madhya Pradesh,coconut,Zaid,3.52,18,Canal,26.75,3014.68,283862.27
F04617,Maharashtra,pomegranate,Zaid,1.48,19,Canal,13.08,3395.94,65739.96
F03209,Karnataka,lentil,Rabi,5.16,16,Drip,16.56,2595.03,221744.28
F00015,Andhra Pradesh,lentil,Rabi,4.99,0,Rain-fed,2.93,1815.94,26550.31
F02848,Karnataka,papaya,Zaid,4.91,12,Canal,24.3,2172.88,259252.83
F00946,Uttar Pradesh,mothbeans,Rabi,4.05,19,Borewell,14.33,3660.77,212458.28
F00248,Gujarat,pomegranate,Rabi,3.94,17,Borewell,18.69,2168.93,159716.97
F04264,Tamil Nadu,pigeonpeas,Kharif,0.85,17,Sprinkler,22.19,1922.12,36254.07
F00361,West Bengal,watermelon,Zaid,7.37,22,Rain-fed,23.24,2610.55,447131.87
F04845,Bihar,rice,Zaid,5.6,12,Rain-fed,11.63,2420.54,157644.93
F03803,West Bengal,blackgram,Kharif,2.33,11,Drip,27.75,3086.1,199539.51
F03722,Uttar Pradesh,cotton,Zaid,3.59,14,Borewell,14.6,1575.08,82556.24
F02500,Andhra Pradesh,mungbean,Rabi,0.72,1,Canal,11.54,2619.82,21767.56
F01808,West Bengal,mothbeans,Kharif,3.94,9,Rain-fed,19.87,2246.98,175911.12
F04446,Bihar,blackgram,Rabi,7.08,27,Borewell,14.14,2216.5,221896.47
F02054,Bihar,grapes,Kharif,8.44,11,Drip,17.0,2385.63,342290.19
F03800,Tamil Nadu,banana,Zaid,1.91,5,Rain-fed,19.15,1569.65,57412.3
F01534,West Bengal,lentil,Kharif,1.1,3,Rain-fed,18.76,1907.56,39364.41
F05082,Tamil Nadu,watermelon,Zaid,4.67,25,Canal,23.69,3253.07,359894.62
F03097,Tamil Nadu,mungbean,Zaid,1.07,23,Canal,30.42,2121.37,69049.32
F00491,Karnataka,chickpea,Zaid,0.59,6,Borewell,10.35,2895.7,17682.59
F03733,Andhra Pradesh,pigeonpeas,Zaid,1.79,19,Sprinkler,19.23,2289.59,78811.58
F00863,Punjab,mungbean,Kharif,0.63,10,Drip,21.94,1361.53,18819.34
F02481,Rajasthan,pigeonpeas,Kharif,3.9,11,Drip,17.53,1319.8,90230.77
F03795,Madhya Pradesh,rice,Zaid,2.78,14,Sprinkler,11.04,624.23,19158.37
F01384,Punjab,pomegranate,Rabi,3.59,14,Drip,14.79,1898.92,100825.25
F02112,Madhya Pradesh,blackgram,Kharif,0.36,13,Sprinkler,22.96,2042.01,16878.44
F02656,Madhya Pradesh,pigeonpeas,Zaid,2.94,15,Sprinkler,19.66,1478.41,85452.69
F01894,Andhra Pradesh,mothbeans,Kharif,2.21,7,Canal,11.6,1869.22,47919.32
F01363,West Bengal,jute,Rabi,1.26,22,Sprinkler,17.61,3195.1,70894.8
F03482,Rajasthan,mungbean,Zaid,3.21,0,Drip,24.05,1875.0,144750.94
F00507,Madhya Pradesh,pomegranate,Kharif,8.26,24,Drip,8.49,1910.11,133951.05
F01418,Tamil Nadu,cotton,Rabi,4.42,8,Canal,11.58,2615.79,133885.55
F02906,Tamil Nadu,lentil,Zaid,0.82,29,Canal,5.75,1610.17,7591.95
F00026,Bihar,lentil,Kharif,2.85,8,Borewell,14.23,742.83,30125.84
F02158,Madhya Pradesh,coffee,Zaid,1.59,11,Canal,27.99,1979.02,88074.5
F01223,West Bengal,chickpea,Rabi,5.71,11,Canal,19.03,3157.25,343070.89
F01114,Rajasthan,chickpea,Zaid,4.53,9,Canal,15.01,2274.68,154667.55
F04462,Bihar,maize,Rabi,7.77,14,Sprinkler,23.4,3763.61,684292.04
F04060,Tamil Nadu,blackgram,Zaid,1.81,13,Canal,20.11,2691.42,97965.27
F01551,Bihar,cotton,Zaid,1.81,20,Canal,22.18,2637.87,105899.4
F04862,Bihar,coconut,Rabi,4.13,18,Canal,10.92,2361.03,106481.51
F04064,Maharashtra,banana,Kharif,5.53,8,Drip,22.37,3342.89,413535.88
F00434,Punjab,lentil,Zaid,0.52,16,Drip,7.71,2236.52,8966.66
F03951,Uttar Pradesh,coffee,Kharif,5.46,19,Drip,18.51,1627.99,164532.16
F03435,Punjab,watermelon,Rabi,2.45,17,Sprinkler,25.76,3453.99,217988.22
F03078,Karnataka,cotton,Rabi,0.72,0,Canal,26.11,1518.35,28543.77
F04082,Bihar,apple,Rabi,0.49,25,Borewell,20.99,3284.59,33782.34
F01748,Uttar Pradesh,orange,Kharif,2.33,1,Rain-fed,11.9,1993.02,55260.47
F03443,Uttar Pradesh,watermelon,Rabi,2.9,13,Rain-fed,18.93,2867.52,157418.25
F02971,Haryana,lentil,Kharif,2.93,13,Drip,17.74,2066.1,107392.16
F01613,Maharashtra,orange,Zaid,1.76,22,Borewell,27.02,2092.71,99519.24
F03167,Bihar,coconut,Zaid,4.0,5,Canal,25.13,2279.59,229144.39
F01103,Tamil Nadu,lentil,Kharif,3.08,13,Sprinkler,18.7,1628.3,93783.57
F02237,Bihar,coconut,Rabi,4.64,34,Borewell,16.97,594.07,46777.55
F04580,Punjab,chickpea,Zaid,4.8,8,Canal,13.22,3244.86,205905.84
F02317,Karnataka,coconut,Kharif,3.43,15,Sprinkler,23.43,2462.77,197920.26
F04663,Uttar Pradesh,maize,Zaid,6.8,19,Sprinkler,11.83,1449.35,116591.51
F00157,Karnataka,banana,Zaid,3.58,4,Sprinkler,14.5,2309.11,119865.9
F04684,Tamil Nadu,maize,Rabi,1.34,16,Canal,29.26,2198.72,86208.29
F00195,Maharashtra,coffee,Kharif,2.33,1,Canal,12.94,1896.85,57190.41
F00616,Gujarat,blackgram,Kharif,7.95,18,Drip,11.68,3192.02,296398.21
F00644,Tamil Nadu,banana,Kharif,2.52,18,Drip,17.69,2007.11,89474.56
F01659,Andhra Pradesh,papaya,Kharif,0.46,22,Drip,29.73,3182.21,43519.27
F01892,Punjab,rice,Kharif,1.37,0,Canal,24.3,1139.66,37940.42
F01069,Maharashtra,apple,Zaid,2.71,7,Drip,18.57,739.11,37195.49
F01676,Andhra Pradesh,coffee,Kharif,5.28,20,Rain-fed,7.86,3036.42,126013.86
F03575,Tamil Nadu,muskmelon,Kharif,0.7,12,Canal,14.66,2737.11,28088.22
F04955,Haryana,cotton,Zaid,2.36,3,Drip,22.75,500.0,26845.0
F04412,Punjab,lentil,Zaid,3.17,6,Sprinkler,12.03,2835.09,108116.44
F01747,Rajasthan,banana,Kharif,1.86,26,Canal,14.46,2905.87,78155.12
F00331,Tamil Nadu,orange,Rabi,1.07,0,Borewell,10.47,1924.04,21554.83
F03520,Punjab,watermelon,Kharif,1.78,13,Drip,25.36,1011.84,45675.27
F04598,Karnataka,orange,Rabi,2.67,27,Sprinkler,11.27,2317.69,69741.38
F02729,Andhra Pradesh,lentil,Rabi,1.12,8,Drip,25.7,3986.91,114759.22
F00623,Tamil Nadu,pigeonpeas,Kharif,5.77,13,Sprinkler,12.9,2389.46,177854.68
F01973,Bihar,apple,Zaid,6.35,14,Drip,19.09,3813.86,462321.83
F02523,Tamil Nadu,grapes,Zaid,1.38,12,Borewell,12.24,2257.44,38130.87
F03723,Rajasthan,blackgram,Rabi,1.34,5,Drip,21.85,3010.34,88139.74
F03151,Uttar Pradesh,apple,Rabi,2.46,19,Drip,12.01,2413.86,71316.53
F02139,Uttar Pradesh,mothbeans,Rabi,3.66,23,Drip,26.41,2341.17,226298.9
F04506,Gujarat,chickpea,Rabi,0.97,7,Rain-fed,14.48,2117.41,29740.29
F04944,Bihar,blackgram,Kharif,5.67,17,Sprinkler,13.26,1228.86,92390.86
F00756,Tamil Nadu,watermelon,Zaid,4.21,13,Borewell,5.29,2717.23,60515.16
F00519,Haryana,apple,Rabi,3.39,20,Sprinkler,18.09,3655.75,224189.23
F04458,Uttar Pradesh,maize,Rabi,0.54,8,Sprinkler,16.7,1608.72,14507.44
F00033,Madhya Pradesh,pigeonpeas,Kharif,1.31,10,Rain-fed,24.97,2602.44,85127.63
F03432,Bihar,rice,Rabi,5.1,8,Borewell,7.71,852.11,33505.82
F02747,Tamil Nadu,banana,Zaid,5.89,20,Canal,27.94,500.0,82283.3
F01158,Gujarat,jute,Kharif,3.78,11,Canal,11.32,1788.78,76541.18
F01648,Madhya Pradesh,maize,Kharif,4.69,15,Sprinkler,23.43,2146.63,235886.09
F00745,West Bengal,watermelon,Zaid,0.25,17,Sprinkler,9.27,3119.8,7230.14
F01607,West Bengal,cotton,Kharif,0.25,17,Borewell,31.91,2873.41,22922.63
F04089,Uttar Pradesh,jute,Rabi,0.78,9,Rain-fed,10.64,1387.16,11512.32
F04865,Haryana,mothbeans,Rabi,3.3,26,Borewell,18.39,3313.15,201065.13
F02861,Bihar,mothbeans,Kharif,0.59,17,Canal,18.76,1685.45,18655.23
F00784,Madhya Pradesh,mango,Zaid,1.25,1,Borewell,25.15,2230.75,70129.2
F02283,Uttar Pradesh,pomegranate,Kharif,8.87,11,Borewell,16.38,1844.39,267972.53
F02891,Maharashtra,mungbean,Rabi,3.48,8,Borewell,7.94,3211.39,88734.56
F00230,Madhya Pradesh,mungbean,Zaid,2.75,2,Canal,12.77,2666.99,93658.02
F00858,West Bengal,watermelon,Zaid,4.9,31,Sprinkler,20.09,2512.42,247325.14
F01718,Bihar,maize,Zaid,3.97,6,Borewell,29.54,3006.87,352627.07
F01402,Haryana,chickpea,Rabi,3.71,0,Canal,15.31,2127.3,120830.85
F02562,Gujarat,apple,Kharif,3.72,24,Borewell,7.93,1885.57,55623.56
F00409,Andhra Pradesh,coconut,Rabi,3.77,6,Drip,21.32,1505.9,121038.82
F00171,Punjab,apple,Rabi,3.73,17,Rain-fed,16.4,2450.82,149921.56
F00541,Karnataka,rice,Kharif,2.42,5,Rain-fed,16.95,1498.13,61451.79
F02707,Bihar,cotton,Kharif,4.21,31,Canal,19.59,2073.75,171030.25
F03131,Andhra Pradesh,papaya,Kharif,6.21,8,Sprinkler,29.18,2834.8,513687.87
F02785,Punjab,rice,Kharif,2.04,10,Drip,6.77,2496.16,34473.97
F00614,Madhya Pradesh,kidneybeans,Rabi,0.43,21,Canal,28.78,1303.48,16131.09
F03254,Gujarat,grapes,Zaid,4.02,0,Canal,21.6,2919.0,253462.61
F02073,Uttar Pradesh,papaya,Rabi,5.27,19,Borewell,16.8,2803.27,248190.31
F03743,Uttar Pradesh,rice,Kharif,2.16,9,Canal,22.1,2434.16,116197.06
F01162,Karnataka,orange,Kharif,1.36,24,Drip,17.09,2559.09,59479.39
F02232,Gujarat,pomegranate,Rabi,3.35,8,Rain-fed,18.08,3031.28,183598.57
F03997,Uttar Pradesh,jute,Rabi,0.51,26,Canal,16.97,3421.16,29609.11
F01841,Andhra Pradesh,pigeonpeas,Kharif,0.44,0,Canal,20.7,3466.43,31572.24
F01859,Haryana,cotton,Kharif,1.88,4,Canal,20.3,1770.08,67553.33
F01667,Rajasthan,maize,Rabi,9.29,18,Sprinkler,21.88,2007.64,408083.35
F02385,Punjab,mango,Zaid,3.14,27,Sprinkler,22.57,3020.24,214043.8
F00565,West Bengal,mango,Kharif,0.27,9,Sprinkler,18.95,3194.16,16342.92
F03886,Maharashtra,lentil,Zaid,3.15,6,Sprinkler,13.2,3166.19,131650.18
F04421,Punjab,grapes,Kharif,1.12,11,Rain-fed,11.1,2332.14,28993.16
F02064,Uttar Pradesh,kidneybeans,Rabi,6.1,1,Rain-fed,5.81,2091.87,74137.96
F02388,Punjab,apple,Zaid,3.94,32,Canal,16.28,4160.92,266894.72
F01581,Madhya Pradesh,coconut,Zaid,1.0,13,Rain-fed,12.58,2974.53,37419.59
F04383,Gujarat,coffee,Kharif,0.66,14,Rain-fed,25.6,3069.14,51856.19
F05127,Punjab,mothbeans,Zaid,2.32,12,Drip,8.92,1513.86,31328.42
F03784,Punjab,pigeonpeas,Kharif,1.09,8,Sprinkler,14.2,1079.19,16703.7
F01766,Rajasthan,coffee,Rabi,5.15,9,Sprinkler,18.16,2165.8,202554.28
F02058,Rajasthan,jute,Kharif,4.23,6,Drip,18.89,2200.21,175807.12
F04428,Tamil Nadu,jute,Zaid,1.75,13,Sprinkler,16.24,1895.09,53858.46
F02697,Andhra Pradesh,watermelon,Zaid,7.42,3,Borewell,28.46,2511.04,530264.35
F01922,West Bengal,lentil,Kharif,2.67,26,Drip,18.05,3683.2,177506.3
F01173,Maharashtra,pomegranate,Rabi,2.44,7,Rain-fed,20.55,2864.23,143618.22
F02427,Madhya Pradesh,coffee,Rabi,3.7,25,Drip,14.13,1301.49,68043.2
F00326,Madhya Pradesh,apple,Rabi,6.8,0,Sprinkler,19.44,2113.89,279439.35
F01052,West Bengal,kidneybeans,Zaid,2.66,8,Drip,22.01,1762.95,103214.73
F03198,Haryana,orange,Rabi,5.69,11,Rain-fed,9.84,1592.96,89189.19
F03586,Gujarat,kidneybeans,Rabi,0.49,11,Sprinkler,11.18,2478.37,13577.01
F03135,Maharashtra,muskmelon,Rabi,7.76,17,Canal,21.22,2271.77,374086.0
F03910,Haryana,pigeonpeas,Zaid,2.59,4,Sprinkler,22.46,2399.26,139568.31
F01722,Haryana,banana,Zaid,3.58,16,Drip,16.94,2915.01,176781.36
F01197,Maharashtra,papaya,Zaid,3.32,26,Canal,13.16,2254.6,98506.18
F00621,Gujarat,watermelon,Kharif,1.77,12,Drip,23.7,1935.89,81208.65
F04732,Karnataka,grapes,Rabi,7.02,29,Rain-fed,31.55,3346.08,741093.14
F03127,Andhra Pradesh,pomegranate,Rabi,3.06,13,Borewell,25.82,3058.12,241619.61
F01483,Maharashtra,chickpea,Rabi,2.52,7,Rain-fed,16.99,1899.47,81325.43
F01190,West Bengal,cotton,Kharif,2.38,27,Rain-fed,19.16,2289.49,104402.58
F00329,Bihar,blackgram,Kharif,0.98,25,Sprinkler,18.24,2276.17,40686.99
F00649,Uttar Pradesh,rice,Kharif,3.17,7,Sprinkler,18.81,931.36,55534.85
F01727,Karnataka,mango,Zaid,3.5,9,Canal,13.8,2364.74,114216.94
F00898,Madhya Pradesh,cotton,Zaid,7.2,21,Borewell,32.02,2399.99,553303.29
F01868,Madhya Pradesh,mungbean,Rabi,4.6,4,Drip,5.32,1098.36,26879.07
F01124,Punjab,watermelon,Rabi,3.49,6,Canal,24.28,2333.32,197719.0
F02120,Andhra Pradesh,grapes,Zaid,4.43,14,Canal,12.93,1775.93,101725.09
F04831,Rajasthan,coffee,Zaid,1.61,19,Rain-fed,21.96,3314.13,117173.05
F02405,Madhya Pradesh,coconut,Rabi,3.58,0,Drip,20.99,2076.36,156026.41
F02901,Madhya Pradesh,mothbeans,Zaid,3.43,0,Borewell,17.15,2778.03,163416.23
F04145,Bihar,papaya,Rabi,4.08,3,Canal,14.51,2592.87,153499.98
F02225,Maharashtra,papaya,Kharif,2.88,16,Borewell,18.92,2889.85,157466.77
F03272,Gujarat,banana,Rabi,0.94,23,Sprinkler,16.23,2307.23,35199.56
F03604,Andhra Pradesh,rice,Rabi,2.85,20,Sprinkler,13.6,2222.81,86156.12
F04725,West Bengal,lentil,Zaid,6.67,17,Borewell,21.47,2101.04,300879.22
F01520,Gujarat,papaya,Kharif,0.69,3,Canal,23.62,1757.51,28643.55
F02765,Maharashtra,blackgram,Zaid,1.34,20,Sprinkler,19.7,2370.62,62579.63
F03461,Madhya Pradesh,mango,Zaid,1.71,11,Rain-fed,12.81,1853.6,40603.29
F03566,Andhra Pradesh,papaya,Rabi,1.19,29,Sprinkler,17.75,3150.73,66551.29
F01024,Madhya Pradesh,mothbeans,Kharif,1.49,3,Rain-fed,15.47,2075.21,47834.21
F04613,Gujarat,blackgram,Kharif,5.51,7,Drip,19.95,2592.83,285015.54
F04501,Andhra Pradesh,blackgram,Rabi,2.82,8,Rain-fed,13.56,1995.03,76288.35
F04341,Punjab,rice,Kharif,7.13,18,Borewell,12.42,1276.53,113042.6
F04866,Madhya Pradesh,chickpea,Rabi,2.54,11,Rain-fed,18.17,1041.17,48051.87
F01984,Tamil Nadu,blackgram,Rabi,2.34,19,Rain-fed,25.0,991.42,57998.07
F04385,Gujarat,mango,Zaid,1.87,19,Sprinkler,25.77,3207.38,154563.32
F00810,West Bengal,watermelon,Kharif,2.17,0,Canal,10.92,3590.42,85080.03
F03095,West Bengal,maize,Rabi,6.41,12,Borewell,12.11,1395.18,108300.99
F00979,Bihar,maize,Rabi,3.45,24,Rain-fed,14.67,2325.89,117716.78
F03814,Punjab,rice,Kharif,1.13,28,Canal,21.02,3001.42,71291.53
F03464,Maharashtra,apple,Zaid,2.78,4,Borewell,13.73,2945.39,112423.77
F05169,Madhya Pradesh,blackgram,Rabi,3.06,14,Borewell,19.5,1553.07,92671.69
F02506,Maharashtra,mothbeans,Kharif,1.26,25,Sprinkler,24.44,1663.77,51234.8
F04626,Bihar,pomegranate,Rabi,2.08,14,Borewell,18.11,2828.84,106559.01
F03614,Tamil Nadu,rice,Zaid,5.74,0,Canal,17.01,2542.88,248280.19
F01840,Rajasthan,chickpea,Kharif,0.54,21,Canal,26.98,2277.21,33177.13
F02608,Maharashtra,lentil,Rabi,1.81,25,Borewell,18.0,2082.96,67862.84
F03659,West Bengal,mungbean,Rabi,3.15,12,Sprinkler,19.2,2424.24,146618.04
F03048,Bihar,lentil,Rabi,0.79,14,Rain-fed,25.4,2606.38,52299.62
F04095,Rajasthan,cotton,Zaid,3.98,9,Sprinkler,9.39,1698.51,63477.06
F00175,Madhya Pradesh,papaya,Kharif,7.0,4,Borewell,12.34,1920.15,165862.56
F02310,Gujarat,watermelon,Kharif,3.34,9,Canal,25.45,2485.95,211313.21
F04328,Karnataka,muskmelon,Zaid,2.04,11,Borewell,20.84,2312.53,98313.98
F01704,Madhya Pradesh,orange,Kharif,1.41,6,Sprinkler,6.33,2021.86,18045.71
F04645,Bihar,jute,Zaid,5.42,19,Rain-fed,16.41,2266.83,201616.85
F00218,Karnataka,cotton,Zaid,0.98,20,Sprinkler,16.45,2310.37,37245.47
F04625,Punjab,coffee,Rabi,2.07,3,Sprinkler,22.6,1715.39,80249.37
F04049,Uttar Pradesh,mungbean,Rabi,1.34,0,Canal,21.97,2869.86,84488.1
F01445,Karnataka,coconut,Zaid,6.3,27,Sprinkler,21.74,1014.46,138942.47
F00691,West Bengal,pigeonpeas,Kharif,6.01,7,Borewell,8.03,1813.72,87530.67
F02025,Rajasthan,mango,Zaid,5.74,11,Drip,13.05,2061.36,154410.29
F04477,Maharashtra,coffee,Rabi,5.59,18,Canal,21.6,1327.45,160281.62
F02424,Tamil Nadu,grapes,Zaid,2.23,16,Sprinkler,16.5,1933.85,71156.01
F02909,Rajasthan,rice,Zaid,7.18,14,Sprinkler,17.64,1970.79,249610.8
F01107,Punjab,kidneybeans,Zaid,0.63,15,Sprinkler,12.8,1509.0,12168.58
F02884,Gujarat,coffee,Rabi,0.81,3,Rain-fed,23.92,1863.23,36100.45
F00819,Madhya Pradesh,mungbean,Kharif,5.15,28,Canal,11.22,3211.98,185597.84
F01761,Madhya Pradesh,blackgram,Rabi,2.14,22,Drip,20.67,1467.82,64927.26
F00612,Tamil Nadu,apple,Rabi,3.13,5,Sprinkler,20.93,2254.39,147687.12
F03124,Haryana,jute,Zaid,5.49,19,Canal,19.11,3289.1,345072.31
F03530,Rajasthan,muskmelon,Zaid,4.58,0,Canal,10.81,1475.44,73048.74
F04038,Madhya Pradesh,apple,Zaid,6.32,12,Canal,21.63,2624.58,358784.29
F00577,Tamil Nadu,pomegranate,Kharif,5.44,3,Canal,10.66,2113.55,122565.61
F03928,West Bengal,rice,Zaid,2.77,15,Borewell,26.35,2785.13,203285.25
F04619,Bihar,coconut,Kharif,0.98,0,Canal,8.52,1917.21,16007.94
F01181,Tamil Nadu,kidneybeans,Kharif,1.08,7,Drip,19.5,2718.57,57253.08
F00889,Andhra Pradesh,mango,Kharif,4.89,18,Drip,10.32,1938.65,97833.58
F03406,Haryana,papaya,Kharif,3.4,15,Borewell,10.55,2665.02,95594.27
F02003,Andhra Pradesh,jute,Zaid,1.57,2,Drip,32.11,2970.95,149773.61
F03363,Uttar Pradesh,rice,Kharif,0.38,29,Borewell,28.21,1223.19,13112.35
F00818,Rajasthan,coconut,Kharif,0.45,11,Borewell,30.7,1680.84,23220.8
F03581,Rajasthan,coconut,Kharif,1.68,10,Sprinkler,25.5,500.0,21420.0
F02104,Andhra Pradesh,mothbeans,Zaid,3.7,0,Canal,17.83,2884.66,190303.9
F00209,Bihar,papaya,Zaid,3.99,2,Sprinkler,21.48,1172.75,100510.77
F00294,West Bengal,mango,Zaid,1.52,0,Drip,7.93,2191.46,26414.98
F01120,Tamil Nadu,apple,Rabi,3.54,18,Drip,16.37,500.0,28974.9
F03013,Rajasthan,banana,Rabi,1.07,7,Borewell,19.93,1581.05,33716.05
F04324,Gujarat,jute,Zaid,2.47,5,Drip,26.42,3009.5,196392.15
F01265,West Bengal,chickpea,Rabi,11.16,0,Canal,20.05,2531.74,566497.08
F00991,Maharashtra,pomegranate,Rabi,2.6,12,Rain-fed,35.9,3958.25,369463.05
F02654,Tamil Nadu,orange,Kharif,5.73,20,Drip,14.03,3570.62,287048.93
F01615,West Bengal,apple,Rabi,4.12,1,Borewell,12.06,2392.34,118868.68
F03407,Tamil Nadu,apple,Zaid,2.8,25,Canal,15.51,1693.82,73559.21
F04369,Bihar,watermelon,Rabi,2.45,16,Borewell,11.62,3323.68,94621.85
F01739,Rajasthan,blackgram,Zaid,1.53,36,Borewell,12.72,2206.26,42937.35
F00354,West Bengal,kidneybeans,Zaid,4.75,16,Sprinkler,2.0,2775.7,26369.15
F03872,Madhya Pradesh,papaya,Kharif,10.08,5,Borewell,21.76,2162.59,474344.22
F03536,Maharashtra,pomegranate,Rabi,2.7,6,Drip,15.02,1485.14,60228.37
F03312,Karnataka,rice,Zaid,4.69,20,Sprinkler,14.62,1946.33,133455.57
F01490,Karnataka,orange,Kharif,3.99,21,Borewell,16.06,1802.08,115476.21
F04999,Gujarat,apple,Kharif,1.91,15,Canal,21.04,1269.63,51021.86
F03012,Punjab,coffee,Zaid,4.74,3,Rain-fed,21.92,2428.05,252276.34
F03318,Bihar,mango,Zaid,2.84,0,Sprinkler,13.15,2828.04,105615.98
F01229,Haryana,blackgram,Kharif,1.47,5,Drip,12.81,1755.2,33051.64
F00260,Gujarat,grapes,Rabi,7.09,15,Sprinkler,15.96,1108.96,125485.92
F05093,Bihar,apple,Kharif,2.96,12,Drip,18.29,2635.54,142683.92
F02053,Maharashtra,papaya,Kharif,2.04,10,Drip,25.4,2534.79,131342.68
F04933,Bihar,apple,Zaid,7.57,11,Canal,17.17,1471.87,191309.1
F02253,Bihar,orange,Rabi,0.51,9,Sprinkler,12.72,3181.5,20639.03
F02759,Uttar Pradesh,coconut,Zaid,2.78,6,Sprinkler,10.96,2589.51,78899.26
F00053,Rajasthan,mango,Zaid,4.56,6,Drip,22.27,2104.09,213672.86
F04274,Maharashtra,kidneybeans,Zaid,0.72,4,Drip,26.62,2548.18,48839.44
F00412,Haryana,jute,Rabi,4.33,20,Drip,22.32,3095.24,299141.33
F02379,Punjab,pomegranate,Rabi,0.53,21,Sprinkler,15.64,2080.63,17246.76
F05153,Rajasthan,lentil,Kharif,5.19,4,Rain-fed,7.22,1532.28,57417.29
F03028,Haryana,papaya,Rabi,1.74,20,Borewell,15.46,2522.97,67868.9
F03150,West Bengal,kidneybeans,Rabi,4.59,20,Sprinkler,12.25,2198.57,123620.09
F03218,Haryana,kidneybeans,Rabi,3.65,6,Drip,17.78,2332.31,151359.92
F02805,Bihar,maize,Rabi,3.05,3,Borewell,13.33,4669.87,189860.57
F01480,Gujarat,coconut,Zaid,15.66,15,Drip,23.74,1748.44,650014.74
F01508,Rajasthan,coconut,Zaid,1.14,19,Sprinkler,28.05,1877.93,60050.57
F01034,West Bengal,coffee,Rabi,11.01,16,Canal,16.14,537.27,95473.63
F01098,Uttar Pradesh,mothbeans,Rabi,1.77,1,Drip,26.34,2474.77,115378.23
F01470,Maharashtra,cotton,Zaid,3.89,17,Drip,16.79,2652.54,173245.61
F00544,Haryana,pomegranate,Zaid,3.74,12,Rain-fed,18.2,3181.35,216548.13
F01047,Punjab,coconut,Kharif,1.58,13,Drip,12.33,2085.15,40621.64
F02122,Bihar,cotton,Zaid,2.44,6,Canal,17.96,2275.51,99718.31
F04256,Gujarat,pomegranate,Kharif,2.57,25,Borewell,10.49,1842.69,49677.63
F00031,Maharashtra,banana,Rabi,4.85,15,Sprinkler,28.31,3098.48,425432.15
F00726,Rajasthan,lentil,Zaid,1.11,3,Rain-fed,11.81,1944.85,25495.23
F05094,Gujarat,coconut,Rabi,3.16,36,Borewell,32.63,1225.93,126406.62
F04437,Punjab,rice,Rabi,2.02,15,Rain-fed,15.41,1651.97,51422.85
F05123,Uttar Pradesh,cotton,Kharif,7.51,27,Borewell,26.71,1239.97,248728.19
F01427,Maharashtra,papaya,Rabi,0.57,22,Drip,8.28,2378.95,11227.69
F04555,Haryana,papaya,Zaid,1.76,8,Canal,21.57,2076.73,78839.32
F04443,Uttar Pradesh,rice,Zaid,2.62,0,Canal,12.21,2679.35,85712.94
F00437,Tamil Nadu,muskmelon,Rabi,5.05,6,Drip,19.74,3100.99,309128.39
F02210,Tamil Nadu,banana,Zaid,1.46,11,Borewell,11.86,3173.38,54948.98
F04128,Maharashtra,jute,Kharif,0.9,17,Borewell,20.39,2438.91,44756.44
F00913,Bihar,coconut,Kharif,3.53,12,Rain-fed,8.73,2157.9,66499.79
F04394,Haryana,papaya,Rabi,1.16,36,Borewell,16.52,1691.33,32411.3
F01589,Rajasthan,pomegranate,Kharif,7.54,22,Drip,10.37,1682.1,131523.06
F04335,Bihar,coconut,Kharif,2.9,0,Canal,20.0,2339.24,135675.92
F04696,Karnataka,grapes,Zaid,5.78,14,Drip,17.92,2648.19,274293.16
F02649,Bihar,coconut,Zaid,5.05,5,Sprinkler,13.12,1755.77,116330.3
F03623,Madhya Pradesh,muskmelon,Kharif,4.18,10,Borewell,10.96,2471.87,113243.29
F01591,Gujarat,coconut,Rabi,5.6,6,Canal,23.67,1484.01,196708.49
F04230,Gujarat,lentil,Zaid,4.41,4,Borewell,11.94,1975.67,104029.69
F03115,Rajasthan,papaya,Kharif,1.9,22,Canal,17.25,2320.77,76063.24
F01239,Rajasthan,cotton,Rabi,1.55,11,Canal,15.17,2047.13,48135.19
F00904,Haryana,orange,Kharif,1.32,17,Sprinkler,19.4,2575.06,65942.14
F04981,Gujarat,grapes,Kharif,5.11,13,Borewell,12.44,3159.3,200831.65
F03771,West Bengal,apple,Rabi,0.66,18,Rain-fed,13.8,1394.39,12700.1
F01733,West Bengal,cotton,Kharif,1.74,33,Canal,19.49,2035.06,69014.18
F00508,Uttar Pradesh,pigeonpeas,Zaid,7.49,18,Borewell,11.02,1603.96,132390.54
F04808,Madhya Pradesh,grapes,Zaid,2.22,24,Drip,17.61,1858.24,72646.41
F00184,Maharashtra,mungbean,Zaid,3.68,17,Borewell,17.54,3325.67,214662.69
F01804,Karnataka,apple,Zaid,1.83,5,Canal,23.69,2888.1,125206.93
F01498,Madhya Pradesh,grapes,Kharif,1.38,21,Canal,19.11,2265.18,59736.87
F00450,Uttar Pradesh,banana,Kharif,1.81,4,Borewell,16.76,2427.33,73634.51
F00322,Gujarat,cotton,Zaid,1.64,6,Drip,20.56,3117.23,105108.01
F01212,Madhya Pradesh,mothbeans,Rabi,7.52,11,Rain-fed,21.05,1538.64,243560.56
F01740,West Bengal,kidneybeans,Rabi,3.76,0,Borewell,23.32,1823.64,159902.59
F02991,Punjab,coconut,Kharif,4.23,5,Canal,21.5,1653.6,150386.65
F03621,Tamil Nadu,mango,Rabi,1.79,12,Sprinkler,26.95,1705.92,82294.43
F03440,Madhya Pradesh,mango,Kharif,2.02,9,Borewell,18.22,1810.96,66651.3
F03504,Karnataka,cotton,Kharif,4.41,7,Drip,9.38,2120.26,87706.25
F03627,Gujarat,papaya,Kharif,3.42,19,Borewell,18.39,1501.57,94439.44
F02094,Maharashtra,banana,Zaid,3.6,13,Sprinkler,15.34,3221.63,177911.3
F02292,Tamil Nadu,orange,Rabi,2.73,12,Rain-fed,20.05,1317.47,72113.7
F01552,Uttar Pradesh,rice,Kharif,1.22,13,Canal,25.49,2557.89,79544.75
F04621,Uttar Pradesh,kidneybeans,Kharif,4.03,21,Borewell,17.83,2611.16,187624.64
F01147,Tamil Nadu,mungbean,Kharif,4.98,20,Rain-fed,21.26,1463.49,154946.71
F03540,West Bengal,grapes,Kharif,2.89,8,Canal,2.0,2998.22,17329.71
F02527,Andhra Pradesh,cotton,Zaid,12.18,12,Drip,25.33,1539.18,474866.89
F00045,Punjab,banana,Kharif,4.78,14,Rain-fed,20.42,2101.08,205081.38
F02032,Gujarat,coffee,Kharif,3.4,17,Sprinkler,19.1,1822.28,118338.86
F01872,Andhra Pradesh,apple,Zaid,13.15,23,Drip,22.14,2904.1,845502.58
F01757,Haryana,muskmelon,Rabi,2.92,15,Borewell,30.61,2346.78,209758.01
F02081,Madhya Pradesh,banana,Kharif,2.23,16,Rain-fed,13.77,1912.32,58721.8
F03631,West Bengal,mothbeans,Rabi,2.83,11,Borewell,12.84,1735.3,63055.94
F01379,Madhya Pradesh,orange,Zaid,2.14,7,Borewell,13.05,2024.43,56536.26
F03927,Uttar Pradesh,grapes,Rabi,7.64,38,Sprinkler,20.35,3199.88,497498.14
F03278,Punjab,mothbeans,Kharif,2.13,18,Sprinkler,19.49,2764.36,114758.81
F00414,Tamil Nadu,watermelon,Kharif,1.13,10,Sprinkler,13.06,927.67,13690.37
F03146,Gujarat,mungbean,Zaid,0.39,25,Sprinkler,14.73,2551.5,14657.6
F01408,Uttar Pradesh,pigeonpeas,Kharif,1.3,2,Borewell,30.04,1128.21,44058.86
F04407,Haryana,pomegranate,Kharif,1.5,23,Rain-fed,21.79,1113.38,36390.83
F00802,Tamil Nadu,grapes,Rabi,1.67,19,Sprinkler,14.36,2179.39,52264.39
F01289,Punjab,rice,Kharif,3.61,12,Borewell,22.8,2668.18,219612.56
F01559,Bihar,pomegranate,Zaid,3.1,4,Rain-fed,13.93,2630.73,113602.81
F02365,Uttar Pradesh,orange,Kharif,2.59,5,Canal,20.42,3108.69,164411.77
F02650,Tamil Nadu,mungbean,Zaid,5.61,14,Rain-fed,9.6,968.51,52160.07
F03729,Gujarat,maize,Kharif,9.18,7,Canal,26.26,1791.27,431815.73
F02516,Punjab,pomegranate,Rabi,3.12,4,Canal,18.47,1889.94,108910.44
F01700,Madhya Pradesh,jute,Kharif,6.0,28,Canal,35.79,2098.49,450629.74
F00257,Bihar,pigeonpeas,Zaid,2.86,4,Canal,9.21,1719.51,45292.93
F05117,Karnataka,pomegranate,Kharif,5.16,11,Sprinkler,27.7,2404.35,343658.55
F02035,Haryana,mungbean,Kharif,6.72,11,Drip,27.01,3682.13,668333.11
F01152,Karnataka,mango,Kharif,2.97,6,Sprinkler,18.91,2896.56,162678.63
F02498,Uttar Pradesh,papaya,Zaid,4.15,0,Canal,16.42,2528.43,172294.81
F00648,Punjab,apple,Zaid,3.41,12,Canal,16.53,2242.95,126429.04
F03159,Gujarat,banana,Rabi,0.61,12,Sprinkler,18.17,1900.94,21069.45
F05059,Rajasthan,grapes,Kharif,7.29,9,Canal,15.71,4027.01,461196.94
F03197,Andhra Pradesh,lentil,Rabi,2.11,16,Sprinkler,32.2,1571.43,106766.1
F02115,Tamil Nadu,mothbeans,Rabi,3.16,21,Sprinkler,26.48,2463.46,206134.45
F01966,Punjab,mothbeans,Zaid,3.76,24,Sprinkler,21.7,928.05,75721.46
F00025,West Bengal,papaya,Kharif,5.7,30,Sprinkler,16.6,1442.88,136525.31
F01316,West Bengal,lentil,Zaid,7.07,10,Canal,14.32,3136.65,317561.97
F01089,Tamil Nadu,pomegranate,Rabi,1.48,15,Rain-fed,11.45,1729.92,29315.22
F02534,Madhya Pradesh,kidneybeans,Rabi,2.62,7,Drip,20.41,2710.59,144946.63
F04175,Rajasthan,apple,Kharif,3.78,16,Sprinkler,29.01,3234.0,354633.33
F01967,Haryana,pomegranate,Zaid,1.72,9,Drip,6.84,2307.22,27143.98
F01351,West Bengal,coconut,Rabi,1.8,8,Borewell,17.02,3144.41,96332.14
F04351,Rajasthan,orange,Kharif,5.94,21,Sprinkler,13.63,937.52,75903.68
F00113,Gujarat,mungbean,Kharif,3.57,14,Borewell,20.02,1794.14,128229.7
F03412,Tamil Nadu,mango,Zaid,4.2,14,Canal,16.79,2230.45,157286.87
F00264,Karnataka,coconut,Kharif,1.31,13,Canal,9.34,2236.68,27366.67
F01394,Uttar Pradesh,papaya,Kharif,5.43,4,Borewell,15.65,2762.6,234764.37
F02389,Maharashtra,lentil,Kharif,5.99,8,Canal,33.59,2851.33,573699.29
F01187,Tamil Nadu,blackgram,Rabi,4.61,23,Rain-fed,24.49,3592.94,405638.97
F02551,West Bengal,mango,Zaid,5.74,0,Rain-fed,16.73,1356.24,130240.0
F04794,Rajasthan,rice,Kharif,0.72,0,Drip,18.38,2382.65,31531.04
F00057,Maharashtra,pomegranate,Kharif,1.36,27,Rain-fed,24.79,2939.79,99113.26
F01310,Haryana,chickpea,Zaid,1.59,26,Rain-fed,13.5,1121.02,24062.69
F00696,Rajasthan,chickpea,Kharif,10.88,5,Sprinkler,14.62,2318.42,368780.87
F04375,Rajasthan,kidneybeans,Zaid,1.39,5,Sprinkler,19.11,2172.23,57700.73
F04153,Maharashtra,mango,Rabi,1.69,29,Canal,19.9,1375.46,46258.1
F02878,Gujarat,banana,Zaid,3.27,1,Rain-fed,21.37,3135.5,219108.43
F02688,Haryana,blackgram,Rabi,1.08,7,Rain-fed,16.42,2042.67,36223.89
F04758,Punjab,orange,Rabi,0.5,3,Canal,6.47,3033.04,9811.88
F00277,Karnataka,cotton,Zaid,4.94,0,Drip,14.22,2787.81,195834.73
F03389,Madhya Pradesh,mothbeans,Zaid,4.33,20,Sprinkler,4.45,2343.11,45148.22
F00320,Bihar,kidneybeans,Zaid,3.41,30,Borewell,22.15,2312.8,174689.25
F02482,Gujarat,mango,Zaid,2.32,0,Canal,6.89,2474.23,39550.07
F01590,Uttar Pradesh,orange,Kharif,1.53,11,Canal,13.91,2483.34,52851.19
F00683,Madhya Pradesh,muskmelon,Zaid,2.53,2,Borewell,20.07,1043.31,52976.26
F04503,Uttar Pradesh,papaya,Zaid,3.61,30,Drip,12.76,3911.83,180192.97
F02513,Tamil Nadu,muskmelon,Kharif,3.79,23,Borewell,21.21,1558.52,125283.03
F03571,Rajasthan,pomegranate,Zaid,7.27,22,Sprinkler,30.62,1855.88,413132.62
F00480,Haryana,maize,Kharif,7.71,14,Sprinkler,20.73,1921.46,307103.69
F03817,Tamil Nadu,mango,Kharif,0.96,7,Canal,10.69,2730.81,28024.66
F04978,Maharashtra,apple,Zaid,1.48,32,Canal,15.51,2211.95,50774.87
F00287,Gujarat,banana,Rabi,1.92,21,Drip,13.19,1823.94,46190.92
F03978,Tamil Nadu,grapes,Kharif,2.5,4,Rain-fed,12.26,1477.75,45293.04
F02118,Gujarat,banana,Rabi,1.4,13,Drip,25.73,1737.15,62575.62
F02520,Punjab,jute,Rabi,2.08,24,Rain-fed,15.76,3255.13,106705.77
F02621,West Bengal,lentil,Zaid,2.02,4,Borewell,22.98,1716.97,79701.06
F01989,Karnataka,blackgram,Rabi,1.93,11,Sprinkler,12.51,3417.37,82510.01
F04559,Haryana,pigeonpeas,Rabi,4.94,0,Drip,21.24,3556.51,373168.95
F03809,Gujarat,papaya,Zaid,2.27,8,Rain-fed,18.13,1090.19,44866.88
F01599,Rajasthan,grapes,Kharif,2.67,6,Drip,20.92,888.65,49636.79
F02228,Punjab,grapes,Kharif,2.53,14,Canal,22.25,2204.62,124103.57
F03633,Bihar,maize,Zaid,3.13,13,Sprinkler,26.36,982.75,81083.56
F00737,Tamil Nadu,rice,Rabi,2.48,29,Canal,19.7,1893.24,92496.13
F02006,Maharashtra,apple,Rabi,1.79,17,Borewell,15.47,1280.74,35465.36
F00337,Haryana,muskmelon,Zaid,1.41,12,Rain-fed,5.77,1481.22,12050.76
F02587,Tamil Nadu,grapes,Zaid,4.43,21,Borewell,11.55,1825.07,93382.44
F04884,Maharashtra,coconut,Zaid,4.26,0,Rain-fed,16.87,2684.4,192917.63
F04123,Rajasthan,rice,Kharif,1.58,5,Drip,16.43,3246.85,84286.28
F04585,Bihar,mango,Rabi,3.06,16,Borewell,15.18,1877.81,87225.78
F01072,Punjab,mungbean,Zaid,5.88,19,Borewell,12.24,2255.66,162342.56
F04929,Bihar,mungbean,Zaid,0.74,13,Borewell,19.26,3039.21,43316.04
F01935,Uttar Pradesh,mango,Zaid,0.81,18,Borewell,16.67,3348.6,45215.14
F02487,Gujarat,banana,Zaid,1.69,17,Rain-fed,5.41,2098.33,19184.82
F02175,Tamil Nadu,chickpea,Kharif,7.43,19,Drip,19.29,2181.07,312601.2
F02095,Punjab,orange,Rabi,2.35,10,Rain-fed,16.26,2506.19,95764.03
F02102,Haryana,banana,Zaid,3.03,6,Sprinkler,24.74,1247.34,93503.35
F05008,Tamil Nadu,papaya,Rabi,2.41,8,Canal,13.57,3005.27,98283.45
F00082,Rajasthan,cotton,Rabi,4.05,28,Sprinkler,11.64,1306.33,61583.01
F02624,Maharashtra,watermelon,Rabi,1.75,10,Drip,9.65,2320.27,39183.56
F03667,Madhya Pradesh,chickpea,Zaid,3.39,13,Borewell,16.71,1610.63,91237.2
F01715,Andhra Pradesh,coconut,Rabi,1.54,0,Borewell,29.51,1816.63,82557.48
F01489,Madhya Pradesh,coconut,Kharif,1.56,16,Canal,24.28,3295.51,124823.37
F01778,Uttar Pradesh,mothbeans,Kharif,3.58,1,Drip,25.04,3470.18,311078.04
F00499,Haryana,mothbeans,Zaid,5.19,0,Sprinkler,30.73,2431.53,387801.56
F04521,Andhra Pradesh,jute,Zaid,1.13,26,Drip,23.76,2367.74,63570.98
F02132,Rajasthan,pomegranate,Rabi,1.66,10,Borewell,16.76,3963.9,110282.04
F03018,Rajasthan,mungbean,Zaid,3.18,16,Drip,12.83,500.0,20399.7
F04882,Andhra Pradesh,papaya,Zaid,4.39,0,Borewell,14.05,2167.89,133714.37
F05193,Bihar,blackgram,Rabi,2.64,14,Sprinkler,20.76,2307.36,126458.1
F03307,Haryana,papaya,Zaid,2.33,19,Drip,28.66,2539.87,169606.93
F05163,Haryana,jute,Kharif,6.45,18,Rain-fed,21.85,1476.32,208061.47
F01611,Gujarat,watermelon,Rabi,4.7,17,Rain-fed,20.95,2628.24,258789.65
F05160,Madhya Pradesh,orange,Zaid,1.68,11,Drip,12.11,3326.08,67668.43
F02474,Bihar,pigeonpeas,Kharif,5.12,21,Canal,27.8,2369.35,337243.8
F04112,Haryana,papaya,Rabi,5.14,9,Canal,12.13,1753.6,109333.8
F02371,West Bengal,muskmelon,Rabi,0.79,13,Borewell,12.52,1897.96,18772.34
F01023,Gujarat,coconut,Kharif,7.55,16,Sprinkler,24.4,2802.27,516234.18
F03629,Bihar,lentil,Kharif,2.57,7,Rain-fed,9.58,2084.7,51326.56
F05084,Bihar,coconut,Zaid,5.02,28,Borewell,7.22,748.24,27119.51
F03367,Tamil Nadu,kidneybeans,Rabi,4.04,7,Canal,13.51,2717.37,148315.14
F04588,Punjab,watermelon,Kharif,1.83,10,Rain-fed,10.49,2468.64,47389.74
F03334,Tamil Nadu,cotton,Kharif,5.63,20,Rain-fed,8.86,2791.24,139232.08
F04957,Gujarat,orange,Kharif,8.45,21,Drip,12.59,2087.93,222125.48
F00666,Uttar Pradesh,kidneybeans,Zaid,2.27,20,Canal,28.44,1293.34,83496.48
F05000,Rajasthan,grapes,Kharif,5.05,15,Rain-fed,32.87,3508.88,582451.27
F03195,Andhra Pradesh,pigeonpeas,Kharif,2.72,8,Rain-fed,16.53,2930.77,131772.11
F01553,Maharashtra,muskmelon,Kharif,0.86,0,Sprinkler,19.1,2515.93,41326.67
F04440,Rajasthan,apple,Zaid,5.97,10,Canal,16.39,2605.64,254957.44
F02347,Madhya Pradesh,jute,Rabi,5.43,19,Rain-fed,16.77,558.53,50860.36
F01018,Haryana,pomegranate,Zaid,1.15,10,Drip,10.26,3310.6,39061.77
F00558,Madhya Pradesh,rice,Kharif,5.28,11,Canal,4.58,1804.15,43628.68
F02603,Andhra Pradesh,pigeonpeas,Rabi,7.3,9,Drip,17.34,2020.17,255717.16
F01208,Madhya Pradesh,coconut,Kharif,0.81,25,Sprinkler,22.09,1839.02,32905.4
F04592,Gujarat,mungbean,Rabi,2.63,4,Sprinkler,18.82,878.36,43475.83
F02883,Gujarat,kidneybeans,Kharif,1.28,12,Canal,11.95,3187.78,48760.28
F02313,Bihar,lentil,Kharif,2.53,2,Drip,26.23,2130.72,141398.63
F01511,Madhya Pradesh,kidneybeans,Rabi,3.27,10,Sprinkler,27.62,2075.31,187436.6
F02169,Karnataka,pigeonpeas,Kharif,1.38,19,Borewell,24.72,705.05,24051.79
F02349,Rajasthan,mango,Zaid,1.58,5,Sprinkler,18.3,2635.75,76210.08
F01685,Karnataka,mothbeans,Rabi,0.97,20,Drip,25.05,2661.64,64673.86
F00246,West Bengal,blackgram,Zaid,1.59,11,Drip,26.64,2219.29,94003.8
F01164,Rajasthan,jute,Zaid,0.46,14,Drip,25.82,1860.83,22101.45
F02536,Punjab,jute,Rabi,2.14,17,Rain-fed,22.3,2772.24,132296.84
F03875,Karnataka,coconut,Rabi,2.05,15,Sprinkler,19.14,2723.71,106870.21
F03122,Punjab,lentil,Kharif,8.07,18,Drip,16.97,1509.76,206758.46
F00267,Haryana,mango,Rabi,6.46,1,Drip,17.47,3348.5,377898.99
F04945,Tamil Nadu,watermelon,Zaid,4.4,12,Borewell,21.11,2308.53,214425.5
F01115,Karnataka,coconut,Kharif,6.64,21,Canal,20.98,875.67,121987.14
F00064,Bihar,mungbean,Zaid,1.53,27,Sprinkler,19.17,2073.87,60826.81
F02255,Karnataka,lentil,Rabi,5.93,23,Canal,10.31,3590.84,219537.85
F02813,Maharashtra,maize,Rabi,3.86,26,Borewell,16.03,2728.05,168800.28
F03656,Maharashtra,watermelon,Zaid,2.74,19,Drip,7.21,1632.97,32259.98
F03436,Bihar,kidneybeans,Zaid,4.58,3,Drip,11.4,1710.98,89333.69
F03277,Haryana,watermelon,Rabi,3.27,10,Drip,17.49,3063.23,175193.17
F03350,Karnataka,jute,Rabi,2.22,18,Borewell,17.33,1878.67,72277.32
F04166,Punjab,maize,Rabi,0.8,22,Borewell,17.73,2161.08,30652.76
F01877,Haryana,muskmelon,Zaid,1.95,25,Sprinkler,18.86,2636.95,96979.11
F03640,Bihar,pigeonpeas,Kharif,3.82,14,Drip,25.59,2513.24,245678.76
F02978,Bihar,cotton,Rabi,2.14,0,Canal,11.38,3032.02,73839.39
F02233,Haryana,banana,Kharif,1.42,13,Drip,18.57,2174.21,57332.61
F04180,West Bengal,muskmelon,Kharif,1.27,9,Canal,8.11,500.0,5149.85
F03593,Karnataka,rice,Zaid,1.68,18,Sprinkler,10.99,1276.31,23564.77
F01785,Karnataka,jute,Zaid,4.43,13,Rain-fed,23.66,1576.4,165228.47
F01238,Haryana,coconut,Kharif,4.76,26,Sprinkler,16.68,3144.29,249646.56
F00104,Karnataka,kidneybeans,Zaid,2.04,16,Sprinkler,19.77,1117.53,45070.88
F01874,Maharashtra,coffee,Zaid,2.83,9,Rain-fed,21.82,2098.9,129608.33
F02265,Punjab,mango,Zaid,5.96,7,Borewell,23.98,3349.11,478657.48
F02869,Rajasthan,rice,Rabi,1.46,2,Canal,10.56,2520.99,38867.62
F00273,West Bengal,watermelon,Rabi,1.12,11,Borewell,2.0,1541.75,3453.52
F00509,Haryana,watermelon,Zaid,0.8,4,Rain-fed,20.2,2369.44,38290.15
F02417,Bihar,mango,Rabi,2.7,22,Drip,13.06,1704.35,60098.79
F05132,Madhya Pradesh,pigeonpeas,Zaid,1.4,0,Drip,21.34,1735.05,51836.35
F01913,Bihar,pomegranate,Kharif,3.04,16,Rain-fed,27.81,1739.47,147058.97
F00866,Karnataka,mothbeans,Rabi,1.71,5,Rain-fed,20.76,2983.61,105916.96
F02641,Punjab,apple,Kharif,3.45,21,Canal,13.3,1870.0,85804.95
F00909,Andhra Pradesh,coconut,Zaid,3.3,24,Canal,23.87,2310.4,181992.52
F02408,Maharashtra,rice,Zaid,2.96,16,Canal,25.38,1884.2,141550.15
F03102,Gujarat,rice,Kharif,4.14,10,Borewell,8.45,1937.43,67777.11
F01304,Haryana,coffee,Zaid,2.83,29,Sprinkler,12.61,2377.13,84830.97
F01628,Karnataka,coconut,Kharif,0.34,21,Drip,19.32,1437.6,9443.31
F04242,West Bengal,lentil,Rabi,0.68,18,Rain-fed,11.5,2987.65,23363.42
F01523,Andhra Pradesh,mothbeans,Rabi,4.86,1,Drip,11.21,2622.37,142868.29
F00836,Tamil Nadu,papaya,Rabi,1.39,24,Drip,24.97,1951.78,67742.97
F00359,Andhra Pradesh,chickpea,Zaid,1.34,8,Borewell,9.41,1785.21,22510.43
F00139,West Bengal,kidneybeans,Rabi,1.49,14,Sprinkler,26.16,2509.17,97803.43
F00300,Rajasthan,blackgram,Zaid,4.36,10,Rain-fed,26.16,1847.68,210741.95
F01557,Gujarat,mungbean,Rabi,0.87,0,Drip,7.27,1940.41,12272.9
F01004,Madhya Pradesh,mungbean,Rabi,5.38,0,Rain-fed,5.11,1129.3,31046.49
F00383,Madhya Pradesh,watermelon,Kharif,1.9,19,Borewell,13.66,1006.31,26117.77
F00942,Madhya Pradesh,grapes,Rabi,1.3,14,Drip,19.34,2487.56,62542.23
F02134,Haryana,coconut,Zaid,1.57,8,Drip,12.92,1163.72,23605.36
F04081,Bihar,pomegranate,Kharif,1.31,12,Rain-fed,8.64,2504.83,28350.67
F00762,West Bengal,coffee,Kharif,2.3,30,Borewell,17.56,2049.81,82787.73
F01974,Punjab,apple,Kharif,1.31,0,Borewell,11.33,1073.83,15938.11
F03871,Haryana,muskmelon,Kharif,1.86,9,Sprinkler,31.3,3789.66,220626.43
F04488,Gujarat,pigeonpeas,Kharif,3.9,11,Borewell,14.02,1881.81,102893.61
F02322,Gujarat,chickpea,Rabi,0.49,0,Drip,10.85,1634.7,8690.88
F04998,Madhya Pradesh,apple,Rabi,2.23,21,Canal,17.37,2018.15,78173.24
F00899,Maharashtra,mothbeans,Zaid,7.21,27,Canal,23.81,2844.28,488277.83
F04214,Haryana,pigeonpeas,Zaid,2.29,17,Borewell,6.83,2345.64,36687.45
F04873,Maharashtra,mothbeans,Rabi,0.25,1,Drip,11.79,993.3,2927.75
F01403,Gujarat,maize,Kharif,1.19,6,Rain-fed,6.89,2761.91,22645.18
F02222,Madhya Pradesh,kidneybeans,Rabi,1.69,18,Drip,18.09,2992.38,91483.34
F01878,Tamil Nadu,grapes,Rabi,0.77,0,Rain-fed,15.01,3134.87,36231.89
F04480,Rajasthan,pomegranate,Zaid,2.07,5,Rain-fed,10.8,1408.23,31482.39
F04565,Tamil Nadu,mango,Zaid,0.56,7,Drip,25.96,1035.24,15049.91
F01933,Punjab,cotton,Zaid,2.34,19,Borewell,19.74,1764.35,81498.15
F03210,Madhya Pradesh,blackgram,Kharif,2.24,2,Rain-fed,16.77,3152.05,118406.13
F01513,Haryana,chickpea,Zaid,1.32,0,Rain-fed,16.68,1977.4,43537.6
F01189,Uttar Pradesh,cotton,Kharif,1.78,0,Sprinkler,18.0,2848.78,91274.91
F03297,Gujarat,pigeonpeas,Rabi,3.93,11,Drip,16.14,3104.87,196942.53
F02218,Maharashtra,papaya,Zaid,2.58,2,Borewell,20.18,2136.08,111213.72
F04155,Haryana,watermelon,Kharif,2.79,17,Rain-fed,13.74,2755.14,105617.19
F04726,Karnataka,cotton,Kharif,1.28,8,Drip,21.49,1914.26,52655.93
F02674,Punjab,grapes,Zaid,5.79,8,Borewell,12.31,2676.89,190795.07
F00109,Punjab,blackgram,Rabi,4.72,20,Rain-fed,13.49,1656.91,105500.1
F03543,Madhya Pradesh,papaya,Zaid,4.94,15,Rain-fed,15.65,2725.48,210709.58
F04130,Bihar,grapes,Rabi,0.73,19,Borewell,20.91,2430.0,37092.25
F04990,Haryana,lentil,Zaid,1.86,0,Canal,8.28,1050.95,16185.47
F00431,Punjab,lentil,Kharif,4.18,13,Rain-fed,26.41,2522.52,278470.57
F00059,Maharashtra,rice,Kharif,5.14,2,Sprinkler,19.94,1996.06,204579.38
F00077,Gujarat,coconut,Kharif,1.86,11,Canal,14.88,2379.2,65848.64
F00797,Rajasthan,mungbean,Rabi,0.25,27,Borewell,11.67,1947.87,5682.91
F00369,Maharashtra,maize,Kharif,4.41,8,Canal,11.07,2036.17,99403.17
F05104,Haryana,chickpea,Kharif,2.91,23,Drip,13.48,2584.59,101385.2
F00786,Karnataka,papaya,Kharif,0.9,2,Rain-fed,13.8,2132.19,26481.8
F02219,Haryana,apple,Zaid,5.8,13,Canal,25.63,2834.0,421285.44
F02396,Rajasthan,coconut,Rabi,3.69,0,Borewell,18.73,1372.89,94885.51
F02165,Uttar Pradesh,mothbeans,Kharif,1.76,0,Canal,7.3,1934.73,24857.41
F02195,Madhya Pradesh,coconut,Zaid,2.01,28,Drip,16.75,3183.5,107180.49
F01893,Tamil Nadu,lentil,Kharif,1.64,29,Drip,21.2,2451.94,85249.05
F02988,Haryana,cotton,Rabi,3.01,18,Sprinkler,20.54,2939.98,181765.44
F03843,Uttar Pradesh,watermelon,Kharif,1.56,6,Canal,17.85,2523.33,70264.65
F02395,Karnataka,watermelon,Kharif,0.54,32,Canal,17.64,2268.27,21606.63
F03289,Uttar Pradesh,pomegranate,Zaid,5.53,11,Drip,13.94,1382.14,106546.68
F00122,Punjab,banana,Zaid,2.07,10,Drip,19.1,2890.51,114282.09
F02370,Karnataka,mango,Kharif,1.82,33,Rain-fed,11.93,2987.55,64867.48
F01962,Uttar Pradesh,mango,Rabi,6.87,22,Rain-fed,19.0,973.12,127021.35
F05114,Haryana,blackgram,Kharif,2.71,0,Sprinkler,22.39,2782.66,168843.18
F03965,Tamil Nadu,maize,Zaid,2.32,28,Drip,18.26,2298.02,97351.48
F00911,Tamil Nadu,maize,Zaid,6.3,7,Borewell,21.06,1817.02,241078.58
F00125,Maharashtra,cotton,Zaid,6.18,25,Rain-fed,25.91,1866.63,298891.89
F03040,Karnataka,muskmelon,Zaid,1.5,17,Borewell,23.48,3596.67,126674.72
F02965,Uttar Pradesh,jute,Rabi,0.61,9,Sprinkler,11.83,2947.79,21272.14
F04874,Andhra Pradesh,chickpea,Kharif,2.61,7,Borewell,16.0,2938.88,122727.63
F01587,Haryana,grapes,Kharif,0.69,6,Sprinkler,18.09,750.68,9370.06
F01258,Gujarat,blackgram,Zaid,0.87,3,Canal,23.55,1716.67,35171.99
F03746,Haryana,mothbeans,Zaid,1.11,9,Drip,22.5,2850.4,71188.74
F03789,Tamil Nadu,coffee,Kharif,3.95,3,Canal,19.19,1086.22,82336.02
F03685,Maharashtra,mothbeans,Zaid,4.42,29,Rain-fed,17.28,2762.21,210970.97
F01179,Madhya Pradesh,chickpea,Rabi,3.23,4,Sprinkler,17.19,3229.6,179319.34
F02952,Uttar Pradesh,kidneybeans,Zaid,2.36,20,Drip,18.15,1481.64,63464.57
F02590,Bihar,papaya,Zaid,1.24,10,Canal,19.53,2155.33,52196.06
F04483,West Bengal,kidneybeans,Kharif,0.49,7,Sprinkler,21.1,3163.21,32704.43
F03319,Maharashtra,lentil,Rabi,3.72,10,Rain-fed,25.89,2734.09,263322.4
F02278,Gujarat,orange,Kharif,2.49,23,Sprinkler,20.25,2469.72,124529.46
F00443,Haryana,cotton,Rabi,3.52,18,Canal,23.24,2100.18,171804.8
F02128,Haryana,papaya,Zaid,4.09,23,Drip,15.99,2445.56,159937.42
F04013,Karnataka,chickpea,Zaid,3.34,5,Borewell,24.69,3130.0,258114.2
F00926,Uttar Pradesh,apple,Rabi,4.31,20,Borewell,22.66,2669.78,260743.0
F04404,Karnataka,mothbeans,Zaid,1.79,15,Drip,12.2,2787.09,60864.47
F02324,Haryana,chickpea,Zaid,2.94,21,Sprinkler,16.51,2885.57,140063.84
F02518,Gujarat,mungbean,Rabi,3.59,12,Drip,9.77,2698.55,94649.75
F04965,Tamil Nadu,pigeonpeas,Kharif,15.41,9,Borewell,8.17,1770.87,222952.0
F01412,Gujarat,cotton,Kharif,5.91,0,Rain-fed,12.82,2895.68,219394.67
F03774,Rajasthan,blackgram,Kharif,7.19,28,Sprinkler,30.85,2043.19,453203.04
F02595,Rajasthan,kidneybeans,Rabi,5.96,22,Rain-fed,20.81,2628.33,325985.46
F01510,Bihar,coffee,Rabi,3.39,10,Sprinkler,23.53,2527.77,201631.87
F01228,Bihar,muskmelon,Rabi,1.73,24,Canal,4.97,2134.85,18355.65
F03920,Gujarat,maize,Rabi,6.8,6,Drip,21.02,1799.0,257141.86
F03892,Uttar Pradesh,jute,Kharif,4.53,14,Sprinkler,19.76,1722.21,154159.84
F03822,Punjab,pomegranate,Rabi,7.49,8,Borewell,19.28,2581.33,372762.64
F04910,Gujarat,mungbean,Kharif,2.84,11,Canal,16.81,2215.18,105753.58
F04099,Haryana,maize,Zaid,6.01,4,Sprinkler,21.55,2629.01,340497.54
F00325,Haryana,orange,Rabi,1.84,15,Rain-fed,22.33,2416.52,99288.04
F03353,Punjab,lentil,Kharif,0.31,0,Drip,30.34,1424.22,13395.36
F03913,Rajasthan,pomegranate,Zaid,4.76,1,Borewell,22.13,2520.56,265512.77
F04802,Bihar,grapes,Rabi,1.08,30,Borewell,13.38,1946.54,28128.28
F02535,Andhra Pradesh,maize,Rabi,5.13,19,Borewell,31.02,3448.48,548765.59
F03590,Tamil Nadu,lentil,Zaid,1.59,24,Drip,18.15,898.33,25924.46
F05044,Karnataka,mothbeans,Zaid,0.25,13,Canal,19.7,1401.34,6901.6
F01499,Uttar Pradesh,rice,Rabi,0.25,15,Rain-fed,14.37,715.18,2569.28
F01503,Madhya Pradesh,blackgram,Rabi,3.14,8,Rain-fed,13.98,2568.68,112757.86
F01007,Gujarat,mango,Zaid,1.88,23,Sprinkler,17.78,1961.9,65579.25
F02378,Uttar Pradesh,coffee,Kharif,4.08,6,Borewell,7.64,1335.61,41632.57
F02949,Rajasthan,cotton,Kharif,1.0,0,Sprinkler,18.42,3174.26,58469.87
F02012,Bihar,apple,Rabi,0.6,23,Drip,17.5,3229.43,33909.01
F03826,Madhya Pradesh,mungbean,Kharif,3.83,23,Canal,2.0,1976.87,15142.82
F01468,Gujarat,maize,Zaid,11.47,14,Canal,24.55,2389.12,672748.72
F01226,Punjab,cotton,Zaid,7.51,25,Canal,13.81,1754.77,181992.64
F03149,Tamil Nadu,blackgram,Rabi,1.06,8,Sprinkler,23.42,767.08,19042.91
F02348,Madhya Pradesh,cotton,Zaid,1.42,18,Sprinkler,18.0,2096.47,53585.77
F02743,Bihar,coffee,Rabi,1.77,14,Drip,24.57,2112.29,91861.17
F02368,Haryana,pigeonpeas,Zaid,4.06,29,Drip,21.23,3788.11,326511.6
F01217,Tamil Nadu,muskmelon,Kharif,4.94,0,Rain-fed,19.01,3028.35,284390.53
F04495,Maharashtra,cotton,Rabi,3.58,6,Canal,22.49,942.44,75879.8
F03808,Punjab,blackgram,Zaid,1.78,10,Sprinkler,12.45,2087.49,46260.87
F00421,Andhra Pradesh,coffee,Kharif,6.01,20,Sprinkler,8.01,2850.97,137245.98
F03726,Punjab,rice,Rabi,5.21,9,Borewell,16.08,2629.02,220250.88
F00007,Maharashtra,mango,Kharif,3.65,1,Rain-fed,20.73,1500.44,113530.04
F00933,Madhya Pradesh,watermelon,Zaid,0.84,12,Borewell,14.46,2107.37,25596.96
F01692,Rajasthan,chickpea,Kharif,1.47,19,Borewell,14.45,2573.72,54669.67
F00440,Gujarat,apple,Zaid,5.88,15,Borewell,36.97,1562.18,339592.31
F01314,Tamil Nadu,pomegranate,Zaid,5.37,13,Canal,28.34,1592.9,242416.76
F00679,Tamil Nadu,coconut,Kharif,3.44,5,Canal,15.55,2261.54,120974.3
F01944,Haryana,orange,Kharif,6.08,21,Drip,25.72,2418.84,378252.39
F04719,Maharashtra,cotton,Kharif,8.95,7,Sprinkler,16.97,2187.27,332205.85
F03075,Maharashtra,apple,Kharif,0.83,20,Canal,17.31,1283.44,18439.57
F04795,Andhra Pradesh,grapes,Rabi,0.97,22,Sprinkler,16.3,2297.97,36333.2
F02581,Gujarat,coffee,Rabi,1.54,14,Sprinkler,20.01,2117.19,65242.06
F04554,Bihar,mothbeans,Zaid,3.38,21,Sprinkler,9.71,2575.84,84538.55
F02463,Madhya Pradesh,mango,Rabi,3.35,14,Sprinkler,8.15,2243.28,61247.15
F04820,Gujarat,muskmelon,Kharif,3.35,7,Sprinkler,13.0,1421.58,61909.81
F02299,Bihar,blackgram,Zaid,1.03,28,Borewell,23.28,2258.14,54146.58
F04418,Gujarat,coconut,Rabi,1.13,22,Rain-fed,15.58,1998.12,35177.7
F02647,Andhra Pradesh,chickpea,Kharif,5.85,3,Rain-fed,24.94,2220.23,323929.34
F01087,West Bengal,mothbeans,Zaid,1.21,13,Rain-fed,11.94,1726.68,24946.04
F01065,Uttar Pradesh,rice,Rabi,3.83,25,Drip,19.4,1106.72,82231.51
F04417,Uttar Pradesh,cotton,Rabi,1.28,12,Canal,15.81,3426.84,69348.28
F03017,Tamil Nadu,pomegranate,Zaid,7.92,23,Sprinkler,22.29,2737.47,483264.19
F02866,Gujarat,rice,Rabi,5.76,30,Canal,9.03,1391.53,72377.37
F01475,West Bengal,coconut,Zaid,0.73,7,Drip,23.57,1710.05,29423.29
F03670,Madhya Pradesh,mungbean,Zaid,4.79,30,Canal,5.58,1836.75,49093.02
F03806,Punjab,mango,Kharif,5.29,3,Borewell,18.07,1953.65,186749.99
F02645,Andhra Pradesh,grapes,Rabi,2.9,15,Rain-fed,19.77,2308.25,132338.9
F02022,Madhya Pradesh,mothbeans,Kharif,0.25,13,Borewell,19.39,1039.43,5038.64
F03286,Bihar,pomegranate,Kharif,3.48,10,Borewell,15.79,2100.94,115444.97
F02100,Andhra Pradesh,muskmelon,Kharif,1.36,19,Rain-fed,21.23,2242.16,64737.44
F01131,Madhya Pradesh,maize,Zaid,2.94,16,Borewell,11.27,1361.14,45099.74
F01462,Rajasthan,jute,Zaid,2.34,16,Sprinkler,12.24,2565.66,73484.61
F04713,Punjab,rice,Zaid,4.46,4,Drip,20.89,2196.82,204676.4
F04940,West Bengal,coconut,Zaid,2.46,15,Drip,21.81,2518.67,135133.19
F02493,Tamil Nadu,mango,Rabi,4.56,3,Canal,15.81,1867.49,134634.08
F00223,Rajasthan,apple,Zaid,7.54,30,Drip,12.98,2499.34,244608.41
F04828,Gujarat,blackgram,Zaid,2.23,0,Sprinkler,20.77,931.87,43161.52
F00049,Maharashtra,mango,Rabi,1.24,12,Sprinkler,23.51,2784.4,81171.94
F00574,Gujarat,coconut,Rabi,3.2,9,Rain-fed,10.34,1736.04,57442.09
F01237,West Bengal,orange,Zaid,2.74,31,Canal,23.56,3023.91,195206.7
F03857,Maharashtra,chickpea,Zaid,5.73,14,Rain-fed,21.86,2594.0,324918.73
F03935,Karnataka,muskmelon,Zaid,0.25,17,Canal,14.49,2147.13,7777.98
F04680,Haryana,mothbeans,Kharif,1.67,22,Sprinkler,20.01,1434.43,47933.92
F00268,Punjab,cotton,Zaid,3.54,17,Canal,18.98,2755.24,185122.37
F01105,Punjab,rice,Kharif,3.65,23,Rain-fed,13.66,2440.64,121687.87
F01936,Andhra Pradesh,muskmelon,Zaid,0.85,0,Drip,14.64,1875.85,23343.08
F00387,Maharashtra,mothbeans,Kharif,3.54,26,Sprinkler,22.83,2186.55,176713.04
F03600,Karnataka,banana,Kharif,5.23,18,Sprinkler,32.09,2379.63,399374.97
F03365,Uttar Pradesh,watermelon,Kharif,5.45,21,Borewell,26.76,3178.74,463593.8
F02440,Madhya Pradesh,kidneybeans,Rabi,3.3,9,Sprinkler,14.7,2018.74,97929.08
F04562,Karnataka,apple,Rabi,1.39,29,Borewell,15.98,1180.5,26221.5
F01564,Bihar,coffee,Kharif,11.61,25,Sprinkler,17.46,3149.66,638469.47
F02744,Rajasthan,pigeonpeas,Zaid,4.17,0,Canal,13.88,1621.9,93874.92
F00210,Maharashtra,watermelon,Zaid,5.6,23,Sprinkler,18.58,2888.9,300584.27
F00910,Uttar Pradesh,mungbean,Rabi,2.48,0,Sprinkler,20.92,2302.25,119444.41
F01290,Maharashtra,cotton,Rabi,2.71,13,Drip,8.24,1754.58,39180.47
F03804,Tamil Nadu,watermelon,Zaid,1.81,14,Canal,21.77,2623.47,103374.42
F02956,Rajasthan,pigeonpeas,Rabi,2.34,19,Canal,14.21,1684.37,56007.66
F01843,Karnataka,banana,Zaid,2.2,9,Sprinkler,7.55,840.49,13960.54
F04539,West Bengal,cotton,Kharif,1.42,10,Canal,14.45,1694.44,34768.21
F04735,West Bengal,pigeonpeas,Zaid,6.61,0,Rain-fed,11.68,1783.32,137680.86
F00959,Haryana,pigeonpeas,Kharif,3.51,11,Rain-fed,16.21,2512.32,142943.72
F01794,Haryana,orange,Kharif,3.29,30,Sprinkler,9.57,2303.81,72536.15
F02089,Maharashtra,banana,Kharif,1.57,28,Drip,13.25,1172.86,24398.42
F00332,Punjab,mungbean,Rabi,1.83,15,Sprinkler,13.0,1600.41,38073.75
F02553,Punjab,coffee,Rabi,1.4,10,Sprinkler,23.4,1736.75,56895.93
F02979,Andhra Pradesh,watermelon,Zaid,9.97,17,Drip,14.65,2295.22,335240.98
F03085,Maharashtra,watermelon,Kharif,1.06,9,Sprinkler,12.48,1778.86,23532.18
F01775,West Bengal,lentil,Rabi,1.71,20,Borewell,16.78,4046.98,116123.23
F03091,Punjab,apple,Rabi,1.37,21,Drip,9.44,3671.94,47488.47
F04791,Uttar Pradesh,watermelon,Kharif,3.24,31,Canal,16.05,1665.45,86606.73
F04382,Gujarat,banana,Rabi,1.18,26,Canal,19.39,3210.89,73465.81
F02196,Bihar,grapes,Zaid,3.43,21,Sprinkler,20.14,1905.28,131617.12
F02895,Rajasthan,mungbean,Rabi,2.1,16,Borewell,22.06,1975.66,91524.43
F02764,Punjab,banana,Kharif,1.82,9,Canal,16.41,1763.93,52681.89
F03668,Punjab,kidneybeans,Rabi,2.88,6,Rain-fed,14.68,1957.46,82758.28
F03884,Karnataka,lentil,Rabi,3.04,7,Drip,6.52,1969.36,39034.29
F01367,Haryana,maize,Zaid,0.6,15,Rain-fed,25.44,2358.48,35999.84
F00174,Bihar,orange,Rabi,1.67,29,Rain-fed,12.61,1995.93,42031.69
F03096,Haryana,jute,Zaid,1.55,18,Drip,20.74,1462.46,47013.7
F03625,Tamil Nadu,coffee,Zaid,0.48,14,Canal,14.51,1598.38,11132.4
F02723,West Bengal,pigeonpeas,Rabi,1.29,15,Borewell,19.91,1209.99,31077.26
F01953,Gujarat,muskmelon,Rabi,3.31,0,Canal,12.85,2861.45,121707.48
F02571,West Bengal,orange,Rabi,2.43,21,Borewell,14.71,2167.95,77494.02
F02037,Punjab,coffee,Rabi,3.85,25,Drip,20.74,2772.5,221381.35
F04994,Punjab,grapes,Zaid,2.62,18,Canal,5.43,2917.5,41506.11
F04039,Karnataka,mothbeans,Zaid,9.95,17,Borewell,14.64,1931.06,281293.65
F03230,Madhya Pradesh,watermelon,Rabi,1.12,18,Rain-fed,14.43,1588.67,25675.45
F00001,Andhra Pradesh,kidneybeans,Rabi,3.27,14,Rain-fed,17.37,2050.11,116446.04
F01357,Karnataka,mothbeans,Kharif,0.99,13,Drip,19.64,2531.12,49214.08
F03695,Madhya Pradesh,grapes,Kharif,3.4,7,Rain-fed,22.88,2555.25,198778.01
F03958,Tamil Nadu,mothbeans,Zaid,6.92,15,Canal,13.27,2075.96,190632.09
F03995,Gujarat,pigeonpeas,Kharif,7.36,16,Sprinkler,10.44,1246.03,95742.95
F00397,Bihar,blackgram,Kharif,5.12,30,Canal,16.19,1912.15,158503.47
F03766,Bihar,chickpea,Kharif,0.67,12,Drip,22.23,1855.21,27631.68
F02560,Rajasthan,kidneybeans,Zaid,3.09,16,Borewell,11.87,1574.48,57749.25
F01813,Rajasthan,orange,Rabi,3.19,15,Canal,25.97,2486.49,205991.52
F04880,Uttar Pradesh,banana,Kharif,1.64,8,Drip,21.38,2991.72,104899.28
F05007,Madhya Pradesh,maize,Kharif,3.27,5,Drip,19.64,1444.12,92745.43
F00817,Karnataka,cotton,Kharif,4.6,0,Borewell,18.23,3323.48,278700.39
F01573,West Bengal,coffee,Zaid,2.69,22,Borewell,13.02,2627.35,92019.78
F04017,Rajasthan,pomegranate,Kharif,3.4,8,Sprinkler,15.1,1647.8,84598.05
F01801,Maharashtra,apple,Rabi,0.32,26,Sprinkler,20.65,1846.44,12201.28
F04125,Tamil Nadu,orange,Rabi,0.34,8,Rain-fed,25.72,1014.54,8871.95
F04447,Rajasthan,kidneybeans,Kharif,1.42,23,Sprinkler,17.81,2247.93,56850.6
F04609,Maharashtra,pomegranate,Zaid,1.15,3,Drip,11.65,1220.91,16357.14
F04971,Haryana,papaya,Rabi,1.4,17,Sprinkler,16.55,2724.74,63132.23
F02961,Madhya Pradesh,mango,Kharif,6.27,13,Drip,20.13,1853.05,233882.89
F02644,Bihar,apple,Zaid,3.82,8,Drip,10.93,2231.76,93181.78
F02843,Bihar,coconut,Rabi,0.8,23,Drip,9.37,1704.68,12778.28
F03287,Andhra Pradesh,pomegranate,Kharif,10.01,14,Sprinkler,13.47,1466.48,197732.39
F04913,Uttar Pradesh,kidneybeans,Kharif,2.54,27,Drip,27.83,2776.93,196296.18
F00555,Madhya Pradesh,kidneybeans,Zaid,1.19,13,Sprinkler,19.11,2327.37,52926.49
F01160,Karnataka,mungbean,Zaid,0.51,5,Canal,11.88,2218.81,13443.33
F01214,Punjab,mothbeans,Rabi,3.87,13,Rain-fed,16.65,1159.63,74721.34
F03180,Maharashtra,cotton,Zaid,1.91,0,Borewell,21.55,2011.24,82783.64
F03918,Karnataka,papaya,Zaid,5.62,13,Rain-fed,11.06,1800.35,111904.72
F02510,Haryana,maize,Kharif,2.09,14,Borewell,14.92,1573.1,49053.66
F02842,Haryana,pigeonpeas,Rabi,7.4,8,Rain-fed,25.17,3484.66,649045.8
F00701,Haryana,jute,Kharif,2.41,24,Borewell,21.9,2480.42,130914.09
F04931,Madhya Pradesh,pomegranate,Rabi,1.99,25,Rain-fed,12.94,1459.54,37584.03
F03339,Maharashtra,mungbean,Rabi,1.09,0,Rain-fed,24.53,2437.53,65173.95
F04664,Punjab,coffee,Kharif,1.57,21,Sprinkler,15.0,1968.0,46346.4
F01456,Gujarat,apple,Zaid,4.76,6,Drip,16.58,1482.04,116963.78
F04367,Karnataka,mungbean,Zaid,0.48,22,Sprinkler,15.27,3167.13,23213.8
F04231,Andhra Pradesh,blackgram,Rabi,0.62,29,Drip,14.16,1762.85,15476.41
F03114,Tamil Nadu,pomegranate,Kharif,1.14,10,Borewell,17.22,2477.6,48637.27
F00867,Andhra Pradesh,cotton,Kharif,6.37,23,Sprinkler,15.57,3443.92,341571.09
F01645,West Bengal,papaya,Kharif,3.63,20,Sprinkler,29.54,1774.12,190239.24
F03457,Andhra Pradesh,jute,Kharif,0.45,22,Drip,18.26,3163.0,25990.37
F03066,Uttar Pradesh,pomegranate,Kharif,4.64,7,Canal,2.94,3123.6,42610.9
F02639,Punjab,watermelon,Rabi,1.34,12,Sprinkler,17.85,1027.14,24568.16
F01491,Tamil Nadu,watermelon,Zaid,0.84,17,Drip,14.69,3181.15,39254.12
F03130,Haryana,jute,Zaid,1.4,6,Borewell,17.6,1744.44,42983.0
F00730,Bihar,coffee,Zaid,1.42,3,Rain-fed,22.32,1473.65,46706.45
F02950,Rajasthan,coconut,Rabi,3.02,13,Drip,27.79,763.19,64051.33
F04120,West Bengal,rice,Rabi,5.14,15,Canal,16.83,1629.2,140935.9
F01937,Gujarat,apple,Rabi,2.05,8,Canal,18.49,1985.87,75273.41
F01111,Rajasthan,muskmelon,Rabi,5.51,28,Drip,28.75,1440.64,228215.38
F04406,Bihar,banana,Kharif,1.77,23,Sprinkler,22.99,3507.14,142713.59
F04655,Rajasthan,pomegranate,Zaid,4.72,27,Canal,14.86,2050.66,143831.65
F01186,Punjab,pigeonpeas,Kharif,0.8,8,Rain-fed,16.3,2554.93,33316.29
F02008,Uttar Pradesh,watermelon,Kharif,0.79,2,Rain-fed,18.9,3976.66,59375.51
F00194,Uttar Pradesh,pomegranate,Zaid,2.19,14,Canal,22.41,1891.56,92833.79
F01516,Bihar,mothbeans,Kharif,0.53,30,Rain-fed,15.28,2774.86,22471.93
F00579,Madhya Pradesh,mango,Rabi,2.89,25,Sprinkler,13.91,1080.88,43451.27
F02124,West Bengal,coconut,Rabi,0.91,15,Rain-fed,24.0,3002.78,65580.72
F01430,Karnataka,mango,Kharif,2.19,17,Rain-fed,17.53,2388.24,91686.21
F03909,Rajasthan,banana,Rabi,0.91,11,Borewell,18.66,2503.11,42504.31
F05151,Bihar,watermelon,Rabi,4.67,0,Canal,14.81,2795.67,193356.09
F01847,Rajasthan,blackgram,Rabi,1.65,16,Canal,23.32,3066.61,117997.02
F00132,Bihar,grapes,Kharif,3.59,0,Sprinkler,19.82,1485.55,105702.53
F00179,Karnataka,coffee,Rabi,3.79,1,Drip,8.88,2642.72,88941.27
F04650,Andhra Pradesh,muskmelon,Zaid,2.38,14,Canal,17.24,1596.81,65519.03
F02926,Bihar,watermelon,Zaid,4.93,20,Borewell,22.28,2945.36,323519.52
F03083,Uttar Pradesh,orange,Zaid,2.43,11,Canal,14.29,2689.18,93380.97
F02573,Bihar,rice,Kharif,4.17,21,Rain-fed,35.51,2436.24,360750.38
F02851,Rajasthan,kidneybeans,Zaid,6.29,23,Rain-fed,19.04,2053.48,245928.05
F02074,Haryana,pomegranate,Zaid,9.31,7,Borewell,21.71,2069.32,418251.17
F00659,Madhya Pradesh,apple,Zaid,1.21,16,Rain-fed,23.16,1272.89,35670.96
F01897,Haryana,papaya,Kharif,2.69,27,Borewell,21.89,2248.18,132382.06
F03687,Bihar,pigeonpeas,Rabi,4.22,18,Drip,26.15,1476.21,162904.2
F05129,Madhya Pradesh,coffee,Zaid,3.33,19,Borewell,21.35,2287.8,162652.28
F00343,Rajasthan,jute,Kharif,4.15,29,Sprinkler,24.76,1687.88,173436.42
F04416,Tamil Nadu,rice,Kharif,1.53,20,Drip,21.93,1586.18,53220.94
F00728,Bihar,mango,Zaid,1.43,1,Borewell,16.18,2425.25,56113.98
F04763,Maharashtra,grapes,Rabi,0.89,11,Sprinkler,23.21,2170.43,44834.36
F00977,Maharashtra,grapes,Kharif,5.76,0,Rain-fed,28.87,1883.8,313259.36
F02441,Rajasthan,muskmelon,Zaid,3.37,17,Borewell,21.28,3754.52,269250.15
F03380,Punjab,maize,Rabi,3.18,26,Rain-fed,19.96,2870.89,182223.43
F01929,Bihar,chickpea,Rabi,7.5,11,Canal,16.84,3026.43,382238.11
F02836,Bihar,mango,Kharif,0.86,5,Sprinkler,22.84,2728.31,53590.56
F03651,Madhya Pradesh,lentil,Kharif,1.55,17,Borewell,10.25,2570.08,40832.15
F01300,West Bengal,jute,Kharif,5.86,24,Sprinkler,10.05,1337.87,78791.18
F03251,Gujarat,mothbeans,Kharif,0.25,24,Sprinkler,9.12,1901.34,4335.06
F04784,Haryana,mothbeans,Kharif,4.65,18,Rain-fed,12.76,2421.16,143657.11
F00661,Tamil Nadu,mango,Kharif,0.79,9,Drip,16.44,2101.32,27291.1
F01791,Madhya Pradesh,rice,Zaid,2.0,13,Sprinkler,19.69,2395.13,94320.22
F02597,Uttar Pradesh,pomegranate,Kharif,2.37,39,Rain-fed,18.36,3095.37,134689.45
F04067,Maharashtra,cotton,Rabi,6.09,6,Drip,25.6,2180.28,339914.37
F03244,Tamil Nadu,rice,Kharif,3.01,2,Rain-fed,22.09,2210.15,146954.86
F03833,Haryana,rice,Zaid,2.76,28,Rain-fed,12.96,1648.05,58950.09
F03321,Maharashtra,kidneybeans,Zaid,0.27,9,Rain-fed,22.6,4300.54,26241.9
F03113,Andhra Pradesh,orange,Kharif,3.4,34,Rain-fed,8.17,1244.74,34576.39
F03915,West Bengal,papaya,Kharif,1.82,16,Canal,26.8,1282.17,62539.12
F04131,Karnataka,pomegranate,Rabi,1.2,24,Borewell,20.01,2452.79,58896.39
F01279,Haryana,banana,Rabi,0.72,4,Sprinkler,18.87,1597.64,21706.18
F03341,Gujarat,rice,Zaid,2.71,8,Rain-fed,23.56,2669.84,170462.88
F01622,Karnataka,chickpea,Zaid,0.42,0,Rain-fed,14.72,2643.05,16340.39
F03280,Bihar,mungbean,Rabi,1.23,28,Drip,11.4,2362.33,33124.59
F03257,Karnataka,coffee,Kharif,1.78,8,Sprinkler,18.85,2983.88,100118.13
F00068,Karnataka,papaya,Zaid,6.5,18,Canal,17.83,2036.93,236070.0
F03893,West Bengal,banana,Kharif,1.49,1,Rain-fed,16.52,2749.28,67672.98
F02303,Karnataka,orange,Rabi,2.9,18,Canal,21.68,2040.26,128275.23
F04110,Karnataka,rice,Rabi,2.15,19,Rain-fed,11.11,2963.99,70799.35
F00821,Haryana,pomegranate,Kharif,1.82,26,Sprinkler,21.9,1848.56,73679.9
F01227,Bihar,blackgram,Rabi,2.21,25,Drip,16.05,1440.3,51088.16
F03253,Madhya Pradesh,blackgram,Zaid,2.63,12,Sprinkler,12.89,3813.92,129294.56
F04360,Gujarat,kidneybeans,Zaid,1.96,2,Sprinkler,20.41,1960.52,78427.86
F02655,Uttar Pradesh,jute,Kharif,5.07,12,Canal,17.71,2424.31,217678.07
F02981,Andhra Pradesh,muskmelon,Kharif,1.44,12,Drip,24.29,3107.59,108696.04
F04641,West Bengal,lentil,Zaid,3.36,24,Borewell,19.34,2249.41,146172.06
F04444,Punjab,banana,Kharif,0.73,9,Rain-fed,16.18,924.45,10919.05
F05099,Gujarat,banana,Zaid,1.42,3,Drip,15.05,2652.3,56682.3
F01144,Gujarat,apple,Zaid,3.43,10,Sprinkler,9.0,1972.48,60890.46
F00398,Tamil Nadu,jute,Zaid,0.53,12,Borewell,19.97,2059.54,21798.38
F04185,Karnataka,maize,Rabi,0.98,1,Borewell,22.8,1669.4,37301.07
F04476,Andhra Pradesh,watermelon,Zaid,1.18,1,Drip,21.85,2348.6,60553.95
F02998,Madhya Pradesh,grapes,Kharif,1.05,17,Borewell,22.65,1735.05,41263.83
F01399,Madhya Pradesh,rice,Zaid,0.62,31,Sprinkler,12.2,2471.91,18697.53
F01660,Bihar,cotton,Rabi,1.99,3,Sprinkler,18.9,1563.49,58804.42
F02221,Rajasthan,pigeonpeas,Rabi,0.46,24,Canal,31.4,2956.62,42705.42
F00980,Andhra Pradesh,mothbeans,Kharif,1.55,6,Rain-fed,14.44,1870.08,41856.13
F01299,Andhra Pradesh,kidneybeans,Rabi,3.79,7,Sprinkler,15.88,2466.31,148435.36
F02458,West Bengal,orange,Rabi,3.96,5,Rain-fed,18.49,2792.72,204484.08
F00083,Uttar Pradesh,lentil,Zaid,1.79,3,Borewell,27.14,1710.25,83084.97
F02367,Maharashtra,cotton,Kharif,3.25,28,Canal,15.07,3396.42,166348.16
F02670,Rajasthan,chickpea,Rabi,2.08,13,Borewell,15.84,2087.27,68769.7
F04070,Madhya Pradesh,mothbeans,Rabi,1.75,26,Drip,19.46,2469.92,84113.13
F04307,Tamil Nadu,banana,Zaid,6.0,11,Sprinkler,12.79,2141.85,164365.57
F03015,Maharashtra,mango,Zaid,2.03,24,Borewell,12.83,1510.98,39353.32
F00424,Andhra Pradesh,kidneybeans,Zaid,2.5,5,Rain-fed,26.92,3593.18,241821.01
F05109,Punjab,mothbeans,Kharif,3.9,7,Rain-fed,17.44,1440.3,97963.44
F01905,Karnataka,jute,Rabi,2.32,10,Borewell,16.14,2051.58,76821.0
F05122,Maharashtra,maize,Zaid,4.72,10,Canal,10.63,1807.89,90708.35
F03649,Maharashtra,muskmelon,Rabi,0.44,22,Borewell,22.25,3174.8,31081.29
F04223,Rajasthan,chickpea,Rabi,7.05,1,Borewell,14.52,1887.88,193254.72
F01566,Maharashtra,muskmelon,Rabi,0.82,17,Canal,16.38,1940.05,26057.98
F03653,Haryana,mango,Zaid,2.66,15,Sprinkler,24.04,3015.81,192850.19
F00840,Haryana,mothbeans,Zaid,3.79,20,Sprinkler,3.87,2395.38,35133.76
F00501,West Bengal,orange,Rabi,4.28,0,Borewell,21.93,2455.48,230472.33
F00142,Haryana,orange,Rabi,1.99,9,Sprinkler,14.41,3867.9,110915.51
F01378,Andhra Pradesh,mango,Zaid,2.59,3,Rain-fed,10.28,3106.93,82722.63
F04023,Rajasthan,orange,Kharif,0.61,6,Sprinkler,13.17,1384.66,11123.94
F04982,Haryana,apple,Kharif,1.44,40,Sprinkler,13.36,2077.28,39963.54
F01139,Punjab,lentil,Kharif,0.74,17,Drip,25.03,2840.24,52607.49
F03709,Punjab,watermelon,Kharif,6.81,16,Borewell,15.79,2513.23,270247.37
F04168,Karnataka,pigeonpeas,Rabi,4.24,17,Canal,20.71,1877.9,164899.15
F01788,Maharashtra,rice,Rabi,3.44,14,Sprinkler,18.31,1882.27,118557.41
F04623,Rajasthan,maize,Kharif,3.39,4,Rain-fed,26.43,2312.82,207223.35
F00551,Rajasthan,apple,Zaid,4.82,23,Canal,26.18,1335.32,168500.83
F04762,Punjab,kidneybeans,Kharif,1.37,20,Sprinkler,21.01,2726.83,78488.26
F02020,Andhra Pradesh,jute,Kharif,4.97,18,Sprinkler,5.75,1945.62,55600.96
F00949,Tamil Nadu,banana,Rabi,3.78,21,Drip,24.46,2573.24,237918.68
F05100,Andhra Pradesh,chickpea,Zaid,5.53,9,Borewell,15.5,998.62,85596.71
F00533,Rajasthan,orange,Kharif,1.28,1,Drip,22.08,2692.24,76089.16
F03612,Uttar Pradesh,orange,Rabi,6.0,24,Canal,7.84,2032.09,95589.51
F01830,Uttar Pradesh,grapes,Rabi,1.46,2,Rain-fed,14.53,2492.81,52881.97
F03168,Tamil Nadu,papaya,Zaid,5.69,2,Canal,19.64,1888.11,210999.31
F04600,Karnataka,maize,Kharif,2.72,0,Borewell,21.2,3264.67,188253.93
F04152,Gujarat,jute,Rabi,4.02,7,Drip,13.25,2729.84,145404.93
F01603,Punjab,kidneybeans,Kharif,2.82,9,Drip,13.05,1845.57,67918.82
F02239,Rajasthan,jute,Rabi,2.06,12,Sprinkler,14.99,2102.19,64914.37
F00640,Gujarat,pomegranate,Rabi,8.37,0,Rain-fed,16.28,585.25,79748.27
F05029,Andhra Pradesh,grapes,Zaid,3.61,11,Drip,28.24,1964.76,200300.21
F00968,Haryana,lentil,Rabi,5.25,5,Sprinkler,24.39,3111.77,398454.37
F04410,Uttar Pradesh,kidneybeans,Zaid,4.17,21,Borewell,11.92,2284.09,113533.89
F03258,Gujarat,orange,Kharif,2.87,17,Borewell,18.26,2518.91,132006.5
F01684,Uttar Pradesh,kidneybeans,Rabi,2.41,18,Drip,28.38,2105.95,144038.14
F02249,Bihar,muskmelon,Kharif,3.09,7,Sprinkler,16.66,2347.09,120826.78
F04654,Punjab,mungbean,Rabi,1.66,5,Canal,19.37,2120.81,68192.95
F03634,Maharashtra,lentil,Kharif,3.26,12,Drip,24.35,2331.81,185101.41
F00156,Andhra Pradesh,pomegranate,Rabi,2.27,0,Drip,22.65,2354.9,121078.36
F02700,Gujarat,watermelon,Kharif,2.74,15,Drip,18.23,1974.47,98625.17
F03081,Karnataka,mungbean,Kharif,3.63,27,Drip,17.94,1723.74,112253.74
F01090,Maharashtra,cotton,Rabi,3.4,20,Borewell,15.55,1422.7,75218.15
F02882,Madhya Pradesh,chickpea,Kharif,6.73,7,Drip,20.0,2299.2,309472.32
F04413,Tamil Nadu,maize,Kharif,5.11,0,Rain-fed,13.01,3834.36,254912.47
F00289,Bihar,mothbeans,Zaid,4.73,14,Borewell,20.33,2737.39,263229.89
F00931,Maharashtra,pigeonpeas,Zaid,4.48,12,Borewell,9.14,2582.95,105764.57
F02751,Madhya Pradesh,grapes,Rabi,2.78,4,Sprinkler,6.88,2040.54,39028.18
F02457,Andhra Pradesh,maize,Rabi,8.56,7,Sprinkler,20.04,2227.55,382119.27
F03672,Karnataka,cotton,Zaid,1.25,15,Canal,15.7,2224.11,43648.16
F03873,West Bengal,papaya,Rabi,5.19,8,Sprinkler,20.05,1900.49,197764.04
F05012,Uttar Pradesh,mango,Zaid,2.08,24,Rain-fed,25.33,1544.43,81370.46
F00943,Uttar Pradesh,cotton,Kharif,3.51,1,Drip,13.78,3023.57,146243.43
F04142,Uttar Pradesh,cotton,Rabi,2.18,29,Canal,16.94,2981.81,110115.86
F04852,Uttar Pradesh,pomegranate,Kharif,4.65,4,Sprinkler,27.22,1042.65,131971.34
F01699,Rajasthan,grapes,Zaid,0.92,3,Drip,11.69,1283.45,13803.25
F04900,Uttar Pradesh,watermelon,Kharif,2.07,33,Sprinkler,14.24,2044.87,60276.22
F03211,West Bengal,apple,Zaid,3.95,0,Drip,28.03,2642.25,292545.96
F02719,Karnataka,watermelon,Rabi,1.29,17,Borewell,12.98,2825.27,47306.89
F03399,Madhya Pradesh,coconut,Kharif,3.21,14,Borewell,29.65,1994.68,189846.66
F03338,Punjab,apple,Rabi,2.98,10,Drip,21.68,1834.43,118515.92
F00986,Bihar,apple,Zaid,0.75,0,Sprinkler,28.09,1598.47,33675.77
F03011,Haryana,orange,Zaid,6.41,27,Rain-fed,2.29,2540.64,37293.8
F02373,Punjab,maize,Rabi,0.65,10,Rain-fed,19.58,3666.47,46663.16
F02415,West Bengal,watermelon,Kharif,4.11,4,Canal,19.07,2738.75,214656.93
F04972,Rajasthan,watermelon,Rabi,2.62,2,Sprinkler,28.4,2450.88,182365.08
F00982,Gujarat,coffee,Rabi,4.3,16,Rain-fed,23.55,1794.04,181673.46
F02705,Karnataka,orange,Zaid,2.34,21,Canal,25.64,2418.58,145109.0
F03139,Rajasthan,orange,Rabi,3.83,9,Sprinkler,25.18,1962.45,189257.5
F04796,Punjab,mungbean,Kharif,0.48,23,Canal,26.22,1989.75,25042.2
F03194,Uttar Pradesh,jute,Kharif,1.93,14,Rain-fed,14.6,1877.96,52917.16
F03837,Gujarat,chickpea,Zaid,1.55,12,Drip,17.53,2413.8,65586.57
F04161,Uttar Pradesh,cotton,Zaid,3.33,11,Sprinkler,18.81,2483.95,155587.92
F04136,Bihar,banana,Zaid,6.49,12,Sprinkler,19.88,3637.63,469331.39
F01458,Uttar Pradesh,coffee,Zaid,1.6,0,Canal,15.02,2639.03,63421.17
F01396,Andhra Pradesh,apple,Zaid,3.74,11,Drip,16.13,3033.46,182997.11
F00265,Haryana,blackgram,Kharif,3.93,16,Rain-fed,5.6,2413.79,53122.69
F02599,Punjab,chickpea,Kharif,2.6,21,Sprinkler,17.24,1666.03,74678.13
F00930,Punjab,pomegranate,Rabi,2.67,17,Canal,16.76,1403.99,62827.43
F04627,Tamil Nadu,muskmelon,Kharif,1.11,31,Sprinkler,18.11,877.89,17647.43
F03434,Gujarat,blackgram,Rabi,1.77,6,Rain-fed,18.78,2470.13,82108.6
F02179,Uttar Pradesh,pigeonpeas,Kharif,3.53,18,Sprinkler,18.29,2791.36,180220.53
F02923,Rajasthan,lentil,Rabi,1.68,5,Canal,18.36,2532.33,78109.21
F00247,Uttar Pradesh,mungbean,Kharif,1.35,9,Canal,20.74,3189.46,89301.69
F03908,Punjab,mango,Zaid,0.74,5,Sprinkler,13.61,1684.8,16968.29
F01759,West Bengal,maize,Kharif,2.49,11,Drip,13.07,2268.74,73834.56
F05062,West Bengal,kidneybeans,Rabi,2.27,19,Borewell,16.81,1664.37,63510.2
F04846,Gujarat,lentil,Zaid,3.25,17,Canal,19.72,2166.23,138833.68
F00924,Rajasthan,grapes,Kharif,1.37,17,Canal,19.76,2310.84,62557.21
F03299,Gujarat,cotton,Rabi,1.54,16,Canal,14.95,2033.14,46808.98
F00269,Tamil Nadu,banana,Rabi,5.66,24,Drip,12.4,1503.08,105492.17
F00670,Tamil Nadu,orange,Zaid,1.21,12,Borewell,20.85,2446.29,61716.23
F02973,Haryana,papaya,Rabi,1.7,16,Drip,24.45,2516.69,104606.22
F01911,Bihar,papaya,Kharif,0.94,15,Rain-fed,15.61,1954.56,28680.04
F03246,Gujarat,pomegranate,Kharif,1.44,23,Borewell,23.26,2512.67,84160.37
F01153,West Bengal,watermelon,Kharif,1.14,10,Rain-fed,26.31,1616.73,48491.23
F05013,Andhra Pradesh,watermelon,Zaid,7.1,16,Canal,11.19,1241.8,98659.77
F03760,Andhra Pradesh,maize,Kharif,7.45,22,Canal,10.44,1374.01,106867.75
F05186,Karnataka,blackgram,Rabi,6.69,13,Sprinkler,20.35,2647.34,360412.84
F01782,Rajasthan,cotton,Kharif,0.54,0,Canal,8.71,2175.6,10232.72
F02308,Haryana,orange,Rabi,1.93,5,Sprinkler,17.61,2890.29,98233.15
F03708,West Bengal,maize,Rabi,1.57,26,Sprinkler,18.76,3378.67,99512.64
F04191,Tamil Nadu,cotton,Zaid,2.51,10,Rain-fed,5.92,944.2,14030.06
F01916,Tamil Nadu,pigeonpeas,Rabi,4.94,30,Borewell,28.75,582.03,82662.81
F00613,Haryana,orange,Zaid,1.49,20,Drip,15.23,1864.28,42305.55
F02610,Punjab,maize,Zaid,3.68,17,Rain-fed,20.32,2759.86,206375.71
F02268,Punjab,banana,Zaid,0.98,16,Borewell,22.32,954.05,20868.51
F03840,Rajasthan,coffee,Kharif,6.46,3,Rain-fed,14.02,1875.2,169835.36
F01899,Madhya Pradesh,pomegranate,Zaid,7.2,11,Canal,18.35,1752.91,231594.47
F01650,Uttar Pradesh,pomegranate,Zaid,3.1,11,Drip,28.03,2776.56,241263.63
F04454,Maharashtra,kidneybeans,Kharif,2.13,0,Borewell,17.06,3165.39,115023.31
F00259,Rajasthan,chickpea,Rabi,4.86,21,Canal,18.05,2559.1,224491.93
F00848,Andhra Pradesh,grapes,Rabi,0.69,7,Drip,16.52,2361.53,26918.61
F04425,Rajasthan,kidneybeans,Zaid,4.43,18,Canal,16.36,1962.15,142206.43
F01234,Uttar Pradesh,maize,Rabi,1.75,23,Borewell,24.08,2708.87,114151.78
F01128,Madhya Pradesh,cotton,Rabi,3.78,3,Sprinkler,15.07,963.13,54864.32
F02678,Maharashtra,mango,Rabi,3.8,13,Drip,18.56,2403.07,169483.72
F01968,Tamil Nadu,kidneybeans,Kharif,2.11,14,Borewell,13.2,2724.47,75881.94
F00559,Gujarat,coconut,Rabi,2.52,15,Drip,18.86,3307.53,157197.64
F00905,Maharashtra,mango,Kharif,2.24,34,Sprinkler,18.9,1490.96,63121.28
F00485,Andhra Pradesh,mango,Rabi,0.56,12,Sprinkler,12.31,1585.45,10929.46
F02212,Haryana,orange,Zaid,8.44,17,Canal,18.24,2184.81,336341.89
F01321,Bihar,cotton,Rabi,6.78,15,Drip,21.99,2291.44,341635.83
F04419,Uttar Pradesh,muskmelon,Rabi,2.28,1,Drip,14.28,2490.15,81075.3
F00008,Rajasthan,rice,Kharif,3.33,16,Drip,17.13,1983.91,113167.98
F02316,Gujarat,jute,Zaid,8.61,19,Rain-fed,19.13,2484.29,409185.67
F03569,Tamil Nadu,pigeonpeas,Rabi,0.54,10,Drip,17.5,1490.79,14087.97
F03471,Uttar Pradesh,mango,Kharif,9.86,7,Rain-fed,13.78,1493.32,202898.58
F01451,Haryana,pigeonpeas,Kharif,0.72,7,Canal,28.53,2310.1,47453.15
F01202,Tamil Nadu,pomegranate,Zaid,3.35,23,Drip,18.83,3168.55,199873.72
F01815,Tamil Nadu,watermelon,Rabi,0.95,13,Drip,18.57,4023.35,70977.93
F00774,Punjab,kidneybeans,Kharif,4.9,7,Borewell,6.48,1631.06,51789.42
F02275,Tamil Nadu,coffee,Zaid,1.0,11,Rain-fed,17.89,1682.32,30096.7
F01012,Karnataka,lentil,Rabi,2.43,5,Drip,8.19,2407.58,47914.93
F04801,Bihar,blackgram,Kharif,0.53,0,Drip,22.14,2378.91,27914.61
F02657,Andhra Pradesh,jute,Zaid,1.62,15,Rain-fed,22.94,2695.49,100171.96
F01992,Punjab,papaya,Rabi,1.0,24,Rain-fed,17.91,2405.52,43082.86
F01278,Haryana,chickpea,Rabi,1.62,7,Drip,17.74,2650.35,76167.88
F01784,Tamil Nadu,grapes,Zaid,6.6,12,Drip,28.44,2685.77,504129.77
F03626,West Bengal,papaya,Zaid,4.66,16,Canal,21.25,2192.32,217094.49
F00447,Uttar Pradesh,lentil,Rabi,1.71,18,Canal,17.23,2290.46,67484.51
F00881,Uttar Pradesh,pomegranate,Kharif,4.84,20,Sprinkler,23.3,1408.21,158806.66
F04920,Uttar Pradesh,apple,Rabi,1.32,14,Sprinkler,20.93,1182.44,32667.98
F00782,Uttar Pradesh,muskmelon,Kharif,1.57,11,Drip,22.01,2591.58,89553.86
F01750,Madhya Pradesh,kidneybeans,Rabi,5.12,11,Drip,19.22,3227.63,317619.45
F03692,Andhra Pradesh,banana,Zaid,4.93,3,Sprinkler,11.77,2478.08,143793.32
F02821,Haryana,jute,Rabi,3.21,16,Canal,20.45,3264.51,214297.13
F05079,Andhra Pradesh,pigeonpeas,Zaid,1.38,8,Sprinkler,28.06,2577.38,99803.37
F04941,Uttar Pradesh,cotton,Zaid,1.35,9,Rain-fed,5.92,2662.07,21275.26
F00884,Maharashtra,chickpea,Kharif,4.12,21,Sprinkler,7.09,1809.41,52854.31
F02575,Tamil Nadu,mango,Rabi,3.38,22,Sprinkler,12.1,2794.68,114296.82
F01092,Haryana,jute,Kharif,4.68,13,Rain-fed,18.83,669.73,59019.55
F03190,Haryana,orange,Zaid,1.85,24,Canal,25.55,753.44,35613.23
F00532,Tamil Nadu,muskmelon,Kharif,6.37,6,Sprinkler,11.0,1666.49,116770.95
F02755,Andhra Pradesh,grapes,Kharif,2.99,5,Sprinkler,19.62,914.37,53640.42
F04314,West Bengal,jute,Rabi,9.35,19,Sprinkler,24.06,1289.01,289976.98
F03617,Uttar Pradesh,blackgram,Rabi,2.7,17,Rain-fed,16.35,1933.66,85361.42
F04267,Andhra Pradesh,muskmelon,Kharif,4.52,12,Drip,14.61,3540.17,233782.91
F02291,Karnataka,jute,Rabi,1.26,19,Canal,29.03,4083.44,149363.25
F01728,Punjab,muskmelon,Zaid,2.06,11,Canal,14.19,1619.32,47334.99
F00611,Maharashtra,orange,Rabi,2.84,10,Rain-fed,18.22,1178.96,61005.05
F00571,Tamil Nadu,grapes,Kharif,5.89,19,Canal,8.56,1595.37,80436.0
F02900,Maharashtra,maize,Zaid,2.7,19,Canal,25.44,3820.19,262401.21
F05051,Gujarat,mungbean,Kharif,1.4,2,Rain-fed,15.9,1684.02,37486.29
F00344,Uttar Pradesh,rice,Zaid,3.42,7,Sprinkler,22.2,2355.09,178807.85
F03264,Andhra Pradesh,orange,Zaid,4.54,0,Borewell,16.99,1631.12,125815.79
F03419,West Bengal,grapes,Kharif,2.13,26,Drip,24.1,1344.86,69035.7
F00435,Maharashtra,lentil,Kharif,1.51,16,Drip,20.96,3677.93,116405.01
F01904,Rajasthan,grapes,Zaid,5.64,21,Rain-fed,11.56,3572.69,232933.67
F00098,Haryana,muskmelon,Kharif,2.34,27,Borewell,29.54,2842.12,196457.57
F04807,West Bengal,muskmelon,Kharif,2.48,19,Drip,17.77,2630.21,115912.3
F02070,West Bengal,coffee,Kharif,4.19,20,Rain-fed,14.97,2555.39,160285.05
F01538,Madhya Pradesh,banana,Zaid,5.52,15,Canal,13.19,2815.83,205017.2
F02789,Bihar,maize,Kharif,2.45,18,Rain-fed,16.81,2965.97,122151.99
F02544,Uttar Pradesh,orange,Rabi,6.94,4,Drip,18.38,2425.01,309327.49
F01518,Tamil Nadu,pigeonpeas,Zaid,1.52,18,Canal,21.11,1544.53,49559.64
F00966,Karnataka,watermelon,Zaid,1.92,7,Rain-fed,17.37,2823.39,94161.19
F04587,Andhra Pradesh,chickpea,Rabi,1.89,0,Drip,18.88,2292.47,81802.67
F00529,Andhra Pradesh,jute,Rabi,1.8,16,Sprinkler,21.38,3297.92,126917.15
F00177,Karnataka,blackgram,Kharif,3.61,20,Canal,23.17,1830.38,153099.76
F03791,Punjab,pigeonpeas,Zaid,1.74,16,Borewell,8.79,2336.8,35740.42
F02760,Bihar,watermelon,Rabi,3.48,13,Sprinkler,13.24,1859.37,85670.84
F04472,Punjab,papaya,Kharif,2.8,31,Rain-fed,12.51,2357.17,82566.95
F00573,Haryana,jute,Zaid,1.59,26,Sprinkler,11.12,1592.84,28162.69
F02496,Maharashtra,pigeonpeas,Rabi,2.59,22,Drip,25.36,3112.2,204416.77
F03818,Uttar Pradesh,kidneybeans,Zaid,4.1,21,Drip,19.84,1733.64,141021.21
F04327,Uttar Pradesh,mango,Zaid,1.14,16,Sprinkler,15.08,3180.28,54672.83
F02671,Madhya Pradesh,mango,Kharif,1.42,14,Rain-fed,21.14,2095.28,62897.79
F02375,Andhra Pradesh,coconut,Zaid,0.9,11,Rain-fed,17.06,1629.57,25020.42
F03495,Madhya Pradesh,papaya,Kharif,5.37,16,Canal,19.34,3459.2,359257.98
F02803,Andhra Pradesh,kidneybeans,Kharif,4.31,11,Rain-fed,20.32,2300.89,201510.11
F02209,Rajasthan,orange,Zaid,3.74,17,Borewell,18.94,2593.94,183743.3
F04711,Haryana,mango,Rabi,3.07,9,Borewell,21.83,3852.16,258164.44
F02993,Uttar Pradesh,chickpea,Zaid,8.41,22,Borewell,10.96,2469.02,227578.46
F00384,Uttar Pradesh,jute,Rabi,1.67,7,Borewell,16.99,2531.83,71836.37
F00853,Maharashtra,lentil,Kharif,2.86,26,Drip,10.1,1471.87,42516.44
F01881,West Bengal,chickpea,Rabi,0.83,20,Borewell,18.5,3537.59,54319.69
F00371,Rajasthan,coconut,Zaid,1.23,7,Rain-fed,17.03,2089.14,43761.01
F02578,Rajasthan,orange,Zaid,0.25,10,Canal,22.04,3114.52,17161.01
F03707,Karnataka,pomegranate,Rabi,4.56,6,Drip,16.4,1602.27,119824.16
F04499,Bihar,pigeonpeas,Kharif,1.14,25,Canal,25.7,3485.88,102129.31
F01106,Uttar Pradesh,mungbean,Kharif,2.44,3,Sprinkler,19.18,1142.83,53483.53
F05083,Maharashtra,watermelon,Rabi,2.41,23,Borewell,23.42,2255.08,127281.68
F02362,Punjab,banana,Kharif,2.3,22,Rain-fed,6.87,2829.42,44707.67
F04190,Uttar Pradesh,mango,Kharif,3.23,9,Drip,20.72,1073.77,71862.7
F01337,West Bengal,papaya,Rabi,2.54,6,Canal,19.98,2932.3,148811.88
F02190,Gujarat,papaya,Zaid,2.21,29,Sprinkler,10.28,2286.4,51944.26
F04851,Haryana,muskmelon,Zaid,0.71,11,Rain-fed,19.25,2219.28,30332.01
F02517,Punjab,blackgram,Kharif,3.14,0,Rain-fed,18.65,1873.35,109705.25
F03620,Rajasthan,chickpea,Zaid,1.39,7,Canal,13.35,2427.02,45037.0
F04150,Rajasthan,apple,Zaid,2.08,14,Rain-fed,26.62,1088.18,60252.09
F05045,Punjab,pomegranate,Rabi,1.0,13,Canal,15.12,1889.78,28573.47
F01172,Uttar Pradesh,pigeonpeas,Kharif,2.37,18,Borewell,24.31,2113.11,121746.2
F02814,Uttar Pradesh,grapes,Kharif,5.25,28,Drip,9.31,2342.15,114478.44
F02925,Madhya Pradesh,coffee,Rabi,1.97,16,Drip,3.79,2499.39,18661.2
F01423,Haryana,apple,Zaid,1.29,16,Borewell,15.01,3442.52,66657.17
F05081,Andhra Pradesh,kidneybeans,Kharif,1.27,10,Sprinkler,23.93,500.0,15195.55
F02877,Rajasthan,mothbeans,Kharif,1.7,11,Canal,14.18,1223.58,29495.62
F04326,Bihar,muskmelon,Zaid,9.18,0,Canal,9.61,2493.24,219953.13
F01465,Tamil Nadu,rice,Rabi,3.13,7,Drip,12.9,1570.05,63393.91
F00875,West Bengal,banana,Kharif,3.0,7,Drip,11.74,2662.18,93761.98
F02298,Gujarat,banana,Rabi,1.17,8,Borewell,11.47,1680.01,22545.57
F02522,West Bengal,pomegranate,Rabi,1.23,10,Rain-fed,19.69,1431.18,34661.32
F04516,Haryana,muskmelon,Rabi,0.26,18,Drip,24.04,2073.85,12962.39
F01252,Tamil Nadu,jute,Zaid,1.88,2,Sprinkler,15.92,923.56,27641.78
F03810,Tamil Nadu,maize,Rabi,4.49,9,Canal,15.12,2590.49,175865.26
F00841,Rajasthan,coconut,Zaid,3.93,10,Drip,12.09,1451.98,68988.94
F03340,Punjab,mothbeans,Zaid,9.45,11,Borewell,19.04,1118.55,201258.46
F00582,Rajasthan,cotton,Kharif,1.02,24,Rain-fed,18.96,1908.86,36915.83
F00205,Punjab,chickpea,Kharif,3.54,12,Rain-fed,20.17,2618.79,186986.32
F01642,Haryana,papaya,Kharif,5.34,2,Rain-fed,14.15,1531.81,115745.1
F02015,Rajasthan,mango,Zaid,3.08,13,Sprinkler,20.39,964.01,60540.98
F00906,Karnataka,mothbeans,Rabi,7.91,0,Borewell,16.85,3192.91,425562.22
F00632,Bihar,mothbeans,Rabi,3.67,29,Borewell,27.85,1462.56,149487.53
F04279,West Bengal,rice,Zaid,0.33,22,Borewell,20.4,1306.46,8795.09
F01975,Haryana,apple,Zaid,1.64,25,Drip,23.25,3807.26,145170.82
F00163,Rajasthan,rice,Rabi,1.38,10,Sprinkler,11.83,2917.88,47635.56
F04183,Tamil Nadu,maize,Rabi,2.3,19,Sprinkler,17.82,722.92,29629.6
F03110,Gujarat,banana,Kharif,3.0,8,Rain-fed,6.31,1415.59,26797.12
F04679,Karnataka,coconut,Rabi,4.09,5,Canal,16.31,1648.67,109979.31
F02693,Haryana,watermelon,Kharif,0.98,22,Rain-fed,26.01,2643.19,67374.38
F00618,Tamil Nadu,mothbeans,Kharif,1.2,13,Drip,26.78,2035.39,65409.29
F00876,Haryana,rice,Kharif,1.33,13,Rain-fed,17.08,1363.43,30972.22
F01432,Rajasthan,papaya,Rabi,4.43,6,Rain-fed,25.45,2248.88,253546.6
F00548,Uttar Pradesh,banana,Rabi,0.58,3,Drip,16.25,1889.66,17810.05
F04642,Uttar Pradesh,coconut,Kharif,7.83,34,Canal,18.48,2212.13,320091.67
F04823,Maharashtra,coffee,Zaid,0.54,15,Sprinkler,22.59,1751.94,21371.22
F04395,Madhya Pradesh,mothbeans,Kharif,4.08,22,Sprinkler,17.88,1709.66,124720.38
F02665,Bihar,watermelon,Kharif,2.47,21,Borewell,26.85,879.05,58298.16
F02894,Tamil Nadu,rice,Zaid,1.14,6,Sprinkler,23.75,1696.69,45937.88
F02690,Madhya Pradesh,muskmelon,Kharif,0.39,18,Borewell,22.44,2868.95,25107.9
F04249,Rajasthan,pomegranate,Zaid,0.96,13,Borewell,29.38,2719.96,76715.93
F01862,Uttar Pradesh,banana,Rabi,1.57,0,Canal,26.76,1856.7,78005.91
F00641,Maharashtra,mango,Kharif,1.6,15,Borewell,15.6,2044.64,51034.21
F03248,Bihar,orange,Rabi,2.49,32,Rain-fed,7.21,1872.49,33616.63
F00638,Madhya Pradesh,lentil,Rabi,7.14,4,Sprinkler,18.51,2176.56,287657.22
F03827,Andhra Pradesh,coconut,Zaid,8.18,15,Borewell,11.13,1601.35,145792.35
F05043,Haryana,mothbeans,Zaid,4.36,14,Borewell,22.81,1711.78,170239.26
F02309,Andhra Pradesh,banana,Kharif,1.77,2,Sprinkler,14.92,2222.09,58681.84
F03247,Haryana,coconut,Kharif,5.31,21,Sprinkler,17.32,2171.01,199666.05
F02097,Madhya Pradesh,orange,Rabi,2.51,21,Borewell,15.86,655.94,26112.05
F03138,Andhra Pradesh,cotton,Rabi,3.88,12,Borewell,13.27,1787.74,92046.44
F03347,Bihar,banana,Zaid,2.59,1,Rain-fed,18.15,2106.17,99007.89
F03998,Maharashtra,maize,Rabi,3.87,17,Sprinkler,22.06,2663.65,227401.66
F03486,West Bengal,pomegranate,Rabi,4.73,5,Rain-fed,23.96,2082.02,235956.99
F00922,Bihar,jute,Zaid,4.4,7,Canal,23.18,2098.42,214022.05
F00547,Haryana,coffee,Zaid,3.86,3,Borewell,17.63,2260.65,153841.3
F03990,Rajasthan,apple,Zaid,1.9,22,Canal,19.99,2434.85,92478.04
F01901,Punjab,chickpea,Zaid,4.05,13,Sprinkler,18.83,2630.83,200631.04
F02029,Bihar,maize,Zaid,4.45,11,Borewell,15.83,2116.28,149078.17
F02302,Haryana,watermelon,Kharif,3.58,6,Borewell,23.71,2630.47,223279.03
F01886,Haryana,chickpea,Kharif,0.96,7,Sprinkler,6.47,2392.78,14862.04
F01643,West Bengal,grapes,Zaid,2.64,5,Rain-fed,13.85,1113.87,40727.54
F04526,Madhya Pradesh,coffee,Zaid,3.98,18,Sprinkler,24.94,2446.01,242793.89
F05005,Bihar,banana,Kharif,5.25,24,Sprinkler,13.02,1386.47,94772.16
F02098,Gujarat,pigeonpeas,Zaid,3.75,17,Rain-fed,9.14,2921.95,100149.84
F04564,Rajasthan,jute,Kharif,1.14,11,Sprinkler,25.75,691.66,20303.68
F04287,Punjab,mango,Rabi,5.81,13,Drip,12.39,1589.21,114400.71
F04678,Maharashtra,grapes,Kharif,1.45,27,Borewell,15.66,1965.35,44627.2
F05166,Madhya Pradesh,pigeonpeas,Zaid,1.68,25,Drip,18.13,1931.1,58818.22
F00837,Maharashtra,watermelon,Rabi,3.21,21,Drip,11.47,1469.55,54106.92
F00602,Maharashtra,grapes,Kharif,4.0,4,Borewell,15.68,1240.13,77780.95
F02185,Andhra Pradesh,watermelon,Kharif,4.97,0,Rain-fed,7.3,3658.14,132720.98
F04146,Haryana,mango,Rabi,3.49,8,Borewell,19.63,1065.08,72967.25
F05068,West Bengal,mungbean,Zaid,4.61,14,Rain-fed,27.19,1696.12,212601.69
F04482,West Bengal,rice,Kharif,1.93,14,Borewell,22.79,1760.68,77442.98
F01583,Tamil Nadu,cotton,Kharif,1.69,12,Canal,14.42,1435.25,34976.76
F04441,Karnataka,coconut,Zaid,3.73,22,Sprinkler,6.83,1391.28,35444.11
F02749,Punjab,papaya,Kharif,16.55,21,Borewell,20.96,2768.73,960439.21
F03414,Uttar Pradesh,papaya,Rabi,2.63,13,Borewell,22.23,1797.53,105092.41
F01071,Tamil Nadu,rice,Rabi,2.0,21,Drip,34.45,1675.99,115475.71
F01776,Maharashtra,coffee,Kharif,10.35,10,Drip,18.39,2412.78,459240.1
F05004,Andhra Pradesh,apple,Kharif,3.25,20,Sprinkler,14.23,1446.53,66898.4
F01284,Tamil Nadu,coconut,Kharif,2.81,17,Canal,24.63,2521.46,174511.0
F03320,Karnataka,apple,Zaid,4.61,3,Sprinkler,15.58,2573.64,184848.6
F04505,Gujarat,pigeonpeas,Kharif,1.36,0,Drip,16.91,1990.29,45771.89
F04948,Rajasthan,lentil,Zaid,1.01,29,Rain-fed,25.36,963.27,24672.81
F01837,Bihar,apple,Kharif,4.27,7,Sprinkler,17.4,1691.51,125675.81
F04415,Haryana,apple,Zaid,1.52,17,Sprinkler,13.49,2665.54,54656.36
F01020,Rajasthan,lentil,Rabi,0.76,13,Drip,15.22,2023.07,23401.26
F03489,Tamil Nadu,grapes,Kharif,1.3,12,Canal,24.21,3441.23,108305.83
F01327,Gujarat,coffee,Zaid,6.73,20,Sprinkler,13.39,1062.49,95745.97
F00476,Bihar,grapes,Kharif,1.88,12,Canal,25.73,2779.01,134427.38
F03753,Bihar,blackgram,Rabi,5.17,12,Sprinkler,11.62,2639.84,158589.44
F01652,Bihar,watermelon,Kharif,5.46,0,Canal,17.93,2868.98,280866.83
F04834,Punjab,grapes,Kharif,1.76,27,Canal,19.57,2552.67,87922.12
F04460,Bihar,chickpea,Kharif,2.94,8,Borewell,22.88,2566.15,172617.73
F02529,Bihar,orange,Zaid,4.79,7,Borewell,30.64,1531.86,224824.35
F02856,Tamil Nadu,mothbeans,Rabi,2.69,9,Sprinkler,26.05,2295.57,160860.92
F02689,West Bengal,mango,Zaid,2.33,3,Rain-fed,29.53,2381.49,163858.18
F02804,Karnataka,mungbean,Zaid,2.85,17,Sprinkler,9.54,3049.35,82908.78
F01374,Tamil Nadu,chickpea,Kharif,4.28,6,Sprinkler,5.56,1270.32,30229.55
F00740,Uttar Pradesh,pomegranate,Rabi,2.15,36,Sprinkler,29.98,1384.18,89220.09
F03938,Haryana,grapes,Zaid,5.17,10,Borewell,17.78,1327.56,122032.77
F02648,Tamil Nadu,orange,Rabi,1.34,0,Drip,12.94,1629.56,28255.92
F00868,Karnataka,blackgram,Kharif,2.82,37,Rain-fed,6.43,1065.13,19313.58
F01141,Maharashtra,pigeonpeas,Zaid,2.01,21,Canal,25.65,1882.64,97062.33
F00998,Madhya Pradesh,watermelon,Rabi,2.82,2,Drip,18.29,2127.73,109743.63
F01338,Rajasthan,kidneybeans,Zaid,2.77,3,Borewell,16.45,2748.16,125224.03
F00542,Madhya Pradesh,coffee,Zaid,2.52,15,Sprinkler,28.56,1769.93,127383.99
F01100,Karnataka,lentil,Zaid,2.46,0,Canal,16.52,3533.25,143588.45
F01133,Haryana,watermelon,Kharif,3.35,17,Drip,22.9,1578.8,121117.64
F05049,Madhya Pradesh,jute,Zaid,5.6,16,Borewell,23.75,2599.46,345728.18
F04517,Bihar,chickpea,Kharif,1.94,10,Borewell,27.06,1859.59,97621.78
F02259,Tamil Nadu,mango,Kharif,2.04,9,Drip,17.33,1577.07,55754.47
F04210,West Bengal,kidneybeans,Zaid,3.33,7,Rain-fed,19.16,1567.58,100015.99
F00060,Maharashtra,coconut,Zaid,4.43,11,Sprinkler,26.46,1314.09,154034.74
F03132,Rajasthan,grapes,Kharif,1.46,9,Rain-fed,15.47,1424.58,32175.85
F01939,West Bengal,jute,Rabi,1.8,14,Canal,31.96,1947.66,112044.98
F03632,West Bengal,lentil,Kharif,1.19,0,Rain-fed,14.17,1034.42,17442.7
F05135,Bihar,kidneybeans,Kharif,4.13,10,Drip,12.04,1512.49,75208.87
F03794,Andhra Pradesh,coffee,Rabi,1.97,17,Borewell,15.24,2769.26,83140.94
F01079,Tamil Nadu,grapes,Kharif,2.25,12,Borewell,22.73,2442.53,124917.09
F03169,Rajasthan,apple,Rabi,3.21,1,Canal,17.09,1486.36,81540.07
F03405,Bihar,blackgram,Zaid,5.49,20,Canal,24.19,2146.18,285019.36
F04439,Punjab,orange,Kharif,3.44,11,Drip,16.57,1385.67,78984.3
F02701,Andhra Pradesh,papaya,Rabi,2.73,9,Drip,8.44,1421.44,32751.68
F00941,Haryana,jute,Zaid,0.81,37,Borewell,16.71,2497.34,33801.75
F01081,West Bengal,maize,Rabi,5.06,24,Canal,10.99,3461.6,192497.5
F00188,Madhya Pradesh,mungbean,Rabi,0.81,1,Drip,19.35,2245.79,35199.39
F02859,Gujarat,mungbean,Zaid,3.69,13,Canal,8.69,1866.58,59853.94
F02086,Uttar Pradesh,orange,Kharif,1.1,19,Sprinkler,17.75,2308.14,45066.43
F02250,Haryana,pigeonpeas,Zaid,6.07,13,Sprinkler,25.49,2018.02,312236.73
F02830,Maharashtra,pomegranate,Rabi,1.03,15,Canal,7.25,1916.17,14309.0
F05088,Maharashtra,maize,Kharif,1.45,15,Canal,13.15,1192.99,22747.34
F02024,Uttar Pradesh,grapes,Kharif,10.25,7,Canal,23.96,1560.16,383159.69
F02911,Uttar Pradesh,apple,Zaid,3.07,20,Borewell,17.98,2571.73,141955.9
F01493,Punjab,mothbeans,Kharif,3.04,18,Rain-fed,15.98,2335.21,113442.63
F04589,Madhya Pradesh,lentil,Rabi,2.29,21,Rain-fed,20.82,2082.54,99290.93
F00227,West Bengal,maize,Rabi,5.34,4,Canal,25.36,2400.8,325122.1
F04577,Rajasthan,apple,Zaid,1.59,14,Canal,20.24,2452.77,78934.06
F02584,Andhra Pradesh,grapes,Rabi,3.33,17,Borewell,10.48,2201.66,76834.41
F01930,Karnataka,mothbeans,Zaid,1.75,11,Drip,19.4,2718.35,92287.98
F04306,Haryana,mothbeans,Kharif,0.45,12,Rain-fed,18.67,2811.04,23616.95
F04673,West Bengal,muskmelon,Rabi,4.92,31,Canal,12.31,2771.47,167854.63
F01405,Karnataka,lentil,Rabi,2.15,0,Canal,16.39,857.68,30223.36
F02180,Maharashtra,apple,Kharif,2.46,24,Sprinkler,15.51,1462.22,55790.42
F00698,Madhya Pradesh,pigeonpeas,Kharif,2.22,0,Borewell,16.11,3735.08,133582.15
F01125,Rajasthan,lentil,Kharif,3.12,15,Rain-fed,28.21,1975.09,173837.94
F03037,Maharashtra,maize,Rabi,2.11,9,Drip,22.1,2593.97,120959.42
F03170,Rajasthan,blackgram,Kharif,6.64,12,Canal,20.95,1207.47,167968.74
F01779,Punjab,grapes,Kharif,0.97,11,Rain-fed,16.11,1896.98,29643.54
F03103,Andhra Pradesh,mothbeans,Rabi,5.09,7,Rain-fed,6.11,2211.03,68762.81
F01038,Tamil Nadu,papaya,Rabi,7.25,15,Drip,22.98,2261.1,376710.57
F04346,Bihar,watermelon,Zaid,1.28,32,Borewell,21.63,3731.49,103311.52
F02257,Rajasthan,pigeonpeas,Kharif,6.04,15,Borewell,24.44,1949.55,287787.89
F05139,Uttar Pradesh,pomegranate,Zaid,1.14,10,Drip,20.46,1041.35,24288.86
F00314,Madhya Pradesh,mango,Kharif,4.77,8,Sprinkler,24.78,2911.16,344100.86
F02282,Haryana,watermelon,Rabi,11.07,0,Drip,17.89,1922.0,380637.3
F02548,Haryana,papaya,Kharif,2.33,0,Canal,12.65,1559.57,45967.55
F01417,Maharashtra,muskmelon,Kharif,1.02,3,Rain-fed,26.66,1641.97,44650.42
F01037,Uttar Pradesh,maize,Zaid,4.31,17,Sprinkler,22.02,2324.71,220629.39
F02160,Rajasthan,mungbean,Zaid,3.01,19,Drip,18.83,1426.68,80861.8
F04334,Maharashtra,grapes,Kharif,4.49,11,Drip,21.08,2145.02,203024.43
F01755,Maharashtra,watermelon,Rabi,1.01,14,Rain-fed,12.59,2558.98,32539.73
F03510,Andhra Pradesh,banana,Zaid,0.5,24,Rain-fed,13.72,2312.04,15860.59
F04196,Punjab,maize,Zaid,2.95,18,Rain-fed,26.37,3147.72,244865.86
F02930,Rajasthan,banana,Kharif,3.9,13,Drip,8.09,1530.01,48273.35
F02521,Madhya Pradesh,papaya,Zaid,3.7,9,Borewell,24.76,1383.5,126745.2
F04386,Gujarat,rice,Rabi,3.78,2,Canal,14.74,2779.09,154843.11
F04083,Haryana,coffee,Zaid,6.47,13,Rain-fed,21.84,500.0,70652.4
F03735,Punjab,orange,Kharif,5.58,14,Canal,22.09,2471.9,304691.83
F01507,Madhya Pradesh,grapes,Rabi,4.82,12,Sprinkler,22.44,3550.13,383984.9
F01924,Gujarat,mungbean,Kharif,2.87,0,Borewell,19.98,792.84,45463.51
F00449,Haryana,blackgram,Zaid,0.91,14,Rain-fed,11.57,2049.86,21582.36
F02651,Tamil Nadu,coconut,Rabi,1.5,27,Rain-fed,15.93,2225.91,53188.12
F02742,Bihar,papaya,Rabi,2.59,11,Borewell,17.87,1173.86,54330.11
F05168,Gujarat,papaya,Zaid,6.62,19,Sprinkler,21.16,2217.29,310596.21
F03608,Tamil Nadu,mothbeans,Zaid,2.76,10,Drip,25.07,2414.1,167039.3
F00362,Tamil Nadu,mungbean,Zaid,2.75,9,Borewell,16.04,3033.47,133806.36
F02184,Haryana,maize,Zaid,2.82,6,Sprinkler,15.18,2250.77,96350.06
F01135,Madhya Pradesh,mothbeans,Rabi,1.58,7,Sprinkler,5.69,1518.24,13649.28
F04507,Andhra Pradesh,pomegranate,Kharif,5.2,0,Borewell,23.95,1479.8,184294.29
F02156,Andhra Pradesh,coconut,Rabi,1.32,2,Borewell,19.04,3177.75,79865.76
F01831,Punjab,watermelon,Zaid,1.75,0,Drip,15.81,1921.63,53166.7
F01054,Madhya Pradesh,orange,Kharif,6.99,0,Drip,6.26,1620.64,70914.99
F02461,Gujarat,mango,Kharif,1.11,19,Drip,18.61,2107.14,43527.4
F00023,Punjab,grapes,Rabi,8.98,0,Drip,26.61,2133.36,509783.01
F02067,Maharashtra,apple,Zaid,4.29,0,Rain-fed,10.84,3358.68,156190.71
F01654,Uttar Pradesh,grapes,Zaid,6.6,11,Drip,11.99,2306.8,182546.31
F02808,West Bengal,jute,Zaid,10.99,23,Canal,18.99,2927.79,611030.07
F03494,Maharashtra,watermelon,Kharif,1.44,11,Drip,24.04,2391.33,82782.11
F03039,Haryana,coffee,Kharif,1.23,14,Drip,18.13,713.25,15905.4
F04236,Bihar,banana,Kharif,3.55,16,Sprinkler,15.85,1857.72,104529.26
F02469,Madhya Pradesh,apple,Zaid,8.03,27,Sprinkler,16.22,1434.55,186845.26
F02326,Haryana,chickpea,Rabi,1.4,29,Rain-fed,28.76,1402.83,56483.55
F00461,Bihar,chickpea,Kharif,8.39,7,Rain-fed,24.17,1359.05,275596.72
F01068,Madhya Pradesh,grapes,Zaid,1.69,5,Drip,10.0,2387.47,40348.24
F00088,Tamil Nadu,kidneybeans,Kharif,5.51,19,Borewell,11.29,1453.1,90394.3
F01431,Andhra Pradesh,pomegranate,Zaid,5.04,7,Sprinkler,18.14,1870.87,171045.41
F04661,Haryana,pigeonpeas,Rabi,1.01,35,Canal,11.22,3158.75,35795.59
F00283,West Bengal,rice,Zaid,2.17,10,Sprinkler,15.76,2165.69,74064.87
F02484,Andhra Pradesh,blackgram,Zaid,0.64,7,Drip,20.13,1918.75,24719.64
F00463,Haryana,maize,Zaid,1.89,17,Drip,33.19,3195.44,200447.08
F00213,Karnataka,jute,Rabi,3.28,0,Canal,25.48,1800.82,150502.45
F02589,Tamil Nadu,papaya,Rabi,1.86,14,Canal,11.4,2014.02,42705.28
F02758,Haryana,papaya,Kharif,1.07,28,Rain-fed,18.28,887.88,17366.58
F02582,Tamil Nadu,muskmelon,Kharif,2.99,7,Canal,9.85,1633.98,48123.16
F01369,Punjab,pigeonpeas,Rabi,2.06,7,Borewell,5.62,2563.26,29675.37
F00235,Maharashtra,mothbeans,Zaid,1.46,10,Sprinkler,20.3,4177.52,123813.34
F03009,Karnataka,maize,Rabi,2.98,19,Canal,10.3,2262.34,69440.26
F00598,Bihar,coffee,Rabi,1.52,21,Canal,27.84,1908.72,80770.92
F04602,Karnataka,banana,Zaid,2.68,3,Canal,17.14,1726.53,79308.5
F02251,Andhra Pradesh,papaya,Zaid,4.71,21,Sprinkler,16.31,2790.71,214382.62
F04234,Haryana,chickpea,Rabi,3.07,8,Canal,11.07,2707.66,92019.55
F02284,Rajasthan,pigeonpeas,Zaid,0.78,21,Sprinkler,21.78,2149.71,36520.13
F00663,Rajasthan,coconut,Rabi,2.13,20,Drip,23.9,1894.47,96441.78
F05162,Haryana,rice,Kharif,5.77,12,Canal,28.59,2186.54,360701.04
F02286,Andhra Pradesh,watermelon,Rabi,3.4,12,Borewell,12.26,2652.26,110556.81
F04908,Karnataka,coconut,Rabi,4.44,13,Sprinkler,15.38,1547.16,105651.22
F05028,Tamil Nadu,mango,Zaid,2.71,15,Drip,18.73,2311.85,117345.58
F02716,Maharashtra,maize,Rabi,8.4,23,Rain-fed,18.96,1792.38,285461.61
F04435,Bihar,lentil,Kharif,4.07,15,Canal,22.83,1984.39,184385.75
F00780,Andhra Pradesh,papaya,Kharif,8.12,22,Sprinkler,29.42,2607.93,623009.44
F04000,Maharashtra,mothbeans,Zaid,2.34,7,Borewell,22.06,2893.4,149358.47
F03677,Karnataka,chickpea,Rabi,6.31,17,Rain-fed,16.12,2415.34,245681.62
F03730,Bihar,banana,Kharif,0.25,8,Canal,10.79,3026.27,8163.36
F04424,Bihar,muskmelon,Zaid,5.6,11,Rain-fed,16.7,2421.36,226445.59
F03480,Maharashtra,rice,Kharif,2.05,18,Borewell,16.46,1614.58,54480.77
F05032,Gujarat,pomegranate,Rabi,4.37,25,Drip,23.12,2179.96,220250.95
F00686,Rajasthan,pomegranate,Kharif,9.0,19,Borewell,23.5,2265.62,479178.63
F04282,Maharashtra,mango,Kharif,1.22,20,Canal,14.77,2639.07,47554.46
F02985,Bihar,papaya,Kharif,1.52,12,Canal,12.71,3065.5,59223.01
F03782,Uttar Pradesh,cotton,Rabi,1.98,30,Drip,11.55,2347.89,53693.9
F02172,Uttar Pradesh,papaya,Rabi,0.95,8,Canal,20.42,2612.0,50670.19
F02896,Karnataka,mothbeans,Zaid,5.94,6,Rain-fed,11.23,2035.18,135759.12
F01851,Karnataka,blackgram,Zaid,3.51,14,Rain-fed,13.51,2368.03,112292.22
F00488,Andhra Pradesh,chickpea,Kharif,4.54,0,Rain-fed,16.16,1805.16,132438.09
F01689,Punjab,muskmelon,Zaid,5.07,19,Rain-fed,21.7,2219.81,244221.28
F02231,Bihar,orange,Kharif,4.7,19,Sprinkler,12.63,3224.65,191418.45
F03553,Punjab,kidneybeans,Kharif,5.87,18,Drip,14.1,2774.93,229672.63
F02321,Uttar Pradesh,pigeonpeas,Rabi,2.98,14,Drip,13.96,2213.58,92086.7
F00783,Rajasthan,chickpea,Rabi,4.05,0,Sprinkler,19.51,1796.12,141921.32
F00522,Uttar Pradesh,mungbean,Rabi,2.08,20,Drip,19.08,2624.62,104161.72
F00523,Andhra Pradesh,lentil,Rabi,0.73,23,Drip,14.25,3097.77,32224.55
F04638,Karnataka,mango,Zaid,2.61,20,Borewell,24.58,2356.87,151202.17
F04194,Maharashtra,watermelon,Kharif,4.43,8,Canal,21.54,2665.91,254387.0
F02399,West Bengal,muskmelon,Rabi,7.65,0,Borewell,23.66,1401.14,253604.94
F02208,Maharashtra,pigeonpeas,Rabi,1.26,3,Borewell,4.02,2003.46,10147.93
F03786,Tamil Nadu,papaya,Kharif,3.33,21,Rain-fed,29.47,2340.67,229701.88
F03865,Andhra Pradesh,mungbean,Rabi,0.88,16,Sprinkler,9.81,2202.63,19014.86
F04949,West Bengal,jute,Rabi,6.07,7,Borewell,14.68,2055.08,183123.25
F03064,Gujarat,coconut,Kharif,1.17,10,Rain-fed,22.47,2153.19,56607.15
F01512,Rajasthan,coffee,Kharif,5.65,16,Borewell,14.71,2405.86,199954.63
F01883,Karnataka,blackgram,Rabi,2.54,13,Canal,30.56,1510.0,117209.82
F00652,Maharashtra,lentil,Rabi,1.17,17,Rain-fed,13.1,1387.13,21260.54
F03027,Gujarat,blackgram,Rabi,0.91,8,Drip,8.19,2089.72,15574.47
F04122,Rajasthan,coconut,Zaid,1.1,0,Canal,19.37,2098.15,44705.28
F00370,Karnataka,lentil,Kharif,1.48,6,Borewell,22.97,1332.57,45301.52
F03932,Uttar Pradesh,pigeonpeas,Zaid,2.14,8,Drip,22.88,2256.68,110494.27
F00119,Madhya Pradesh,kidneybeans,Kharif,8.68,7,Rain-fed,2.0,3092.44,53684.76
F03849,Maharashtra,papaya,Zaid,3.02,14,Drip,12.76,500.0,19267.6
F03304,Tamil Nadu,grapes,Rabi,1.79,0,Rain-fed,16.61,1730.65,51455.51
F02217,Punjab,jute,Rabi,6.46,18,Drip,21.12,663.65,90545.22
F04042,Punjab,rice,Rabi,2.24,11,Drip,22.91,2308.01,118443.38
F01614,Madhya Pradesh,muskmelon,Kharif,8.36,28,Drip,13.96,2206.72,257536.58
F03164,Gujarat,muskmelon,Kharif,1.39,17,Canal,14.9,3170.23,65658.63
F00963,Gujarat,chickpea,Kharif,1.6,25,Sprinkler,27.12,1356.71,58870.36
F02511,Gujarat,maize,Zaid,3.14,7,Borewell,14.05,1703.01,75131.69
F03860,Maharashtra,banana,Zaid,2.63,19,Drip,20.82,1655.43,90645.72
F03065,Haryana,muskmelon,Zaid,2.13,12,Rain-fed,20.8,1720.64,76231.23
F03750,Punjab,watermelon,Kharif,1.54,0,Rain-fed,16.61,4131.67,105685.64
F04198,Andhra Pradesh,blackgram,Kharif,3.36,10,Rain-fed,23.79,2372.27,189625.98
F02416,Madhya Pradesh,coffee,Zaid,0.6,23,Rain-fed,9.73,2070.79,12089.27
F04843,Punjab,jute,Zaid,1.94,4,Drip,8.9,1892.45,32675.04
F04409,Tamil Nadu,maize,Rabi,3.51,13,Borewell,19.3,749.72,50788.28
F02186,Madhya Pradesh,kidneybeans,Zaid,1.15,15,Canal,8.52,2253.6,22080.77
F03063,Punjab,pigeonpeas,Rabi,4.6,9,Drip,14.24,1410.97,92424.18
F02568,Madhya Pradesh,grapes,Rabi,7.13,12,Canal,19.55,1900.15,264864.76
F02038,Andhra Pradesh,kidneybeans,Kharif,0.57,1,Sprinkler,27.45,1429.84,22371.99
F04436,Maharashtra,grapes,Kharif,2.2,8,Borewell,17.58,2799.5,108273.46
F00773,Madhya Pradesh,kidneybeans,Zaid,3.43,14,Drip,20.96,3602.38,258985.18
F01285,Andhra Pradesh,grapes,Rabi,0.63,12,Drip,17.71,2008.91,22414.01
F04788,Haryana,lentil,Rabi,2.5,2,Sprinkler,17.04,1395.46,59446.6
F04930,Uttar Pradesh,banana,Kharif,2.09,18,Borewell,23.75,3228.43,160251.19
F02588,Haryana,mothbeans,Kharif,3.45,13,Borewell,17.88,2117.86,130642.31
F04760,Uttar Pradesh,jute,Rabi,1.99,13,Rain-fed,20.65,3045.15,125135.87
F01415,Rajasthan,chickpea,Zaid,0.78,11,Borewell,9.26,1045.45,7551.08
F01235,Andhra Pradesh,orange,Kharif,5.87,7,Sprinkler,13.19,2459.27,190409.72
F04037,Gujarat,mungbean,Kharif,2.06,3,Sprinkler,27.13,2319.14,129611.63
F00436,Bihar,orange,Rabi,1.47,12,Sprinkler,12.77,2623.66,49251.08
F01675,Madhya Pradesh,jute,Zaid,4.15,31,Sprinkler,17.91,1991.85,148047.24
F00366,Karnataka,blackgram,Zaid,4.11,13,Canal,14.79,2706.22,164502.72
F02875,Rajasthan,mungbean,Kharif,5.36,6,Sprinkler,19.83,2248.95,239038.2
F00232,Punjab,orange,Zaid,3.56,2,Borewell,23.54,2287.07,191661.95
F04442,Bihar,jute,Rabi,4.31,16,Borewell,29.13,1704.97,214059.49
F00148,Madhya Pradesh,mungbean,Zaid,1.04,27,Drip,18.89,2748.43,53994.56
F04579,Haryana,orange,Rabi,2.4,7,Drip,24.1,2914.26,168560.8
F03092,Karnataka,chickpea,Kharif,0.39,14,Canal,17.46,1814.69,12356.95
F00408,Gujarat,maize,Kharif,4.43,0,Rain-fed,14.99,3084.55,204831.7
F02091,Karnataka,banana,Rabi,6.05,15,Borewell,22.21,2259.05,303549.68
F00087,Gujarat,apple,Rabi,0.74,16,Sprinkler,26.85,2230.65,44320.78
F00845,Uttar Pradesh,watermelon,Kharif,2.1,13,Rain-fed,25.58,2179.52,117079.46
F01032,Bihar,mungbean,Rabi,5.04,11,Rain-fed,21.92,3369.38,372238.32
F04868,Andhra Pradesh,grapes,Rabi,0.62,12,Rain-fed,19.34,2428.92,29124.69
F03485,Rajasthan,jute,Zaid,0.78,11,Rain-fed,10.64,3115.05,25852.42
F03133,West Bengal,apple,Rabi,6.73,7,Sprinkler,12.82,3429.36,295880.38
F03517,Bihar,coconut,Zaid,0.25,27,Drip,18.82,2422.87,11399.6
F02629,Andhra Pradesh,pigeonpeas,Kharif,1.73,19,Canal,16.72,3866.24,111833.31
F03317,Madhya Pradesh,blackgram,Kharif,2.48,9,Canal,21.68,2268.3,121958.33
F00856,Gujarat,watermelon,Rabi,2.85,10,Rain-fed,13.8,2397.35,94287.78
F00079,Madhya Pradesh,blackgram,Rabi,4.29,7,Sprinkler,23.45,2276.61,229028.1
F02248,Tamil Nadu,rice,Kharif,1.28,3,Rain-fed,23.35,1872.81,55974.55
F04754,Punjab,papaya,Zaid,8.31,13,Borewell,16.44,1886.02,257661.26
F03980,Andhra Pradesh,cotton,Rabi,2.12,13,Rain-fed,9.34,1893.59,37494.6
F03163,Rajasthan,kidneybeans,Zaid,10.12,12,Rain-fed,17.61,1637.97,291907.88
F03160,West Bengal,mothbeans,Zaid,4.43,19,Drip,7.21,2461.98,78636.38
F02280,West Bengal,coconut,Zaid,10.03,10,Drip,22.72,2367.39,539484.62
F02819,Bihar,mungbean,Kharif,2.5,11,Borewell,8.8,3508.42,77185.24
F04330,Haryana,coffee,Kharif,3.49,10,Drip,13.88,1817.82,88057.38
F04212,West Bengal,mango,Kharif,5.26,17,Canal,15.9,2153.15,180076.55
F03906,Andhra Pradesh,pomegranate,Rabi,3.21,5,Drip,21.17,1471.53,99998.85
F02177,Andhra Pradesh,maize,Kharif,2.16,9,Borewell,17.11,2770.81,102402.49
F00425,Karnataka,chickpea,Rabi,0.96,20,Sprinkler,15.68,2068.66,31139.13
F00393,West Bengal,coffee,Rabi,2.22,4,Rain-fed,23.04,2408.8,123207.23
F04918,West Bengal,grapes,Kharif,0.86,23,Sprinkler,25.74,1760.61,38973.57
F03719,Punjab,watermelon,Rabi,1.04,11,Sprinkler,13.33,2341.71,32463.59
F00105,Gujarat,papaya,Rabi,2.86,6,Sprinkler,16.79,1912.73,91848.15
F02673,Uttar Pradesh,mungbean,Rabi,5.27,2,Rain-fed,11.02,1885.84,109520.91
F04318,Punjab,pigeonpeas,Kharif,8.17,22,Canal,22.22,2168.73,393705.61
F05010,West Bengal,lentil,Rabi,1.67,30,Borewell,30.34,2330.67,118089.92
F03415,Gujarat,grapes,Kharif,0.46,10,Canal,14.61,1926.48,12947.1
F03051,Punjab,pomegranate,Rabi,1.49,12,Sprinkler,10.06,836.95,12545.38
F01949,Uttar Pradesh,muskmelon,Kharif,2.21,8,Borewell,8.37,2954.1,54644.06
F01460,Tamil Nadu,chickpea,Kharif,1.87,20,Canal,16.16,2295.45,69366.66
F03546,Madhya Pradesh,coconut,Rabi,0.84,20,Rain-fed,18.98,2806.71,44747.94
F03045,Punjab,banana,Zaid,2.0,0,Rain-fed,11.81,3070.61,72527.81
F02938,Maharashtra,pigeonpeas,Rabi,0.32,9,Rain-fed,13.3,2356.77,10030.41
F04985,Gujarat,mungbean,Rabi,3.48,11,Borewell,11.83,3349.36,137887.79
F01588,Uttar Pradesh,papaya,Rabi,2.95,14,Sprinkler,19.68,1079.4,62665.65
F03983,Maharashtra,pomegranate,Kharif,0.25,21,Sprinkler,17.84,3156.92,14079.86
F01732,Tamil Nadu,coffee,Zaid,2.97,15,Canal,25.67,2347.9,179003.66
F04959,Uttar Pradesh,maize,Rabi,4.2,10,Borewell,17.25,2267.18,164257.19
F04040,Madhya Pradesh,rice,Kharif,1.4,0,Drip,19.95,2764.07,77200.48
F04006,Rajasthan,grapes,Kharif,1.91,20,Rain-fed,22.56,2762.08,119016.92
F01792,Uttar Pradesh,orange,Zaid,2.55,3,Canal,14.66,2321.22,86774.17
F02356,Andhra Pradesh,chickpea,Kharif,1.01,13,Drip,11.96,3172.4,38321.32
F01941,Rajasthan,orange,Zaid,0.51,25,Rain-fed,11.11,3050.75,17285.85
F00703,Punjab,rice,Zaid,5.37,17,Borewell,19.0,2893.23,295196.26
F02443,Tamil Nadu,blackgram,Kharif,3.4,17,Borewell,11.29,2177.96,83603.17
F03152,Karnataka,banana,Zaid,3.62,27,Canal,11.28,2496.66,101947.62
F00497,Gujarat,mungbean,Zaid,5.04,30,Borewell,15.4,2125.78,164994.54
F00465,Tamil Nadu,mango,Rabi,1.02,10,Borewell,17.85,2748.92,50049.59
F02917,Madhya Pradesh,jute,Rabi,3.65,6,Borewell,19.92,2771.98,201545.12
F04509,Tamil Nadu,grapes,Rabi,4.28,10,Drip,16.01,2258.9,154786.15
F00173,Rajasthan,rice,Zaid,2.53,19,Borewell,24.14,3002.89,183399.1
F03605,Karnataka,grapes,Kharif,6.45,0,Rain-fed,21.03,2638.49,357894.02
F04992,Madhya Pradesh,mothbeans,Zaid,1.9,19,Canal,27.86,2189.28,115887.35
F02541,Punjab,rice,Kharif,1.68,9,Canal,33.34,2340.54,131096.45
F03551,Maharashtra,chickpea,Kharif,3.3,28,Drip,13.9,3375.59,154838.31
F03205,Gujarat,mothbeans,Kharif,4.32,3,Rain-fed,19.14,3551.54,293658.37
F02261,Punjab,chickpea,Rabi,1.83,26,Drip,28.61,2593.66,135794.44
F02113,Andhra Pradesh,grapes,Kharif,1.22,16,Sprinkler,8.45,3199.62,32984.88
F00901,West Bengal,cotton,Kharif,1.3,18,Drip,16.61,1983.11,42821.29
F01447,Andhra Pradesh,muskmelon,Rabi,2.33,17,Borewell,4.45,1973.69,20464.2
F03890,Punjab,pigeonpeas,Zaid,1.33,14,Rain-fed,13.61,2340.29,42362.29
F02698,Madhya Pradesh,coffee,Kharif,7.21,14,Canal,11.22,1911.22,154610.44
F03077,Gujarat,coconut,Zaid,2.92,10,Canal,20.07,2249.88,131852.87
F00742,West Bengal,muskmelon,Kharif,4.0,24,Borewell,26.95,2465.87,265820.79
F02294,Bihar,chickpea,Kharif,2.62,21,Borewell,24.33,2561.89,163306.65
F02453,Rajasthan,blackgram,Zaid,2.52,21,Canal,12.92,1967.66,64063.86
F02846,Karnataka,rice,Kharif,3.9,0,Borewell,16.6,2146.42,138959.23
F04255,Andhra Pradesh,banana,Kharif,3.56,29,Borewell,18.51,2391.38,157581.42
F01207,Tamil Nadu,coffee,Kharif,3.55,0,Canal,16.77,2166.43,128975.16
F00510,Maharashtra,jute,Rabi,1.07,14,Rain-fed,13.62,1638.62,23880.26
F04429,Rajasthan,maize,Rabi,4.47,23,Sprinkler,20.31,2889.58,262332.54
F02844,Andhra Pradesh,mungbean,Kharif,4.8,19,Borewell,23.11,2424.14,268905.0
F03044,Rajasthan,maize,Zaid,2.45,14,Borewell,19.8,2404.61,116647.63
F03606,Punjab,banana,Kharif,5.28,10,Drip,20.52,1941.05,210304.23
F01550,Gujarat,papaya,Kharif,1.61,0,Drip,18.36,2015.2,59568.51
F03556,Maharashtra,kidneybeans,Rabi,2.7,5,Borewell,16.55,3081.66,137703.98
F02203,Madhya Pradesh,coffee,Zaid,0.61,12,Sprinkler,12.42,1810.36,13715.65
F02567,Tamil Nadu,pigeonpeas,Rabi,4.92,33,Rain-fed,15.1,3261.73,242320.45
F02908,Karnataka,mango,Zaid,0.25,9,Drip,14.31,2209.14,7903.2
F02045,Gujarat,coconut,Rabi,1.03,17,Drip,16.92,2586.04,45068.47
F00768,Rajasthan,banana,Kharif,0.73,2,Canal,2.0,2886.63,4214.48
F05070,Haryana,grapes,Zaid,3.87,8,Borewell,15.63,1365.08,82571.1
F04069,Bihar,coffee,Zaid,4.49,0,Sprinkler,15.88,3074.42,219209.84
F00422,Bihar,blackgram,Rabi,3.66,17,Canal,11.85,2161.92,93764.63
F00124,Rajasthan,banana,Rabi,0.36,0,Borewell,12.63,3475.96,15804.49
F04333,Andhra Pradesh,jute,Kharif,4.05,4,Canal,21.97,1409.33,125400.07
F02852,Gujarat,mothbeans,Rabi,3.46,13,Rain-fed,15.53,1907.15,102478.42
F00820,Madhya Pradesh,jute,Zaid,0.86,6,Borewell,18.47,1887.27,29977.77
F01404,Uttar Pradesh,blackgram,Kharif,1.84,12,Drip,21.11,3040.48,118099.54
F01383,Uttar Pradesh,mothbeans,Zaid,3.41,15,Canal,20.04,2159.39,147564.94
F02149,Andhra Pradesh,mothbeans,Zaid,4.0,15,Sprinkler,15.09,1670.71,100844.06
F04391,Bihar,watermelon,Rabi,2.82,5,Borewell,15.38,2926.56,126929.59
F01576,Gujarat,orange,Rabi,0.25,16,Drip,16.55,1847.58,7644.36
F01639,Punjab,grapes,Kharif,2.62,2,Canal,18.47,2694.77,130403.69
F01796,Tamil Nadu,lentil,Rabi,3.56,18,Rain-fed,20.34,2364.67,171226.7
F05011,Haryana,cotton,Zaid,1.42,8,Rain-fed,5.57,1642.89,12994.27
F04636,Rajasthan,mango,Zaid,4.22,14,Rain-fed,20.34,500.0,42917.4
F00400,Madhya Pradesh,grapes,Rabi,3.23,14,Rain-fed,25.97,2331.45,195569.25
F02311,Karnataka,mothbeans,Rabi,1.57,11,Drip,5.95,1659.28,15500.16
F00883,Madhya Pradesh,apple,Zaid,5.33,0,Rain-fed,27.29,2035.05,296009.62
F05172,Punjab,pigeonpeas,Kharif,0.92,20,Sprinkler,10.63,3072.14,30044.3
F04744,Rajasthan,coconut,Rabi,2.79,17,Rain-fed,8.69,1895.8,45963.86
F01353,Tamil Nadu,muskmelon,Rabi,12.61,10,Borewell,29.88,2945.88,1109968.7
F03426,Bihar,pomegranate,Rabi,2.28,26,Canal,30.06,1442.26,98847.89
F04734,Maharashtra,jute,Zaid,0.38,16,Drip,21.5,1878.78,15349.63
F02131,Madhya Pradesh,chickpea,Rabi,1.57,19,Sprinkler,30.83,1282.34,62069.23
F00983,West Bengal,coffee,Kharif,0.87,24,Rain-fed,19.97,2528.53,43930.43
F00457,Karnataka,pomegranate,Zaid,2.75,2,Canal,15.85,2408.23,104968.73
F05092,Madhya Pradesh,rice,Kharif,11.93,24,Drip,19.15,3136.64,716595.21
F01080,Maharashtra,coffee,Rabi,4.59,0,Sprinkler,19.53,3107.91,278601.44
F01951,Karnataka,pomegranate,Kharif,4.82,9,Borewell,20.03,1139.1,109973.95
F05087,Andhra Pradesh,coconut,Rabi,4.94,5,Drip,18.68,1926.71,177795.26
F00690,Uttar Pradesh,pigeonpeas,Zaid,3.45,6,Canal,20.17,2973.78,206934.94
F02430,Tamil Nadu,pigeonpeas,Rabi,7.31,4,Canal,7.03,1658.31,85219.39
F00642,Haryana,cotton,Rabi,1.59,9,Canal,12.03,2577.78,49307.0
F02393,Uttar Pradesh,pomegranate,Kharif,3.94,16,Sprinkler,13.92,3891.42,213424.15
F02826,Haryana,mungbean,Rabi,1.87,13,Borewell,8.46,2525.17,39948.69
F01954,West Bengal,cotton,Kharif,3.24,15,Sprinkler,19.43,1054.68,66395.48
F02986,Bihar,coffee,Kharif,2.69,4,Rain-fed,20.34,1762.74,96447.61
F04086,Bihar,lentil,Zaid,1.0,0,Drip,8.24,2494.83,20557.4
F03740,Karnataka,rice,Kharif,2.83,11,Drip,20.3,2738.78,157340.17
F02711,Haryana,orange,Kharif,5.63,0,Drip,23.51,1613.55,213571.58
F04127,Madhya Pradesh,lentil,Kharif,2.41,30,Sprinkler,29.58,2667.86,190185.87
F04961,Gujarat,rice,Rabi,2.07,0,Drip,11.79,1972.02,48127.74
F03182,Gujarat,apple,Zaid,2.29,8,Borewell,21.93,2253.31,113160.55
F01885,Punjab,mungbean,Kharif,1.81,23,Rain-fed,16.64,2143.13,64547.65
F04856,Haryana,lentil,Zaid,1.5,12,Rain-fed,18.83,2136.04,60332.45
F00390,Andhra Pradesh,chickpea,Kharif,2.84,9,Borewell,23.03,1555.63,101746.29
F02495,Madhya Pradesh,kidneybeans,Rabi,3.3,30,Borewell,19.07,2281.81,143596.59
F04728,Maharashtra,maize,Zaid,3.18,7,Borewell,20.96,2915.79,194345.57
F04708,Haryana,cotton,Zaid,0.53,8,Drip,14.64,3712.05,28802.54
F00846,Gujarat,coconut,Rabi,0.59,21,Borewell,13.92,1166.32,9578.75
F00543,Bihar,banana,Kharif,3.76,22,Sprinkler,27.76,1465.95,153012.34
F00092,Andhra Pradesh,papaya,Kharif,1.29,13,Sprinkler,21.53,3066.98,85181.38
F04895,Madhya Pradesh,apple,Kharif,7.36,8,Sprinkler,14.73,3034.09,328934.19
F01980,Haryana,coffee,Zaid,1.36,16,Rain-fed,11.81,1467.86,23576.18
F03054,Karnataka,watermelon,Kharif,6.32,22,Rain-fed,16.66,1394.89,146869.64
F04258,Punjab,cotton,Kharif,0.59,13,Borewell,34.33,2397.06,48551.73
F04816,Tamil Nadu,orange,Rabi,0.84,7,Borewell,15.09,1719.15,21791.26
F02530,Tamil Nadu,coconut,Kharif,3.14,10,Drip,15.21,3572.54,170622.37
F01677,Maharashtra,apple,Rabi,5.24,17,Rain-fed,19.37,2092.38,212374.06
F01049,West Bengal,coffee,Kharif,0.27,4,Borewell,12.97,2373.9,8313.16
F01961,Tamil Nadu,papaya,Zaid,3.5,14,Drip,21.03,1903.47,140104.91
F02531,Haryana,mothbeans,Kharif,3.79,22,Drip,24.39,1877.09,173514.63
F03669,Rajasthan,mango,Kharif,0.25,16,Sprinkler,3.85,2790.76,2686.11
F00238,West Bengal,blackgram,Kharif,1.69,6,Borewell,10.39,1962.6,34461.49
F04704,Madhya Pradesh,watermelon,Rabi,1.81,15,Borewell,2.09,2277.56,8615.78
F04907,Rajasthan,pigeonpeas,Zaid,4.83,13,Sprinkler,7.52,1966.82,71438.05
F01134,Punjab,apple,Rabi,1.99,22,Sprinkler,25.76,1348.1,69106.84
F02881,Rajasthan,chickpea,Zaid,2.18,14,Borewell,8.22,1946.25,34876.02
F01806,Tamil Nadu,grapes,Rabi,2.44,5,Canal,12.93,2534.14,79950.09
F04675,Andhra Pradesh,pomegranate,Zaid,1.99,22,Rain-fed,20.45,2248.16,91490.0
F00164,Gujarat,coffee,Rabi,3.79,9,Rain-fed,18.11,1823.77,125177.92
F03802,Madhya Pradesh,pomegranate,Zaid,0.61,8,Drip,14.05,1973.86,16916.97
F04953,Madhya Pradesh,mango,Rabi,2.75,6,Borewell,15.34,1885.65,79546.15
F04901,Punjab,coconut,Rabi,4.4,7,Sprinkler,5.63,2633.81,65244.74
F03639,Haryana,jute,Zaid,1.27,10,Drip,13.64,3054.78,52917.34
F03758,Maharashtra,banana,Kharif,8.8,25,Sprinkler,18.51,1881.85,306530.78
F03483,Gujarat,watermelon,Kharif,3.65,15,Drip,22.38,2039.59,166607.99
F03957,Haryana,pomegranate,Rabi,4.77,4,Drip,21.64,1631.75,168433.8
F02002,Karnataka,kidneybeans,Kharif,11.35,21,Borewell,24.37,2134.31,590349.08
F01812,Uttar Pradesh,grapes,Rabi,4.01,10,Drip,20.11,1688.73,136181.04
F03387,Uttar Pradesh,watermelon,Zaid,4.22,15,Rain-fed,18.29,2761.43,213137.66
F02907,Punjab,banana,Kharif,1.7,6,Canal,14.88,1979.26,50067.36
F03429,Rajasthan,rice,Rabi,8.12,11,Borewell,13.08,2412.32,256211.54
F01429,Uttar Pradesh,mungbean,Zaid,5.23,13,Rain-fed,15.51,2748.39,222941.98
F03933,West Bengal,mango,Kharif,3.18,11,Sprinkler,15.63,2598.72,129165.22
F04473,Karnataka,pigeonpeas,Rabi,1.94,14,Sprinkler,10.99,2436.68,51951.48
F03700,Haryana,lentil,Zaid,2.9,12,Canal,21.73,1773.11,111736.07
F04644,Rajasthan,muskmelon,Rabi,1.85,0,Canal,25.17,2870.22,133650.36
F04838,West Bengal,maize,Zaid,2.34,15,Sprinkler,24.42,2694.84,153990.7
F04631,Rajasthan,maize,Rabi,4.69,7,Borewell,11.3,1547.07,81990.07
F01453,Gujarat,pomegranate,Kharif,0.88,15,Rain-fed,6.06,2424.79,12930.92
F00594,Rajasthan,pigeonpeas,Zaid,3.61,10,Drip,20.64,2037.36,151804.51
F02726,Karnataka,coconut,Kharif,5.09,19,Borewell,16.35,2424.41,201763.04
F00042,West Bengal,coconut,Zaid,0.76,10,Sprinkler,29.36,4117.21,91869.78
F00561,Uttar Pradesh,pigeonpeas,Rabi,1.46,20,Canal,22.94,2965.95,99336.78
F03188,Haryana,maize,Kharif,5.02,24,Rain-fed,18.49,2618.31,243031.01
F04199,Uttar Pradesh,coffee,Rabi,5.06,19,Borewell,16.23,3633.07,298361.51
F00244,West Bengal,coffee,Zaid,1.73,8,Sprinkler,18.33,3134.09,99384.81
F01340,Andhra Pradesh,coconut,Zaid,1.77,4,Canal,9.02,3640.26,58118.21
F03356,Haryana,grapes,Zaid,1.32,17,Sprinkler,18.05,2405.75,57319.4
F03216,Madhya Pradesh,coffee,Zaid,2.98,7,Sprinkler,30.69,3228.39,295256.28
F00406,Rajasthan,pomegranate,Zaid,1.77,6,Sprinkler,18.93,2188.14,73316.04
F01443,Punjab,papaya,Kharif,1.11,13,Rain-fed,11.29,1722.37,21584.57
F00262,Andhra Pradesh,apple,Kharif,9.57,4,Rain-fed,19.37,2706.88,501776.78
F03003,Bihar,cotton,Rabi,1.71,4,Rain-fed,14.34,2528.03,61990.83
F01690,Uttar Pradesh,chickpea,Rabi,1.86,14,Drip,21.45,1274.26,50839.15
F01726,Madhya Pradesh,jute,Rabi,2.17,23,Sprinkler,13.78,1141.69,34139.5
F01204,Karnataka,orange,Rabi,2.65,15,Sprinkler,17.42,1327.4,61276.77
F00835,Haryana,apple,Rabi,3.54,26,Canal,21.94,1581.33,122818.11
F01867,Madhya Pradesh,mango,Kharif,1.95,15,Borewell,7.18,2090.79,29273.15
F02497,Bihar,papaya,Rabi,4.61,0,Borewell,14.5,2122.78,141897.23
F03775,Madhya Pradesh,jute,Kharif,2.27,22,Canal,22.67,1568.41,80711.79
F02011,Bihar,maize,Zaid,3.41,9,Canal,13.29,2635.84,119453.37
F05165,Tamil Nadu,watermelon,Kharif,0.39,11,Sprinkler,13.92,2632.23,14289.85
F00341,Bihar,watermelon,Kharif,0.73,6,Borewell,25.49,1253.29,23320.84
F03249,Maharashtra,coconut,Kharif,14.48,22,Rain-fed,4.88,2930.54,207078.99
F01602,Andhra Pradesh,apple,Zaid,17.03,26,Sprinkler,9.26,1718.88,271063.59
F02797,West Bengal,apple,Zaid,1.56,11,Rain-fed,25.58,2455.24,97975.86
F04747,Maharashtra,pigeonpeas,Rabi,1.75,10,Canal,17.74,2034.31,63155.15
F04885,Punjab,rice,Zaid,5.5,8,Borewell,23.42,2173.02,279906.71
F00481,Karnataka,muskmelon,Zaid,1.85,23,Borewell,10.18,1162.52,21893.74
F03067,Maharashtra,mungbean,Zaid,4.5,11,Drip,16.07,2419.82,174989.28
F03845,Tamil Nadu,pigeonpeas,Zaid,4.37,32,Drip,25.35,1947.69,215764.12
F01524,Gujarat,kidneybeans,Rabi,10.14,16,Canal,23.5,2436.62,580622.18
F03698,West Bengal,coffee,Kharif,5.93,26,Sprinkler,17.79,2324.72,245245.64
F04622,Rajasthan,muskmelon,Zaid,0.58,10,Drip,21.14,1969.5,24148.43
F04826,Karnataka,coconut,Rabi,1.05,12,Rain-fed,19.68,1618.22,33438.9
F03316,Karnataka,papaya,Kharif,4.66,4,Drip,21.98,2525.46,258674.79
F00800,Bihar,mungbean,Zaid,6.38,27,Rain-fed,10.41,2054.44,136447.28
F01767,Karnataka,chickpea,Kharif,1.24,17,Borewell,26.83,2808.74,93444.53
F04657,Punjab,apple,Zaid,1.83,19,Rain-fed,6.02,1795.84,19784.05
F02454,Haryana,muskmelon,Kharif,0.51,22,Drip,14.05,1742.03,12482.52
F04790,West Bengal,maize,Rabi,6.2,25,Sprinkler,17.51,1962.92,213098.52
F04248,Rajasthan,lentil,Kharif,3.13,11,Rain-fed,21.61,2931.09,198256.88
F04221,Maharashtra,muskmelon,Kharif,1.26,6,Borewell,28.33,2193.26,78290.17
F04867,West Bengal,pomegranate,Kharif,5.04,14,Borewell,20.9,2168.83,228455.88
F04004,Punjab,mungbean,Kharif,2.69,20,Rain-fed,18.66,1742.43,87461.97
F01272,Punjab,mungbean,Kharif,5.08,13,Borewell,6.63,1760.74,59302.43
F03351,Maharashtra,apple,Zaid,1.96,10,Rain-fed,23.92,2224.98,104314.18
F04685,Bihar,pigeonpeas,Kharif,3.05,11,Borewell,26.71,855.21,69670.11
F04278,Maharashtra,pigeonpeas,Rabi,3.6,18,Borewell,17.98,2361.3,152842.23
F04312,Madhya Pradesh,lentil,Rabi,2.59,14,Sprinkler,14.34,1998.8,74236.63
F00348,Maharashtra,lentil,Rabi,1.07,11,Canal,18.21,2426.94,47288.2
F04158,Punjab,coffee,Rabi,7.47,12,Borewell,20.93,1721.5,269151.53
F04809,Maharashtra,papaya,Rabi,0.58,17,Sprinkler,18.88,2595.91,28426.25
F02563,Haryana,rice,Rabi,1.7,23,Sprinkler,11.84,2443.58,49184.38
F04774,Tamil Nadu,chickpea,Zaid,9.29,14,Canal,25.04,2166.03,503865.36
F01424,Madhya Pradesh,jute,Kharif,3.62,17,Canal,20.79,2053.24,154526.43
F00657,Gujarat,mango,Zaid,2.73,9,Borewell,10.05,1270.18,34849.29
F05136,Tamil Nadu,pigeonpeas,Zaid,8.2,13,Borewell,10.05,500.0,41205.0
F02103,Karnataka,lentil,Kharif,0.95,0,Sprinkler,7.45,2291.28,16216.53
F00633,Bihar,kidneybeans,Zaid,4.42,30,Rain-fed,13.43,3008.28,178573.31
F04671,Bihar,banana,Rabi,2.35,9,Drip,21.19,2988.75,148829.29
F02494,Tamil Nadu,orange,Rabi,5.98,31,Sprinkler,17.71,2644.17,280032.94
F02666,Madhya Pradesh,coffee,Zaid,2.73,6,Sprinkler,19.59,500.0,26740.35
F03948,Tamil Nadu,muskmelon,Kharif,4.2,21,Rain-fed,11.56,2132.01,103513.35
F03986,West Bengal,muskmelon,Zaid,2.46,0,Rain-fed,12.45,2628.2,80493.88
F04707,Punjab,mothbeans,Kharif,3.89,5,Sprinkler,18.81,2790.26,204165.84
F03371,Karnataka,blackgram,Kharif,1.77,21,Rain-fed,6.42,1924.63,21870.34
F04767,Punjab,kidneybeans,Rabi,6.46,14,Sprinkler,7.94,1570.54,80556.77
F02501,Rajasthan,pigeonpeas,Zaid,1.77,13,Drip,10.27,2616.57,47563.75
F01466,Punjab,jute,Zaid,3.76,10,Drip,26.87,1704.25,172182.42
F03076,Bihar,mungbean,Zaid,9.77,22,Sprinkler,11.63,1650.37,187523.46
F00116,Andhra Pradesh,mango,Rabi,1.53,26,Canal,20.52,1576.66,49500.19
F01822,Andhra Pradesh,watermelon,Kharif,2.04,14,Drip,5.35,2982.64,32552.53
F01495,West Bengal,coffee,Kharif,3.11,21,Rain-fed,21.99,1883.53,128812.54
F02402,Madhya Pradesh,muskmelon,Kharif,4.48,24,Canal,10.57,2478.37,117359.74
F01233,Rajasthan,apple,Zaid,3.44,15,Rain-fed,21.43,1073.92,79168.52
F02662,West Bengal,maize,Kharif,2.31,6,Canal,12.83,1370.95,40631.26
F02818,Tamil Nadu,rice,Kharif,3.9,14,Canal,32.86,2578.51,330446.37
F03120,Andhra Pradesh,watermelon,Zaid,5.91,17,Borewell,19.11,3026.88,341856.13
F04757,Maharashtra,orange,Zaid,4.87,14,Drip,8.73,2269.29,96479.09
F01154,Karnataka,coffee,Rabi,2.23,23,Rain-fed,20.52,3014.3,137933.16
F04525,Rajasthan,coconut,Kharif,5.19,2,Canal,18.43,1949.76,186497.86
F00058,Rajasthan,banana,Zaid,1.05,19,Borewell,19.6,2592.24,53348.3
F03699,Punjab,banana,Rabi,2.13,0,Borewell,16.61,2209.28,78162.78
F04463,West Bengal,watermelon,Zaid,1.32,1,Sprinkler,25.55,2333.94,78714.46
F05144,Gujarat,blackgram,Zaid,4.33,1,Canal,10.88,2997.05,141192.22
F01736,Punjab,maize,Kharif,7.11,35,Sprinkler,22.53,2307.42,369621.69
F02824,Punjab,chickpea,Kharif,2.57,16,Borewell,15.43,2558.7,101465.5
F02197,Madhya Pradesh,pigeonpeas,Kharif,5.09,23,Sprinkler,20.89,1470.28,156335.02
F03867,Maharashtra,rice,Zaid,2.48,21,Borewell,23.84,1580.04,93417.02
F02476,Rajasthan,cotton,Zaid,1.94,6,Rain-fed,35.43,2280.15,156724.29
F02565,Tamil Nadu,pomegranate,Kharif,3.88,19,Borewell,8.64,1259.64,42227.16
F03439,Punjab,orange,Kharif,2.52,20,Canal,14.03,1202.21,42504.86
F03214,Haryana,mango,Kharif,3.21,36,Borewell,13.31,2516.6,107521.99
F02609,Rajasthan,pigeonpeas,Rabi,1.47,22,Drip,16.02,2467.88,58117.09
F03979,Tamil Nadu,mungbean,Kharif,4.31,0,Drip,26.01,2643.8,296378.18
F00708,Punjab,pomegranate,Zaid,8.87,22,Sprinkler,15.36,3266.55,445045.22
F04455,Andhra Pradesh,mothbeans,Zaid,4.12,22,Sprinkler,18.11,2066.73,154205.34
F01094,Madhya Pradesh,rice,Rabi,1.12,10,Sprinkler,27.83,2506.2,78117.25
F03876,Rajasthan,chickpea,Zaid,3.89,23,Rain-fed,21.65,2548.8,214656.11
F01377,West Bengal,mothbeans,Rabi,2.26,4,Sprinkler,23.67,2900.74,155172.77
F05112,Haryana,orange,Zaid,0.25,6,Sprinkler,28.34,2554.45,18098.28
F00073,Karnataka,jute,Kharif,1.7,19,Sprinkler,20.46,2239.51,77894.64
F01923,Karnataka,muskmelon,Zaid,3.89,13,Canal,22.08,1580.06,135713.25
F03661,Karnataka,pomegranate,Kharif,6.52,37,Borewell,13.78,2106.97,189301.98
F01765,Uttar Pradesh,watermelon,Zaid,3.98,8,Sprinkler,23.2,3157.58,291558.31
F00744,Bihar,mothbeans,Rabi,3.05,9,Borewell,9.44,2984.32,85924.54
F03126,Andhra Pradesh,mango,Zaid,2.59,21,Rain-fed,14.3,2584.46,95720.65
F01006,Punjab,mango,Zaid,1.24,26,Rain-fed,11.93,2792.96,41316.82
F02669,Punjab,grapes,Rabi,2.26,19,Borewell,21.84,2773.63,136901.94
F01191,Gujarat,apple,Kharif,3.75,0,Borewell,18.9,2028.76,143788.36
F03472,Madhya Pradesh,banana,Kharif,2.86,11,Canal,19.89,2088.11,118782.97
F02602,Maharashtra,grapes,Kharif,0.79,13,Canal,20.86,2520.51,41536.49
F01126,Maharashtra,apple,Kharif,1.55,8,Rain-fed,20.59,2336.6,74571.42
F01242,Andhra Pradesh,grapes,Zaid,3.27,13,Sprinkler,7.53,2694.25,66340.79
F03665,Rajasthan,banana,Kharif,4.6,14,Borewell,11.14,2208.36,113165.2
F04300,Punjab,mango,Rabi,3.45,7,Sprinkler,16.56,821.97,46960.79
F04773,Tamil Nadu,rice,Kharif,4.73,8,Drip,22.58,2283.5,243885.56
F00999,Haryana,grapes,Rabi,3.98,25,Borewell,17.21,3350.2,229474.63
F03690,Madhya Pradesh,lentil,Zaid,3.48,0,Sprinkler,12.98,2978.4,134535.52
F02685,Punjab,chickpea,Zaid,1.19,8,Drip,15.58,1944.05,36043.08
F01578,Tamil Nadu,mungbean,Zaid,6.74,0,Rain-fed,16.56,1838.9,205247.72
F04986,Tamil Nadu,rice,Rabi,7.73,16,Sprinkler,17.14,1624.19,215192.51
F01827,Bihar,rice,Kharif,1.57,23,Rain-fed,16.81,2500.48,65991.92
F03584,Andhra Pradesh,orange,Zaid,1.19,9,Canal,20.48,2334.3,56889.69
F05189,Uttar Pradesh,pomegranate,Zaid,7.92,10,Drip,25.46,3390.42,683655.14
F03889,Andhra Pradesh,mothbeans,Zaid,2.83,30,Drip,22.85,2032.06,131404.18
F00441,West Bengal,lentil,Rabi,1.25,21,Drip,31.85,1458.81,58078.87
F05150,Andhra Pradesh,muskmelon,Kharif,1.13,21,Canal,7.11,1743.46,14007.48
F01101,Gujarat,maize,Kharif,2.76,14,Borewell,17.33,1003.42,47994.38
F02638,Rajasthan,pigeonpeas,Zaid,4.99,8,Rain-fed,14.17,2433.62,172077.13
F03648,Punjab,pomegranate,Zaid,1.94,13,Drip,29.7,2028.0,116849.3
F00650,Tamil Nadu,kidneybeans,Rabi,1.02,6,Drip,17.78,2488.14,45123.91
F01547,Karnataka,apple,Rabi,2.63,13,Rain-fed,18.49,1547.82,75268.47
F03850,Madhya Pradesh,pigeonpeas,Zaid,0.78,4,Canal,13.72,1692.89,18116.63
F03874,Karnataka,papaya,Zaid,4.16,1,Rain-fed,10.7,1362.88,60664.51
F03444,Tamil Nadu,blackgram,Zaid,1.96,24,Borewell,24.06,3893.17,183592.55
F03468,Bihar,maize,Zaid,4.96,9,Canal,19.81,2395.71,235396.71
F04072,Haryana,grapes,Kharif,1.26,16,Canal,20.33,4276.39,109543.15
F00631,Andhra Pradesh,lentil,Rabi,4.49,30,Rain-fed,13.19,2608.89,154506.55
F00673,Gujarat,pomegranate,Rabi,0.59,20,Canal,11.8,2536.93,17662.11
F01250,Maharashtra,coffee,Kharif,0.59,0,Sprinkler,7.5,2101.33,9298.39
F00483,Andhra Pradesh,kidneybeans,Kharif,1.61,8,Drip,8.73,1894.36,26625.8
F01585,Haryana,kidneybeans,Kharif,12.11,27,Borewell,13.01,1290.44,203310.24
F05108,West Bengal,papaya,Zaid,2.8,19,Drip,16.22,2788.89,126660.23
F04813,Andhra Pradesh,pigeonpeas,Rabi,2.59,25,Sprinkler,19.76,2705.98,138487.73
F03308,Maharashtra,orange,Kharif,1.93,17,Canal,22.88,2794.17,123386.08
F01463,Gujarat,chickpea,Rabi,3.22,0,Sprinkler,26.25,1652.19,139651.36
F03041,Tamil Nadu,kidneybeans,Zaid,1.99,19,Rain-fed,14.9,2159.47,64030.44
F04182,West Bengal,orange,Kharif,2.72,8,Canal,17.17,2589.53,120937.27
F03942,West Bengal,rice,Zaid,6.11,10,Rain-fed,9.23,3280.14,184984.48
F05180,Gujarat,kidneybeans,Rabi,3.45,15,Rain-fed,15.42,2228.41,118549.18
F02579,Karnataka,muskmelon,Kharif,1.87,17,Borewell,14.8,2031.04,56211.06
F04113,Maharashtra,coconut,Zaid,2.15,2,Sprinkler,27.19,2389.26,139672.56
F00050,Maharashtra,watermelon,Zaid,4.58,0,Sprinkler,13.53,2958.18,183310.72
F04464,Madhya Pradesh,muskmelon,Rabi,5.36,3,Drip,17.21,2772.88,255785.98
F03327,Madhya Pradesh,rice,Rabi,0.81,11,Sprinkler,14.94,1195.78,14470.61
F00859,Rajasthan,pigeonpeas,Zaid,3.3,28,Sprinkler,15.42,2209.69,112442.29
F01073,Bihar,apple,Kharif,2.97,21,Drip,15.16,3064.91,137998.19
F00720,Karnataka,kidneybeans,Kharif,1.94,3,Drip,21.55,3919.15,163847.9
F03438,Gujarat,papaya,Zaid,2.05,15,Canal,20.05,2097.03,86193.18
F02632,Haryana,watermelon,Zaid,3.39,10,Sprinkler,23.82,1889.82,152602.59
F05071,Tamil Nadu,mango,Kharif,2.55,0,Canal,25.65,1770.15,115781.09
F01661,Haryana,kidneybeans,Zaid,2.69,6,Sprinkler,21.32,2841.82,162980.65
F01657,Punjab,pigeonpeas,Zaid,2.72,28,Canal,29.25,2747.07,218556.89
F02426,Gujarat,muskmelon,Kharif,2.33,11,Sprinkler,22.63,2717.32,143278.58
F03834,Madhya Pradesh,pigeonpeas,Kharif,4.96,0,Rain-fed,24.84,2376.99,292860.38
F04401,Madhya Pradesh,maize,Rabi,3.76,19,Drip,13.41,1765.31,89009.75
F05173,Rajasthan,blackgram,Rabi,1.22,15,Drip,22.48,3468.57,95127.61
F04251,Bihar,pomegranate,Kharif,10.13,19,Sprinkler,20.85,2209.06,466576.67
F03098,Uttar Pradesh,banana,Zaid,2.54,13,Borewell,10.73,3096.5,84392.63
F05041,Gujarat,coconut,Zaid,3.91,22,Canal,22.49,2732.59,240292.76
F04840,Maharashtra,maize,Kharif,6.81,16,Rain-fed,17.5,2940.5,350434.09
F04946,Punjab,orange,Kharif,9.3,7,Sprinkler,17.73,2737.38,451363.85
F02935,Tamil Nadu,muskmelon,Kharif,5.34,13,Drip,18.65,2108.48,209985.63
F04296,Tamil Nadu,jute,Zaid,5.62,14,Borewell,15.44,2917.55,253163.98
F03384,Gujarat,kidneybeans,Zaid,0.94,16,Borewell,13.52,919.51,11685.87
F02607,Punjab,mungbean,Kharif,3.32,8,Drip,14.69,2021.45,98587.73
F01386,Bihar,rice,Rabi,4.07,30,Canal,16.46,2127.02,142493.75
F04870,Rajasthan,mothbeans,Kharif,0.75,13,Sprinkler,23.39,1639.07,28753.39
F01400,Andhra Pradesh,banana,Kharif,0.8,27,Canal,17.03,2292.99,31239.7
F01196,Punjab,kidneybeans,Kharif,1.62,5,Sprinkler,24.74,2668.18,106937.45
F01409,Madhya Pradesh,orange,Zaid,1.9,10,Canal,21.31,2354.09,95314.75
F01846,Bihar,pigeonpeas,Kharif,1.63,7,Borewell,15.07,2990.12,73449.61
F01799,West Bengal,apple,Rabi,4.85,21,Rain-fed,17.56,2726.35,232192.32
F01476,Madhya Pradesh,mango,Kharif,1.59,10,Drip,17.86,1982.4,56295.01
F03502,Punjab,banana,Rabi,1.37,11,Rain-fed,22.91,2078.39,65233.8
F00036,West Bengal,rice,Zaid,1.36,11,Sprinkler,26.26,2583.64,92271.09
F03853,Punjab,mango,Zaid,8.05,17,Sprinkler,29.12,2902.72,680444.01
F02346,Tamil Nadu,lentil,Kharif,4.99,13,Drip,25.14,1253.75,157281.18
F05038,Punjab,banana,Rabi,4.05,6,Borewell,21.0,3144.16,267410.81
F02360,Haryana,banana,Kharif,1.37,0,Borewell,27.42,1844.48,69288.63
F03007,Madhya Pradesh,mungbean,Kharif,0.42,0,Canal,17.54,1847.7,13611.64
F02207,Andhra Pradesh,blackgram,Zaid,0.25,23,Drip,20.55,2367.2,12161.49
F03484,Haryana,pomegranate,Rabi,6.48,24,Sprinkler,22.69,3799.93,558708.27
F04594,Tamil Nadu,mungbean,Rabi,5.12,10,Drip,12.6,1811.97,116893.81
F01287,Haryana,rice,Zaid,1.64,4,Borewell,18.19,2646.11,78937.7
F00350,Haryana,papaya,Zaid,6.84,23,Canal,15.44,2931.09,309551.24
F02138,Karnataka,chickpea,Rabi,1.49,17,Drip,19.01,2213.25,62690.08
F02692,West Bengal,papaya,Rabi,1.47,12,Borewell,16.14,2685.79,63722.52
F03239,Uttar Pradesh,watermelon,Zaid,8.19,16,Rain-fed,17.6,1719.53,247859.93
F03403,Uttar Pradesh,mothbeans,Zaid,2.53,2,Drip,25.09,2604.03,165297.84
F01682,Tamil Nadu,watermelon,Rabi,4.89,0,Sprinkler,13.22,1825.62,118018.67
F04225,Rajasthan,maize,Kharif,0.42,0,Sprinkler,3.22,2005.04,2711.62
F01444,Gujarat,cotton,Zaid,3.02,25,Borewell,20.14,1843.18,112107.37
F04289,Bihar,coffee,Kharif,4.06,14,Sprinkler,2.07,2019.08,16968.75
F01672,Gujarat,blackgram,Rabi,1.77,17,Sprinkler,16.81,1725.06,51326.92
F03208,Haryana,mothbeans,Rabi,1.72,16,Rain-fed,20.49,2425.6,85484.94
F01180,Andhra Pradesh,orange,Kharif,1.02,11,Sprinkler,10.23,759.92,7929.46
F02799,West Bengal,cotton,Kharif,6.04,11,Sprinkler,14.77,1923.62,171607.68
F01693,Punjab,coffee,Zaid,3.17,8,Canal,16.59,2621.7,137875.99
F04154,Andhra Pradesh,mungbean,Zaid,2.03,10,Canal,20.11,2392.44,97667.3
F00373,Bihar,pomegranate,Rabi,3.24,3,Borewell,23.06,2763.84,206498.65
F03056,Andhra Pradesh,mothbeans,Zaid,1.48,12,Borewell,14.72,1892.9,41237.96
F03930,Maharashtra,pomegranate,Rabi,3.79,27,Rain-fed,14.17,1489.39,79986.65
F01917,Rajasthan,coconut,Zaid,3.49,14,Drip,26.09,3047.45,277482.82
F01358,West Bengal,pomegranate,Kharif,3.29,28,Borewell,20.42,1758.55,118142.55
F01826,Bihar,coffee,Kharif,3.26,2,Borewell,16.99,3757.27,208105.42
F00787,Rajasthan,mungbean,Zaid,1.77,18,Drip,27.63,2417.62,118233.95
F00470,Maharashtra,banana,Kharif,1.08,32,Canal,10.63,2786.7,31992.43
F00141,Bihar,cotton,Kharif,1.12,11,Borewell,23.21,2363.14,61430.3
F00789,Gujarat,mungbean,Kharif,1.16,9,Drip,15.63,1877.77,34045.47
F00324,Maharashtra,banana,Zaid,2.04,15,Rain-fed,23.08,1182.52,55676.83
F00051,Karnataka,grapes,Kharif,1.42,0,Sprinkler,13.73,1754.91,34214.78
F00715,Haryana,orange,Rabi,3.15,10,Borewell,14.93,2751.31,129392.73
F04672,Punjab,apple,Rabi,3.54,19,Sprinkler,28.99,2249.39,230842.75
F02841,Andhra Pradesh,blackgram,Zaid,2.24,10,Drip,16.68,2422.67,90518.7
F02447,Gujarat,chickpea,Kharif,1.07,34,Canal,24.68,1038.42,27422.18
F05009,Karnataka,cotton,Kharif,1.81,9,Sprinkler,15.89,2046.64,58863.21
F04601,Rajasthan,lentil,Rabi,0.92,15,Rain-fed,23.92,2519.36,55442.04
F05050,Tamil Nadu,rice,Rabi,3.22,3,Drip,15.35,2555.22,126296.86
F04162,Bihar,mungbean,Zaid,1.14,4,Canal,21.55,2575.75,63278.45
F02667,Punjab,jute,Rabi,2.32,25,Sprinkler,13.33,2829.04,87489.76
F00407,Gujarat,blackgram,Kharif,4.74,11,Borewell,15.19,1801.84,129733.56
F03657,Andhra Pradesh,watermelon,Zaid,1.81,11,Sprinkler,28.88,2350.98,122892.31
F01005,Uttar Pradesh,mothbeans,Rabi,2.41,19,Drip,11.05,1129.46,30078.08
F03270,Uttar Pradesh,blackgram,Kharif,3.29,12,Canal,13.31,2105.9,92217.15
F00891,West Bengal,jute,Zaid,1.25,19,Sprinkler,26.55,2210.52,73361.63
F02412,Tamil Nadu,lentil,Zaid,0.25,25,Sprinkler,9.15,1197.62,2739.56
F02546,Bihar,grapes,Rabi,6.6,11,Drip,24.67,2512.33,409062.6
F03741,Andhra Pradesh,coffee,Kharif,1.38,22,Rain-fed,33.41,1524.05,70267.54
F02391,Andhra Pradesh,banana,Kharif,3.82,30,Rain-fed,16.5,2793.93,176101.41
F04188,West Bengal,lentil,Rabi,1.53,9,Canal,16.36,1559.16,39027.02
F00043,Madhya Pradesh,mothbeans,Zaid,4.25,19,Borewell,17.99,2067.79,158098.05
F02831,Bihar,mango,Zaid,3.44,6,Rain-fed,27.86,2622.29,251316.08
F03602,Rajasthan,cotton,Kharif,6.65,3,Canal,21.56,2868.53,411272.62
F03023,Andhra Pradesh,grapes,Kharif,2.01,19,Sprinkler,14.63,2467.52,72560.63
F00304,Andhra Pradesh,mango,Zaid,2.95,24,Rain-fed,18.74,1786.05,98738.2
F04697,Rajasthan,rice,Kharif,2.59,16,Canal,20.59,2321.41,123796.38
F04079,West Bengal,coconut,Zaid,6.04,19,Borewell,4.59,1283.06,35571.04
F00665,Maharashtra,blackgram,Kharif,7.47,24,Borewell,18.07,2247.14,303325.47
F01178,Tamil Nadu,pomegranate,Zaid,3.73,28,Rain-fed,12.3,1491.12,68411.09
F02677,Uttar Pradesh,mango,Zaid,1.88,17,Sprinkler,23.54,1217.77,53892.65
F01948,Andhra Pradesh,banana,Rabi,1.73,15,Sprinkler,12.88,2429.3,54130.63
F02502,Andhra Pradesh,blackgram,Zaid,2.75,21,Canal,23.93,3019.06,198676.79
F01474,Maharashtra,orange,Kharif,1.65,0,Sprinkler,18.69,3056.12,94246.16
F04951,Haryana,lentil,Kharif,5.23,4,Borewell,18.49,2790.05,269805.37
F03830,Maharashtra,watermelon,Rabi,0.66,24,Drip,20.33,1452.78,19493.11
F02133,West Bengal,watermelon,Zaid,2.67,20,Sprinkler,26.83,809.57,57994.44
F01027,Madhya Pradesh,chickpea,Kharif,2.58,24,Rain-fed,9.12,3155.57,74249.3
F02990,Andhra Pradesh,blackgram,Zaid,3.82,12,Canal,12.68,2545.04,123275.63
F00962,Andhra Pradesh,banana,Zaid,5.97,1,Borewell,26.98,1869.37,301100.55
F02890,Karnataka,rice,Kharif,0.6,23,Canal,11.46,1785.6,12277.79
F03022,Rajasthan,coconut,Rabi,5.84,7,Rain-fed,11.98,2380.68,166559.99
F03016,Maharashtra,cotton,Kharif,0.49,0,Canal,13.19,2021.77,13066.9
F03413,Punjab,kidneybeans,Zaid,3.02,20,Canal,26.74,2572.28,207723.96
F02010,Maharashtra,maize,Kharif,2.46,23,Rain-fed,15.28,2636.95,99119.79
F02150,Punjab,maize,Rabi,3.01,9,Borewell,16.84,2055.51,104190.51
F03616,Punjab,chickpea,Zaid,2.56,25,Rain-fed,13.45,2405.47,82825.14
F02339,Madhya Pradesh,jute,Kharif,1.9,22,Rain-fed,16.79,1624.01,51807.54
F00736,Madhya Pradesh,pomegranate,Zaid,2.36,20,Sprinkler,18.06,1110.5,47331.29
F00305,Andhra Pradesh,mungbean,Zaid,7.09,19,Borewell,20.72,2166.32,318242.81
F01441,Tamil Nadu,chickpea,Zaid,0.72,19,Drip,12.22,2587.99,22770.17
F01497,Tamil Nadu,jute,Kharif,2.32,2,Canal,22.73,1586.8,83677.68
F02653,Rajasthan,watermelon,Zaid,5.51,6,Borewell,25.91,3361.37,479882.96
F02876,Rajasthan,maize,Zaid,4.36,23,Canal,11.44,2725.42,135939.59
F00917,Haryana,jute,Kharif,1.47,20,Borewell,27.49,1815.9,73381.06
F04353,Bihar,chickpea,Kharif,1.37,24,Sprinkler,16.22,2916.27,64803.6
F04050,Maharashtra,banana,Rabi,0.54,23,Sprinkler,20.26,1457.41,15944.65
F04811,Bihar,muskmelon,Kharif,1.85,9,Borewell,14.73,3182.84,86733.98
F04779,Karnataka,pigeonpeas,Rabi,5.44,23,Sprinkler,18.31,2804.2,279316.27
F02773,Tamil Nadu,cotton,Zaid,4.36,8,Canal,23.17,2110.65,213220.4
F01625,Bihar,banana,Rabi,0.98,20,Borewell,15.6,1621.17,24784.45
F04134,Tamil Nadu,rice,Zaid,3.0,0,Borewell,25.04,2399.07,180218.14
F00822,Uttar Pradesh,pomegranate,Rabi,1.78,7,Canal,15.81,2269.19,63859.09
F03592,Rajasthan,muskmelon,Rabi,5.99,5,Sprinkler,11.09,1973.98,131129.71
F01355,Rajasthan,papaya,Rabi,4.25,25,Drip,15.84,2755.8,185520.46
F04681,Bihar,watermelon,Kharif,0.44,12,Borewell,14.21,1508.74,9433.25
F00851,Haryana,banana,Kharif,2.05,11,Rain-fed,5.71,1808.54,21169.86
F01001,West Bengal,banana,Kharif,0.43,0,Borewell,14.67,1811.87,11429.46
F03679,Andhra Pradesh,grapes,Rabi,2.52,12,Borewell,23.76,2917.86,174707.45
F00019,Rajasthan,grapes,Zaid,9.48,6,Borewell,19.83,2178.0,409438.74
F01638,Karnataka,mothbeans,Rabi,1.16,14,Drip,13.89,1306.6,21052.46
F01668,Punjab,coffee,Kharif,5.19,6,Sprinkler,22.91,1149.64,136695.53
F00494,Haryana,pigeonpeas,Rabi,1.43,11,Borewell,27.74,2016.12,79975.85
F03174,Uttar Pradesh,grapes,Zaid,3.02,21,Canal,4.1,2850.69,35297.24
F01348,Punjab,blackgram,Rabi,1.21,22,Borewell,19.01,1611.8,37074.78
F03019,Tamil Nadu,kidneybeans,Rabi,1.52,18,Drip,18.53,1785.16,50280.1
F04057,West Bengal,mango,Kharif,1.22,5,Borewell,24.9,1467.04,44565.74
F03231,Punjab,mungbean,Kharif,2.38,20,Borewell,18.22,1435.47,62247.15
F03544,Gujarat,banana,Kharif,1.26,29,Borewell,16.47,2019.94,41918.2
F03934,Maharashtra,coconut,Rabi,1.03,5,Sprinkler,18.4,1591.03,30153.2
F03790,Uttar Pradesh,grapes,Rabi,4.22,8,Drip,12.2,2779.32,143090.51
F00688,Madhya Pradesh,papaya,Zaid,1.67,4,Canal,15.42,2847.49,73326.85
F04988,Andhra Pradesh,mungbean,Zaid,4.5,25,Drip,18.36,1151.94,95173.28
F03993,Haryana,rice,Zaid,2.24,10,Drip,22.95,2489.71,127991.01
F01609,Bihar,muskmelon,Zaid,2.68,19,Sprinkler,11.42,2088.36,63915.51
F04259,Uttar Pradesh,kidneybeans,Kharif,0.59,8,Borewell,29.44,2670.74,46389.69
F03706,Rajasthan,rice,Rabi,2.92,28,Rain-fed,21.26,1833.51,113822.83
F01010,Haryana,mungbean,Zaid,2.42,19,Drip,18.24,2134.2,94205.3
F02409,West Bengal,pomegranate,Zaid,1.93,15,Drip,29.8,2799.94,161035.75
F01093,Karnataka,rice,Kharif,6.69,12,Borewell,13.58,1311.25,119127.32
F01328,Tamil Nadu,apple,Zaid,2.3,14,Canal,20.78,1948.55,93129.0
F04847,West Bengal,mungbean,Kharif,2.14,0,Sprinkler,16.72,3330.97,119184.77
F01678,Rajasthan,banana,Kharif,2.23,25,Canal,29.43,2237.65,146854.51
F02000,Tamil Nadu,kidneybeans,Kharif,3.1,27,Canal,20.92,1386.99,89949.08
F01311,Uttar Pradesh,maize,Zaid,3.22,17,Drip,19.59,2622.08,165400.28
F03479,West Bengal,cotton,Zaid,3.27,11,Drip,31.61,1698.67,175582.51
F03323,Punjab,cotton,Kharif,2.76,25,Drip,19.17,3148.91,166606.31
F04777,Karnataka,mothbeans,Kharif,5.84,24,Rain-fed,19.05,2959.52,329252.52
F01988,Andhra Pradesh,banana,Zaid,0.82,10,Drip,20.41,2668.26,44656.53
F03971,Uttar Pradesh,mothbeans,Kharif,4.33,17,Sprinkler,18.47,1905.23,152370.96
F00345,West Bengal,mango,Zaid,2.03,20,Sprinkler,21.0,2122.51,90482.6
F04357,Karnataka,coffee,Rabi,3.79,15,Rain-fed,20.97,1517.6,120613.23
F00987,Punjab,mango,Kharif,3.78,17,Borewell,16.44,1109.6,68954.09
F00588,West Bengal,coconut,Zaid,3.37,10,Rain-fed,14.92,1382.54,69514.66
F02792,Bihar,muskmelon,Rabi,2.06,18,Canal,18.81,1113.36,43141.14
F04487,Gujarat,lentil,Rabi,1.95,5,Borewell,12.19,2074.22,49305.25
F03385,Andhra Pradesh,mothbeans,Kharif,1.96,5,Canal,27.38,1755.53,94210.17
F04216,Tamil Nadu,chickpea,Kharif,3.83,2,Rain-fed,7.45,2431.87,69389.76
F03366,Punjab,banana,Zaid,2.09,12,Drip,27.14,3143.31,178296.72
F03835,Punjab,banana,Kharif,1.84,12,Rain-fed,16.38,3772.86,113710.98
F01143,Uttar Pradesh,lentil,Rabi,4.95,18,Rain-fed,16.98,1852.41,155696.91
F02359,Tamil Nadu,coconut,Rabi,3.5,13,Canal,14.6,2674.22,136652.64
F03265,West Bengal,pomegranate,Zaid,4.7,5,Sprinkler,17.82,3532.92,295896.18
F01199,Maharashtra,jute,Kharif,2.95,10,Rain-fed,6.17,797.0,14506.6
F00086,Andhra Pradesh,coffee,Kharif,2.77,15,Sprinkler,21.34,2460.03,145416.8
F01519,Haryana,muskmelon,Rabi,0.99,13,Borewell,14.1,2659.36,37122.01
F00517,Madhya Pradesh,papaya,Rabi,0.94,11,Canal,17.49,2441.57,40140.88
F01382,Rajasthan,orange,Kharif,7.06,23,Canal,19.52,3197.72,440681.63
F02717,Punjab,pigeonpeas,Kharif,4.13,35,Drip,15.53,2834.58,181806.84
F03358,West Bengal,watermelon,Kharif,1.84,7,Rain-fed,30.88,2534.37,144000.88
F01015,Gujarat,cotton,Kharif,4.26,21,Rain-fed,28.43,1612.35,195274.61
F00129,Karnataka,orange,Kharif,4.87,4,Sprinkler,4.8,2323.66,54317.88
F01365,Punjab,maize,Rabi,4.36,28,Rain-fed,28.99,2297.27,290366.66
F05143,West Bengal,kidneybeans,Zaid,0.84,16,Borewell,20.15,2480.89,41991.54
F04204,West Bengal,papaya,Zaid,4.58,9,Rain-fed,17.78,2074.56,168936.4
F03899,Karnataka,muskmelon,Kharif,2.63,11,Canal,26.26,2556.17,176538.81
F00892,Uttar Pradesh,watermelon,Kharif,1.22,18,Rain-fed,2.0,1858.52,4534.79
F02794,Tamil Nadu,muskmelon,Kharif,2.8,10,Drip,16.17,2690.57,121818.25
F04380,Karnataka,chickpea,Kharif,2.95,18,Borewell,27.19,1684.4,135106.57
F01360,Haryana,lentil,Zaid,0.5,14,Canal,17.73,2256.56,20004.4
F00308,Andhra Pradesh,orange,Zaid,3.42,6,Canal,6.57,2021.28,45416.95
F01662,Punjab,rice,Zaid,3.01,10,Canal,18.57,2489.54,139154.58
F02432,West Bengal,lentil,Zaid,1.82,17,Sprinkler,16.38,2252.99,67165.24
F04616,Punjab,orange,Rabi,1.02,10,Drip,18.36,2751.56,51529.01
F01318,West Bengal,lentil,Zaid,3.88,4,Rain-fed,12.03,1976.31,92247.04
F04478,Haryana,pigeonpeas,Zaid,1.37,10,Sprinkler,13.32,1429.81,26091.74
F03250,Gujarat,lentil,Rabi,3.78,15,Rain-fed,16.7,2183.74,137850.77
F02475,Maharashtra,coffee,Zaid,4.2,22,Drip,10.78,2015.67,91261.47
F02543,Madhya Pradesh,apple,Rabi,1.95,4,Rain-fed,23.03,2086.26,93690.81
F05021,Madhya Pradesh,mothbeans,Zaid,0.77,10,Sprinkler,20.05,2114.11,32638.69
F01247,Uttar Pradesh,muskmelon,Zaid,1.77,4,Borewell,10.26,2785.51,50585.42
F03972,Rajasthan,banana,Zaid,3.87,25,Canal,11.15,1972.34,85107.46
F01209,Bihar,pigeonpeas,Kharif,3.9,6,Canal,23.58,1533.67,141039.36
F00217,West Bengal,coffee,Rabi,2.19,13,Sprinkler,19.31,1595.88,67488.01
F04467,West Bengal,jute,Zaid,0.47,6,Drip,14.89,2465.83,17256.62
F03838,Uttar Pradesh,watermelon,Zaid,5.36,2,Drip,15.56,2208.73,184211.62
F01240,Karnataka,muskmelon,Zaid,4.18,11,Sprinkler,11.87,1543.76,76596.12
F02290,Maharashtra,mothbeans,Rabi,4.67,9,Drip,20.37,3481.82,331218.22
F02741,Karnataka,mango,Kharif,3.11,10,Borewell,12.58,3518.96,137675.09
F00276,Madhya Pradesh,muskmelon,Zaid,7.04,13,Sprinkler,14.16,2198.76,219186.47
F00490,Rajasthan,watermelon,Kharif,3.92,0,Borewell,17.17,3088.56,207879.85
F01036,Maharashtra,jute,Kharif,5.39,30,Borewell,20.5,1764.34,194950.75
F01230,Andhra Pradesh,grapes,Zaid,2.83,6,Drip,12.79,1346.33,48731.36
F04769,Rajasthan,lentil,Zaid,0.83,16,Drip,26.95,969.28,21681.34
F01009,Uttar Pradesh,coconut,Zaid,3.72,10,Sprinkler,17.82,1009.01,66887.68
F04898,Uttar Pradesh,mungbean,Kharif,2.76,28,Borewell,17.79,1540.34,75631.31
F03400,Tamil Nadu,coconut,Kharif,0.57,23,Rain-fed,14.93,1837.31,15635.69
F04205,Bihar,orange,Kharif,2.44,10,Borewell,19.54,2313.36,110295.45
F02533,Madhya Pradesh,coconut,Rabi,5.07,13,Rain-fed,24.03,500.55,60983.06
F04340,Punjab,pigeonpeas,Zaid,3.55,20,Drip,20.24,1381.52,99264.98
F01059,Punjab,grapes,Kharif,0.63,11,Drip,19.94,3073.46,38609.42
F02167,Madhya Pradesh,blackgram,Rabi,8.92,5,Canal,17.0,2850.95,432318.06
F04268,Bihar,pigeonpeas,Zaid,2.1,24,Rain-fed,20.45,1880.36,80752.06
F03674,Haryana,blackgram,Zaid,2.97,24,Canal,23.51,1259.5,87944.21
F00282,Bihar,pigeonpeas,Rabi,2.32,16,Canal,17.66,2234.87,91565.31
F03880,Bihar,kidneybeans,Rabi,1.02,15,Rain-fed,20.21,2241.82,46213.33
F01317,Karnataka,pigeonpeas,Rabi,7.08,10,Drip,14.44,3155.71,322624.64
F05177,Maharashtra,pigeonpeas,Zaid,8.33,2,Borewell,17.04,2645.05,375446.86
F00969,Haryana,cotton,Rabi,5.69,19,Sprinkler,20.23,1730.29,199171.43
F03404,Bihar,banana,Rabi,0.76,10,Borewell,10.38,2915.38,22998.85
F01940,Gujarat,watermelon,Zaid,4.78,14,Sprinkler,12.91,2539.65,156721.29
F04934,West Bengal,apple,Kharif,1.53,10,Rain-fed,20.2,1943.42,60063.34
F03829,West Bengal,mothbeans,Rabi,2.15,26,Rain-fed,17.76,1909.01,72893.64
F00620,Maharashtra,jute,Kharif,4.26,20,Canal,8.15,2899.22,100658.02
F04662,Haryana,banana,Zaid,0.47,9,Canal,20.35,2287.62,21879.94
F01743,Punjab,papaya,Rabi,1.0,13,Sprinkler,20.21,2011.34,40649.18
F01391,Uttar Pradesh,coconut,Kharif,5.88,6,Borewell,21.77,2330.55,298328.11
F04243,Tamil Nadu,maize,Rabi,3.72,10,Rain-fed,21.38,3218.82,256004.34
F01848,Andhra Pradesh,blackgram,Rabi,2.09,25,Drip,14.16,500.0,14797.2
F01580,Gujarat,banana,Kharif,0.56,28,Rain-fed,8.27,1573.54,7287.38
F01656,Karnataka,muskmelon,Rabi,3.78,22,Drip,8.05,2504.97,76223.73
F02353,Rajasthan,coconut,Kharif,3.19,19,Drip,20.32,1311.85,85035.17
F02213,Tamil Nadu,jute,Zaid,1.67,17,Rain-fed,17.35,1828.32,52974.66
F03276,Punjab,orange,Zaid,1.15,21,Sprinkler,17.37,3195.98,63841.3
F02021,Gujarat,kidneybeans,Rabi,0.96,0,Drip,19.52,1190.28,22304.89
F05171,Maharashtra,apple,Kharif,1.03,5,Borewell,19.21,2476.34,48997.61
F01957,Andhra Pradesh,orange,Zaid,2.49,9,Borewell,4.55,2427.19,27498.85
F03898,Punjab,lentil,Kharif,2.72,20,Canal,12.18,1304.36,43212.93
F03193,Tamil Nadu,orange,Kharif,1.63,23,Rain-fed,16.05,1348.6,35281.4
F01308,West Bengal,banana,Zaid,3.73,10,Rain-fed,10.51,1321.61,51810.15
F02004,Punjab,banana,Zaid,1.71,11,Sprinkler,9.92,2297.18,38967.52
F04639,Tamil Nadu,mothbeans,Kharif,2.04,14,Rain-fed,28.75,2779.8,163035.27
F00576,Andhra Pradesh,mango,Zaid,3.57,16,Canal,11.99,2066.18,88441.39
F02361,Tamil Nadu,maize,Kharif,2.33,27,Drip,25.18,2477.12,145331.14
F04374,Madhya Pradesh,pomegranate,Zaid,4.66,2,Sprinkler,21.04,609.02,59712.22
F04620,Gujarat,muskmelon,Rabi,1.54,12,Borewell,25.68,1710.73,67654.58
F01707,Tamil Nadu,jute,Zaid,0.25,19,Canal,20.6,3529.71,18178.01
F04074,Punjab,orange,Zaid,1.95,7,Borewell,12.12,1753.01,41430.64
F03348,Gujarat,rice,Kharif,8.82,21,Canal,9.06,2470.9,197447.64
F04954,West Bengal,coffee,Zaid,2.04,10,Borewell,19.75,500.0,20145.0
F01281,Gujarat,maize,Zaid,5.12,18,Sprinkler,20.75,1477.28,156946.23
F00862,Haryana,chickpea,Kharif,5.44,14,Drip,20.91,1922.19,218649.88
F04316,Haryana,mothbeans,Kharif,4.75,9,Sprinkler,24.66,2378.73,278632.54
F01802,Uttar Pradesh,rice,Kharif,4.29,12,Drip,22.1,2560.01,242711.99
F01629,Bihar,grapes,Rabi,1.01,6,Borewell,27.23,3201.62,88051.91
F01994,Andhra Pradesh,coconut,Rabi,3.83,8,Drip,12.43,2218.19,105601.15
F02640,West Bengal,cotton,Kharif,4.69,1,Drip,4.03,2381.1,45004.46
F00270,West Bengal,watermelon,Zaid,3.26,9,Sprinkler,9.73,1749.31,55487.76
F00630,Uttar Pradesh,apple,Zaid,3.54,25,Canal,16.55,2433.58,142576.15
F03082,Tamil Nadu,lentil,Kharif,0.82,0,Sprinkler,19.19,1397.44,21989.84
F02335,Andhra Pradesh,mungbean,Rabi,0.6,14,Rain-fed,19.3,1022.06,11835.45
F02967,West Bengal,coffee,Zaid,4.39,18,Rain-fed,14.55,1851.41,118257.89
F00301,Gujarat,grapes,Kharif,1.3,16,Canal,17.67,1612.77,37046.94
F00460,Uttar Pradesh,rice,Rabi,7.83,15,Rain-fed,17.92,2194.02,307850.84
F01448,Maharashtra,muskmelon,Zaid,2.9,12,Canal,25.9,1647.26,123725.7
F01473,Rajasthan,cotton,Zaid,3.45,24,Sprinkler,15.11,2312.61,120555.2
F02047,Haryana,chickpea,Zaid,2.0,16,Sprinkler,14.23,2394.02,68133.81
F04400,Haryana,muskmelon,Kharif,1.02,19,Canal,26.42,1867.48,50325.6
F05031,Uttar Pradesh,cotton,Zaid,2.64,36,Rain-fed,15.15,2312.73,92499.95
F03642,Tamil Nadu,pomegranate,Rabi,0.25,22,Sprinkler,3.13,1013.48,793.05
F02114,West Bengal,pigeonpeas,Zaid,4.85,24,Canal,17.36,2531.36,213130.39
F00028,Madhya Pradesh,mungbean,Rabi,1.24,9,Canal,16.56,2012.77,41331.02
F02041,Madhya Pradesh,maize,Zaid,0.93,35,Canal,12.13,2278.75,25706.35
F04706,Maharashtra,rice,Kharif,1.84,21,Sprinkler,10.93,2590.07,52089.42
F03870,West Bengal,pomegranate,Kharif,3.87,10,Rain-fed,18.96,2168.36,159103.85
F00838,Karnataka,cotton,Rabi,6.75,22,Drip,8.14,2756.78,151471.28
F00130,Bihar,pomegranate,Zaid,6.43,3,Rain-fed,16.89,1707.08,185393.5
F03666,Uttar Pradesh,blackgram,Zaid,7.75,17,Drip,13.63,1961.91,207241.46
F02009,Andhra Pradesh,muskmelon,Kharif,0.69,11,Rain-fed,9.89,2635.96,17988.05
F05106,Karnataka,maize,Kharif,9.81,10,Sprinkler,23.31,2051.48,469114.19
F00504,Bihar,grapes,Zaid,2.34,5,Sprinkler,24.65,2232.0,128743.99
F03490,Maharashtra,muskmelon,Kharif,3.23,35,Borewell,10.17,3031.72,99589.27
F04479,Maharashtra,orange,Kharif,2.44,30,Borewell,28.11,1368.78,93882.43
F00381,Andhra Pradesh,blackgram,Rabi,0.73,9,Canal,10.56,1871.97,14430.64
F01852,Rajasthan,orange,Kharif,0.57,0,Borewell,18.1,2419.57,24962.7
F01526,Uttar Pradesh,apple,Zaid,0.73,21,Borewell,16.44,3292.69,39516.23
F02366,Haryana,blackgram,Kharif,1.08,27,Borewell,16.84,3159.05,57454.27
F03516,Madhya Pradesh,watermelon,Rabi,11.83,14,Borewell,22.95,1235.04,335311.51
F03053,Maharashtra,pigeonpeas,Zaid,2.79,0,Borewell,23.47,1721.24,112709.03
F02885,Andhra Pradesh,jute,Rabi,5.23,0,Drip,19.13,2165.21,216629.04
F02341,Haryana,chickpea,Rabi,5.68,19,Rain-fed,15.76,1674.41,149887.83
F00375,Punjab,muskmelon,Kharif,0.6,19,Borewell,18.23,2358.35,25795.63
F03549,Haryana,muskmelon,Rabi,2.49,9,Drip,11.19,4064.96,113262.39
F02382,Karnataka,pomegranate,Kharif,2.02,6,Canal,27.71,1571.1,87941.07
F04484,Karnataka,rice,Kharif,3.46,0,Borewell,30.24,2864.25,299687.62
F00940,Rajasthan,mungbean,Rabi,4.25,32,Rain-fed,17.73,2159.51,162724.48
F04987,Maharashtra,coffee,Rabi,3.58,3,Borewell,30.31,2354.96,255536.24
F04140,Andhra Pradesh,chickpea,Rabi,1.28,13,Sprinkler,17.26,2633.67,58185.14
F04336,Tamil Nadu,pomegranate,Kharif,3.42,21,Sprinkler,16.86,1424.01,82110.13
F02800,Andhra Pradesh,coconut,Zaid,4.32,30,Borewell,7.49,2384.46,77153.5
F02148,Haryana,grapes,Kharif,2.82,25,Canal,18.77,597.33,31617.51
F04310,West Bengal,watermelon,Zaid,3.35,6,Canal,16.04,3197.28,171802.64
F04967,Uttar Pradesh,banana,Zaid,4.94,0,Canal,23.94,2280.65,269717.88
F04388,Madhya Pradesh,maize,Kharif,1.39,5,Rain-fed,25.22,2332.89,81781.33
F02069,Andhra Pradesh,coconut,Zaid,4.73,29,Canal,13.83,2468.69,161491.58
F00530,Punjab,jute,Rabi,2.19,11,Canal,21.56,1731.55,81757.56
F03309,Uttar Pradesh,jute,Kharif,5.37,7,Sprinkler,27.93,3413.46,511964.73
F04061,Punjab,pomegranate,Kharif,2.88,15,Canal,27.74,2210.7,176615.48
F00637,Haryana,cotton,Kharif,1.06,32,Canal,15.34,4907.67,79800.68
F01270,West Bengal,coffee,Zaid,4.46,1,Borewell,15.17,1915.87,129624.32
F00186,Andhra Pradesh,coconut,Rabi,3.94,30,Sprinkler,10.95,1530.13,66014.4
F01395,West Bengal,mothbeans,Kharif,5.35,26,Drip,11.7,1998.34,125086.09
F03460,Tamil Nadu,mango,Zaid,1.72,13,Drip,15.98,2141.15,58850.79
F03759,Madhya Pradesh,banana,Zaid,6.11,3,Canal,16.19,3118.78,308512.52
F01798,Rajasthan,mothbeans,Rabi,0.85,7,Drip,13.66,1665.26,19335.33
F02980,Karnataka,mothbeans,Rabi,0.68,12,Borewell,7.51,1942.68,9920.88
F01442,Madhya Pradesh,mothbeans,Zaid,6.85,12,Sprinkler,25.36,2906.38,504884.71
F04789,Tamil Nadu,cotton,Zaid,2.16,0,Rain-fed,8.18,2424.96,42846.13
F05072,Tamil Nadu,pomegranate,Kharif,4.42,0,Rain-fed,14.34,2633.6,166924.94
F01536,Rajasthan,maize,Kharif,2.68,10,Rain-fed,17.5,1666.14,78141.97
F03748,Gujarat,maize,Rabi,1.26,4,Sprinkler,20.84,2403.49,63111.8
F03189,Bihar,muskmelon,Kharif,2.76,0,Canal,24.09,2443.58,162469.72
F01274,West Bengal,muskmelon,Zaid,2.14,22,Drip,27.35,1811.92,106049.87
F02468,Punjab,watermelon,Kharif,5.69,33,Canal,20.09,1462.11,167136.86
F00608,Karnataka,apple,Zaid,2.37,17,Canal,7.11,3846.06,64808.8
F03691,Uttar Pradesh,pomegranate,Zaid,6.67,19,Canal,18.97,2892.71,366014.31
F01713,Uttar Pradesh,watermelon,Zaid,0.96,21,Drip,16.49,3118.2,49362.35
F02200,Bihar,papaya,Rabi,1.56,15,Borewell,22.52,1884.74,66213.18
F00956,West Bengal,rice,Zaid,1.1,25,Drip,37.02,3196.03,130148.73
F02580,Maharashtra,banana,Kharif,2.49,13,Sprinkler,15.22,2267.66,85939.33
F04169,Punjab,banana,Rabi,1.99,20,Sprinkler,24.23,933.85,45028.1
F04608,Bihar,coffee,Rabi,5.04,28,Rain-fed,21.53,2515.65,272976.2
F03856,Madhya Pradesh,chickpea,Kharif,2.99,2,Drip,19.99,3038.08,181586.35
F04010,Gujarat,maize,Rabi,3.37,18,Canal,21.32,2099.07,150814.82
F00404,Gujarat,pomegranate,Kharif,0.64,20,Canal,12.24,1873.83,14678.83
F02072,Bihar,grapes,Rabi,3.98,23,Rain-fed,8.89,2219.53,78531.85
F04950,Gujarat,coconut,Rabi,0.81,26,Borewell,25.58,2011.57,41679.33
F01978,Bihar,jute,Rabi,1.23,0,Rain-fed,27.86,2263.31,77558.65
F00159,Haryana,papaya,Kharif,4.66,28,Rain-fed,12.77,2430.36,144626.35
F01749,Tamil Nadu,pigeonpeas,Rabi,1.5,15,Canal,15.13,2170.47,49258.82
F02910,Maharashtra,mango,Rabi,3.51,25,Rain-fed,15.88,2740.3,152741.03
F05138,Gujarat,mothbeans,Rabi,8.5,26,Sprinkler,13.91,2841.51,335965.93
F00903,Madhya Pradesh,orange,Rabi,0.76,20,Drip,27.54,3413.55,71446.97
F00353,Gujarat,lentil,Kharif,1.8,0,Sprinkler,10.6,1675.45,31967.59
F01231,Karnataka,grapes,Kharif,1.72,0,Sprinkler,16.07,1934.87,53480.58
F05120,Rajasthan,cotton,Zaid,2.6,16,Sprinkler,11.33,2353.01,69314.97
F02141,West Bengal,mothbeans,Rabi,1.97,13,Sprinkler,13.6,2252.92,60360.23
F00445,Bihar,coconut,Zaid,2.22,11,Rain-fed,12.03,2724.93,72773.62
F05147,Karnataka,banana,Kharif,1.29,28,Sprinkler,25.82,3396.5,113129.94
F00755,Haryana,coconut,Rabi,8.69,18,Borewell,16.89,2686.75,394345.31
F01738,Maharashtra,banana,Rabi,2.36,13,Canal,14.93,1629.77,57424.62
F02972,Gujarat,coffee,Zaid,1.51,0,Sprinkler,24.58,3341.91,124037.66
F05178,Punjab,lentil,Kharif,0.61,9,Borewell,19.96,2713.46,33038.0
F02921,Maharashtra,pomegranate,Kharif,2.13,0,Canal,16.77,1073.11,38331.6
F00312,Rajasthan,coconut,Zaid,2.08,8,Rain-fed,21.03,2464.24,107791.77
F03424,Haryana,pomegranate,Zaid,2.94,18,Drip,8.4,2577.69,63658.63
F00549,Haryana,jute,Zaid,4.44,13,Rain-fed,12.64,2632.22,147724.4
F00662,Uttar Pradesh,apple,Rabi,1.62,15,Rain-fed,19.3,3182.03,99489.35
F04956,West Bengal,muskmelon,Kharif,1.32,19,Borewell,22.6,1754.69,52345.91
F01990,Tamil Nadu,coffee,Rabi,0.83,18,Borewell,20.75,1852.24,31900.2
F00307,Haryana,maize,Kharif,1.89,8,Canal,28.9,2877.8,157188.31
F02336,Madhya Pradesh,lentil,Zaid,2.17,21,Rain-fed,11.41,2426.7,60084.36
F00695,Karnataka,banana,Rabi,3.55,14,Canal,19.11,866.1,58756.66
F02357,Punjab,rice,Zaid,3.66,11,Canal,13.36,3824.98,187032.34
F01928,Punjab,blackgram,Kharif,8.09,12,Borewell,14.59,2929.76,345808.66
F00685,Maharashtra,mothbeans,Zaid,2.55,28,Rain-fed,16.62,1358.51,57575.01
F03428,Bihar,rice,Zaid,3.01,4,Borewell,26.87,2066.99,167175.46
F00750,Haryana,lentil,Rabi,4.84,7,Canal,21.31,1367.58,141052.75
F04148,Punjab,watermelon,Zaid,2.09,27,Drip,18.06,2174.96,82094.74
F03560,Uttar Pradesh,blackgram,Rabi,1.42,18,Rain-fed,18.17,905.67,23367.55
F01267,Madhya Pradesh,mango,Zaid,2.45,10,Rain-fed,14.53,1399.08,49805.15
F03576,Gujarat,pomegranate,Rabi,4.44,30,Drip,22.07,593.01,58109.52
F03839,Rajasthan,papaya,Zaid,0.65,14,Borewell,18.6,3119.25,37711.73
F04606,Gujarat,apple,Rabi,2.77,17,Rain-fed,11.08,2888.52,88653.3
F02135,Rajasthan,banana,Rabi,4.55,25,Rain-fed,15.9,2280.9,165011.71
F03084,West Bengal,pigeonpeas,Rabi,2.4,2,Borewell,12.63,2638.83,79988.21
F03062,Karnataka,muskmelon,Rabi,3.26,16,Drip,25.63,1087.39,90855.57
F03026,Uttar Pradesh,rice,Rabi,5.0,32,Rain-fed,14.68,2041.2,149824.08
F00971,Gujarat,coffee,Kharif,2.65,14,Canal,18.27,3019.71,146200.77
F00014,Karnataka,pomegranate,Zaid,4.33,0,Borewell,17.56,2173.15,165235.03
F00874,Gujarat,coconut,Rabi,5.2,25,Rain-fed,25.28,2480.2,326037.17
F00809,Rajasthan,pomegranate,Rabi,0.77,15,Canal,13.71,2377.3,25096.44
F03199,West Bengal,lentil,Kharif,1.67,17,Borewell,21.02,3522.43,123649.27
F00515,Karnataka,blackgram,Rabi,7.04,33,Canal,16.74,2266.92,267155.62
F04656,Madhya Pradesh,jute,Zaid,0.68,9,Borewell,24.13,1384.71,22720.88
F00410,Maharashtra,pigeonpeas,Rabi,1.31,17,Canal,20.05,2305.39,60552.22
F03712,Gujarat,mothbeans,Rabi,0.92,13,Drip,27.27,2848.87,71473.59
F05183,West Bengal,apple,Zaid,3.53,20,Borewell,27.68,1791.2,175018.87
F05140,West Bengal,banana,Kharif,3.3,11,Drip,22.61,2302.33,171783.75
F04519,Punjab,kidneybeans,Rabi,1.98,13,Borewell,13.38,2724.72,72184.37
F00208,Bihar,chickpea,Zaid,2.26,31,Drip,18.34,1258.47,52161.57
F03768,Madhya Pradesh,mango,Kharif,4.24,3,Borewell,13.07,2641.16,146364.64
F00459,Tamil Nadu,pigeonpeas,Rabi,1.12,0,Drip,24.5,4469.7,122648.57
F03779,Punjab,grapes,Kharif,7.03,0,Sprinkler,22.56,1719.37,272686.58
F02431,Uttar Pradesh,jute,Zaid,1.58,28,Drip,16.4,2003.2,51906.92
F03981,West Bengal,lentil,Rabi,3.72,4,Sprinkler,7.34,2801.97,76507.23
F00111,Rajasthan,maize,Zaid,2.73,15,Sprinkler,21.69,2275.31,134729.52
F04078,Maharashtra,blackgram,Rabi,2.77,18,Sprinkler,20.46,2822.89,159985.03
F01108,Punjab,grapes,Kharif,2.51,3,Sprinkler,16.76,2432.37,102323.97
F04227,Uttar Pradesh,rice,Zaid,4.46,1,Drip,18.69,1642.75,136935.37
F01884,Punjab,mango,Kharif,4.64,4,Sprinkler,15.51,2190.21,157621.53
F01714,Rajasthan,chickpea,Zaid,2.78,0,Sprinkler,22.65,3528.93,222206.14
F01288,Uttar Pradesh,rice,Kharif,2.5,13,Borewell,15.7,2201.57,86411.62
F03703,Haryana,apple,Zaid,0.75,16,Rain-fed,12.58,1452.19,13701.41
F03442,Punjab,orange,Kharif,1.2,8,Canal,14.62,818.11,14352.92
F00553,West Bengal,cotton,Zaid,1.02,15,Rain-fed,10.08,1941.52,19961.93
F01440,Andhra Pradesh,chickpea,Kharif,1.23,11,Rain-fed,15.52,3044.13,58111.22
F02271,Madhya Pradesh,grapes,Zaid,4.45,20,Drip,21.73,1890.52,182810.45
F04164,Madhya Pradesh,mothbeans,Kharif,1.25,31,Drip,13.45,3061.15,51465.58
F03145,Karnataka,banana,Zaid,6.94,11,Rain-fed,18.16,2309.52,291069.73
F02822,Karnataka,pomegranate,Zaid,1.7,24,Borewell,14.65,2204.07,54892.36
F04976,Madhya Pradesh,kidneybeans,Kharif,5.25,10,Canal,8.81,1678.2,77620.95
F01926,Uttar Pradesh,grapes,Zaid,1.86,17,Drip,28.28,2798.06,147180.19
F00635,Gujarat,kidneybeans,Rabi,5.1,12,Canal,11.44,2243.08,130870.26
F05001,Madhya Pradesh,lentil,Kharif,4.51,11,Canal,23.8,2687.69,288491.27
F00317,Bihar,maize,Kharif,3.08,10,Rain-fed,22.93,2537.83,179232.72
F04389,Maharashtra,kidneybeans,Kharif,2.26,8,Borewell,9.53,3126.81,67344.61
F04891,Madhya Pradesh,papaya,Rabi,0.57,14,Borewell,17.58,1403.1,14059.9
F01329,Haryana,watermelon,Kharif,1.64,13,Rain-fed,15.64,3431.75,88023.01
F00428,Tamil Nadu,coconut,Kharif,1.16,7,Borewell,15.23,2813.5,49705.54
F03675,Tamil Nadu,orange,Rabi,1.11,6,Rain-fed,11.91,1356.85,17937.69
F00106,West Bengal,pigeonpeas,Rabi,5.62,9,Borewell,22.61,1461.24,185677.14
F03042,Karnataka,jute,Kharif,1.56,7,Rain-fed,12.03,2300.71,43176.96
F00143,Tamil Nadu,watermelon,Zaid,3.79,18,Canal,15.25,3095.87,178933.55
F02170,West Bengal,mango,Kharif,1.6,15,Drip,28.17,2679.42,120766.82
F03622,Gujarat,coffee,Kharif,0.46,5,Canal,15.94,3081.69,22596.18
F00090,Andhra Pradesh,lentil,Kharif,0.94,4,Rain-fed,12.21,2417.24,27743.63
F02919,Karnataka,pigeonpeas,Zaid,3.3,16,Rain-fed,17.68,1849.0,107878.06
F03238,Rajasthan,mango,Rabi,4.95,19,Borewell,17.49,2080.77,180143.7
F02242,Gujarat,mungbean,Rabi,2.97,1,Canal,26.59,2674.16,211184.57
F03175,Punjab,maize,Kharif,3.64,21,Canal,23.73,1852.67,160028.45
F03716,Andhra Pradesh,rice,Zaid,1.68,7,Sprinkler,14.47,2197.46,53419.37
F02164,Gujarat,mungbean,Kharif,1.35,4,Canal,26.61,3392.71,121878.02
F02637,Tamil Nadu,jute,Zaid,1.81,21,Canal,17.72,2921.07,93688.06
F01950,Karnataka,kidneybeans,Zaid,6.12,22,Borewell,7.26,2068.66,91913.05
F01769,Bihar,coffee,Kharif,1.79,6,Rain-fed,22.05,2458.99,97055.11
F03574,Andhra Pradesh,blackgram,Zaid,3.76,4,Borewell,12.45,2751.41,128799.0
F02273,Tamil Nadu,grapes,Kharif,1.1,20,Drip,21.71,1757.46,41969.9
F00002,Gujarat,maize,Rabi,8.22,18,Borewell,12.3,2181.84,220597.12
F04246,Tamil Nadu,muskmelon,Kharif,4.95,8,Borewell,15.37,3082.86,234548.61
F05156,Gujarat,pomegranate,Zaid,2.75,13,Rain-fed,20.26,2590.73,144342.52
F01952,Gujarat,maize,Rabi,4.42,23,Drip,13.09,2172.07,125671.19
F00936,Madhya Pradesh,jute,Zaid,2.1,20,Borewell,11.48,3286.55,79232.15
F04471,Uttar Pradesh,lentil,Kharif,1.7,7,Drip,20.47,2261.57,78700.37
F02721,Uttar Pradesh,lentil,Kharif,3.05,20,Canal,17.04,3157.07,164079.24
F03796,Uttar Pradesh,chickpea,Kharif,4.44,14,Canal,8.04,2517.09,89854.07
F01110,Haryana,rice,Zaid,3.41,18,Borewell,10.74,1597.58,58508.81
F03904,Rajasthan,cotton,Zaid,4.31,19,Sprinkler,24.4,1901.87,200008.26
F00592,Tamil Nadu,mothbeans,Kharif,3.22,17,Drip,12.87,1200.9,49766.98
F03535,West Bengal,chickpea,Zaid,3.35,15,Sprinkler,21.44,1532.26,110053.04
F01696,Uttar Pradesh,orange,Zaid,3.69,13,Borewell,18.82,1943.86,134992.91
F03755,Andhra Pradesh,rice,Kharif,1.46,18,Borewell,18.69,1715.82,46820.27
F02937,Haryana,maize,Rabi,1.25,4,Canal,20.61,2937.32,75672.71
F04376,Bihar,coconut,Zaid,0.41,18,Drip,7.81,2367.28,7580.27
F03715,Gujarat,jute,Rabi,2.65,4,Borewell,8.6,2268.93,51708.91
F01577,Rajasthan,apple,Rabi,2.5,27,Sprinkler,15.08,3332.07,125619.04
F01112,Rajasthan,cotton,Kharif,1.77,0,Rain-fed,23.89,2386.41,100910.06
F00214,Karnataka,kidneybeans,Kharif,5.54,15,Borewell,16.29,2224.09,200716.56
F00779,Andhra Pradesh,pigeonpeas,Rabi,0.59,14,Sprinkler,22.8,2057.51,27677.62
F01416,Haryana,papaya,Zaid,5.76,4,Drip,15.77,1556.53,141387.71
F03497,Tamil Nadu,pigeonpeas,Kharif,0.25,14,Borewell,20.68,1924.67,9950.54
F04094,Karnataka,grapes,Rabi,1.92,13,Rain-fed,18.09,652.39,22659.33
F02044,Gujarat,apple,Kharif,4.24,20,Borewell,18.45,1362.24,106565.31
F02849,Punjab,lentil,Zaid,5.41,24,Rain-fed,25.16,2566.87,349391.05
F04721,Bihar,apple,Kharif,1.73,18,Sprinkler,15.0,2617.25,67917.64
F03815,Maharashtra,jute,Zaid,2.03,17,Borewell,16.03,3389.74,110305.19
F04119,Uttar Pradesh,grapes,Kharif,5.5,14,Rain-fed,21.33,3047.86,357559.7
F01568,Punjab,maize,Kharif,4.14,6,Rain-fed,18.13,2887.83,216755.32
F00166,Gujarat,chickpea,Kharif,6.83,22,Sprinkler,15.11,3178.97,328073.84
F04906,Maharashtra,mango,Zaid,0.89,0,Sprinkler,11.08,2079.42,20505.58
F03567,Madhya Pradesh,pomegranate,Zaid,4.84,0,Drip,32.91,3058.01,487093.29
F03900,Karnataka,blackgram,Rabi,0.55,21,Drip,18.31,2446.72,24639.69
F05125,Rajasthan,cotton,Rabi,7.45,6,Borewell,12.78,1340.14,127596.07
F01344,West Bengal,jute,Zaid,4.48,0,Borewell,18.94,2050.45,173983.14
F02014,Bihar,watermelon,Kharif,3.66,30,Rain-fed,16.0,688.2,40300.99
F00274,Gujarat,jute,Zaid,0.59,3,Drip,13.25,3085.58,24121.52
F00072,West Bengal,pigeonpeas,Kharif,2.78,27,Drip,12.68,2456.53,86593.67
F04529,Tamil Nadu,pigeonpeas,Rabi,3.16,9,Drip,28.72,1159.4,105221.58
F01088,Uttar Pradesh,maize,Zaid,1.07,0,Canal,16.16,2676.33,46276.96
F00395,Karnataka,maize,Rabi,1.97,8,Rain-fed,15.53,2041.96,62471.93
F00584,Uttar Pradesh,orange,Kharif,2.28,21,Drip,28.67,2177.12,142313.11
F01368,Uttar Pradesh,mango,Zaid,1.74,6,Canal,21.75,1933.43,73170.66
F05187,Maharashtra,mungbean,Rabi,7.7,9,Drip,10.3,3295.83,261392.28
F04830,Maharashtra,kidneybeans,Zaid,4.07,14,Sprinkler,21.98,2408.19,215433.31
F02549,Karnataka,coffee,Rabi,6.97,21,Canal,5.08,2293.52,81208.04
F01014,Karnataka,watermelon,Rabi,2.71,13,Rain-fed,20.28,2116.51,116320.85
F05096,Bihar,rice,Zaid,6.37,16,Drip,22.18,2122.45,299873.74
F03004,Uttar Pradesh,banana,Rabi,1.99,15,Drip,26.4,1376.81,72332.09
F04984,Tamil Nadu,papaya,Kharif,2.68,32,Drip,15.27,1953.35,79938.11
F01702,West Bengal,mango,Zaid,9.09,0,Drip,20.16,2188.91,401127.39
F03842,Bihar,papaya,Zaid,5.53,13,Rain-fed,18.88,2979.22,311049.64
F01764,Bihar,chickpea,Kharif,1.5,19,Canal,19.4,2612.77,76031.61
F01876,West Bengal,lentil,Kharif,1.23,15,Borewell,21.14,2261.34,58799.81
F01260,West Bengal,lentil,Kharif,5.17,16,Sprinkler,18.9,1730.98,169139.25
F03345,Karnataka,orange,Kharif,8.98,15,Rain-fed,20.97,1281.12,241248.48
F04714,West Bengal,grapes,Rabi,0.77,25,Drip,19.77,2306.31,35108.73
F02254,Punjab,kidneybeans,Zaid,3.4,21,Borewell,27.28,1828.91,169635.06
F02782,Karnataka,grapes,Kharif,1.29,31,Drip,20.75,903.29,24178.82
F04035,Maharashtra,coffee,Rabi,2.55,48,Borewell,16.47,2444.76,102676.25
F00527,Punjab,pomegranate,Zaid,0.98,6,Sprinkler,25.99,2117.53,53933.91
F03725,Andhra Pradesh,orange,Kharif,1.71,3,Canal,22.67,1856.32,71961.54
F02947,Uttar Pradesh,watermelon,Zaid,7.58,34,Canal,20.54,1767.44,275178.39
F00378,Tamil Nadu,orange,Rabi,6.3,6,Sprinkler,21.42,1350.8,182285.06
F01560,Madhya Pradesh,watermelon,Zaid,0.31,20,Drip,21.42,2616.86,17376.47
F00693,Rajasthan,blackgram,Kharif,2.48,16,Sprinkler,23.0,2231.21,127268.22
F01964,Rajasthan,watermelon,Zaid,0.25,26,Sprinkler,15.02,1591.97,5977.85
F04925,Andhra Pradesh,rice,Zaid,5.11,26,Canal,15.31,2509.0,196289.36
F00349,Rajasthan,pomegranate,Zaid,2.71,10,Canal,19.84,1578.73,84882.63
F02435,West Bengal,lentil,Zaid,6.44,6,Rain-fed,16.93,1994.92,217504.53
F02247,Bihar,pomegranate,Rabi,2.84,9,Borewell,14.89,2555.24,108054.97
F04337,Bihar,watermelon,Zaid,2.84,4,Borewell,2.0,1090.59,6194.55
F01710,Rajasthan,papaya,Rabi,1.77,21,Rain-fed,26.2,1946.53,90268.38
F01051,Madhya Pradesh,coconut,Rabi,1.78,9,Sprinkler,21.4,3440.35,131049.81
F00591,Rajasthan,muskmelon,Kharif,2.69,11,Borewell,16.75,2492.28,112295.91
F00520,Maharashtra,coconut,Rabi,7.07,5,Rain-fed,26.31,1295.96,241063.72
F03381,Uttar Pradesh,mungbean,Rabi,3.15,13,Rain-fed,23.18,2526.2,184455.55
F04677,West Bengal,coffee,Rabi,4.43,9,Borewell,25.9,1879.49,215647.04
F04293,Bihar,lentil,Kharif,3.81,0,Borewell,7.18,902.53,24689.43
F02478,West Bengal,lentil,Rabi,3.14,16,Rain-fed,14.4,2330.17,105360.97
F01084,Maharashtra,coconut,Kharif,3.52,12,Canal,16.52,2487.01,144620.63
F03907,Andhra Pradesh,watermelon,Kharif,0.25,2,Canal,16.61,1248.53,5184.52
F03611,Maharashtra,rice,Zaid,0.77,0,Rain-fed,13.67,2367.17,24916.59
F04973,Andhra Pradesh,muskmelon,Rabi,0.29,8,Sprinkler,21.84,3108.49,19687.93
F04693,Rajasthan,pigeonpeas,Rabi,2.17,16,Borewell,10.74,2611.18,60855.64
F01295,Madhya Pradesh,watermelon,Rabi,0.74,15,Sprinkler,18.81,1485.84,20682.0
F01810,Maharashtra,watermelon,Rabi,1.55,3,Borewell,27.83,2521.59,108772.57
F03596,Madhya Pradesh,coffee,Rabi,3.15,14,Canal,16.72,1306.99,68836.55
F00792,Uttar Pradesh,lentil,Kharif,3.54,8,Drip,17.44,2370.0,146318.11
F00793,West Bengal,coffee,Rabi,1.17,30,Sprinkler,22.77,1939.08,51658.84
F04284,Andhra Pradesh,watermelon,Kharif,10.45,8,Rain-fed,20.58,1254.58,269811.23
F01856,Bihar,rice,Zaid,1.21,3,Sprinkler,13.41,1410.72,22890.48
F04952,West Bengal,blackgram,Kharif,5.28,24,Rain-fed,16.21,3151.51,269733.96
F01981,Maharashtra,pomegranate,Kharif,3.42,10,Borewell,13.24,2469.08,111801.92
F03234,Andhra Pradesh,orange,Zaid,5.42,9,Canal,26.14,2507.8,355302.09
F04002,Gujarat,mungbean,Kharif,5.27,10,Sprinkler,14.44,2097.4,159609.62
F00934,Gujarat,apple,Kharif,5.24,21,Borewell,16.79,2134.99,187835.57
F03689,West Bengal,orange,Zaid,3.07,24,Sprinkler,15.53,4257.69,202994.31
F03329,Tamil Nadu,orange,Zaid,1.96,10,Borewell,27.9,1513.59,82769.16
F01531,Punjab,mungbean,Rabi,3.22,1,Borewell,21.77,1227.4,86040.0
F01411,Maharashtra,papaya,Rabi,2.41,3,Canal,19.17,2935.76,135631.23
F03525,Karnataka,jute,Rabi,0.86,12,Borewell,23.3,2162.01,43322.36
F04618,Maharashtra,chickpea,Zaid,2.97,2,Rain-fed,28.74,3203.89,273477.0
F04837,Andhra Pradesh,chickpea,Zaid,6.29,16,Rain-fed,15.71,1853.81,183185.9
F00084,Punjab,maize,Rabi,4.02,15,Rain-fed,23.06,2540.42,235499.98
F00869,Madhya Pradesh,apple,Kharif,1.2,16,Canal,23.2,2894.75,80589.84
F02351,Tamil Nadu,cotton,Kharif,0.41,14,Borewell,9.97,3058.95,12504.07
F00021,Andhra Pradesh,lentil,Kharif,4.69,18,Canal,31.4,1368.06,201468.72
F03728,Rajasthan,grapes,Zaid,2.34,13,Sprinkler,15.2,3166.91,112640.65
F03961,Maharashtra,mungbean,Kharif,0.63,14,Rain-fed,21.48,2839.0,38418.48
F02796,Punjab,mothbeans,Zaid,0.77,20,Borewell,15.16,2447.05,28564.9
F03454,Andhra Pradesh,coffee,Rabi,1.89,14,Rain-fed,24.36,3338.39,153700.81
F04756,Gujarat,mothbeans,Kharif,0.69,15,Sprinkler,20.42,2485.35,35018.08
F01563,Haryana,papaya,Kharif,1.59,12,Borewell,11.94,2406.09,45678.66
F04377,Madhya Pradesh,watermelon,Rabi,1.67,9,Sprinkler,25.32,1750.76,74029.84
F03094,Karnataka,apple,Zaid,4.78,18,Rain-fed,18.03,1326.02,114280.91
F03156,West Bengal,mothbeans,Rabi,3.34,11,Drip,19.05,1874.34,119258.63
F00974,Madhya Pradesh,apple,Kharif,2.43,14,Rain-fed,13.37,696.49,22628.33
F01711,Punjab,cotton,Rabi,8.7,7,Rain-fed,16.24,2288.45,323330.52
F03202,Bihar,grapes,Zaid,0.88,8,Sprinkler,20.75,1573.52,28732.48
F04206,Gujarat,muskmelon,Kharif,2.18,8,Canal,17.54,2840.68,108619.65
F05015,Haryana,lentil,Kharif,1.79,16,Rain-fed,17.59,2224.34,70035.79
F01099,Punjab,apple,Kharif,4.3,14,Borewell,23.15,2775.12,276249.32
F04332,Gujarat,banana,Kharif,9.5,6,Borewell,23.65,1636.18,367608.74
F02845,Punjab,chickpea,Kharif,0.42,21,Borewell,12.18,1246.87,6378.49
F00887,Punjab,blackgram,Rabi,2.23,17,Borewell,8.99,2857.71,57290.51
F05130,West Bengal,mothbeans,Rabi,1.95,20,Canal,13.95,1831.36,49817.57
F04003,Uttar Pradesh,kidneybeans,Kharif,1.65,21,Sprinkler,25.05,1922.85,79476.2
F03561,Gujarat,watermelon,Zaid,0.54,23,Drip,8.96,2890.93,13987.48
F04764,Punjab,papaya,Zaid,4.98,3,Rain-fed,6.54,1007.35,32808.58
F03881,Uttar Pradesh,maize,Kharif,0.39,17,Borewell,12.16,2654.39,12588.18
F04581,Rajasthan,pomegranate,Kharif,1.2,21,Canal,23.07,2469.08,68354.01
F00516,Gujarat,mungbean,Zaid,0.63,12,Rain-fed,17.19,2881.64,31207.3
F04806,Gujarat,coffee,Zaid,2.4,0,Borewell,20.43,2826.82,138604.64
F00738,Andhra Pradesh,muskmelon,Rabi,2.53,8,Canal,23.62,2004.71,119798.66
F01454,Karnataka,blackgram,Zaid,3.95,14,Borewell,22.31,2271.46,200171.28
F03554,Haryana,papaya,Rabi,1.56,15,Rain-fed,3.27,1357.32,6923.96
F03610,Gujarat,coffee,Zaid,5.73,31,Drip,21.42,2607.23,320002.55
F02007,Tamil Nadu,pomegranate,Zaid,1.43,10,Sprinkler,9.51,1884.36,25625.98
F05067,Andhra Pradesh,coffee,Rabi,1.08,22,Rain-fed,10.27,2605.76,28902.05
F02507,Uttar Pradesh,maize,Kharif,0.98,18,Rain-fed,17.05,2537.72,42402.76
F02995,Tamil Nadu,kidneybeans,Zaid,6.19,20,Canal,22.79,1336.6,188554.3
F02127,Haryana,banana,Zaid,1.18,26,Rain-fed,19.89,1702.69,39962.47
F02927,Madhya Pradesh,chickpea,Zaid,5.67,18,Sprinkler,24.44,2418.52,335145.93
F04939,West Bengal,coffee,Zaid,1.52,7,Borewell,22.15,3289.72,110758.29
F00907,Maharashtra,lentil,Kharif,1.15,4,Rain-fed,8.87,4466.19,45557.37
F04761,Andhra Pradesh,muskmelon,Rabi,4.17,7,Rain-fed,13.75,1720.26,98635.41
F01031,Karnataka,mungbean,Zaid,0.85,23,Drip,18.34,2791.86,43522.31
F02508,Rajasthan,banana,Kharif,4.68,1,Rain-fed,18.29,2074.89,177604.77
F02429,Haryana,maize,Zaid,1.98,10,Borewell,26.57,2770.27,145740.03
F00948,Haryana,banana,Rabi,3.91,0,Sprinkler,15.95,1882.72,117414.89
F04115,Rajasthan,cotton,Zaid,2.22,7,Rain-fed,29.54,1820.62,119394.07
F00763,Uttar Pradesh,rice,Zaid,3.69,23,Rain-fed,21.6,2629.06,209546.6
F00716,Haryana,mothbeans,Rabi,0.97,23,Borewell,17.37,2833.49,47741.19
F00285,West Bengal,rice,Rabi,3.14,13,Sprinkler,23.89,1640.56,123065.95
F00687,Uttar Pradesh,chickpea,Kharif,3.04,11,Rain-fed,9.58,1941.28,56536.29
F00704,Haryana,cotton,Zaid,6.14,12,Drip,19.3,2549.02,302063.97
F03342,Punjab,mungbean,Rabi,4.5,17,Canal,14.26,2735.83,175558.21
F02354,Uttar Pradesh,papaya,Kharif,6.16,18,Rain-fed,23.36,1769.82,254672.85
F02258,Bihar,mango,Zaid,0.75,18,Rain-fed,18.12,2470.42,33573.01
F04889,Haryana,banana,Kharif,5.02,12,Borewell,16.88,3034.8,257161.67
F00474,Andhra Pradesh,coffee,Rabi,1.32,8,Sprinkler,30.08,4037.59,160314.93
F00022,Punjab,cotton,Zaid,3.44,11,Borewell,15.97,3233.37,177631.0
F02753,Punjab,mango,Kharif,1.89,2,Canal,25.29,2289.27,109422.76
F00886,Tamil Nadu,mothbeans,Zaid,0.68,14,Rain-fed,13.9,1696.24,16032.86
F02449,Uttar Pradesh,mungbean,Kharif,2.0,7,Sprinkler,13.47,2011.93,54201.39
F00918,Madhya Pradesh,watermelon,Rabi,1.22,0,Drip,14.13,1974.22,34032.79
F04092,Haryana,maize,Zaid,4.59,8,Borewell,22.55,2904.48,300626.75
F04085,Andhra Pradesh,coffee,Rabi,4.23,10,Canal,30.08,2841.42,361537.73
F02240,Gujarat,kidneybeans,Rabi,4.34,11,Canal,14.4,2656.31,166008.75
F00731,Maharashtra,watermelon,Zaid,4.28,13,Sprinkler,23.36,3001.65,300107.37
F03396,Rajasthan,coconut,Kharif,4.04,4,Sprinkler,22.27,1240.21,111582.69
F01266,Uttar Pradesh,coconut,Zaid,1.0,14,Sprinkler,13.57,2790.42,37866.0
F00484,Andhra Pradesh,pigeonpeas,Rabi,5.98,32,Drip,10.99,2303.59,151392.4
F04513,Madhya Pradesh,apple,Kharif,3.63,0,Sprinkler,28.26,2889.21,296386.14
F02964,Haryana,coffee,Rabi,5.24,33,Sprinkler,14.01,2473.93,181617.14
F01220,Madhya Pradesh,blackgram,Rabi,2.94,17,Borewell,22.74,852.93,57023.15
F00278,Andhra Pradesh,orange,Kharif,3.39,9,Canal,13.62,3150.85,145480.42
F00989,Gujarat,blackgram,Rabi,6.53,25,Rain-fed,16.38,2317.64,247898.02
F02085,Tamil Nadu,mango,Rabi,1.72,15,Sprinkler,28.63,2093.19,103076.21
F01246,Andhra Pradesh,muskmelon,Kharif,1.08,13,Canal,11.73,1031.61,13068.85
F02383,Maharashtra,maize,Rabi,1.76,20,Drip,22.15,2585.81,100805.22
F00572,Bihar,blackgram,Rabi,3.82,22,Sprinkler,23.75,1953.99,177275.74
F01436,Haryana,maize,Kharif,0.53,29,Canal,21.66,2629.27,30183.49
F00994,Bihar,jute,Kharif,3.41,23,Borewell,20.38,1305.94,90757.35
F04315,Madhya Pradesh,mungbean,Zaid,2.24,19,Borewell,24.94,1509.09,84306.22
F03752,Haryana,chickpea,Zaid,3.4,21,Canal,16.92,1623.53,93398.43
F00586,West Bengal,mungbean,Zaid,11.75,1,Sprinkler,19.47,2751.17,629392.04
F03527,Haryana,lentil,Kharif,3.41,7,Sprinkler,20.66,1567.37,110422.16
F04815,Maharashtra,watermelon,Kharif,0.68,10,Rain-fed,18.83,2045.59,26192.55
F02515,Haryana,maize,Kharif,5.37,33,Sprinkler,21.23,2469.36,281519.63
F01350,Bihar,papaya,Kharif,3.23,10,Canal,17.05,2112.98,116364.98
F01008,Andhra Pradesh,cotton,Rabi,0.25,1,Sprinkler,30.66,1983.39,15202.68
F00675,Maharashtra,muskmelon,Zaid,2.8,16,Borewell,11.37,2599.7,82764.05
F02413,Bihar,mothbeans,Kharif,1.5,22,Borewell,21.18,2262.22,71870.73
F02904,Haryana,pigeonpeas,Kharif,4.16,20,Borewell,23.28,1966.92,190485.97
F00448,Haryana,papaya,Kharif,2.78,17,Borewell,22.85,2752.62,174854.68
F03780,Tamil Nadu,kidneybeans,Zaid,0.25,8,Drip,19.86,863.99,4289.71
F04093,Uttar Pradesh,pigeonpeas,Zaid,0.76,32,Rain-fed,24.6,2107.07,39393.78
F04029,Madhya Pradesh,pigeonpeas,Kharif,1.45,6,Borewell,19.38,1513.47,42530.02
F00360,West Bengal,rice,Kharif,4.04,16,Sprinkler,8.96,1722.14,62338.71
F02065,Andhra Pradesh,orange,Kharif,3.0,12,Drip,13.71,2260.65,92980.53
F04633,Tamil Nadu,orange,Kharif,2.01,7,Borewell,22.02,1322.19,58520.39
F05182,Haryana,apple,Rabi,1.72,5,Rain-fed,15.38,2194.35,58048.46
F01691,Bihar,pomegranate,Rabi,2.87,11,Borewell,27.91,1946.83,155944.39
F04502,Tamil Nadu,orange,Kharif,1.26,20,Rain-fed,18.55,1437.96,33609.44
F01549,Haryana,muskmelon,Kharif,2.39,14,Canal,25.47,1451.95,88384.99
F01248,Gujarat,blackgram,Zaid,2.2,12,Drip,17.76,1846.33,72139.81
F01986,Tamil Nadu,banana,Rabi,1.24,25,Sprinkler,12.87,2567.33,40971.51
F00295,Bihar,mothbeans,Rabi,4.41,5,Canal,19.88,1560.2,136783.98
F01548,Uttar Pradesh,cotton,Kharif,3.69,5,Sprinkler,19.62,1878.35,135988.41
F02013,Uttar Pradesh,rice,Zaid,3.96,24,Borewell,20.33,2285.3,183982.19
F00589,West Bengal,coconut,Zaid,1.16,0,Sprinkler,16.33,1998.93,37865.33
F03330,Andhra Pradesh,rice,Zaid,3.53,22,Borewell,16.24,2116.22,121316.97
F02404,Bihar,maize,Kharif,4.66,6,Canal,15.53,2282.68,165197.1
F02130,Rajasthan,rice,Kharif,2.58,18,Rain-fed,15.04,1294.78,50241.61
F04567,Bihar,watermelon,Kharif,9.64,23,Drip,10.85,2057.63,215215.75
F03945,Andhra Pradesh,banana,Kharif,1.53,26,Drip,29.64,1822.91,82667.51
F03509,Rajasthan,maize,Rabi,2.43,24,Drip,23.55,3198.02,183011.49
F02411,Uttar Pradesh,maize,Rabi,7.68,14,Drip,25.31,2368.15,460322.89
F02720,Uttar Pradesh,rice,Zaid,0.47,14,Borewell,19.55,1022.58,9395.98
F05030,Karnataka,grapes,Rabi,1.38,0,Rain-fed,15.26,3366.95,70903.93
F00426,Tamil Nadu,coffee,Zaid,3.13,15,Sprinkler,14.17,2875.66,127541.56
F02583,Haryana,chickpea,Zaid,5.11,10,Canal,12.56,2869.19,184149.2
F01055,Bihar,grapes,Kharif,3.6,1,Borewell,26.89,1986.58,192308.89
F04740,Bihar,kidneybeans,Rabi,0.53,15,Drip,21.54,1214.41,13863.95
F04746,Gujarat,banana,Zaid,7.8,14,Canal,17.82,582.54,80970.73
F00557,Tamil Nadu,banana,Kharif,5.04,19,Canal,11.92,2027.2,121787.69
F04535,Madhya Pradesh,maize,Zaid,9.49,25,Rain-fed,21.56,2221.11,454448.88
F02055,Rajasthan,mungbean,Zaid,0.25,17,Sprinkler,13.8,1199.74,4139.1
F04904,Gujarat,coffee,Kharif,2.79,23,Rain-fed,19.66,3514.33,192765.92
F02470,Gujarat,cotton,Zaid,5.02,20,Rain-fed,27.44,1729.99,238304.05
F03739,Madhya Pradesh,pigeonpeas,Zaid,3.19,28,Canal,21.44,2873.63,196537.9
F04902,Madhya Pradesh,coffee,Zaid,8.71,11,Drip,23.22,1585.25,320610.79
F00356,West Bengal,mungbean,Kharif,1.02,28,Canal,22.93,2473.14,57843.28
F01194,Gujarat,apple,Rabi,4.43,25,Canal,21.47,1855.58,176488.11
F01717,Bihar,chickpea,Kharif,1.6,8,Drip,19.7,2307.29,72725.78
F03417,Maharashtra,coconut,Zaid,2.69,20,Drip,25.64,1935.5,133494.53
F02605,Tamil Nadu,coconut,Zaid,2.11,9,Drip,21.87,2180.23,100608.24
F05077,Maharashtra,rice,Rabi,1.12,0,Borewell,17.1,1683.48,32242.01
F02829,Uttar Pradesh,lentil,Zaid,2.32,10,Sprinkler,22.96,2862.68,152486.95
F01705,Maharashtra,grapes,Zaid,2.81,28,Rain-fed,14.48,2150.02,87481.73
F02864,Haryana,blackgram,Rabi,1.2,11,Canal,17.57,1593.81,33603.89
F04059,Bihar,lentil,Rabi,1.48,19,Rain-fed,27.42,1145.87,46501.24
F02619,Andhra Pradesh,pigeonpeas,Zaid,1.11,7,Sprinkler,21.23,1414.13,33324.4
F02401,Punjab,rice,Zaid,2.28,12,Rain-fed,18.03,2029.89,83445.53
F02140,Maharashtra,kidneybeans,Rabi,2.53,0,Drip,21.58,2623.32,143226.45
F03240,Karnataka,papaya,Rabi,2.71,17,Drip,9.75,1705.15,45054.33
F02384,Bihar,blackgram,Kharif,3.51,0,Drip,20.9,2048.95,150308.92
F03219,Karnataka,mothbeans,Rabi,6.77,45,Sprinkler,15.11,1644.84,168258.41
F04076,Punjab,watermelon,Zaid,3.52,21,Borewell,12.92,1741.34,79193.36
F01286,Andhra Pradesh,maize,Zaid,0.34,15,Borewell,20.83,2385.58,16895.15
F04445,West Bengal,cotton,Zaid,0.27,28,Canal,29.44,2891.6,22984.75
F01773,Maharashtra,mungbean,Kharif,0.25,7,Borewell,14.69,1872.73,6877.6
F04652,Bihar,apple,Rabi,12.74,18,Sprinkler,25.46,1976.99,641257.27
F02088,West Bengal,rice,Kharif,2.27,20,Borewell,9.31,2260.34,47769.35
F01890,Andhra Pradesh,grapes,Zaid,1.64,17,Canal,11.12,2460.8,44877.12
F03816,Madhya Pradesh,rice,Zaid,1.22,7,Rain-fed,18.17,2797.66,62016.85
F01592,Uttar Pradesh,papaya,Kharif,2.14,27,Drip,8.8,954.57,17976.46
F01347,Rajasthan,pomegranate,Kharif,5.34,15,Borewell,25.61,2249.15,307587.91
F04614,Rajasthan,mothbeans,Zaid,4.09,8,Borewell,18.18,2880.73,214200.14
F02163,Uttar Pradesh,banana,Rabi,2.13,3,Borewell,22.78,1480.56,71838.84
F02397,Punjab,jute,Rabi,2.02,10,Sprinkler,12.15,2551.21,62614.35
F03966,Karnataka,muskmelon,Zaid,4.2,6,Drip,29.46,1854.51,229462.23
F02272,Karnataka,grapes,Rabi,0.9,20,Canal,6.4,2102.03,12107.69
F04674,Rajasthan,blackgram,Rabi,3.43,11,Sprinkler,14.54,2098.28,104645.84
F03112,Madhya Pradesh,mungbean,Zaid,1.45,13,Sprinkler,8.38,1553.01,18870.62
F01138,Haryana,mungbean,Zaid,1.39,25,Canal,27.93,1972.06,76560.69
F00593,Haryana,mungbean,Kharif,1.18,20,Sprinkler,16.23,1264.04,24208.14
F00973,Madhya Pradesh,chickpea,Rabi,1.21,7,Drip,15.97,2183.55,42194.27
F00796,Gujarat,rice,Kharif,1.15,3,Canal,16.51,2162.29,41054.32
F03021,Uttar Pradesh,orange,Rabi,4.74,37,Drip,17.02,2244.25,181054.42
F01712,Karnataka,rice,Zaid,10.26,17,Canal,3.42,1359.68,47710.08
F03388,Bihar,blackgram,Kharif,2.14,24,Rain-fed,20.44,3582.27,156694.22
F00037,Karnataka,papaya,Zaid,1.88,24,Borewell,22.05,1110.59,46038.4
F00454,Haryana,muskmelon,Zaid,2.21,12,Rain-fed,20.81,2016.96,92760.19
F00914,Punjab,mungbean,Rabi,2.21,25,Sprinkler,8.85,2747.22,53731.5
F04257,West Bengal,lentil,Rabi,5.98,13,Borewell,21.82,2288.83,298654.78
F01200,Tamil Nadu,rice,Kharif,1.09,16,Rain-fed,21.86,1853.67,44168.14
F01275,Haryana,jute,Zaid,2.81,0,Canal,14.29,2547.07,102277.34
F02376,Rajasthan,banana,Rabi,1.84,14,Borewell,12.32,3288.91,74555.64
F00038,Gujarat,cotton,Kharif,4.46,23,Rain-fed,18.52,773.19,63864.88
F00975,Maharashtra,coffee,Rabi,3.63,1,Canal,19.19,2374.37,165397.9
F03196,Karnataka,mango,Rabi,13.49,22,Rain-fed,16.09,2446.13,530942.55
F00984,Uttar Pradesh,rice,Kharif,1.79,7,Canal,18.06,2118.12,68473.31
F03298,Karnataka,orange,Zaid,2.38,2,Borewell,14.8,2994.72,105486.02
F04810,Karnataka,pigeonpeas,Rabi,1.58,21,Rain-fed,5.93,1136.83,10651.42
F01419,Bihar,orange,Kharif,3.45,12,Drip,22.21,1008.42,77269.68
F03333,Gujarat,blackgram,Zaid,4.38,16,Canal,11.76,2655.88,136801.19
F01561,Rajasthan,rice,Zaid,0.75,29,Drip,19.65,2148.32,31660.87
F00040,Rajasthan,mothbeans,Rabi,2.17,3,Drip,25.91,1925.18,108242.67
F01487,Karnataka,orange,Rabi,4.44,16,Drip,17.12,2297.18,174615.08
F00521,Bihar,mothbeans,Rabi,8.29,0,Sprinkler,13.25,3236.7,355527.22
F00170,Uttar Pradesh,rice,Kharif,9.11,0,Borewell,7.58,2607.35,180047.43
F01356,Uttar Pradesh,jute,Kharif,1.5,18,Borewell,23.41,1372.48,48194.64
F02786,West Bengal,banana,Zaid,0.97,0,Canal,15.33,2447.98,36401.71
F03955,Rajasthan,muskmelon,Kharif,3.93,28,Borewell,15.19,2341.22,139763.11
F04942,Karnataka,pomegranate,Rabi,2.54,7,Rain-fed,19.58,2031.83,101049.41
F03721,Maharashtra,orange,Zaid,9.62,22,Borewell,16.0,2740.54,421823.92
F03613,West Bengal,coconut,Kharif,1.13,13,Borewell,16.83,2297.93,43701.8
F00988,West Bengal,coffee,Rabi,2.44,12,Drip,22.39,1030.0,56270.55
F02683,Punjab,pigeonpeas,Zaid,11.27,0,Rain-fed,13.81,2251.27,350384.74
F04896,West Bengal,grapes,Zaid,5.21,14,Drip,20.13,1933.76,202807.53
F04229,Maharashtra,coconut,Rabi,7.94,5,Borewell,12.73,2244.52,226867.55
F01641,Bihar,maize,Kharif,2.49,24,Borewell,21.82,2262.23,122911.03
F01291,Maharashtra,maize,Zaid,1.01,15,Sprinkler,28.14,3067.81,87191.46
F03682,Gujarat,jute,Kharif,5.15,24,Sprinkler,12.94,3235.37,215608.29
F01381,Punjab,mungbean,Kharif,0.53,41,Canal,23.04,3030.45,37005.43
F01934,Tamil Nadu,apple,Zaid,2.95,19,Drip,14.39,2863.06,121538.33
F00580,West Bengal,coffee,Rabi,0.48,5,Drip,5.36,1259.96,3241.63
F04392,Uttar Pradesh,banana,Rabi,10.58,17,Canal,6.83,2395.5,173102.18
F03161,Rajasthan,rice,Kharif,8.53,16,Canal,5.03,1394.9,59849.44
F02031,Gujarat,papaya,Kharif,2.06,5,Rain-fed,13.53,1124.35,31337.66
F00893,Madhya Pradesh,kidneybeans,Rabi,1.94,21,Rain-fed,17.56,1389.85,47347.19
F04193,Uttar Pradesh,orange,Kharif,3.26,11,Sprinkler,15.74,2375.17,121875.67
F00781,Rajasthan,grapes,Rabi,4.21,21,Sprinkler,16.04,2111.83,142608.5
F03974,Karnataka,mango,Zaid,6.89,20,Borewell,6.54,3108.83,140085.75
F00160,Rajasthan,pomegranate,Rabi,1.31,8,Sprinkler,13.33,2307.44,40293.21
F00003,Gujarat,kidneybeans,Rabi,1.29,10,Canal,22.49,2387.32,69261.17
F02264,Tamil Nadu,orange,Rabi,2.31,2,Sprinkler,22.92,2667.25,141218.08
F03217,Uttar Pradesh,coconut,Zaid,2.34,17,Sprinkler,18.24,2377.52,101476.36
F02110,West Bengal,blackgram,Kharif,4.41,11,Rain-fed,20.85,2066.89,190047.44
F00850,West Bengal,pomegranate,Zaid,2.23,13,Canal,11.17,1801.28,44868.26
F02738,Andhra Pradesh,cotton,Zaid,3.02,2,Rain-fed,15.91,3346.73,160804.35
F02467,Gujarat,mungbean,Rabi,8.71,28,Canal,21.38,1042.6,194152.76
F04266,Maharashtra,grapes,Kharif,1.02,5,Borewell,31.79,1697.85,55054.14
F03973,Haryana,orange,Rabi,5.55,12,Rain-fed,29.33,1083.17,176320.04
F01597,Tamil Nadu,lentil,Zaid,6.1,1,Borewell,15.42,1465.06,137806.47
F01777,Punjab,pigeonpeas,Rabi,1.9,6,Canal,21.89,2748.79,114324.92
F01914,Andhra Pradesh,coffee,Zaid,2.79,2,Borewell,26.84,1955.78,146455.85
F01044,Andhra Pradesh,lentil,Zaid,2.47,7,Sprinkler,31.47,3414.01,265374.07
F04905,Bihar,blackgram,Zaid,1.52,0,Canal,27.28,2113.72,87646.67
F01545,Karnataka,chickpea,Rabi,1.39,0,Canal,12.37,1811.29,31143.86
F02737,Gujarat,banana,Zaid,3.28,29,Sprinkler,21.43,2858.43,200920.19
F04032,Tamil Nadu,rice,Rabi,0.86,0,Canal,16.52,2009.69,28552.07
F04803,Maharashtra,chickpea,Zaid,7.08,14,Rain-fed,9.48,1098.16,73706.74
F00054,Uttar Pradesh,chickpea,Zaid,5.33,13,Rain-fed,8.5,2331.14,105612.3
F01797,Bihar,apple,Rabi,2.37,32,Sprinkler,18.91,2104.65,94323.47
F03589,Andhra Pradesh,watermelon,Kharif,0.65,17,Canal,15.31,1840.28,18313.55
F03846,Andhra Pradesh,watermelon,Kharif,6.13,0,Sprinkler,27.75,1222.21,207907.09
F01912,Maharashtra,pigeonpeas,Kharif,1.02,14,Drip,9.59,2370.77,23190.4
F02307,Punjab,pigeonpeas,Kharif,0.46,0,Drip,23.0,4122.16,43612.45
F02554,Haryana,banana,Rabi,3.95,23,Rain-fed,12.39,2453.8,120090.2
F02801,Gujarat,papaya,Rabi,1.29,2,Rain-fed,17.55,1545.16,34981.65
F00937,Uttar Pradesh,lentil,Rabi,3.3,0,Drip,14.46,1368.7,65311.63
F04297,Madhya Pradesh,watermelon,Rabi,0.51,9,Borewell,22.43,2670.48,30548.42
F00825,Andhra Pradesh,mango,Kharif,3.88,5,Sprinkler,16.01,2090.55,129862.46
F04927,Punjab,kidneybeans,Rabi,0.62,11,Sprinkler,18.95,895.34,10519.35
F03179,Andhra Pradesh,chickpea,Kharif,2.51,0,Rain-fed,23.38,2358.32,138395.18
F03402,Rajasthan,kidneybeans,Kharif,2.67,10,Rain-fed,9.27,1284.02,31780.65
F01390,Punjab,maize,Zaid,8.25,12,Borewell,25.77,2091.7,444700.65
F03565,Karnataka,coffee,Kharif,3.94,26,Drip,29.22,1909.17,219796.63
F05074,Rajasthan,coffee,Kharif,2.16,10,Canal,18.68,2361.68,95290.95
F00885,Rajasthan,apple,Zaid,5.01,30,Canal,20.32,2545.47,259136.99
F04114,Tamil Nadu,grapes,Rabi,1.5,13,Rain-fed,8.14,2679.57,32717.55
F03647,Bihar,coffee,Zaid,2.64,15,Canal,19.9,2633.04,138329.39
F03732,Karnataka,coffee,Zaid,0.48,16,Canal,24.82,2171.01,25864.54
F01608,Karnataka,coconut,Kharif,0.84,29,Borewell,29.48,2400.45,59442.82
F01595,Tamil Nadu,blackgram,Rabi,1.31,7,Borewell,21.87,1284.4,36797.67
F00772,Tamil Nadu,papaya,Zaid,0.48,15,Canal,15.22,2062.88,15070.58
F02612,Madhya Pradesh,watermelon,Kharif,9.56,9,Canal,15.7,2353.51,353243.02
F03783,Maharashtra,blackgram,Rabi,0.66,15,Canal,17.22,2815.9,32003.27
F03225,Karnataka,papaya,Zaid,4.21,4,Sprinkler,10.32,1671.81,72635.46
F02274,Madhya Pradesh,mothbeans,Zaid,2.76,14,Rain-fed,18.4,2575.18,130777.94
F01869,Madhya Pradesh,maize,Kharif,1.99,5,Borewell,16.39,1188.72,38771.41
F01086,West Bengal,lentil,Rabi,1.17,15,Drip,17.16,1880.09,37746.94
F00011,West Bengal,coconut,Rabi,2.85,5,Borewell,15.46,1792.35,78972.73
F03931,Andhra Pradesh,pigeonpeas,Rabi,3.05,15,Sprinkler,28.52,1155.5,100512.32
F01326,Karnataka,mungbean,Rabi,8.97,6,Drip,11.64,1496.28,156227.79
F03391,Rajasthan,kidneybeans,Rabi,1.08,6,Drip,14.59,3095.81,48781.3
F01464,Madhya Pradesh,maize,Kharif,0.98,3,Drip,9.08,2490.83,22164.4
F00807,Andhra Pradesh,chickpea,Zaid,2.54,25,Rain-fed,21.03,2008.32,107276.82
F04066,West Bengal,jute,Rabi,1.86,5,Canal,24.79,2560.0,118040.06
F04411,Tamil Nadu,watermelon,Kharif,4.01,15,Rain-fed,16.08,1982.52,127834.48
F04101,Maharashtra,jute,Rabi,2.1,0,Rain-fed,9.78,1764.35,36236.22
F02109,Uttar Pradesh,watermelon,Zaid,1.88,0,Canal,25.2,2937.35,139159.89
F04408,Karnataka,muskmelon,Kharif,2.12,22,Canal,23.48,2083.52,103712.63
F05155,Gujarat,blackgram,Kharif,6.24,0,Rain-fed,17.19,1897.87,203576.16
F02235,Andhra Pradesh,mothbeans,Rabi,1.69,15,Drip,14.9,2315.19,58298.8
F03212,Madhya Pradesh,mothbeans,Rabi,6.48,3,Borewell,12.97,2424.96,203807.22
F00964,Karnataka,lentil,Zaid,1.25,10,Borewell,20.0,1350.8,33770.0
F03416,Uttar Pradesh,pomegranate,Kharif,0.96,8,Sprinkler,18.6,749.4,13381.29
F04087,Bihar,lentil,Zaid,1.77,20,Borewell,20.66,2932.83,107248.31
F00399,Gujarat,maize,Kharif,1.73,13,Canal,11.96,1201.89,24868.07
F02633,West Bengal,pomegranate,Kharif,4.17,3,Borewell,14.83,2560.21,158326.2
F05048,Madhya Pradesh,mango,Kharif,0.95,22,Rain-fed,14.67,2175.43,30317.88
F02997,West Bengal,grapes,Rabi,3.26,24,Drip,23.6,2827.59,217543.46
F00705,Andhra Pradesh,coffee,Rabi,5.97,17,Sprinkler,13.21,1796.17,141652.61
F00432,Punjab,watermelon,Kharif,5.98,3,Drip,16.06,2307.26,221586.48
F04857,Maharashtra,coconut,Kharif,1.53,35,Sprinkler,14.95,1958.48,44797.29
F00293,Haryana,cotton,Kharif,0.38,6,Sprinkler,17.98,3747.25,25602.71
F05064,Tamil Nadu,watermelon,Kharif,9.02,11,Borewell,20.6,1131.88,210316.89
F00146,Punjab,coconut,Rabi,1.46,28,Borewell,18.59,1475.59,40049.58
F04317,Tamil Nadu,blackgram,Zaid,3.62,12,Canal,10.26,1210.08,44943.82
F02034,West Bengal,jute,Kharif,3.29,19,Canal,17.48,2687.91,154579.55
F03742,Karnataka,papaya,Rabi,1.16,11,Rain-fed,28.99,500.0,16814.2
F04378,Rajasthan,pomegranate,Rabi,0.25,6,Canal,26.89,1311.16,8814.27
F01166,Uttar Pradesh,grapes,Zaid,1.09,10,Rain-fed,20.55,2931.81,65671.08
F03501,Uttar Pradesh,muskmelon,Zaid,3.39,21,Drip,29.64,3500.34,351712.76
F02051,Gujarat,pigeonpeas,Kharif,1.8,2,Sprinkler,13.57,1905.53,46544.48
F03761,Rajasthan,watermelon,Rabi,2.26,16,Borewell,20.13,2022.6,92015.76
F02625,Tamil Nadu,pigeonpeas,Kharif,5.88,12,Drip,19.24,2203.77,249315.14
F04937,Karnataka,mango,Rabi,1.22,17,Sprinkler,11.11,2192.44,29716.77
F00340,Maharashtra,mango,Zaid,3.56,6,Borewell,20.97,2489.11,185820.03
F04156,Tamil Nadu,chickpea,Rabi,0.33,19,Borewell,19.25,1301.7,8269.05
F03996,Gujarat,coffee,Zaid,0.96,29,Sprinkler,18.79,2409.34,43460.64
F02974,Andhra Pradesh,kidneybeans,Kharif,5.74,6,Sprinkler,24.97,2869.94,411342.19
F00266,Punjab,coffee,Rabi,0.56,16,Borewell,12.84,2277.61,16376.93
F02425,Andhra Pradesh,lentil,Kharif,1.37,10,Sprinkler,24.12,961.66,31777.48
F01263,Maharashtra,mango,Kharif,0.56,27,Sprinkler,22.6,1839.16,23276.41
F01772,Rajasthan,papaya,Kharif,3.96,29,Borewell,22.75,500.0,45045.0
F03512,Andhra Pradesh,jute,Zaid,4.35,8,Drip,23.3,2864.82,290363.83
F00272,Karnataka,pigeonpeas,Kharif,1.58,7,Drip,11.28,1452.88,25893.81
F00697,Punjab,mango,Kharif,2.54,3,Canal,24.27,2006.23,123675.65
F00748,Andhra Pradesh,mothbeans,Rabi,1.72,0,Canal,9.59,2518.16,41536.55
F00245,Gujarat,muskmelon,Zaid,2.84,25,Drip,14.01,2342.14,93190.0
F00318,Maharashtra,blackgram,Zaid,5.8,28,Canal,9.57,2722.76,151129.52
F00477,Karnataka,watermelon,Zaid,0.86,21,Sprinkler,13.5,3478.86,40389.56
F02033,Uttar Pradesh,coffee,Zaid,0.77,1,Sprinkler,17.13,1529.21,20170.43
F00958,Tamil Nadu,rice,Rabi,3.76,13,Borewell,20.93,2810.33,221163.98
F00029,Punjab,muskmelon,Zaid,1.48,8,Borewell,14.2,933.72,19623.06
F00814,Tamil Nadu,mango,Kharif,5.47,7,Canal,11.1,2863.47,173861.31
F04877,Karnataka,jute,Rabi,3.19,10,Rain-fed,12.42,1569.91,62199.52
F01915,Andhra Pradesh,coffee,Kharif,1.07,21,Rain-fed,27.19,2665.97,77561.87
F03811,Andhra Pradesh,rice,Rabi,0.33,20,Borewell,13.8,2427.04,11052.74
F04787,Tamil Nadu,chickpea,Rabi,5.97,0,Rain-fed,30.46,3111.2,565759.9
F03488,Bihar,lentil,Zaid,5.5,4,Sprinkler,22.4,2604.05,320818.96
F01298,Rajasthan,orange,Rabi,4.23,22,Canal,22.89,2297.21,222426.67
F04233,Bihar,banana,Kharif,1.25,28,Sprinkler,17.61,1659.72,36534.59
F01805,Bihar,mungbean,Rabi,1.18,0,Canal,14.02,2337.44,38669.67
F00759,Karnataka,rice,Rabi,3.56,9,Canal,21.19,3169.93,239128.11
F00251,Tamil Nadu,mothbeans,Zaid,5.45,21,Borewell,14.76,2091.38,168234.79
F02462,Tamil Nadu,mothbeans,Kharif,0.85,13,Drip,17.38,1445.14,21349.05
F00546,Karnataka,jute,Rabi,1.89,17,Rain-fed,21.43,2477.21,100333.69
F03242,Haryana,papaya,Rabi,0.64,14,Canal,27.19,2403.4,41823.01
F00739,Maharashtra,orange,Rabi,3.13,28,Drip,24.44,3124.9,239046.1
F00311,Andhra Pradesh,kidneybeans,Rabi,2.09,9,Canal,33.68,2134.37,150240.87
F03522,Bihar,blackgram,Rabi,3.3,3,Canal,12.55,2029.33,84044.7
F02942,Maharashtra,apple,Kharif,3.86,1,Sprinkler,7.97,1788.77,55030.08
F01132,Uttar Pradesh,jute,Kharif,2.06,9,Rain-fed,9.46,3046.99,59378.52
F01450,Gujarat,rice,Rabi,0.64,23,Rain-fed,13.14,2295.33,19302.81
F05118,Maharashtra,cotton,Rabi,1.16,13,Rain-fed,18.18,1609.56,33943.69
F00016,Madhya Pradesh,chickpea,Rabi,3.8,19,Rain-fed,22.33,524.41,44498.29
F03233,Haryana,pomegranate,Zaid,5.3,26,Canal,10.73,2516.44,143107.43
F02770,Gujarat,mango,Kharif,6.98,9,Sprinkler,13.17,1807.76,166181.23
F03469,Uttar Pradesh,watermelon,Zaid,5.92,21,Canal,13.48,1130.72,90233.27
F00921,Maharashtra,blackgram,Kharif,2.52,14,Drip,19.62,3353.99,165829.32
F03030,Karnataka,coffee,Zaid,2.73,8,Drip,17.88,3682.21,179737.51
F01373,Tamil Nadu,papaya,Rabi,1.95,20,Rain-fed,9.54,2318.01,43121.94
F03588,Punjab,jute,Rabi,7.27,17,Canal,23.83,1908.73,330676.21
F02545,Haryana,muskmelon,Rabi,2.15,16,Canal,21.7,2605.31,121550.74
F03960,Karnataka,pigeonpeas,Rabi,4.64,10,Drip,30.06,1360.74,189793.84
F03599,Haryana,pomegranate,Kharif,0.92,7,Rain-fed,5.75,1506.56,7969.7
F00039,Bihar,jute,Zaid,9.11,9,Drip,22.5,2909.43,596360.41
F00364,Bihar,pomegranate,Kharif,4.6,14,Borewell,21.38,1713.37,168506.51
F04270,Uttar Pradesh,kidneybeans,Kharif,3.25,8,Borewell,18.03,2038.08,119426.39
F00183,Haryana,lentil,Rabi,2.17,23,Borewell,21.59,1483.5,69502.42
F03034,Gujarat,kidneybeans,Rabi,2.31,28,Borewell,11.0,1536.93,39053.39
F02984,Madhya Pradesh,rice,Rabi,2.41,7,Canal,16.37,1701.12,67112.08
F01195,Karnataka,apple,Kharif,1.89,11,Canal,14.2,3118.02,83681.42
F02853,Rajasthan,papaya,Kharif,2.63,11,Canal,20.46,2128.59,114539.0
F05191,Uttar Pradesh,pigeonpeas,Kharif,2.15,20,Sprinkler,16.41,1942.48,68533.61
F01122,Bihar,muskmelon,Zaid,2.03,7,Rain-fed,8.93,754.78,13682.58
F05116,Maharashtra,banana,Kharif,1.35,11,Sprinkler,17.24,1975.96,45988.49
F02236,Karnataka,papaya,Rabi,0.7,16,Sprinkler,16.04,2595.36,29140.7
F02668,Tamil Nadu,chickpea,Kharif,3.39,22,Drip,18.59,1888.6,119019.76
F04025,Punjab,mango,Kharif,1.5,35,Borewell,27.05,2677.91,108656.2
F03224,Andhra Pradesh,muskmelon,Rabi,1.42,9,Sprinkler,22.6,2047.32,65702.59
F01183,Gujarat,orange,Kharif,2.14,32,Canal,15.19,2816.34,91549.64
F04355,Madhya Pradesh,chickpea,Zaid,2.96,21,Canal,7.53,1962.62,43744.44
F04468,Andhra Pradesh,blackgram,Zaid,2.08,13,Sprinkler,22.06,2782.11,127656.56
F00615,Haryana,maize,Zaid,1.44,10,Sprinkler,21.02,2362.81,71519.42
F05107,Maharashtra,papaya,Rabi,2.22,13,Borewell,14.34,1678.75,53442.67
F01467,Haryana,jute,Zaid,3.13,2,Borewell,20.06,2221.42,139478.07
F00402,Karnataka,papaya,Kharif,10.98,12,Drip,11.66,1806.19,231240.73
F03043,Uttar Pradesh,maize,Rabi,2.48,7,Borewell,19.56,1979.03,96000.37
F00935,Tamil Nadu,maize,Zaid,9.23,11,Canal,14.67,1891.31,256091.13
F02420,Madhya Pradesh,kidneybeans,Kharif,2.4,3,Drip,9.37,1272.47,28615.31
F04232,Haryana,apple,Zaid,2.94,8,Borewell,17.26,3389.04,171974.8
F04698,Maharashtra,pomegranate,Zaid,2.4,17,Sprinkler,16.59,3208.53,127750.83
F02642,West Bengal,maize,Zaid,2.51,20,Rain-fed,14.13,4001.94,141934.0
F04222,West Bengal,mothbeans,Kharif,4.51,0,Canal,23.79,2149.73,230650.77
F00727,Haryana,chickpea,Zaid,5.85,13,Canal,24.95,1810.28,264223.94
F00827,West Bengal,banana,Rabi,3.5,9,Sprinkler,23.05,500.0,40337.5
F01522,Andhra Pradesh,apple,Zaid,6.58,10,Borewell,5.06,2707.49,90145.34
F03912,Punjab,orange,Kharif,1.12,15,Canal,15.8,3324.76,58834.95
F04938,Rajasthan,blackgram,Kharif,1.23,16,Sprinkler,9.99,2576.03,31653.48
F02931,Haryana,maize,Zaid,2.39,6,Drip,20.93,1649.03,82488.93
F00137,Maharashtra,kidneybeans,Rabi,2.47,6,Borewell,18.23,2406.7,108369.13
F03591,Haryana,pigeonpeas,Kharif,2.33,20,Rain-fed,24.59,2219.09,127142.1
F00629,Punjab,apple,Rabi,4.72,11,Rain-fed,10.98,1704.87,88355.91
F00335,Rajasthan,papaya,Kharif,4.09,20,Borewell,20.01,1125.85,92140.58
F03854,Rajasthan,mango,Rabi,0.64,20,Rain-fed,28.3,1624.7,29426.57
F00391,Haryana,orange,Zaid,2.95,15,Sprinkler,31.83,2273.68,213495.14
F04935,Maharashtra,pomegranate,Rabi,3.7,17,Rain-fed,16.28,954.9,57519.36
F05073,Madhya Pradesh,muskmelon,Kharif,4.23,21,Canal,15.43,2061.04,134521.81
F04129,Uttar Pradesh,kidneybeans,Zaid,1.76,9,Sprinkler,12.93,2749.24,62563.9
F01818,West Bengal,pigeonpeas,Rabi,1.54,17,Sprinkler,20.85,2103.16,67530.36
F03991,Rajasthan,lentil,Zaid,1.9,23,Canal,9.41,2646.05,47308.73
F00401,West Bengal,cotton,Kharif,1.02,18,Rain-fed,9.11,2806.94,26082.65
F00711,Uttar Pradesh,papaya,Kharif,1.92,1,Borewell,27.72,500.0,26611.2
F01040,Maharashtra,rice,Kharif,4.08,24,Borewell,14.81,2481.06,149917.55
F00778,Tamil Nadu,pomegranate,Zaid,2.81,16,Borewell,17.19,1683.76,81332.17
F03360,Karnataka,muskmelon,Zaid,0.67,10,Rain-fed,17.66,2470.51,29231.57
F00047,Punjab,pigeonpeas,Kharif,5.48,21,Drip,12.92,2425.49,171728.57
F01562,Andhra Pradesh,watermelon,Zaid,0.37,0,Sprinkler,15.72,3079.43,17911.2
F03949,Madhya Pradesh,orange,Zaid,4.01,6,Sprinkler,26.16,1349.23,141536.39
F04995,Uttar Pradesh,mango,Zaid,0.55,11,Canal,12.18,3266.06,21879.34
F05121,Punjab,grapes,Zaid,3.11,12,Rain-fed,9.81,2356.05,71880.97
F03643,Rajasthan,mothbeans,Rabi,3.07,17,Drip,12.67,1486.59,57823.74
F03727,Haryana,coffee,Zaid,1.34,13,Rain-fed,13.26,2371.26,42133.5
F05040,Punjab,blackgram,Rabi,3.64,16,Canal,24.18,2286.2,201220.35
F01113,Haryana,blackgram,Zaid,5.34,9,Sprinkler,23.45,2950.57,369479.23
F02514,Madhya Pradesh,watermelon,Kharif,6.39,28,Sprinkler,19.9,1998.25,254099.47
F03609,Rajasthan,mungbean,Rabi,1.64,2,Borewell,19.29,1765.83,55863.09
F01224,West Bengal,watermelon,Kharif,1.29,1,Canal,13.96,2821.98,50819.34
F05054,Karnataka,mungbean,Zaid,10.99,16,Rain-fed,15.64,826.48,142058.36
F03024,Rajasthan,chickpea,Rabi,5.54,14,Sprinkler,10.71,2148.19,127459.42
F02422,West Bengal,apple,Rabi,1.97,6,Borewell,11.54,2353.59,53506.04
F01509,Uttar Pradesh,banana,Kharif,3.43,17,Drip,26.24,3299.25,296943.06
F01751,Uttar Pradesh,orange,Kharif,8.6,4,Sprinkler,15.81,2104.19,286098.3
F05034,Rajasthan,muskmelon,Rabi,10.31,0,Drip,17.87,1913.09,352467.13
F04265,Tamil Nadu,maize,Kharif,1.29,13,Sprinkler,16.5,2661.47,56649.39
F04063,Uttar Pradesh,coconut,Rabi,2.05,7,Rain-fed,16.93,1925.42,66824.59
F01800,West Bengal,pomegranate,Rabi,5.32,25,Drip,8.18,1798.97,78286.86
F00339,West Bengal,chickpea,Rabi,3.1,14,Rain-fed,19.3,776.2,46440.05
F00216,Tamil Nadu,pomegranate,Rabi,3.26,2,Sprinkler,23.61,1353.21,104154.68
F03664,West Bengal,pomegranate,Rabi,9.44,18,Drip,23.92,1857.79,419497.9
F01342,Haryana,jute,Kharif,1.75,0,Rain-fed,5.48,1314.51,12606.15
F00012,Maharashtra,maize,Kharif,4.81,19,Borewell,16.86,2517.63,204171.23
F03887,Uttar Pradesh,banana,Kharif,3.9,33,Drip,12.72,2007.54,99590.04
F01521,Bihar,kidneybeans,Rabi,2.52,26,Canal,20.91,2005.49,105675.69
F03895,Bihar,banana,Zaid,7.46,19,Sprinkler,25.59,2474.97,472475.24
F03641,West Bengal,mungbean,Kharif,1.39,24,Borewell,28.96,2368.26,95332.89
F00330,Punjab,watermelon,Kharif,1.79,9,Drip,25.85,2599.9,120301.27
F01041,Haryana,orange,Kharif,1.45,2,Sprinkler,14.23,2736.4,56461.51
F03005,Rajasthan,watermelon,Rabi,4.7,3,Drip,23.75,1796.23,200504.17
F02865,Punjab,muskmelon,Kharif,7.99,28,Drip,25.11,1790.92,359310.31
F04027,West Bengal,pomegranate,Kharif,5.76,13,Canal,16.33,2585.69,243212.07
F03116,Gujarat,rice,Zaid,6.48,16,Sprinkler,7.38,2740.97,131079.76
F05037,West Bengal,kidneybeans,Rabi,2.62,5,Rain-fed,19.03,3335.29,166292.89
F02323,West Bengal,coconut,Kharif,3.71,3,Sprinkler,23.97,3137.72,279033.36
F02572,Karnataka,kidneybeans,Rabi,3.06,8,Canal,16.08,2482.27,122139.6
F02914,Punjab,blackgram,Rabi,0.54,0,Drip,14.56,2326.87,18294.78
F00102,Maharashtra,watermelon,Zaid,2.54,11,Sprinkler,18.69,3188.44,151363.54
F03550,Bihar,papaya,Zaid,0.85,18,Borewell,13.12,2801.5,31242.33
F01459,Rajasthan,mango,Zaid,6.3,5,Canal,15.27,1401.55,134830.51
F00172,Madhya Pradesh,kidneybeans,Kharif,4.16,0,Sprinkler,14.27,2162.69,128384.2
F04368,Karnataka,chickpea,Zaid,1.35,25,Borewell,13.16,2574.43,45737.32
F03570,Bihar,papaya,Kharif,1.98,13,Rain-fed,26.49,1845.08,96774.82
F04292,Haryana,chickpea,Zaid,2.17,7,Rain-fed,20.82,2563.72,115827.33
F00939,Karnataka,mango,Rabi,1.31,12,Drip,22.33,3290.98,96268.73
F00061,Uttar Pradesh,grapes,Rabi,1.17,11,Canal,13.34,2103.72,32834.44
F01241,Haryana,jute,Kharif,4.63,0,Canal,19.51,2949.19,266404.17
F04358,Madhya Pradesh,blackgram,Zaid,2.14,16,Borewell,15.99,2651.93,90745.33
F02121,Maharashtra,papaya,Rabi,2.41,15,Rain-fed,21.59,2768.5,144050.32
F01525,Punjab,mungbean,Kharif,0.29,23,Rain-fed,18.57,3553.65,19137.47
F00154,Karnataka,papaya,Zaid,1.01,28,Drip,22.84,1414.71,32635.1
F00482,Madhya Pradesh,pomegranate,Kharif,1.31,11,Borewell,17.53,2639.61,60616.8
F03921,Tamil Nadu,apple,Kharif,2.54,25,Rain-fed,10.29,2006.9,52453.54
F01763,Rajasthan,pigeonpeas,Zaid,2.91,14,Drip,20.08,3274.87,191359.82
F00751,Uttar Pradesh,mothbeans,Kharif,2.56,20,Canal,37.71,1992.42,192343.44
F01786,Tamil Nadu,watermelon,Zaid,3.73,7,Sprinkler,19.2,2329.62,166838.07
F02712,Gujarat,lentil,Zaid,5.1,19,Drip,19.33,1959.83,193205.92
F01334,Karnataka,lentil,Rabi,1.59,14,Borewell,18.46,500.0,14675.7
F04635,Gujarat,blackgram,Zaid,1.56,18,Drip,14.17,2862.66,63279.67
F02855,Rajasthan,banana,Kharif,0.82,24,Sprinkler,17.91,1762.9,25890.3
F00187,West Bengal,watermelon,Kharif,2.63,3,Sprinkler,9.16,2454.36,59127.5
F01137,West Bengal,coconut,Zaid,4.03,20,Rain-fed,11.21,2432.17,109876.44
F02059,Uttar Pradesh,orange,Kharif,1.57,19,Drip,28.0,2557.79,112440.45
F04370,Bihar,jute,Kharif,3.99,12,Drip,13.92,2922.53,162319.65
F00149,Karnataka,pigeonpeas,Zaid,4.31,14,Borewell,16.04,1531.4,105869.36
F03364,Haryana,rice,Kharif,4.24,0,Rain-fed,12.48,3040.25,160875.44
F02867,Haryana,mothbeans,Zaid,8.97,10,Drip,17.74,2449.86,389840.83
F03777,Tamil Nadu,pigeonpeas,Zaid,0.41,9,Sprinkler,19.43,4045.04,32224.0
F01387,Tamil Nadu,rice,Zaid,1.72,0,Borewell,20.25,3275.44,114083.58
F04923,Rajasthan,lentil,Rabi,0.49,13,Rain-fed,11.35,1402.96,7802.56
F03630,Tamil Nadu,rice,Rabi,1.24,2,Rain-fed,7.78,1835.9,17711.29
F04687,Uttar Pradesh,mungbean,Rabi,2.47,11,Sprinkler,22.17,2424.62,132771.95
F03029,Uttar Pradesh,maize,Zaid,4.48,8,Rain-fed,13.33,1098.91,65625.15
F02970,West Bengal,rice,Zaid,1.32,15,Drip,23.86,3239.8,102038.15
F04533,Madhya Pradesh,cotton,Zaid,5.28,1,Rain-fed,15.57,2127.39,174891.88
F01709,West Bengal,cotton,Zaid,2.48,11,Borewell,16.52,2512.81,102948.82
F02954,Punjab,grapes,Rabi,3.22,16,Drip,23.05,1599.44,118712.04
F00455,Gujarat,kidneybeans,Zaid,2.4,8,Rain-fed,12.13,2222.39,64698.22
F00610,Gujarat,cotton,Kharif,3.41,0,Drip,15.26,1769.91,92100.1
F04422,Andhra Pradesh,cotton,Rabi,9.25,16,Borewell,10.6,2394.99,234828.77
F02075,Andhra Pradesh,chickpea,Zaid,7.22,17,Sprinkler,12.74,3028.8,278597.5
F04053,Madhya Pradesh,mungbean,Rabi,7.91,33,Canal,24.3,1824.09,350613.81
F04237,Tamil Nadu,kidneybeans,Zaid,3.41,21,Drip,18.41,3051.96,191596.25
F01623,Uttar Pradesh,kidneybeans,Zaid,5.14,9,Rain-fed,20.67,1235.81,131297.15
F04569,Karnataka,cotton,Zaid,2.48,20,Canal,20.81,2732.54,141023.11
F00041,Uttar Pradesh,coffee,Zaid,5.32,10,Borewell,14.17,3215.03,242363.11
F02090,Karnataka,lentil,Zaid,1.57,6,Rain-fed,17.63,1851.56,51249.51
F03925,Tamil Nadu,lentil,Rabi,3.29,0,Borewell,20.44,2306.37,155097.85
F02176,Haryana,mothbeans,Kharif,5.06,28,Canal,25.1,2164.9,274955.29
F00075,Maharashtra,mothbeans,Rabi,1.81,13,Borewell,14.53,2170.68,57087.36
F04173,Gujarat,mango,Kharif,1.45,5,Sprinkler,21.06,2832.01,86481.09
F05128,Haryana,mungbean,Rabi,3.9,15,Drip,13.58,2695.74,142771.78
F02658,Gujarat,lentil,Rabi,4.11,34,Rain-fed,14.78,2633.69,159985.61
F03181,Gujarat,rice,Rabi,0.91,0,Sprinkler,13.27,1021.06,12330.01
F02077,Punjab,jute,Zaid,0.93,13,Drip,11.81,1898.68,20853.77
F00442,Punjab,chickpea,Rabi,0.98,18,Borewell,25.62,1971.74,49505.66
F02052,Tamil Nadu,rice,Kharif,4.97,7,Canal,13.03,2855.91,184946.16
F02542,Andhra Pradesh,mothbeans,Zaid,0.91,19,Sprinkler,20.26,2205.23,40656.94
F01302,Rajasthan,grapes,Kharif,2.04,20,Rain-fed,7.0,2348.7,33539.44
F03431,Madhya Pradesh,jute,Kharif,1.07,19,Rain-fed,14.26,1077.82,16445.59
F01305,Madhya Pradesh,lentil,Rabi,2.17,20,Sprinkler,10.17,2590.48,57169.04
F00237,Karnataka,chickpea,Kharif,1.59,12,Rain-fed,10.14,2492.51,40185.74
F04347,Uttar Pradesh,papaya,Kharif,2.43,10,Borewell,26.45,2604.83,167421.54
F02600,Maharashtra,pomegranate,Kharif,1.0,20,Canal,21.37,2419.65,51707.92
F02574,Madhya Pradesh,pigeonpeas,Kharif,3.6,8,Borewell,14.0,2942.2,148286.88
F03281,Gujarat,kidneybeans,Rabi,3.22,8,Canal,6.07,2390.62,46725.62
F03187,Maharashtra,papaya,Zaid,1.3,21,Rain-fed,20.72,2915.72,78537.83
F03954,Tamil Nadu,banana,Zaid,0.45,14,Drip,19.77,1712.52,15235.43
F02769,Punjab,coffee,Zaid,4.73,20,Borewell,27.36,2110.27,273095.95
F02107,Maharashtra,lentil,Kharif,2.8,26,Canal,19.4,2791.18,151616.9
F02680,Andhra Pradesh,coffee,Rabi,2.29,8,Rain-fed,15.65,1324.7,47475.26
F02762,Madhya Pradesh,maize,Zaid,7.2,15,Drip,18.1,2747.81,358094.6
F01388,Rajasthan,grapes,Rabi,6.95,5,Rain-fed,20.14,2622.25,367044.2
F04886,Bihar,mothbeans,Rabi,5.21,18,Borewell,20.29,2406.24,254365.8
F04710,Rajasthan,apple,Kharif,2.82,20,Canal,21.13,2240.73,133517.48
F01280,Andhra Pradesh,mango,Zaid,5.26,28,Rain-fed,20.1,2533.73,267881.14
F05098,Tamil Nadu,papaya,Zaid,3.72,9,Sprinkler,17.64,2669.35,175164.88
F01556,Punjab,pomegranate,Rabi,0.34,35,Rain-fed,17.71,3305.31,19902.59
F03191,Gujarat,orange,Zaid,5.18,14,Drip,21.4,1897.51,210342.78
F04881,Andhra Pradesh,kidneybeans,Zaid,1.1,12,Rain-fed,14.94,3459.62,56855.4
F03595,Karnataka,coconut,Rabi,2.02,14,Borewell,30.69,2143.26,132868.83
F01921,Gujarat,coffee,Zaid,3.3,0,Borewell,24.23,1696.0,135610.46
F00514,Maharashtra,muskmelon,Zaid,5.14,22,Canal,15.48,1518.54,120825.98
F04178,West Bengal,banana,Rabi,7.22,9,Drip,9.32,1783.87,120037.33
F01309,Tamil Nadu,papaya,Kharif,0.97,11,Rain-fed,17.11,3453.75,57320.85
F00915,Tamil Nadu,banana,Zaid,1.79,25,Drip,20.51,1027.58,37725.44
F03453,Punjab,papaya,Rabi,1.21,0,Borewell,28.01,3129.86,106077.53
F03696,Rajasthan,blackgram,Zaid,3.16,15,Canal,14.61,964.2,44514.8
F03157,Uttar Pradesh,mungbean,Kharif,1.57,13,Rain-fed,21.26,4253.81,141984.52
F02199,Tamil Nadu,watermelon,Rabi,2.02,24,Canal,11.59,2008.17,47014.87
F00775,Uttar Pradesh,blackgram,Rabi,0.96,23,Rain-fed,19.8,2042.45,38822.89
F00944,Maharashtra,grapes,Zaid,0.79,0,Drip,15.64,738.96,9130.29
F00823,Bihar,grapes,Kharif,4.45,5,Canal,9.57,1482.9,63151.52
F00165,Bihar,maize,Rabi,5.29,14,Rain-fed,23.97,3055.06,387385.58
F03984,Tamil Nadu,kidneybeans,Zaid,5.91,2,Sprinkler,22.65,2407.09,322216.68
F02539,Andhra Pradesh,kidneybeans,Rabi,0.92,5,Sprinkler,12.53,1950.87,22488.85
F04970,Tamil Nadu,papaya,Zaid,2.72,12,Canal,19.2,969.11,50610.8
F01312,Bihar,kidneybeans,Zaid,3.24,24,Sprinkler,14.53,2425.09,114166.45
F04731,Uttar Pradesh,mothbeans,Kharif,4.85,26,Rain-fed,7.98,2265.02,87663.07
F04348,Uttar Pradesh,lentil,Zaid,2.85,24,Canal,18.47,2594.68,136582.66
F04833,Karnataka,grapes,Zaid,3.04,7,Sprinkler,19.6,1703.74,101515.64
F03301,Tamil Nadu,mothbeans,Kharif,6.02,0,Borewell,13.78,1268.53,105231.67
F03311,Maharashtra,rice,Zaid,2.33,13,Drip,8.69,1639.95,33205.22
F00328,Punjab,lentil,Zaid,2.25,28,Borewell,23.22,758.15,39609.55
F02491,Punjab,pomegranate,Kharif,2.97,15,Borewell,19.7,1608.49,94111.14
F05103,Maharashtra,pigeonpeas,Rabi,3.93,2,Rain-fed,18.56,1695.68,123684.26
F00833,Tamil Nadu,watermelon,Rabi,1.46,0,Borewell,19.73,1914.44,55146.98
F03080,Bihar,lentil,Kharif,1.63,9,Sprinkler,15.46,815.24,20543.88
F03463,Uttar Pradesh,watermelon,Rabi,0.47,5,Rain-fed,12.16,2231.51,12753.53
F04570,Karnataka,orange,Kharif,7.83,23,Rain-fed,16.32,1792.16,229012.24
F00055,Rajasthan,blackgram,Kharif,1.03,10,Sprinkler,20.94,2133.29,46011.23
F04065,Punjab,maize,Rabi,6.91,4,Sprinkler,11.32,1955.76,152981.89
F03452,Maharashtra,rice,Rabi,2.03,16,Canal,19.27,3531.12,138130.71
F01902,Tamil Nadu,watermelon,Kharif,0.78,8,Drip,10.32,2386.01,19206.43
F01482,Madhya Pradesh,muskmelon,Kharif,3.21,14,Sprinkler,8.33,500.0,13369.65
F04151,Andhra Pradesh,coffee,Rabi,2.48,29,Sprinkler,17.76,3237.9,142612.66
F03336,Madhya Pradesh,pomegranate,Kharif,2.27,14,Sprinkler,21.04,2196.46,104904.69
F00947,West Bengal,apple,Kharif,2.59,8,Rain-fed,17.41,2960.22,133481.94
F03294,Haryana,rice,Kharif,10.2,13,Borewell,12.03,2213.86,271653.91
F02162,Gujarat,mango,Rabi,0.55,18,Rain-fed,9.67,2422.18,12882.36
F03058,Madhya Pradesh,jute,Zaid,0.79,16,Rain-fed,16.19,2303.76,29465.32
F00769,Haryana,mungbean,Kharif,3.37,9,Drip,12.49,2779.72,117002.03
F04926,Haryana,chickpea,Kharif,4.89,4,Borewell,27.55,2776.43,374039.26
F03496,Maharashtra,mango,Rabi,5.26,14,Drip,8.96,2618.37,123402.73
F00286,Rajasthan,coffee,Rabi,3.93,20,Canal,9.51,2240.99,83755.43
F05137,West Bengal,chickpea,Kharif,3.19,16,Rain-fed,15.44,1918.76,94505.84
F04632,Punjab,banana,Kharif,1.06,19,Sprinkler,34.25,2012.51,73064.18
F02333,West Bengal,jute,Rabi,6.62,31,Canal,14.61,1609.11,155630.22
F02718,Punjab,kidneybeans,Zaid,1.63,5,Borewell,27.16,1587.05,70259.97
F02080,Maharashtra,blackgram,Rabi,1.87,7,Drip,8.94,2560.31,42802.75
F03390,Uttar Pradesh,lentil,Zaid,7.93,28,Canal,19.9,2145.08,338508.64
F00723,Karnataka,watermelon,Kharif,2.25,24,Rain-fed,26.44,1905.78,113374.85
F00952,Andhra Pradesh,kidneybeans,Zaid,4.5,9,Drip,19.29,2523.37,219041.13
F04543,Rajasthan,cotton,Rabi,4.13,24,Drip,22.06,3433.09,312781.28
F02263,Madhya Pradesh,coconut,Zaid,8.8,18,Rain-fed,19.66,500.0,86504.0
F00990,Tamil Nadu,pigeonpeas,Kharif,5.19,25,Canal,16.43,1823.33,155478.45
F03213,Gujarat,chickpea,Rabi,0.86,10,Canal,10.66,1277.3,11709.78
F01760,Punjab,cotton,Zaid,2.6,0,Borewell,31.82,2694.81,222947.02
F04276,Rajasthan,mango,Zaid,0.36,22,Drip,27.5,2634.07,26077.29
F01725,Punjab,coconut,Zaid,8.91,12,Canal,11.41,2413.15,245328.31
F00342,West Bengal,chickpea,Rabi,1.22,20,Borewell,23.83,2694.62,78339.61
F03702,Andhra Pradesh,banana,Zaid,7.99,7,Borewell,19.72,1365.55,215159.88
F00689,Haryana,blackgram,Zaid,4.41,9,Borewell,13.86,2047.2,125130.19
F03433,Bihar,cotton,Rabi,2.97,15,Sprinkler,13.62,1960.78,79316.3
F00967,Gujarat,lentil,Kharif,3.27,0,Drip,21.78,2663.31,189682.54
F04919,Uttar Pradesh,pigeonpeas,Kharif,3.22,24,Borewell,23.71,2240.11,171023.89
F02204,Tamil Nadu,apple,Kharif,0.51,17,Borewell,15.09,1785.41,13740.34
F02714,Gujarat,apple,Rabi,2.27,0,Canal,21.3,1928.98,93268.11
F04590,Bihar,papaya,Rabi,9.15,5,Rain-fed,20.77,2216.57,421249.15
F03573,Andhra Pradesh,lentil,Kharif,4.35,10,Sprinkler,12.07,2398.86,125950.94
F01991,Haryana,coffee,Rabi,1.79,8,Borewell,20.92,2450.86,91776.86
F04121,Uttar Pradesh,pigeonpeas,Rabi,3.36,25,Rain-fed,16.41,529.89,29216.86
F04271,Maharashtra,kidneybeans,Zaid,0.79,8,Canal,19.11,1596.75,24105.98
F04936,Rajasthan,kidneybeans,Rabi,1.83,16,Canal,13.21,2993.78,72372.54
F03601,Madhya Pradesh,kidneybeans,Rabi,1.76,1,Canal,20.82,2400.57,87964.57
F04751,Karnataka,muskmelon,Zaid,1.03,0,Sprinkler,18.31,1066.41,20111.75
F05179,Bihar,lentil,Rabi,0.25,26,Rain-fed,14.4,1598.01,5752.84
F04294,Uttar Pradesh,mothbeans,Zaid,3.85,23,Sprinkler,17.49,1837.84,123753.71
F00386,Gujarat,pomegranate,Zaid,3.7,10,Sprinkler,13.18,2673.14,130358.35
F04548,Madhya Pradesh,cotton,Zaid,2.74,2,Rain-fed,22.09,2982.3,180508.48
F04836,West Bengal,coffee,Rabi,4.17,0,Borewell,6.65,1664.77,46164.9
F00537,Gujarat,kidneybeans,Zaid,2.29,29,Sprinkler,21.88,3054.45,153043.83
F04855,Haryana,jute,Kharif,2.6,4,Sprinkler,27.99,2335.37,169954.22
F04213,Maharashtra,orange,Rabi,5.97,9,Rain-fed,19.22,2378.49,272916.03
F03508,Uttar Pradesh,apple,Kharif,3.87,18,Rain-fed,21.02,1019.14,82904.39
F00202,West Bengal,pomegranate,Rabi,1.57,4,Canal,13.85,2188.01,47577.18
F01333,Uttar Pradesh,coffee,Zaid,8.39,24,Borewell,20.85,2278.96,398661.89
F03503,Punjab,apple,Kharif,2.99,16,Drip,11.85,3446.64,122119.63
F02709,Gujarat,mothbeans,Zaid,0.51,21,Sprinkler,10.65,1846.25,10027.91
F04022,Gujarat,banana,Rabi,1.2,21,Drip,11.62,1799.11,25086.79
F01855,Uttar Pradesh,chickpea,Kharif,3.97,25,Borewell,26.62,2210.97,233658.4
F04653,Andhra Pradesh,rice,Kharif,3.23,7,Rain-fed,24.17,3283.86,256367.99
F02873,Haryana,maize,Zaid,11.85,1,Drip,9.98,2558.58,302585.35
F03031,Maharashtra,papaya,Rabi,5.51,12,Drip,16.16,1804.8,160702.28
F01206,Uttar Pradesh,watermelon,Zaid,4.38,25,Rain-fed,12.53,1774.61,97393.08
F01646,Madhya Pradesh,pomegranate,Kharif,1.13,0,Borewell,12.8,1631.74,23601.49
F03418,Madhya Pradesh,coffee,Zaid,0.88,15,Canal,17.52,2305.39,35543.58
F03477,Haryana,banana,Kharif,0.7,7,Rain-fed,21.49,1700.26,25577.01
F02862,Rajasthan,coconut,Kharif,2.91,11,Borewell,18.41,2128.31,114020.16
F01793,Uttar Pradesh,grapes,Kharif,4.63,0,Rain-fed,25.42,1887.52,222150.91
F03798,Karnataka,mango,Kharif,3.51,21,Canal,14.35,2234.82,112564.53
F03369,Bihar,mothbeans,Kharif,3.66,34,Borewell,27.02,2397.61,237107.33
F03368,Madhya Pradesh,muskmelon,Rabi,0.43,13,Borewell,25.53,2426.33,26636.01
F03534,Uttar Pradesh,coffee,Rabi,3.63,9,Rain-fed,14.29,2208.67,114569.68
F04573,Rajasthan,kidneybeans,Rabi,2.0,5,Borewell,18.5,952.45,35240.65
F03450,Haryana,banana,Kharif,0.79,20,Drip,22.04,2063.17,35923.09
F00604,Madhya Pradesh,chickpea,Zaid,2.16,6,Rain-fed,24.4,1411.76,74405.4
F03057,Haryana,banana,Zaid,1.05,9,Canal,8.12,1361.89,11611.47
F04537,Punjab,mango,Rabi,2.06,25,Canal,24.42,2695.88,135616.78
F00127,Punjab,lentil,Zaid,3.29,0,Sprinkler,2.0,2256.44,14847.38
F03877,Gujarat,pigeonpeas,Zaid,1.73,10,Canal,14.87,3305.11,85024.29
F02936,Gujarat,orange,Kharif,2.81,1,Rain-fed,20.54,1420.55,81990.45
F03532,Bihar,kidneybeans,Rabi,20.1,6,Canal,16.05,2433.01,784901.19
F02731,Madhya Pradesh,papaya,Kharif,5.85,1,Rain-fed,15.09,3239.52,285973.49
F00828,Tamil Nadu,banana,Rabi,2.66,12,Drip,17.48,1961.49,91203.01
F01640,Karnataka,grapes,Rabi,4.39,14,Canal,10.85,3520.78,167700.03
F00985,Rajasthan,mango,Zaid,11.52,14,Borewell,32.5,2099.88,786195.07
F03282,Rajasthan,mungbean,Kharif,2.79,31,Canal,23.98,1442.77,96527.37
F05170,Uttar Pradesh,rice,Zaid,2.59,8,Canal,12.0,3321.81,103241.85
F02189,Haryana,blackgram,Kharif,1.68,24,Canal,26.1,2379.89,104353.42
F04798,Bihar,kidneybeans,Kharif,6.11,39,Rain-fed,18.49,2397.32,270834.59
F02444,Tamil Nadu,chickpea,Zaid,5.8,4,Canal,11.02,1963.64,125508.01
F00363,Karnataka,papaya,Zaid,4.99,17,Sprinkler,9.98,2159.3,107533.57
F02350,West Bengal,lentil,Rabi,1.31,5,Drip,4.52,3249.92,19243.43
F00346,West Bengal,maize,Zaid,3.67,18,Borewell,3.99,1858.1,27208.72
F00815,Uttar Pradesh,mungbean,Rabi,0.79,15,Sprinkler,18.18,2021.23,29029.31
F03206,Punjab,pomegranate,Kharif,1.22,16,Canal,24.78,2469.65,74661.47
F04695,Uttar Pradesh,jute,Zaid,1.03,18,Drip,22.77,2128.21,49913.12
F04991,Punjab,mungbean,Kharif,0.42,6,Sprinkler,17.79,2053.21,15341.17
F03326,Rajasthan,papaya,Rabi,4.5,7,Borewell,16.82,1912.24,144737.45
F04107,Madhya Pradesh,lentil,Rabi,10.7,21,Borewell,19.76,2608.53,551526.71
F02117,Gujarat,coffee,Kharif,4.74,8,Borewell,20.32,2881.74,277559.98
F01835,Gujarat,coconut,Kharif,7.5,17,Drip,14.85,953.28,106171.56
F00794,West Bengal,rice,Zaid,1.84,24,Borewell,22.23,2671.92,109290.08
F05145,Gujarat,watermelon,Zaid,5.13,26,Borewell,15.28,2169.54,170062.43
F02675,Andhra Pradesh,coffee,Kharif,1.48,0,Borewell,9.88,2409.17,35227.85
F00095,Andhra Pradesh,cotton,Rabi,0.36,25,Canal,20.88,1977.6,14865.22
F04226,Maharashtra,coconut,Rabi,1.57,17,Canal,17.67,2001.25,55518.48
F03757,Punjab,lentil,Rabi,1.05,17,Rain-fed,18.89,2822.49,55982.68
F02892,Karnataka,grapes,Kharif,3.98,10,Canal,21.83,2739.31,238000.57
F02372,Rajasthan,papaya,Rabi,1.31,28,Borewell,16.44,1521.08,32758.59
F04320,West Bengal,chickpea,Zaid,1.43,10,Sprinkler,34.43,1821.91,89701.56
F04615,Karnataka,lentil,Zaid,3.19,26,Sprinkler,20.66,1948.82,128437.76
F03229,Rajasthan,pigeonpeas,Rabi,2.22,33,Canal,29.41,2112.33,137914.45
F02854,Uttar Pradesh,maize,Kharif,1.67,0,Borewell,2.0,644.18,2151.56
F02913,Karnataka,watermelon,Kharif,1.05,23,Drip,19.02,2205.38,44043.64
F01866,Karnataka,apple,Zaid,5.19,15,Borewell,22.92,2899.62,344923.72
F01858,Madhya Pradesh,mungbean,Zaid,3.54,15,Rain-fed,10.41,3684.29,135771.24
F02646,Maharashtra,banana,Rabi,1.58,18,Drip,20.18,1632.24,52042.99
F02244,Madhya Pradesh,lentil,Zaid,2.5,11,Borewell,26.4,1882.38,124237.08
F02337,Madhya Pradesh,watermelon,Kharif,2.87,13,Sprinkler,10.07,3786.79,109441.64
F00951,Karnataka,jute,Rabi,0.5,16,Canal,16.02,2375.01,19023.83
F03069,Bihar,orange,Kharif,3.14,25,Sprinkler,19.35,1754.71,106614.42
F01121,Andhra Pradesh,pigeonpeas,Rabi,4.96,10,Canal,23.74,1657.95,195224.28
F02598,Haryana,muskmelon,Kharif,2.91,26,Canal,14.76,2860.7,122871.64
F02205,West Bengal,coffee,Rabi,0.49,27,Rain-fed,24.26,3151.56,37463.85
F00420,Bihar,banana,Zaid,0.64,9,Canal,16.17,2248.84,23272.8
F00923,Tamil Nadu,jute,Rabi,0.44,8,Sprinkler,23.93,1298.75,13674.8
F01255,Punjab,kidneybeans,Kharif,5.51,19,Sprinkler,11.22,1216.65,75215.98
F00478,Uttar Pradesh,coconut,Kharif,3.09,9,Rain-fed,15.81,2677.53,130805.11
F02036,Karnataka,coffee,Kharif,1.01,4,Sprinkler,33.24,2455.65,82442.06
F01203,Maharashtra,papaya,Rabi,0.62,11,Borewell,20.81,2669.58,34443.46
F02627,Uttar Pradesh,banana,Kharif,3.44,8,Borewell,21.47,2230.36,164727.25
F05014,West Bengal,cotton,Kharif,1.86,14,Rain-fed,24.2,3126.08,140711.11
F01971,West Bengal,coconut,Zaid,1.42,20,Rain-fed,22.97,2171.12,70816.29
F03111,Madhya Pradesh,cotton,Rabi,3.96,15,Drip,18.54,2811.14,206389.4
F04019,Punjab,muskmelon,Kharif,0.69,29,Canal,21.31,1155.64,16992.41
F02152,Madhya Pradesh,chickpea,Rabi,4.44,9,Sprinkler,32.05,2503.6,356267.29
F03688,Rajasthan,blackgram,Rabi,2.06,14,Borewell,9.69,1976.16,39446.92
F01998,Haryana,lentil,Zaid,0.65,31,Drip,23.34,2222.22,33713.3
F04034,Tamil Nadu,jute,Kharif,0.72,9,Borewell,33.05,1460.64,34757.39
F03055,West Bengal,mango,Rabi,3.87,17,Canal,12.21,500.0,23626.35
F01249,Haryana,cotton,Rabi,6.3,22,Rain-fed,5.51,2091.0,72584.88
F02193,West Bengal,coconut,Zaid,0.25,25,Drip,9.11,1654.26,3767.58
F02713,West Bengal,maize,Zaid,3.67,14,Sprinkler,19.62,1583.6,114027.75
F00993,Karnataka,chickpea,Kharif,3.92,8,Borewell,27.47,2150.31,231550.54
F02191,Uttar Pradesh,mango,Rabi,4.31,14,Rain-fed,14.07,2422.38,146897.24
F03763,Haryana,chickpea,Zaid,1.72,14,Sprinkler,16.62,567.49,16222.5
F03598,Andhra Pradesh,pomegranate,Kharif,3.36,22,Drip,27.04,1778.14,161551.84
F01319,Rajasthan,papaya,Zaid,1.96,13,Drip,18.78,1600.05,58895.92
F01864,Bihar,papaya,Kharif,0.9,4,Drip,19.61,1909.56,33701.82
F02344,Tamil Nadu,cotton,Kharif,3.92,25,Drip,23.38,2174.65,199305.8
F02450,Gujarat,grapes,Kharif,7.89,16,Borewell,12.92,1476.18,150480.02
F02137,Uttar Pradesh,coconut,Kharif,0.9,9,Drip,10.41,2502.91,23449.76
F01066,Haryana,cotton,Kharif,4.19,15,Rain-fed,23.48,2919.01,287175.71
F05159,Karnataka,banana,Kharif,3.98,23,Drip,23.39,1462.81,136176.2
F04228,Punjab,mothbeans,Rabi,3.6,26,Rain-fed,18.43,2473.29,164097.84
F02622,Rajasthan,mothbeans,Kharif,2.91,15,Drip,11.66,1236.79,41965.03
F00078,Maharashtra,orange,Zaid,3.75,25,Canal,23.29,2491.29,217583.04
F02899,Bihar,banana,Rabi,1.27,20,Borewell,20.91,2946.98,78259.12
F01315,Rajasthan,muskmelon,Rabi,3.71,4,Canal,14.83,2854.72,157064.7
F04550,Uttar Pradesh,rice,Rabi,11.04,19,Rain-fed,13.08,2497.81,360691.76
F00873,Andhra Pradesh,maize,Kharif,1.62,22,Rain-fed,17.88,3607.45,104491.95
F03851,Bihar,coconut,Rabi,4.08,4,Rain-fed,21.89,1992.97,177994.54
F04983,Andhra Pradesh,rice,Kharif,5.43,29,Canal,13.19,2037.41,145922.77
F02966,Punjab,mango,Rabi,2.54,21,Borewell,25.48,1997.44,129272.72
F03392,Gujarat,mungbean,Rabi,2.16,13,Canal,22.68,1966.82,96352.15
F02561,Bihar,jute,Rabi,2.64,15,Drip,22.33,2374.61,139986.11
F05095,West Bengal,pomegranate,Zaid,6.07,0,Sprinkler,15.55,2483.4,234404.4
F02636,Madhya Pradesh,pomegranate,Zaid,2.02,0,Borewell,25.47,2438.38,125453.19
F03531,Madhya Pradesh,grapes,Zaid,4.19,1,Rain-fed,17.25,2796.57,202129.09
F00376,Gujarat,apple,Kharif,0.25,4,Borewell,8.26,1479.62,3055.42
F01909,Tamil Nadu,muskmelon,Rabi,9.16,15,Rain-fed,12.71,1664.1,193740.51
F04508,Karnataka,mothbeans,Rabi,1.16,20,Borewell,19.94,2502.05,57873.42
F04557,Gujarat,watermelon,Zaid,4.49,27,Borewell,12.85,1133.15,65378.79
F04028,Gujarat,grapes,Rabi,0.78,0,Drip,15.5,2134.97,25811.79
F01605,Andhra Pradesh,mango,Kharif,3.72,12,Drip,21.56,3932.99,315438.38
F01119,Maharashtra,pomegranate,Zaid,6.68,20,Rain-fed,17.49,3654.69,426989.13
F03678,Madhya Pradesh,watermelon,Rabi,2.87,16,Drip,18.64,2351.69,125807.89
F03491,Rajasthan,mungbean,Rabi,3.48,10,Canal,19.04,2034.86,134828.2
F05061,Maharashtra,coffee,Zaid,3.39,28,Drip,26.93,676.46,61755.86
F02959,Uttar Pradesh,jute,Zaid,0.9,7,Borewell,29.9,1287.17,34637.74
F01995,Haryana,cotton,Kharif,2.81,6,Drip,13.49,2207.09,83663.94
F05154,Madhya Pradesh,orange,Rabi,2.85,16,Sprinkler,18.52,792.71,41840.82
F04532,Karnataka,mungbean,Rabi,1.84,27,Borewell,13.69,1453.87,36622.4
F02377,Andhra Pradesh,blackgram,Zaid,2.72,20,Rain-fed,20.7,2699.39,151986.45
F01343,Madhya Pradesh,cotton,Kharif,6.29,29,Sprinkler,20.88,1387.38,182211.83
F00321,Uttar Pradesh,maize,Zaid,7.86,14,Borewell,9.65,2503.81,189911.48
F01620,Punjab,jute,Rabi,10.02,5,Rain-fed,12.31,2711.48,334450.75
F03714,Rajasthan,kidneybeans,Zaid,4.16,11,Drip,19.61,1098.48,89611.36
F02061,Tamil Nadu,kidneybeans,Rabi,2.64,7,Borewell,16.54,2594.52,113291.27
F02220,Maharashtra,maize,Kharif,6.66,9,Borewell,15.32,638.09,65105.09
F01674,Madhya Pradesh,mungbean,Rabi,3.0,16,Sprinkler,27.4,2123.3,174535.26
F00261,Madhya Pradesh,rice,Zaid,6.32,3,Drip,18.17,2144.08,246214.14
F05101,Punjab,kidneybeans,Kharif,8.47,33,Borewell,11.38,2013.87,194114.11
F02040,Punjab,muskmelon,Kharif,0.75,15,Drip,17.61,2969.54,39220.2
F00902,Madhya Pradesh,muskmelon,Kharif,5.04,15,Canal,17.78,3308.28,296458.94
F03745,Uttar Pradesh,papaya,Kharif,7.33,9,Rain-fed,22.58,2429.25,402068.57
F02027,Maharashtra,pomegranate,Kharif,9.06,17,Canal,20.75,1155.2,217171.82
F04235,Uttar Pradesh,blackgram,Zaid,0.61,21,Drip,20.78,2210.05,28014.15
F01918,Madhya Pradesh,lentil,Kharif,3.7,32,Canal,28.51,2884.97,304326.83
F01829,Haryana,blackgram,Kharif,1.74,9,Sprinkler,24.87,2168.15,93824.09
F01574,West Bengal,mango,Kharif,4.65,8,Rain-fed,4.51,2294.98,48129.17
F04574,Karnataka,kidneybeans,Zaid,9.68,10,Drip,11.76,3291.83,374731.39
F04209,Bihar,pigeonpeas,Zaid,7.33,11,Borewell,19.33,2086.49,295632.47
F00225,West Bengal,pigeonpeas,Rabi,3.22,18,Borewell,16.3,2264.76,118868.19
F00724,Haryana,pigeonpeas,Rabi,8.34,22,Drip,22.4,1739.91,325043.03
F04669,Rajasthan,apple,Rabi,1.3,0,Canal,26.99,1407.65,49390.22
F01142,Maharashtra,mungbean,Zaid,8.41,15,Rain-fed,21.01,3804.84,672292.78
F02763,West Bengal,pomegranate,Zaid,3.08,14,Drip,17.21,1174.74,62269.21
F00847,Rajasthan,watermelon,Rabi,3.48,17,Sprinkler,18.21,2280.51,144517.74
F04290,Madhya Pradesh,coffee,Rabi,2.13,2,Rain-fed,21.43,2082.43,95054.39
F02552,Haryana,muskmelon,Zaid,1.76,12,Rain-fed,16.26,1137.69,32557.96
F02929,Gujarat,maize,Kharif,14.96,5,Sprinkler,26.85,2032.49,816402.45
F00118,Tamil Nadu,papaya,Zaid,3.76,19,Rain-fed,2.0,1464.67,11014.32
F00646,Bihar,chickpea,Zaid,4.25,14,Sprinkler,12.78,1888.75,102587.46
F00004,Uttar Pradesh,rice,Rabi,0.77,15,Borewell,15.05,2432.77,28192.16
F04171,Uttar Pradesh,lentil,Rabi,1.09,18,Drip,12.33,3074.04,41314.18
F00468,Andhra Pradesh,muskmelon,Rabi,3.9,7,Sprinkler,16.81,1150.52,75426.94
F00006,Madhya Pradesh,mungbean,Zaid,5.02,27,Rain-fed,24.83,1975.16,246196.98
F00920,Maharashtra,banana,Kharif,0.62,24,Drip,18.25,1849.48,20926.87
F02596,Haryana,jute,Kharif,1.79,12,Borewell,13.04,3212.92,74994.69
F04325,Gujarat,grapes,Rabi,2.33,0,Drip,10.62,2270.73,56188.31
F01064,Haryana,chickpea,Rabi,1.61,28,Borewell,24.72,2449.19,97475.8
F02591,Andhra Pradesh,coffee,Rabi,4.41,6,Borewell,21.32,506.78,47648.06
F00243,Maharashtra,rice,Kharif,9.08,0,Canal,19.3,1833.29,321273.07
F01161,Karnataka,pigeonpeas,Kharif,2.85,22,Canal,13.67,2353.56,91693.52
F02871,Karnataka,watermelon,Zaid,0.63,26,Rain-fed,12.91,2064.73,16793.07
F03736,Maharashtra,kidneybeans,Zaid,2.41,11,Sprinkler,27.66,2193.59,146226.03
F02398,Punjab,kidneybeans,Rabi,3.7,14,Canal,5.01,2227.3,41287.46
F03518,Haryana,mango,Rabi,1.69,21,Rain-fed,11.99,2748.54,55693.94
F03422,Bihar,cotton,Rabi,1.1,6,Rain-fed,26.3,2031.53,58772.16
F02564,Maharashtra,pigeonpeas,Kharif,1.34,14,Borewell,17.21,2350.84,54213.66
F01606,Rajasthan,pigeonpeas,Rabi,3.6,16,Drip,23.75,2450.62,209528.01
F05025,Madhya Pradesh,watermelon,Kharif,1.38,13,Canal,29.27,2199.78,88854.83
F02325,Madhya Pradesh,blackgram,Kharif,3.01,35,Rain-fed,10.39,1713.62,53591.58
F02710,Tamil Nadu,maize,Rabi,2.0,13,Rain-fed,30.57,1321.39,80789.78
F04578,Uttar Pradesh,grapes,Zaid,1.18,19,Canal,14.73,2187.05,38013.99
F01313,Tamil Nadu,watermelon,Zaid,7.37,7,Borewell,25.96,2259.22,432245.72
F03449,Uttar Pradesh,lentil,Rabi,1.62,7,Drip,24.28,3536.34,139096.98
F03813,Uttar Pradesh,coconut,Kharif,3.47,10,Borewell,26.03,1786.76,161387.49
F05181,Bihar,mungbean,Kharif,1.41,29,Rain-fed,19.31,2617.56,71268.57
F02363,Karnataka,lentil,Kharif,1.25,15,Drip,9.8,2146.45,26294.01
F01976,Bihar,muskmelon,Kharif,3.18,27,Canal,2.0,1268.32,8066.52
F03515,Uttar Pradesh,banana,Rabi,5.22,15,Drip,26.28,2294.11,314709.68
F01762,Punjab,cotton,Kharif,3.35,17,Drip,26.89,928.32,83624.46
F02740,Punjab,pigeonpeas,Kharif,0.44,20,Borewell,16.48,1926.29,13967.91
F04848,Madhya Pradesh,chickpea,Zaid,0.77,16,Sprinkler,7.58,1281.53,7479.78
F02473,Madhya Pradesh,apple,Rabi,3.6,0,Borewell,13.78,864.34,42878.18
F04008,Andhra Pradesh,pigeonpeas,Zaid,1.43,19,Rain-fed,12.75,2641.77,48166.07
F01494,Tamil Nadu,rice,Kharif,1.75,22,Drip,10.06,2206.38,38843.32
F04207,Bihar,coconut,Rabi,4.76,18,Borewell,10.99,2553.42,133575.53
F02159,Bihar,coconut,Rabi,3.61,24,Sprinkler,16.06,3916.09,227041.58
F01170,Gujarat,blackgram,Rabi,2.06,2,Canal,5.91,2453.75,29873.42
F04700,Maharashtra,papaya,Zaid,0.52,8,Drip,16.98,1114.27,9838.56
F00233,Gujarat,lentil,Zaid,4.07,30,Sprinkler,15.16,2259.19,139394.73
F00067,Haryana,apple,Kharif,5.33,11,Sprinkler,18.95,1569.2,158494.69
F01604,Bihar,papaya,Kharif,4.55,10,Canal,21.51,1388.48,135891.23
F03284,Haryana,chickpea,Zaid,1.99,22,Rain-fed,10.5,2196.59,45897.75
F03597,Andhra Pradesh,chickpea,Rabi,3.73,7,Rain-fed,17.24,915.97,58901.63
F00126,Karnataka,jute,Zaid,2.92,22,Rain-fed,30.2,3681.35,324636.17
F01297,Haryana,cotton,Kharif,2.71,6,Canal,26.42,2591.19,185524.54
F01977,Punjab,muskmelon,Rabi,0.39,18,Borewell,33.36,2145.32,27911.47
F04701,Bihar,banana,Rabi,5.23,18,Borewell,8.45,2649.71,117099.96
F04665,Tamil Nadu,mango,Rabi,3.07,0,Canal,19.52,3471.62,208041.69
F02076,Punjab,rice,Zaid,0.25,20,Rain-fed,21.35,1506.42,8040.52
F03087,Gujarat,coconut,Kharif,4.28,30,Rain-fed,28.75,2743.24,337555.68
F04522,Maharashtra,orange,Zaid,2.77,17,Canal,15.79,2885.83,126221.3
F03346,Haryana,pomegranate,Zaid,3.92,3,Canal,20.72,1100.65,89397.43
F04648,Karnataka,maize,Kharif,4.98,13,Borewell,13.12,1805.05,117937.63
F02798,West Bengal,pigeonpeas,Kharif,6.0,15,Drip,12.4,2364.28,175902.43
F00919,Bihar,papaya,Zaid,3.68,31,Borewell,18.3,3077.53,207253.18
F01647,Bihar,rice,Zaid,4.05,0,Rain-fed,19.03,2390.76,184259.46
F00365,West Bengal,rice,Kharif,9.51,28,Drip,14.97,2792.48,397550.58
F03288,Punjab,muskmelon,Rabi,2.59,11,Rain-fed,21.0,2345.29,127560.32
F02126,Haryana,pigeonpeas,Zaid,1.61,6,Canal,10.26,924.75,15275.58
F04124,Punjab,apple,Kharif,4.76,0,Sprinkler,27.15,1671.02,215952.6
F00526,Uttar Pradesh,chickpea,Zaid,3.62,17,Canal,17.01,2480.35,152730.53
F00056,Karnataka,lentil,Zaid,4.81,19,Sprinkler,7.62,2636.25,96624.36
F00639,Andhra Pradesh,muskmelon,Kharif,2.61,1,Sprinkler,16.23,2039.62,86398.92
F00303,Rajasthan,banana,Zaid,4.0,18,Sprinkler,20.04,2150.68,172398.51
F02767,Andhra Pradesh,mungbean,Rabi,0.47,0,Rain-fed,24.5,2776.6,31972.55
F01277,Karnataka,banana,Kharif,5.18,3,Canal,5.97,2569.35,79456.12
F02056,Andhra Pradesh,mango,Zaid,1.96,8,Borewell,23.31,2463.65,112558.26
F04433,Punjab,muskmelon,Zaid,1.41,10,Canal,23.74,2548.15,85295.24
F03645,Andhra Pradesh,pomegranate,Zaid,2.34,0,Sprinkler,15.66,3402.2,124671.58
F04144,Haryana,kidneybeans,Zaid,1.02,6,Canal,16.22,1684.66,27871.69
F02879,Bihar,rice,Kharif,1.01,15,Borewell,16.89,1797.2,30658.26
F04203,Maharashtra,coconut,Rabi,4.65,24,Borewell,23.9,500.0,55567.5
F02287,Haryana,mungbean,Kharif,1.83,5,Borewell,20.53,3530.16,132627.76
F02262,Uttar Pradesh,blackgram,Zaid,1.09,12,Canal,19.44,2377.14,50370.65
F02297,Bihar,watermelon,Kharif,0.25,7,Canal,20.51,2508.39,12861.77
F01754,Maharashtra,watermelon,Zaid,1.35,10,Canal,18.03,2456.31,59787.81
F01969,Uttar Pradesh,banana,Kharif,1.52,10,Rain-fed,24.79,2010.65,75762.9
F04528,Rajasthan,orange,Kharif,4.07,3,Sprinkler,7.4,2107.83,63483.62
F03118,Maharashtra,lentil,Rabi,0.39,7,Borewell,18.68,1754.87,12784.58
F02394,Haryana,muskmelon,Rabi,4.02,8,Canal,13.14,1959.03,103481.45
F00524,Gujarat,watermelon,Zaid,5.53,5,Sprinkler,11.28,1144.13,71369.0
F03901,Karnataka,mothbeans,Rabi,0.77,16,Borewell,16.94,2157.05,28136.13
F03123,Punjab,mothbeans,Rabi,5.03,4,Borewell,28.65,2241.74,323056.03
F04157,Rajasthan,coffee,Zaid,2.84,17,Sprinkler,19.37,2136.55,117533.32
F01970,Tamil Nadu,kidneybeans,Zaid,7.28,17,Rain-fed,13.68,3448.63,343450.44
F00672,Gujarat,blackgram,Zaid,4.41,4,Borewell,33.13,2625.12,383538.69
F04189,Gujarat,rice,Rabi,5.04,25,Canal,13.0,2218.24,145339.08
F00667,Bihar,chickpea,Rabi,0.53,14,Canal,20.9,1843.57,20421.22
F04514,West Bengal,maize,Zaid,1.25,15,Borewell,11.03,1862.19,25674.94
F01888,Madhya Pradesh,maize,Rabi,1.92,24,Sprinkler,16.91,2077.01,67434.7
F03267,West Bengal,coffee,Rabi,4.68,0,Drip,5.82,1712.37,46640.85
F00281,West Bengal,coconut,Rabi,1.97,10,Borewell,18.4,1314.78,47658.15
F01720,Rajasthan,muskmelon,Zaid,1.18,15,Drip,14.35,2054.37,34786.65
F02948,Punjab,pomegranate,Kharif,1.7,15,Sprinkler,12.4,789.83,16649.62
F04456,Haryana,mango,Zaid,2.08,20,Drip,27.39,3364.88,191701.25
F00900,Punjab,kidneybeans,Zaid,6.59,16,Rain-fed,21.44,1803.44,254807.32
F05047,Madhya Pradesh,muskmelon,Kharif,8.03,10,Rain-fed,31.14,1215.55,303953.38
F00761,Uttar Pradesh,rice,Zaid,2.66,15,Borewell,15.54,2184.32,90291.93
F01907,Karnataka,blackgram,Zaid,4.32,15,Rain-fed,6.8,2148.17,63104.64
F04043,Andhra Pradesh,coffee,Kharif,0.61,33,Rain-fed,16.18,2438.13,24063.86
F03824,Gujarat,banana,Zaid,2.29,4,Canal,22.35,2801.12,143365.52
F04139,Punjab,cotton,Kharif,2.91,0,Borewell,5.32,1581.9,24489.71
F03819,Tamil Nadu,chickpea,Zaid,0.4,33,Sprinkler,23.85,1648.21,15723.92
F04301,Bihar,mango,Rabi,3.6,19,Canal,20.92,1421.86,107083.12
F02594,Rajasthan,lentil,Zaid,0.87,13,Borewell,16.01,1510.82,21043.76
F04165,Rajasthan,cotton,Kharif,5.38,22,Borewell,16.24,1201.68,104992.22
F03032,Uttar Pradesh,rice,Zaid,0.25,7,Drip,32.73,2517.28,20597.64
F03580,Andhra Pradesh,lentil,Rabi,1.57,10,Rain-fed,15.75,2834.51,70090.35
F02833,Bihar,coffee,Kharif,1.41,3,Canal,15.1,1835.37,39076.86
F03473,Karnataka,cotton,Zaid,0.85,8,Borewell,4.77,3044.32,12343.2
F00138,Karnataka,mothbeans,Rabi,6.71,20,Borewell,10.32,1863.68,129054.62
F02181,Andhra Pradesh,mothbeans,Kharif,1.05,11,Rain-fed,15.67,2202.67,36241.63
F02129,Rajasthan,kidneybeans,Rabi,1.68,8,Drip,13.08,1771.32,38923.69
F03178,Haryana,coffee,Kharif,2.63,8,Borewell,16.72,1236.56,54375.99
F04544,Tamil Nadu,papaya,Zaid,9.27,21,Rain-fed,17.23,2031.91,324540.93
F04262,Uttar Pradesh,papaya,Zaid,2.24,0,Canal,18.5,1154.13,47827.15
F04345,Uttar Pradesh,kidneybeans,Zaid,1.15,23,Sprinkler,15.8,2660.72,48345.28
F01332,Rajasthan,chickpea,Zaid,2.13,16,Drip,14.71,2821.24,88395.94
F02018,Tamil Nadu,apple,Kharif,2.56,23,Sprinkler,16.54,2548.18,107896.06
F02483,Rajasthan,grapes,Rabi,3.53,18,Drip,25.3,3640.91,325166.03
F01359,Maharashtra,cotton,Kharif,3.74,17,Canal,21.68,830.71,67356.63
F01330,Maharashtra,cotton,Rabi,3.31,27,Borewell,20.9,2166.28,149861.08
F02151,Punjab,lentil,Rabi,7.38,22,Canal,28.31,3101.68,648027.18
F04531,Karnataka,papaya,Rabi,3.11,14,Rain-fed,25.61,2552.43,203293.65
F02123,Bihar,papaya,Kharif,1.07,20,Drip,19.06,4599.03,93793.54
F03982,Karnataka,kidneybeans,Kharif,2.44,16,Canal,20.64,2171.74,109372.3
F01253,Andhra Pradesh,grapes,Kharif,7.83,4,Canal,17.83,2738.62,382335.73
F03279,Bihar,mothbeans,Kharif,1.28,25,Canal,12.21,2033.62,31783.04
F03375,Madhya Pradesh,pomegranate,Zaid,2.1,22,Canal,24.22,2596.44,132060.13
F02815,Gujarat,mango,Rabi,2.1,19,Rain-fed,27.67,2328.7,135313.77
F01849,Karnataka,watermelon,Kharif,2.67,11,Sprinkler,20.14,2255.93,121309.93
F03038,Andhra Pradesh,coconut,Zaid,2.46,22,Canal,29.04,2956.91,211236.92
F00389,Gujarat,muskmelon,Zaid,0.58,9,Rain-fed,23.44,1281.4,17420.89
F00236,Gujarat,grapes,Kharif,7.78,6,Borewell,9.94,2377.8,183882.88
F01078,Punjab,chickpea,Zaid,2.5,27,Borewell,18.11,2199.01,99560.18
F01985,Karnataka,mango,Rabi,5.85,24,Borewell,18.93,1607.47,178012.03
F04364,Uttar Pradesh,blackgram,Kharif,1.86,17,Rain-fed,14.86,2486.2,68717.57
F03963,Punjab,pigeonpeas,Zaid,0.61,14,Rain-fed,8.79,1958.02,10498.71
F00771,Karnataka,watermelon,Zaid,5.08,11,Drip,19.34,1210.14,118892.87
F02166,Tamil Nadu,rice,Kharif,1.13,9,Drip,17.8,1702.01,34234.23
F04534,Punjab,papaya,Kharif,0.65,10,Rain-fed,18.71,3350.83,40751.12
F00674,Tamil Nadu,maize,Kharif,4.88,22,Drip,22.35,2280.25,248702.31
F00250,Rajasthan,mungbean,Rabi,1.1,15,Sprinkler,27.26,2626.71,78764.53
F01575,Gujarat,cotton,Kharif,2.27,23,Rain-fed,27.02,1136.26,69692.96
F03420,Maharashtra,watermelon,Kharif,3.88,27,Sprinkler,13.05,1451.34,73487.15
F02082,Uttar Pradesh,orange,Rabi,5.42,17,Rain-fed,14.8,2037.14,163411.22
F01824,Madhya Pradesh,apple,Rabi,4.27,19,Drip,15.11,2840.25,183252.08
F04545,Bihar,coffee,Rabi,1.18,19,Sprinkler,30.68,2571.26,93085.78
F00717,Maharashtra,jute,Kharif,1.06,16,Borewell,17.17,2421.82,44077.61
F04858,Bihar,jute,Kharif,0.33,15,Rain-fed,18.93,1463.99,9145.4
F02049,Rajasthan,banana,Kharif,1.45,3,Canal,11.68,2008.07,34008.67
F04179,Rajasthan,watermelon,Rabi,3.06,14,Borewell,16.86,2871.53,148146.83
F02725,Madhya Pradesh,coffee,Rabi,2.31,30,Drip,19.74,1930.4,88025.08
F04705,Haryana,grapes,Rabi,2.25,18,Rain-fed,26.82,3486.05,210365.69
F01461,Uttar Pradesh,jute,Kharif,1.43,9,Rain-fed,17.21,3783.84,93121.44
F01669,Andhra Pradesh,grapes,Kharif,8.09,17,Rain-fed,9.22,775.61,57852.59
F02757,Uttar Pradesh,coffee,Zaid,6.14,8,Rain-fed,14.19,1485.04,129386.49
F02001,Tamil Nadu,rice,Rabi,4.31,21,Drip,25.08,2440.83,263841.03
F04572,Bihar,rice,Kharif,1.07,4,Borewell,17.03,2269.8,41360.52
F00405,Gujarat,coconut,Zaid,4.12,18,Sprinkler,15.41,2928.97,185957.96
F00385,West Bengal,mango,Rabi,6.3,0,Canal,18.75,1907.51,225324.62
F04676,Rajasthan,mungbean,Zaid,5.86,24,Rain-fed,15.97,2942.63,275383.67
F02153,Haryana,kidneybeans,Kharif,0.64,3,Sprinkler,9.8,1147.14,7194.86
F01634,Maharashtra,pomegranate,Zaid,2.62,18,Rain-fed,22.89,3055.75,183258.83
F04770,Karnataka,jute,Rabi,1.8,12,Rain-fed,17.83,995.19,31939.63
F03926,West Bengal,jute,Kharif,3.96,7,Rain-fed,22.13,2819.17,247057.4
F04159,Madhya Pradesh,maize,Rabi,3.6,13,Canal,8.55,2436.96,75009.63
F00224,Rajasthan,jute,Kharif,0.68,18,Drip,9.39,2565.58,16381.74
F02194,Punjab,chickpea,Zaid,1.5,29,Rain-fed,9.6,1989.37,28646.93
F03137,Punjab,jute,Kharif,9.21,11,Canal,15.82,966.47,140816.81
F04470,Karnataka,orange,Kharif,3.61,11,Rain-fed,20.45,1948.81,143869.92
F01825,Andhra Pradesh,mothbeans,Rabi,6.2,14,Canal,10.63,2133.25,140593.97
F04785,Bihar,banana,Zaid,1.25,3,Borewell,15.53,1885.69,36605.96
F00798,Karnataka,coconut,Kharif,0.71,24,Rain-fed,12.06,2924.27,25039.35
F02872,Rajasthan,blackgram,Kharif,1.01,26,Drip,26.1,1349.97,35586.56
F00010,West Bengal,rice,Kharif,6.41,28,Canal,18.93,1772.24,215045.91
F01945,Haryana,coconut,Kharif,1.87,16,Borewell,27.49,770.41,39603.93
F01839,Bihar,pigeonpeas,Rabi,1.04,33,Drip,14.01,2083.38,30355.68
F00256,Maharashtra,mango,Rabi,3.47,25,Sprinkler,14.01,1512.12,73511.26
F04486,Madhya Pradesh,watermelon,Kharif,2.68,6,Borewell,9.27,2166.15,53814.96
F04692,Tamil Nadu,maize,Rabi,1.83,14,Rain-fed,25.08,2386.61,109536.81
F01582,West Bengal,lentil,Rabi,0.67,8,Drip,15.69,3097.84,32565.42
F02957,Haryana,maize,Kharif,1.74,13,Canal,15.47,2098.9,56497.77
F00925,West Bengal,orange,Kharif,4.08,14,Drip,27.17,1913.01,212064.05
F04783,Karnataka,blackgram,Kharif,3.42,18,Rain-fed,31.07,2396.5,254650.65
F02509,Tamil Nadu,papaya,Kharif,4.44,19,Borewell,22.27,2193.51,216891.64
F03776,Tamil Nadu,papaya,Zaid,5.26,2,Rain-fed,12.7,2105.3,140638.25
F04137,Madhya Pradesh,mango,Zaid,3.46,22,Sprinkler,12.86,1979.54,88080.82
F02780,Tamil Nadu,mango,Zaid,3.05,36,Canal,12.43,1821.64,69061.1
F00540,Maharashtra,papaya,Zaid,6.09,22,Canal,14.25,1158.76,100560.09
F02746,Madhya Pradesh,coconut,Rabi,4.15,11,Drip,14.06,3120.82,182096.73
F04682,Madhya Pradesh,watermelon,Kharif,4.54,10,Rain-fed,14.83,1917.71,129115.96
F04921,Haryana,grapes,Kharif,2.41,29,Borewell,10.89,1823.87,47867.29
F01146,Haryana,blackgram,Rabi,3.73,0,Drip,19.26,1587.87,114072.26
F04469,Haryana,pigeonpeas,Zaid,3.32,4,Borewell,14.89,3773.03,186518.98
F00668,Uttar Pradesh,banana,Kharif,5.25,18,Borewell,15.81,2212.01,183602.36
F03020,Maharashtra,mungbean,Kharif,1.57,25,Rain-fed,17.4,1994.48,54485.2
F00358,Gujarat,cotton,Zaid,1.22,4,Sprinkler,14.54,2531.07,44898.14
F02832,Haryana,rice,Kharif,1.14,33,Rain-fed,22.34,2461.04,62676.78
F02784,Haryana,grapes,Kharif,1.19,18,Canal,19.83,2072.6,48908.59
F01354,Punjab,coffee,Rabi,3.36,3,Sprinkler,23.15,2455.54,191001.72
F00471,Karnataka,watermelon,Rabi,1.94,27,Rain-fed,16.03,2283.09,70999.99
F02704,Uttar Pradesh,coconut,Zaid,1.9,8,Canal,12.01,3026.28,69056.68
F03331,Maharashtra,mango,Rabi,7.64,0,Sprinkler,27.74,2050.87,434648.26
F03638,Rajasthan,banana,Kharif,3.14,23,Canal,14.55,1586.23,72470.09
F01397,Bihar,coffee,Zaid,7.28,9,Drip,9.99,2264.64,164700.93
F03585,Madhya Pradesh,coffee,Zaid,1.08,8,Drip,19.24,2362.69,49094.81
F04670,Maharashtra,maize,Kharif,2.28,2,Canal,24.26,1025.42,56718.85
F03377,Gujarat,mothbeans,Kharif,0.7,9,Sprinkler,18.25,2867.87,36637.04
F01257,Madhya Pradesh,muskmelon,Rabi,2.66,27,Drip,11.24,2041.77,61045.66
F03513,West Bengal,muskmelon,Rabi,6.07,0,Borewell,8.37,2443.47,124142.69
F01251,Andhra Pradesh,blackgram,Rabi,0.85,21,Borewell,18.1,1331.94,20491.9
F05003,Karnataka,blackgram,Kharif,2.75,12,Borewell,20.83,760.88,43585.11
F04299,Haryana,grapes,Rabi,2.56,0,Rain-fed,26.87,2987.13,205476.31
F03285,Maharashtra,pigeonpeas,Zaid,18.43,14,Borewell,18.27,2625.61,884085.16
F02934,Karnataka,mango,Zaid,1.29,25,Drip,13.07,1568.47,26444.87
F04176,Bihar,jute,Kharif,1.58,25,Rain-fed,10.67,2172.98,36633.4
F01853,West Bengal,mothbeans,Rabi,4.08,5,Rain-fed,25.26,1820.74,187646.92
F05066,Punjab,mothbeans,Zaid,0.96,3,Rain-fed,10.23,3052.48,29977.8
F02106,Maharashtra,coconut,Zaid,1.03,7,Drip,13.76,2208.86,31305.73
F00134,Madhya Pradesh,kidneybeans,Kharif,3.98,6,Borewell,23.42,2670.67,248937.42
F00929,Punjab,chickpea,Rabi,2.46,19,Sprinkler,13.88,2243.85,76615.81
F00824,Maharashtra,kidneybeans,Kharif,2.94,15,Borewell,14.56,2993.52,128141.81
F04727,Tamil Nadu,papaya,Zaid,2.84,12,Canal,14.07,1960.46,78337.63
F01532,Gujarat,banana,Zaid,1.54,13,Sprinkler,23.73,1704.01,62271.68
F01215,Haryana,muskmelon,Zaid,1.08,5,Sprinkler,21.94,500.0,11847.6
F00505,Gujarat,coconut,Zaid,3.0,17,Canal,7.51,1783.32,40178.2
F04286,Punjab,coconut,Rabi,5.51,3,Rain-fed,23.18,661.67,84509.68
F01997,Haryana,grapes,Kharif,1.24,26,Rain-fed,37.43,1674.42,77715.19
F03073,Uttar Pradesh,coffee,Kharif,0.64,25,Sprinkler,19.28,2697.26,33282.03
F01959,Andhra Pradesh,banana,Kharif,2.7,20,Drip,24.89,2132.43,143305.69
F01385,West Bengal,watermelon,Rabi,3.89,19,Drip,11.56,2571.24,115624.55
F00895,West Bengal,apple,Kharif,2.42,0,Sprinkler,16.85,2329.73,94999.4
F00456,Rajasthan,kidneybeans,Rabi,1.26,5,Drip,17.94,3328.66,75242.36
F04824,Karnataka,grapes,Zaid,4.95,24,Rain-fed,29.34,1564.47,227212.67
F03710,Haryana,orange,Kharif,0.86,14,Drip,27.69,3355.39,79903.24
F04804,Haryana,cotton,Rabi,9.54,11,Sprinkler,11.96,3749.57,427819.94
F04269,Karnataka,mothbeans,Kharif,0.97,8,Canal,23.61,2825.68,64712.88
F03523,Bihar,pomegranate,Kharif,4.14,11,Rain-fed,14.57,3446.29,207879.52
F04135,Madhya Pradesh,kidneybeans,Zaid,2.34,7,Drip,13.68,2269.69,72655.5
F03603,Gujarat,coffee,Rabi,2.88,26,Canal,28.23,1406.3,114335.57
F00714,Tamil Nadu,mango,Kharif,1.44,5,Rain-fed,22.38,1108.81,35733.84
F04187,Andhra Pradesh,blackgram,Rabi,4.14,6,Borewell,18.91,3437.78,269134.86
F02215,Gujarat,chickpea,Rabi,4.3,10,Rain-fed,16.19,2137.99,148840.45
F02924,Andhra Pradesh,papaya,Zaid,1.89,9,Canal,15.56,2254.93,66313.88
F01811,Maharashtra,banana,Kharif,1.82,15,Drip,37.09,1227.54,82863.61
F03487,Gujarat,rice,Zaid,7.73,3,Canal,21.08,1562.73,254644.35
F03142,Tamil Nadu,rice,Zaid,1.17,14,Canal,20.5,1548.56,37142.21
F01828,Tamil Nadu,mothbeans,Kharif,0.51,15,Rain-fed,22.08,1265.89,14254.93
F01156,Tamil Nadu,mango,Rabi,2.28,4,Rain-fed,15.6,3062.26,108918.46
F01325,Madhya Pradesh,lentil,Zaid,1.01,22,Borewell,12.15,1778.57,21825.72
F04313,Gujarat,mothbeans,Rabi,6.36,17,Borewell,9.39,2779.59,165998.23
F00511,Punjab,jute,Zaid,0.65,10,Rain-fed,30.18,2847.41,55857.64
F01681,Madhya Pradesh,muskmelon,Kharif,3.69,0,Sprinkler,22.64,1920.14,160411.57
F00500,Madhya Pradesh,maize,Rabi,2.25,9,Sprinkler,14.48,2254.19,73441.51
F04720,Gujarat,blackgram,Kharif,3.72,10,Drip,10.16,833.0,31483.4
F01857,Tamil Nadu,mothbeans,Kharif,0.53,15,Borewell,12.91,1109.1,7588.79
F01389,Punjab,mothbeans,Rabi,1.6,4,Drip,7.7,1666.82,20535.22
F03720,Karnataka,pomegranate,Rabi,5.37,39,Sprinkler,20.28,2768.72,301523.58
F02387,Uttar Pradesh,jute,Rabi,4.27,3,Sprinkler,22.66,2815.85,272456.58
F03237,Uttar Pradesh,pigeonpeas,Rabi,1.49,28,Sprinkler,25.8,1528.52,58759.37
F01541,West Bengal,maize,Zaid,9.23,22,Rain-fed,24.27,2566.64,574958.42
F01218,Karnataka,jute,Kharif,1.24,22,Canal,8.21,1704.82,17355.75
F02682,Bihar,papaya,Kharif,3.85,6,Rain-fed,10.41,2618.78,104956.77
F02994,Tamil Nadu,cotton,Kharif,13.17,26,Canal,17.98,3209.17,759920.54
F01192,Karnataka,cotton,Zaid,2.15,21,Canal,13.8,1609.5,47753.87
F01543,West Bengal,maize,Rabi,0.78,24,Rain-fed,17.97,2424.05,33976.94
F03302,Punjab,kidneybeans,Zaid,8.13,8,Sprinkler,13.29,3278.15,354196.57
F03325,Tamil Nadu,mango,Zaid,9.99,33,Sprinkler,19.87,2440.88,484517.85
F02540,Madhya Pradesh,mango,Rabi,9.57,6,Sprinkler,28.61,2812.22,769979.37
F00954,West Bengal,coconut,Kharif,3.27,17,Rain-fed,15.42,1740.15,87744.28
F04331,Rajasthan,lentil,Rabi,7.34,15,Sprinkler,16.98,2809.68,350179.41
F00733,Karnataka,coffee,Zaid,8.06,11,Canal,23.68,1784.66,340621.64
F01157,Gujarat,jute,Kharif,3.35,0,Drip,11.37,1722.77,65619.45
F03295,Andhra Pradesh,mungbean,Zaid,4.14,12,Canal,20.44,3162.35,267603.12
F02983,Haryana,kidneybeans,Zaid,3.52,17,Borewell,19.33,1456.83,99125.04
F02157,Bihar,muskmelon,Rabi,0.86,9,Canal,22.32,2598.54,49879.5
F01063,Tamil Nadu,pomegranate,Rabi,0.49,13,Rain-fed,20.91,3309.95,33913.42
F02617,Rajasthan,pomegranate,Kharif,0.28,17,Borewell,17.62,3133.67,15460.27
F01168,Uttar Pradesh,coffee,Zaid,8.28,18,Canal,19.7,2339.51,381611.51
F03223,Rajasthan,jute,Kharif,0.66,17,Sprinkler,24.76,1651.02,26980.31
F03637,Gujarat,orange,Rabi,1.2,6,Borewell,10.56,3587.09,45455.6
F02939,Haryana,mothbeans,Rabi,2.21,15,Sprinkler,18.67,1809.53,74662.47
F04492,Gujarat,jute,Zaid,3.14,23,Rain-fed,30.58,1472.44,141385.46
F03141,Tamil Nadu,blackgram,Rabi,2.1,0,Canal,17.77,2244.42,83755.02
F00144,Tamil Nadu,coffee,Zaid,3.38,11,Drip,11.26,2609.07,99298.07
F03578,Tamil Nadu,orange,Kharif,6.39,12,Borewell,13.64,3235.74,282025.8
F02783,Andhra Pradesh,jute,Zaid,2.94,16,Rain-fed,17.64,2921.82,151530.26
F00718,Gujarat,watermelon,Kharif,0.5,7,Sprinkler,24.85,1202.1,14936.09
F01820,Uttar Pradesh,muskmelon,Kharif,5.39,5,Sprinkler,19.01,3263.02,334341.75
F02503,Bihar,grapes,Rabi,9.12,8,Sprinkler,7.44,1832.74,124356.54
F04361,Tamil Nadu,coffee,Rabi,6.34,25,Sprinkler,8.12,3631.0,186926.78
F04172,West Bengal,mothbeans,Kharif,2.67,18,Drip,20.67,2367.21,130643.72
F00396,Uttar Pradesh,mango,Zaid,4.16,4,Rain-fed,9.96,1468.39,60840.68
F05033,Karnataka,maize,Kharif,3.17,7,Borewell,11.72,2648.45,98396.27
F04493,Madhya Pradesh,pigeonpeas,Zaid,0.77,1,Drip,8.53,2253.66,14802.26
F01366,Rajasthan,grapes,Rabi,1.91,13,Drip,14.75,2003.7,56449.24
F04742,Madhya Pradesh,banana,Zaid,2.3,20,Rain-fed,15.44,2731.78,97010.97
F00596,Tamil Nadu,pomegranate,Kharif,1.34,14,Drip,20.11,2842.41,76595.56
F03953,West Bengal,muskmelon,Rabi,1.84,22,Drip,30.72,2254.52,127436.29
F02915,Uttar Pradesh,mango,Kharif,3.11,13,Drip,26.18,2394.75,194980.07
F02327,Uttar Pradesh,coffee,Zaid,1.35,5,Sprinkler,17.14,1875.5,43397.19
F03767,Maharashtra,pigeonpeas,Kharif,2.07,8,Rain-fed,25.73,2100.9,111896.24
F03441,Gujarat,orange,Kharif,0.46,20,Borewell,9.37,1597.21,6884.29
F03852,Madhya Pradesh,coffee,Kharif,2.97,10,Borewell,14.82,1655.57,72870.58
F04133,Rajasthan,cotton,Rabi,3.89,14,Canal,7.98,1885.94,58543.73
F04775,Uttar Pradesh,apple,Rabi,2.42,21,Canal,27.67,2320.17,155361.83
F02144,Haryana,grapes,Kharif,0.33,0,Borewell,22.98,1767.87,13406.47
F01572,Madhya Pradesh,watermelon,Rabi,5.73,6,Drip,17.63,1559.8,157570.84
F04080,Tamil Nadu,grapes,Kharif,6.78,17,Rain-fed,27.89,1813.31,342886.4
F01123,Haryana,orange,Kharif,3.45,14,Borewell,7.68,500.0,13248.0
F02787,Haryana,watermelon,Rabi,2.27,1,Drip,19.82,2395.97,107798.04
F02968,Haryana,blackgram,Rabi,5.91,11,Drip,19.82,2141.31,250824.92
F02505,Maharashtra,coffee,Zaid,4.57,10,Drip,19.53,1132.95,101118.17
F03466,Bihar,watermelon,Rabi,4.23,0,Rain-fed,16.99,3549.27,255077.87
F00676,Madhya Pradesh,papaya,Kharif,1.5,8,Drip,12.68,3126.3,59462.23
F02809,Gujarat,coffee,Kharif,3.01,14,Drip,10.34,2667.8,83031.01
F03349,Gujarat,pigeonpeas,Kharif,5.62,11,Rain-fed,17.93,1927.55,194232.66
F00729,Punjab,grapes,Kharif,2.64,11,Sprinkler,12.8,1044.22,35286.28
F00413,Uttar Pradesh,blackgram,Zaid,6.28,3,Borewell,14.75,2335.75,216360.52
F03147,Gujarat,watermelon,Rabi,1.4,15,Rain-fed,17.94,1178.59,29601.47
F01517,Tamil Nadu,grapes,Rabi,0.69,9,Borewell,15.88,3507.55,38432.93
F00826,Maharashtra,pomegranate,Zaid,1.59,6,Drip,20.69,2535.28,83403.36
F03268,Punjab,chickpea,Kharif,1.65,10,Borewell,22.14,2443.95,89279.94
F03975,Gujarat,banana,Rabi,0.63,14,Canal,11.79,2744.18,20382.95
F00617,Bihar,jute,Zaid,3.84,1,Sprinkler,12.03,2442.6,112836.4
F00115,Madhya Pradesh,papaya,Zaid,2.27,23,Rain-fed,21.67,2197.21,108082.74
F00418,West Bengal,rice,Rabi,0.44,13,Rain-fed,26.59,4105.83,48036.57
F03070,Karnataka,maize,Kharif,2.37,11,Rain-fed,17.44,2132.03,88122.77
F01626,Andhra Pradesh,jute,Rabi,5.83,14,Canal,21.82,2026.67,257813.91
F05149,Punjab,mungbean,Kharif,0.72,14,Canal,18.28,3379.93,44485.29
F04186,Madhya Pradesh,lentil,Rabi,5.21,10,Rain-fed,15.85,2009.95,165978.66
F02897,Gujarat,blackgram,Rabi,3.08,14,Drip,16.05,2038.98,100794.94
F04861,Uttar Pradesh,muskmelon,Zaid,1.69,0,Sprinkler,27.04,2199.41,100507.76
F02083,Punjab,coconut,Rabi,1.54,18,Sprinkler,27.35,1688.1,71101.08
F00754,Gujarat,apple,Rabi,0.58,27,Canal,10.83,997.26,6264.19
F02547,Karnataka,grapes,Zaid,3.08,11,Canal,14.42,1385.46,61533.27
F03970,Punjab,grapes,Zaid,3.01,27,Drip,22.05,3579.75,237589.8
F03374,Gujarat,mothbeans,Rabi,2.28,15,Rain-fed,19.97,1696.15,77228.42
F04108,Andhra Pradesh,grapes,Zaid,1.95,14,Drip,23.11,2158.84,97287.05
F02445,Bihar,apple,Kharif,6.96,24,Rain-fed,13.01,2216.27,200682.36
F04381,West Bengal,cotton,Kharif,1.14,2,Rain-fed,16.36,1991.93,37150.29
F01067,Uttar Pradesh,kidneybeans,Kharif,2.86,16,Canal,8.08,1872.23,43264.99
F03914,Bihar,rice,Kharif,10.95,14,Borewell,12.92,2975.63,420974.28
F03499,Bihar,muskmelon,Rabi,2.29,4,Canal,21.27,1744.88,84990.14
F02739,Maharashtra,papaya,Kharif,1.08,35,Drip,11.93,1967.97,25356.11
F04001,Punjab,muskmelon,Rabi,2.29,8,Sprinkler,19.79,2546.01,115382.88
F01569,Rajasthan,kidneybeans,Zaid,4.12,8,Canal,24.69,2366.78,240755.49
F02428,Gujarat,papaya,Rabi,5.23,0,Canal,2.54,2525.11,33544.07
F03747,Madhya Pradesh,mango,Kharif,7.57,6,Sprinkler,19.45,1951.96,287399.76
F04827,Uttar Pradesh,pomegranate,Kharif,0.95,2,Drip,13.35,3204.52,40641.32
F01688,Madhya Pradesh,chickpea,Zaid,4.59,16,Sprinkler,9.36,2441.5,104892.7
F00852,West Bengal,rice,Rabi,6.18,2,Sprinkler,23.23,1565.98,224814.28
F03547,Andhra Pradesh,blackgram,Rabi,0.48,6,Sprinkler,12.06,3753.89,21730.52
F00896,Uttar Pradesh,mungbean,Zaid,3.61,22,Drip,16.08,2186.59,126928.93
F04593,Uttar Pradesh,pigeonpeas,Zaid,3.35,23,Drip,18.9,1277.05,80856.42
F00336,Haryana,banana,Kharif,0.82,9,Drip,18.78,2652.13,40841.74
F02840,Karnataka,watermelon,Kharif,5.51,2,Rain-fed,5.07,2218.84,61984.85
F03088,Gujarat,maize,Rabi,4.28,16,Borewell,14.25,3474.02,211880.48
F04612,Uttar Pradesh,coconut,Rabi,4.14,23,Rain-fed,21.55,2823.42,251897.06
F01349,Bihar,jute,Rabi,1.52,18,Sprinkler,21.87,2681.75,89147.81
F01016,Gujarat,coffee,Kharif,0.83,0,Drip,21.15,1857.38,32605.38
F02817,Karnataka,apple,Kharif,6.59,11,Drip,16.51,2205.64,239975.62
F01632,Maharashtra,coffee,Rabi,3.01,4,Rain-fed,17.99,2266.54,122732.91
F02490,Madhya Pradesh,maize,Rabi,3.95,5,Drip,11.23,2956.07,131126.83
F03731,Andhra Pradesh,mango,Zaid,3.52,27,Drip,18.58,2047.44,133905.85
F03252,Andhra Pradesh,rice,Rabi,1.06,22,Borewell,25.24,1812.34,48488.07
F04821,West Bengal,pigeonpeas,Zaid,1.44,15,Drip,21.58,2420.24,75209.44
F02071,Maharashtra,cotton,Rabi,0.82,12,Drip,17.29,1584.46,22464.16
F04453,Haryana,rice,Rabi,2.13,11,Sprinkler,4.71,1627.88,16331.38
F05080,Uttar Pradesh,muskmelon,Zaid,3.55,28,Rain-fed,16.55,2348.9,138003.75
F01636,Punjab,pigeonpeas,Rabi,1.41,31,Drip,7.91,1332.81,14864.96
F04647,Andhra Pradesh,watermelon,Rabi,1.01,13,Drip,3.74,725.95,2742.2
F02480,Rajasthan,coffee,Zaid,3.39,19,Canal,14.11,2284.22,109260.87
F02266,Haryana,orange,Rabi,1.26,2,Sprinkler,14.15,2615.03,46623.37
F02960,Madhya Pradesh,coffee,Kharif,3.3,28,Borewell,17.67,3240.96,188983.62
F04924,Maharashtra,pigeonpeas,Rabi,8.16,0,Borewell,20.6,2151.27,361619.88
F03060,Rajasthan,apple,Zaid,10.14,25,Borewell,27.61,3042.85,851892.72
F02142,Madhya Pradesh,orange,Rabi,7.88,13,Drip,11.96,2786.2,262584.86
F03119,Madhya Pradesh,mothbeans,Kharif,2.79,13,Drip,18.56,3123.93,161764.59
F04917,Bihar,apple,Rabi,4.22,22,Canal,19.35,1649.94,134729.15
F04046,Rajasthan,papaya,Kharif,2.83,31,Drip,11.1,3193.39,100313.96
F03357,Tamil Nadu,mango,Kharif,3.04,4,Borewell,18.15,1300.27,71743.7
F02745,Punjab,muskmelon,Kharif,0.39,16,Rain-fed,16.22,2228.84,14099.2
F03507,Karnataka,jute,Rabi,1.32,20,Canal,13.82,3456.3,63051.21
F01680,Haryana,kidneybeans,Kharif,0.35,17,Sprinkler,17.03,2066.38,12316.66
F04250,Rajasthan,mungbean,Rabi,2.35,11,Borewell,6.26,1407.87,20711.18
F03148,Haryana,mungbean,Kharif,3.45,7,Borewell,24.71,2704.28,230538.52
F02295,Gujarat,lentil,Kharif,3.21,20,Rain-fed,11.81,1819.41,68974.02
F00581,West Bengal,mothbeans,Rabi,1.56,14,Borewell,19.78,2467.94,76152.73
F01471,Rajasthan,lentil,Zaid,5.5,15,Borewell,17.28,2021.19,192093.9
F04800,Haryana,pigeonpeas,Rabi,4.97,9,Rain-fed,21.81,2467.78,267496.74
F04071,Tamil Nadu,pigeonpeas,Zaid,0.8,18,Borewell,8.14,2833.22,18449.93
F03344,Uttar Pradesh,apple,Rabi,2.71,17,Rain-fed,25.19,2453.76,167505.68
F04584,Andhra Pradesh,banana,Zaid,0.25,12,Sprinkler,19.14,1805.19,8637.83
F03673,Punjab,mango,Kharif,2.51,7,Canal,10.19,3659.76,93605.32
F00560,Gujarat,pomegranate,Kharif,5.49,21,Sprinkler,12.64,1280.27,88842.54
F02850,Rajasthan,blackgram,Rabi,2.05,26,Sprinkler,15.22,2658.68,82953.47
F00513,Uttar Pradesh,rice,Zaid,1.42,7,Canal,15.54,1295.83,28594.82
F04730,Punjab,lentil,Rabi,0.27,4,Canal,10.19,3087.61,8494.94
F01082,Uttar Pradesh,pomegranate,Kharif,3.55,17,Canal,26.17,2788.39,259051.19
F01665,Haryana,papaya,Zaid,0.49,15,Sprinkler,6.01,1847.62,5441.06
F01013,Madhya Pradesh,grapes,Rabi,0.85,11,Borewell,22.44,1148.36,21903.82
F01932,Madhya Pradesh,cotton,Rabi,4.36,10,Canal,19.25,2130.8,178838.04
F01151,Bihar,pigeonpeas,Zaid,5.0,20,Borewell,20.98,2896.57,303850.19
F02839,Tamil Nadu,watermelon,Zaid,0.25,22,Rain-fed,22.7,1958.38,11113.81
F00117,Uttar Pradesh,pomegranate,Kharif,0.28,26,Canal,16.57,2869.07,13311.34
F00741,Maharashtra,chickpea,Zaid,2.84,33,Borewell,23.51,2557.97,170791.56
F05002,Karnataka,mothbeans,Rabi,8.73,15,Rain-fed,18.93,2024.2,334517.07
F03676,Uttar Pradesh,watermelon,Rabi,0.87,10,Canal,8.6,2322.81,17379.26
F00831,Madhya Pradesh,watermelon,Kharif,4.38,22,Borewell,24.12,2258.19,238567.84
F00120,Rajasthan,mungbean,Zaid,1.75,16,Drip,21.28,2138.68,79644.44
F04753,Bihar,maize,Rabi,2.81,10,Borewell,12.58,2350.95,83105.61
F04974,Madhya Pradesh,mothbeans,Kharif,5.27,13,Canal,12.97,2124.25,145196.52
F05024,Karnataka,banana,Kharif,0.65,19,Drip,15.5,1714.5,17273.59
F00636,Gujarat,pomegranate,Kharif,8.94,25,Rain-fed,22.13,1805.64,357231.79
F04466,West Bengal,cotton,Rabi,2.8,15,Borewell,26.96,2130.03,160791.7
F04365,Karnataka,orange,Zaid,0.25,2,Canal,6.21,2511.27,3898.75
F04143,Tamil Nadu,rice,Zaid,1.35,0,Borewell,15.98,3895.42,84035.9
F00992,Punjab,pigeonpeas,Kharif,1.15,16,Borewell,14.11,2811.55,45621.62
F00877,Madhya Pradesh,orange,Rabi,3.43,22,Drip,20.9,2618.3,187698.07
F00005,Bihar,mungbean,Kharif,1.08,28,Drip,24.53,3619.73,95895.34
F03052,Andhra Pradesh,rice,Zaid,1.32,0,Drip,11.79,1927.72,30000.72
F03125,West Bengal,papaya,Zaid,2.56,12,Sprinkler,16.65,2699.41,115059.65
F02661,Uttar Pradesh,grapes,Rabi,4.75,20,Drip,17.48,1396.43,115945.58
F02492,Tamil Nadu,kidneybeans,Rabi,2.35,35,Sprinkler,14.51,1018.99,34746.03
F03855,Karnataka,pigeonpeas,Zaid,1.03,5,Canal,11.83,1751.84,21346.0
F04778,Madhya Pradesh,jute,Zaid,2.39,15,Rain-fed,11.93,2100.84,59900.62
F01716,Haryana,orange,Kharif,2.11,14,Rain-fed,11.84,1899.69,47458.82
F01149,Punjab,watermelon,Zaid,3.19,9,Canal,15.47,2692.12,132854.24
F03262,Madhya Pradesh,banana,Rabi,0.25,30,Canal,28.1,2191.48,15395.15
F00575,West Bengal,mothbeans,Rabi,2.62,14,Borewell,23.38,3201.1,196085.3
F03770,Punjab,pomegranate,Rabi,1.9,12,Rain-fed,20.86,3775.97,149656.79
F03737,Punjab,mungbean,Rabi,1.0,17,Sprinkler,15.51,2579.74,40011.77
F04147,Haryana,apple,Rabi,0.69,25,Canal,30.9,1228.13,26184.96
F00854,Maharashtra,lentil,Rabi,1.78,38,Borewell,21.6,3019.64,116099.12
F01983,West Bengal,orange,Rabi,4.13,13,Rain-fed,14.27,2248.48,132514.39
F02775,Maharashtra,orange,Zaid,0.87,22,Rain-fed,13.22,2286.85,26301.98
F01167,West Bengal,apple,Kharif,4.53,0,Drip,32.07,1680.94,244202.09
F00972,Karnataka,muskmelon,Kharif,1.39,17,Canal,6.4,2678.83,23830.87
F02702,Uttar Pradesh,pomegranate,Kharif,0.89,21,Sprinkler,13.47,2748.27,32947.09
F04496,Andhra Pradesh,grapes,Rabi,1.38,20,Sprinkler,24.02,1544.12,51183.87
F03848,Uttar Pradesh,mothbeans,Rabi,7.07,8,Canal,20.92,1415.17,209309.87
F02369,Madhya Pradesh,mothbeans,Zaid,1.12,25,Sprinkler,16.71,2193.25,41047.11
F04116,West Bengal,maize,Rabi,8.95,12,Borewell,25.15,2050.4,461529.66
F04781,Bihar,orange,Kharif,4.99,6,Borewell,29.39,1337.08,196090.94
F04132,Karnataka,apple,Kharif,1.65,11,Borewell,27.59,2656.36,120926.8
F02951,Tamil Nadu,pigeonpeas,Kharif,1.44,12,Drip,11.42,1108.56,18230.05
F00525,Punjab,papaya,Kharif,1.28,15,Borewell,21.79,1510.3,42124.08
F02456,Uttar Pradesh,maize,Kharif,2.08,0,Rain-fed,19.72,2699.57,110729.88
F01842,Gujarat,apple,Zaid,0.71,12,Rain-fed,22.76,1982.1,32029.94
F00538,Haryana,kidneybeans,Kharif,2.34,7,Rain-fed,9.63,1919.6,43256.65
F02807,Tamil Nadu,muskmelon,Rabi,3.18,12,Sprinkler,18.96,2367.15,142722.1
F04342,Madhya Pradesh,coconut,Rabi,3.64,27,Rain-fed,22.91,2116.05,176462.49
F03176,Punjab,rice,Zaid,3.59,17,Sprinkler,20.0,2829.13,203131.53
F00785,Bihar,mango,Zaid,0.25,19,Rain-fed,12.7,1953.81,6203.35
F04058,Bihar,lentil,Rabi,4.08,18,Sprinkler,19.7,1681.66,135165.1
F01410,Madhya Pradesh,kidneybeans,Zaid,1.25,14,Canal,9.65,2636.99,31808.69
F02538,Haryana,coconut,Zaid,4.18,5,Sprinkler,21.49,3235.25,290616.68
F00155,Maharashtra,chickpea,Zaid,4.89,26,Borewell,13.88,3290.64,223346.27
F03010,Haryana,mothbeans,Kharif,5.54,17,Drip,24.33,3077.04,414748.68
F01687,Rajasthan,watermelon,Zaid,1.35,12,Canal,28.07,2430.39,92098.41
F02902,Punjab,pomegranate,Zaid,3.03,2,Borewell,25.01,2787.15,211211.06
F05148,Andhra Pradesh,muskmelon,Rabi,2.04,0,Borewell,20.37,1660.42,68998.42
F04722,Karnataka,maize,Rabi,3.01,10,Rain-fed,25.87,1843.76,143571.19
F03864,Madhya Pradesh,mungbean,Rabi,7.52,8,Borewell,13.55,1829.97,186466.62
F02734,Karnataka,pigeonpeas,Zaid,1.06,21,Rain-fed,19.82,2098.76,44093.27
F01896,Rajasthan,mothbeans,Zaid,1.59,20,Canal,23.72,2918.81,110082.34
F00570,Gujarat,cotton,Rabi,1.43,3,Borewell,14.39,2335.42,48057.57
F01817,Bihar,papaya,Zaid,4.49,9,Canal,17.12,3235.75,248728.22
F02066,Uttar Pradesh,jute,Zaid,1.19,10,Borewell,23.67,2161.98,60897.14
F00128,Gujarat,muskmelon,Zaid,2.54,10,Rain-fed,9.6,2159.99,52669.2
F03395,Madhya Pradesh,maize,Zaid,6.65,3,Sprinkler,15.48,2887.32,297226.5
F03328,Maharashtra,orange,Rabi,2.57,23,Rain-fed,30.09,1870.36,144637.37
F05185,Gujarat,maize,Rabi,7.9,13,Borewell,15.9,2369.61,297646.71
F02976,Punjab,muskmelon,Kharif,4.31,31,Canal,16.75,2028.91,146472.09
F00981,Bihar,orange,Kharif,5.03,25,Rain-fed,10.09,2616.71,132805.1
F02301,Andhra Pradesh,jute,Zaid,3.45,17,Borewell,22.71,2515.73,197106.19
F00191,Bihar,papaya,Rabi,1.08,9,Borewell,17.4,2211.55,41559.45
F01140,Maharashtra,coffee,Kharif,4.35,14,Canal,10.57,1927.57,88628.7
F00700,Karnataka,coffee,Zaid,2.46,28,Rain-fed,15.65,3178.68,122376.0
F04975,Rajasthan,pigeonpeas,Kharif,3.4,0,Sprinkler,26.44,2616.64,235225.47
F00607,Bihar,grapes,Kharif,0.7,30,Drip,13.6,2097.26,19965.92
F04277,Gujarat,chickpea,Rabi,1.6,21,Drip,15.65,2979.63,74609.94
F00302,Haryana,blackgram,Rabi,1.75,1,Sprinkler,10.78,1956.5,36909.37
F03421,Haryana,mungbean,Kharif,13.37,14,Sprinkler,19.68,918.79,241753.49
F05016,West Bengal,coconut,Zaid,1.67,24,Rain-fed,20.27,3338.56,113013.26
F01061,Karnataka,apple,Zaid,4.74,15,Drip,9.44,1751.79,78384.89
F02566,West Bengal,mango,Zaid,1.1,18,Canal,10.22,2098.19,23587.85
F05194,Tamil Nadu,chickpea,Rabi,5.87,11,Sprinkler,15.46,3242.93,294296.55
F01070,Uttar Pradesh,apple,Zaid,0.26,15,Drip,15.64,3658.65,14877.53
F02525,West Bengal,coconut,Kharif,1.19,8,Canal,16.33,2027.29,39395.72
F02206,Madhya Pradesh,coffee,Rabi,6.24,8,Sprinkler,19.14,2354.1,281158.64
F01244,Madhya Pradesh,chickpea,Rabi,1.94,0,Sprinkler,25.08,2366.64,115149.34
F00017,Karnataka,mungbean,Kharif,4.39,16,Drip,19.5,1946.92,166666.09
F03121,Karnataka,pomegranate,Kharif,3.18,23,Rain-fed,16.11,2027.27,103856.64
F04643,Madhya Pradesh,mungbean,Zaid,4.71,13,Drip,17.63,2855.83,237140.41
F04755,West Bengal,grapes,Kharif,1.16,31,Drip,21.08,2701.54,66060.22
F00816,Maharashtra,maize,Kharif,3.07,19,Canal,11.03,2256.0,76392.9
F03068,Maharashtra,pigeonpeas,Zaid,1.14,0,Drip,9.76,2241.54,24940.27
F04979,Karnataka,muskmelon,Zaid,0.86,18,Rain-fed,17.14,1880.83,27724.19
F00960,Haryana,pigeonpeas,Rabi,4.66,12,Canal,19.06,500.0,44409.8
F04894,Bihar,mothbeans,Zaid,2.47,16,Canal,21.45,961.8,50957.61
F00226,Bihar,pigeonpeas,Kharif,3.43,3,Borewell,18.69,1868.17,119762.21
F03355,Tamil Nadu,blackgram,Kharif,6.6,11,Sprinkler,24.96,2467.04,406410.3
F02486,Maharashtra,blackgram,Zaid,3.44,6,Canal,13.49,1550.47,71950.49
F00563,Haryana,rice,Kharif,1.76,25,Drip,18.7,2915.54,95956.25
F03437,Tamil Nadu,mungbean,Zaid,2.42,23,Borewell,23.8,2326.45,133994.21
F01694,Gujarat,mungbean,Kharif,3.4,18,Rain-fed,11.43,2250.02,87440.28
F01046,Rajasthan,pomegranate,Zaid,3.25,22,Sprinkler,10.89,1542.14,54580.19
F03447,Karnataka,coconut,Rabi,2.17,24,Drip,18.57,3326.69,134055.29
F04566,Rajasthan,watermelon,Kharif,3.83,0,Drip,15.93,2641.09,161137.92
F00955,West Bengal,grapes,Zaid,5.53,14,Canal,11.45,2503.16,158496.34
F05184,Maharashtra,apple,Zaid,3.45,0,Canal,15.78,2984.86,162498.76
F02736,Tamil Nadu,kidneybeans,Kharif,1.68,15,Drip,15.52,1824.73,47577.28
F05102,Maharashtra,coffee,Kharif,2.84,20,Canal,14.76,1936.77,81186.3
F04736,Rajasthan,blackgram,Zaid,3.09,19,Canal,8.42,659.8,17166.54
F05019,Andhra Pradesh,coconut,Kharif,1.15,15,Borewell,13.07,2923.78,43945.88
F01219,Andhra Pradesh,mothbeans,Kharif,0.94,25,Drip,17.51,1567.59,25801.59
F01528,West Bengal,orange,Rabi,0.61,29,Sprinkler,21.07,2426.11,31182.06
F03988,Tamil Nadu,apple,Zaid,2.88,25,Rain-fed,15.12,2979.51,129744.55
F05131,Haryana,muskmelon,Zaid,1.11,19,Borewell,20.8,1151.35,26582.37
F01301,Bihar,cotton,Rabi,1.02,15,Drip,16.65,3181.88,54037.87
F05089,Bihar,mango,Kharif,3.5,21,Canal,20.09,2230.06,156806.67
F00161,Gujarat,maize,Kharif,5.29,12,Borewell,24.17,1970.21,251909.67
F04068,Punjab,orange,Zaid,2.41,6,Canal,16.96,1934.05,79051.59
F00957,Madhya Pradesh,mungbean,Kharif,0.28,0,Rain-fed,17.67,3241.25,16036.41
F03792,Haryana,coconut,Kharif,2.64,20,Borewell,15.21,2013.79,80862.53
F03235,Uttar Pradesh,papaya,Zaid,2.02,21,Rain-fed,12.03,2578.81,62666.63
F02870,Maharashtra,pomegranate,Rabi,0.74,8,Borewell,22.8,1456.22,24569.34
F03778,Gujarat,kidneybeans,Kharif,2.2,5,Borewell,12.66,965.36,26887.21
F04434,Maharashtra,maize,Rabi,5.03,13,Borewell,30.04,1984.82,299908.68
F02962,Maharashtra,papaya,Zaid,2.83,12,Sprinkler,22.32,2664.51,168305.37
F02201,Bihar,maize,Zaid,5.07,7,Canal,22.08,1224.39,137065.07
F00099,Haryana,banana,Kharif,2.04,17,Rain-fed,20.22,2597.65,107149.95
F02558,Karnataka,pomegranate,Rabi,0.92,23,Rain-fed,23.56,2526.0,54751.56
F03184,Karnataka,rice,Rabi,1.55,33,Borewell,25.09,2311.39,89888.8
F00254,Punjab,apple,Kharif,6.91,10,Borewell,15.47,1674.01,178947.82
F03924,Karnataka,lentil,Kharif,1.7,19,Sprinkler,13.93,2942.5,69681.34
F04200,West Bengal,banana,Kharif,2.47,0,Drip,31.43,3247.8,252133.53
F01446,Haryana,kidneybeans,Rabi,8.51,6,Canal,16.42,2763.88,386208.56
F01649,Haryana,mungbean,Zaid,3.21,10,Drip,7.32,2530.32,59455.44
F04683,Punjab,maize,Rabi,2.9,5,Canal,23.22,3035.76,204422.01
F04724,Gujarat,watermelon,Kharif,4.27,20,Canal,19.91,3767.23,320273.7
F03992,Bihar,jute,Kharif,3.94,7,Canal,15.69,2480.8,153359.58
F01697,Rajasthan,mungbean,Rabi,0.98,9,Sprinkler,18.49,1786.8,32377.17
F03192,Punjab,kidneybeans,Rabi,1.84,6,Sprinkler,18.23,3080.73,103337.54
F04500,Bihar,muskmelon,Zaid,0.58,12,Canal,13.07,2882.33,21849.79
F01155,Maharashtra,coffee,Zaid,3.98,26,Drip,20.04,2175.04,173479.45
F02256,Uttar Pradesh,mothbeans,Zaid,0.72,22,Sprinkler,29.37,2906.14,61454.4
F01683,Tamil Nadu,apple,Kharif,0.84,9,Sprinkler,14.35,3466.81,41788.93
F03171,Haryana,kidneybeans,Rabi,1.77,10,Borewell,14.43,658.88,16828.52
F02057,Maharashtra,kidneybeans,Kharif,1.93,10,Rain-fed,14.56,2574.24,72338.2
F04091,Rajasthan,jute,Kharif,5.26,2,Borewell,16.18,3409.17,290143.55
F03109,Gujarat,kidneybeans,Zaid,0.66,15,Rain-fed,15.83,1478.71,15449.27
F04549,Haryana,chickpea,Zaid,3.54,9,Borewell,19.17,2474.05,167893.49
F03724,West Bengal,orange,Kharif,9.72,0,Rain-fed,8.69,1311.26,110757.94
F02050,West Bengal,mungbean,Zaid,0.61,12,Canal,12.83,3451.66,27013.73
F04977,Haryana,lentil,Rabi,4.02,14,Drip,23.42,2870.32,270236.04
F03644,Punjab,mungbean,Rabi,1.3,29,Rain-fed,21.45,3256.89,90818.38
F05126,Karnataka,maize,Kharif,2.87,7,Drip,27.49,2560.04,201977.68
F00624,Uttar Pradesh,kidneybeans,Kharif,1.24,8,Sprinkler,16.88,2583.0,54065.29
F00263,Haryana,apple,Kharif,4.16,24,Rain-fed,6.88,2797.69,80072.13
F03370,Gujarat,apple,Rabi,4.33,24,Drip,27.07,3312.32,388247.3
F04062,Uttar Pradesh,mango,Zaid,0.93,3,Canal,26.91,1806.88,45219.52
F01803,Uttar Pradesh,cotton,Kharif,3.05,0,Borewell,14.04,1854.47,79412.11
F04737,Madhya Pradesh,chickpea,Kharif,5.06,20,Sprinkler,10.59,2712.01,145324.14
F05199,Rajasthan,maize,Kharif,1.8,14,Drip,17.5,1832.41,57720.92
F02386,West Bengal,pigeonpeas,Kharif,9.88,30,Rain-fed,9.93,2642.94,259294.61
F01960,Uttar Pradesh,lentil,Rabi,4.14,11,Canal,13.45,3446.23,191896.43
F02977,Gujarat,apple,Zaid,6.65,9,Canal,22.03,3377.58,494813.78
F00489,Punjab,rice,Kharif,2.62,19,Rain-fed,25.5,2947.27,196907.11
F01844,Bihar,jute,Zaid,1.56,25,Sprinkler,22.64,2562.14,90490.69
F01735,Gujarat,cotton,Zaid,4.75,21,Drip,15.08,3140.25,224936.11
F02912,Maharashtra,papaya,Rabi,4.73,29,Borewell,10.3,3775.19,183923.48
F03220,Karnataka,muskmelon,Zaid,1.27,19,Borewell,23.47,2459.0,73295.17
F00147,Rajasthan,mungbean,Kharif,6.18,10,Canal,18.67,2583.43,298077.7
F01987,Rajasthan,grapes,Rabi,1.43,29,Canal,17.84,1975.95,50408.86
F01370,Maharashtra,rice,Zaid,3.87,4,Canal,23.85,1980.65,182813.0
F02812,Rajasthan,kidneybeans,Zaid,0.96,8,Sprinkler,14.21,2917.69,39801.96
F00660,Gujarat,mungbean,Rabi,7.43,16,Drip,12.13,1232.6,111089.18
F01795,Punjab,apple,Kharif,3.05,7,Sprinkler,8.85,1126.74,30413.53
F02512,Andhra Pradesh,muskmelon,Kharif,1.9,9,Canal,17.69,2919.61,98131.01
F03398,Karnataka,orange,Zaid,3.72,22,Drip,23.31,1253.01,108652.51
F04283,Bihar,mungbean,Zaid,2.02,11,Drip,11.99,1964.89,47589.24
F01148,Madhya Pradesh,banana,Rabi,2.6,14,Drip,11.0,818.1,23397.66
F03273,Bihar,chickpea,Zaid,0.79,22,Borewell,28.42,1976.26,44370.59
F00609,Karnataka,maize,Zaid,4.75,16,Rain-fed,9.03,1780.05,76350.79
F03583,Uttar Pradesh,pigeonpeas,Zaid,3.46,17,Canal,27.12,1905.02,178757.93
F01931,Bihar,jute,Rabi,2.69,4,Sprinkler,17.07,2666.36,122434.72
F00198,Bihar,coffee,Zaid,0.7,28,Sprinkler,20.28,737.49,10469.41
F02932,Tamil Nadu,kidneybeans,Kharif,2.4,3,Rain-fed,24.71,1888.31,111984.34
F02328,Andhra Pradesh,grapes,Rabi,2.7,22,Rain-fed,20.76,1824.54,102269.12
F04390,Haryana,lentil,Kharif,3.14,10,Drip,14.15,1840.31,81766.81
F00767,Maharashtra,cotton,Kharif,1.75,8,Canal,29.96,1340.04,70258.3
F04497,Tamil Nadu,grapes,Zaid,0.8,15,Rain-fed,21.02,3382.8,56885.16
F04219,Tamil Nadu,pigeonpeas,Zaid,0.29,10,Drip,22.98,1385.27,9231.72
F03256,Haryana,grapes,Zaid,2.26,15,Borewell,8.49,2012.96,38623.47
F00203,Andhra Pradesh,jute,Zaid,4.09,11,Drip,10.61,2689.72,116720.13
F03511,Tamil Nadu,maize,Kharif,5.34,26,Drip,17.8,2388.88,227067.82
F04932,Madhya Pradesh,mungbean,Zaid,3.09,1,Canal,23.32,3409.09,245654.93
F01734,Haryana,mango,Rabi,1.75,27,Rain-fed,27.29,2014.41,96203.19
F02778,Gujarat,pigeonpeas,Zaid,0.64,22,Borewell,18.21,1208.43,14083.53
F01708,Uttar Pradesh,papaya,Rabi,4.04,6,Borewell,11.46,2793.84,129350.32
F03475,Madhya Pradesh,orange,Kharif,3.45,21,Borewell,11.38,2453.29,96318.62
F00855,Bihar,papaya,Zaid,0.92,0,Sprinkler,14.3,2323.65,30569.94
F04738,Uttar Pradesh,mungbean,Kharif,3.37,11,Borewell,21.54,1035.83,75190.69
F04098,Rajasthan,apple,Kharif,1.9,14,Borewell,14.59,2433.41,67456.56
F02161,Punjab,coffee,Rabi,2.56,20,Canal,15.21,2483.58,96704.64
F00699,Maharashtra,coffee,Kharif,1.66,10,Canal,27.25,2312.93,104625.39
F05146,Punjab,lentil,Rabi,0.82,19,Sprinkler,8.42,2730.61,18853.22
F03000,Gujarat,watermelon,Kharif,3.5,21,Borewell,18.64,1758.67,114735.63
F03697,Punjab,watermelon,Zaid,1.37,21,Drip,15.41,2639.05,55714.83
F01637,Madhya Pradesh,cotton,Rabi,10.21,15,Borewell,16.68,1326.36,225882.82
F03458,Bihar,apple,Kharif,0.92,8,Sprinkler,25.87,3121.51,74293.19
F03582,Andhra Pradesh,apple,Zaid,4.11,7,Sprinkler,18.78,1144.84,88365.39
F01292,Haryana,orange,Kharif,5.27,4,Borewell,18.82,1890.63,187515.33
F04660,Uttar Pradesh,pigeonpeas,Zaid,3.37,19,Canal,11.24,2374.99,89961.77
F01854,Rajasthan,mungbean,Kharif,0.79,0,Rain-fed,13.73,2682.65,29097.9
F03764,Tamil Nadu,apple,Rabi,4.91,7,Canal,9.91,2568.96,125000.71
F03305,Madhya Pradesh,kidneybeans,Zaid,3.23,8,Sprinkler,5.87,2872.83,54469.14
F05111,Punjab,cotton,Zaid,3.1,17,Drip,25.53,2679.74,212082.66
F03744,West Bengal,mango,Rabi,1.93,5,Sprinkler,19.09,2452.69,90366.17
F03446,Madhya Pradesh,kidneybeans,Kharif,2.28,11,Rain-fed,26.21,2024.61,120988.26
F01999,Punjab,pomegranate,Rabi,0.87,19,Borewell,12.67,2303.55,25391.8
F00664,Tamil Nadu,mothbeans,Zaid,1.01,7,Rain-fed,21.49,2774.39,60217.86
F04780,Andhra Pradesh,coconut,Rabi,5.92,5,Sprinkler,10.49,3413.57,211985.43
F03749,Haryana,cotton,Zaid,1.63,17,Drip,30.46,2040.4,101305.45
F04414,Tamil Nadu,coconut,Kharif,7.03,15,Borewell,27.51,2549.48,493057.45
F04745,Madhya Pradesh,maize,Kharif,1.93,14,Canal,23.62,1848.6,84271.39
F00710,Andhra Pradesh,papaya,Rabi,1.22,2,Sprinkler,5.05,1549.77,9548.13
F01283,Rajasthan,muskmelon,Rabi,0.43,2,Canal,15.27,1894.29,12438.1
F02676,Tamil Nadu,muskmelon,Kharif,2.04,0,Drip,24.53,2238.82,112033.24
F04030,Tamil Nadu,rice,Rabi,2.76,28,Drip,18.89,2995.11,156154.25
F01307,Haryana,coconut,Rabi,1.96,20,Sprinkler,19.09,2557.98,95710.4
F02238,Karnataka,mothbeans,Zaid,1.24,29,Rain-fed,15.18,500.0,9411.6
F03303,Haryana,pomegranate,Kharif,4.3,14,Rain-fed,16.19,2346.8,163377.18
F02039,Maharashtra,kidneybeans,Kharif,0.28,17,Canal,13.94,2126.14,8298.75
F01530,Maharashtra,muskmelon,Kharif,7.41,7,Sprinkler,10.45,2129.51,164897.54
F01664,Uttar Pradesh,kidneybeans,Kharif,2.93,12,Sprinkler,18.72,2175.9,119347.24
F05133,Punjab,mungbean,Zaid,4.66,18,Canal,11.59,3714.0,200590.91
F05152,Maharashtra,blackgram,Zaid,1.02,21,Sprinkler,9.3,2129.5,20200.44
F03628,Karnataka,mango,Kharif,2.4,13,Rain-fed,20.53,1994.81,98288.28
F04892,Madhya Pradesh,orange,Zaid,2.65,12,Sprinkler,16.7,3669.78,162406.11
F02694,Bihar,maize,Kharif,2.14,19,Sprinkler,14.62,2315.16,72433.95
F03061,West Bengal,jute,Rabi,1.83,4,Borewell,27.41,2075.79,104122.25
F01598,Haryana,pigeonpeas,Zaid,1.92,17,Borewell,20.28,2240.59,87243.2
F02730,Tamil Nadu,banana,Rabi,7.6,25,Rain-fed,14.57,2314.94,256337.94
F02626,Haryana,coconut,Rabi,2.26,4,Drip,9.97,2049.52,46180.19
F03158,Gujarat,lentil,Zaid,5.78,18,Canal,21.16,1977.04,241801.48
F03315,Madhya Pradesh,kidneybeans,Kharif,0.44,33,Sprinkler,16.72,2209.55,16255.22
F01723,Punjab,mothbeans,Zaid,1.49,17,Sprinkler,17.9,1990.91,53099.56
F01060,Gujarat,cotton,Rabi,1.76,23,Drip,19.05,2341.27,78498.1
F04637,Punjab,papaya,Zaid,2.69,16,Drip,11.22,1781.53,53769.78
F03243,Tamil Nadu,coconut,Zaid,7.93,12,Borewell,23.07,2403.24,439660.98
F01679,Gujarat,pigeonpeas,Rabi,2.9,3,Drip,13.84,2622.54,105258.27
F01758,Gujarat,kidneybeans,Kharif,0.25,24,Sprinkler,17.26,1769.05,7633.45
F04192,Maharashtra,rice,Zaid,2.56,0,Borewell,20.21,3104.98,160644.21
F00564,Maharashtra,mothbeans,Rabi,4.44,16,Borewell,20.69,1276.27,117242.76
F02791,Rajasthan,chickpea,Kharif,1.94,20,Rain-fed,11.79,1721.62,39377.93
F00864,Maharashtra,orange,Zaid,3.88,9,Borewell,23.25,2136.95,192774.26
F01485,Madhya Pradesh,mango,Rabi,7.75,0,Rain-fed,28.8,1626.59,363054.89
F00207,Madhya Pradesh,blackgram,Zaid,5.35,17,Borewell,9.44,2148.47,108506.33
F04489,Andhra Pradesh,rice,Zaid,0.47,0,Drip,12.83,2649.68,15977.84
F00871,Bihar,muskmelon,Kharif,3.26,19,Borewell,5.86,1972.5,37681.85
F04494,Madhya Pradesh,blackgram,Kharif,3.75,3,Borewell,18.37,2234.01,153895.36
F00503,Maharashtra,orange,Kharif,1.93,11,Borewell,13.52,3088.78,80597.39
F01029,Gujarat,apple,Kharif,2.15,20,Sprinkler,15.2,2740.87,89571.63
F03841,Gujarat,mothbeans,Zaid,4.79,19,Rain-fed,27.51,2087.06,275017.95
F02691,Tamil Nadu,jute,Kharif,1.67,28,Borewell,15.67,2236.1,58516.28
F05057,Maharashtra,coconut,Rabi,1.51,20,Sprinkler,18.16,2113.08,57944.03
F01571,Punjab,orange,Rabi,1.09,15,Rain-fed,10.7,1598.68,18645.4
F02774,Punjab,apple,Rabi,1.09,3,Canal,19.43,1508.21,31941.93
F02732,Gujarat,watermelon,Kharif,0.42,7,Drip,31.64,2066.41,27460.11
F00805,Maharashtra,blackgram,Rabi,12.18,27,Sprinkler,28.52,2166.46,752571.01
F03646,Punjab,muskmelon,Kharif,2.67,30,Canal,17.86,1644.31,78410.9
F02455,Maharashtra,kidneybeans,Zaid,1.72,14,Borewell,11.6,2207.95,44053.02
F04599,Maharashtra,blackgram,Kharif,0.63,4,Canal,23.8,2994.53,44899.98
F03105,Haryana,cotton,Kharif,1.73,21,Borewell,14.36,1997.94,49634.42
F04876,Tamil Nadu,coffee,Zaid,8.06,14,Borewell,16.48,2863.33,380332.69
F00201,Haryana,kidneybeans,Kharif,3.31,25,Sprinkler,19.59,2479.83,160799.37
F03100,Karnataka,banana,Kharif,4.26,4,Canal,26.41,1589.49,178828.12
F02279,Rajasthan,papaya,Rabi,9.53,27,Sprinkler,16.45,2642.41,414246.65
F03562,Uttar Pradesh,pigeonpeas,Kharif,2.26,0,Rain-fed,15.99,1738.16,62812.58
F04475,Rajasthan,blackgram,Kharif,3.42,17,Drip,11.41,3212.49,125358.43
F04515,Haryana,kidneybeans,Zaid,3.6,29,Rain-fed,29.03,2861.96,299097.72
F00392,Tamil Nadu,blackgram,Zaid,2.44,17,Sprinkler,17.01,520.3,21594.74
F01496,Maharashtra,pomegranate,Rabi,4.42,10,Drip,6.1,1241.15,33463.89
F02696,Bihar,apple,Zaid,2.26,16,Canal,10.7,1717.59,41534.76
F02028,Uttar Pradesh,papaya,Zaid,3.39,10,Borewell,15.78,2175.27,116364.33
F02569,Madhya Pradesh,apple,Rabi,6.43,0,Canal,25.53,1133.41,186058.21
F00065,Bihar,blackgram,Rabi,1.44,5,Rain-fed,21.79,2484.27,77950.43
F03885,Maharashtra,apple,Rabi,1.69,29,Rain-fed,24.92,1770.01,74543.62
F02063,Karnataka,blackgram,Rabi,5.13,20,Drip,19.4,2810.26,279682.7
F00493,Maharashtra,banana,Rabi,4.33,8,Borewell,17.89,2011.36,155807.39
F00380,Madhya Pradesh,grapes,Zaid,10.22,8,Borewell,18.07,2280.02,421063.61
F04860,Bihar,coffee,Kharif,3.58,14,Canal,11.6,2781.82,115523.42
F03994,Madhya Pradesh,apple,Rabi,6.64,13,Borewell,14.7,2031.61,198301.39
F04888,Haryana,lentil,Rabi,7.06,0,Sprinkler,22.73,1938.5,311078.46
F01077,Haryana,coffee,Rabi,2.18,14,Borewell,14.12,4155.46,127911.71
F00879,Rajasthan,mothbeans,Zaid,0.95,13,Rain-fed,18.07,1251.51,21484.05
F00338,Punjab,pigeonpeas,Kharif,1.83,10,Drip,12.12,2674.13,59311.13
F01017,Tamil Nadu,orange,Zaid,7.5,16,Drip,16.79,1579.24,198865.8
F01276,Gujarat,coconut,Kharif,2.81,2,Sprinkler,18.76,2841.51,149791.9
F03799,Karnataka,kidneybeans,Rabi,4.54,8,Borewell,25.33,1940.36,223137.91
F04552,Haryana,banana,Zaid,0.44,11,Borewell,13.91,1147.87,7025.42
F03343,Maharashtra,watermelon,Zaid,1.99,14,Sprinkler,17.08,2167.1,73658.0
F04912,Andhra Pradesh,grapes,Rabi,0.98,6,Canal,2.0,2843.0,5572.28
F00996,Madhya Pradesh,coconut,Zaid,2.71,5,Canal,23.07,2046.36,127937.81
F01982,Punjab,orange,Zaid,1.87,26,Sprinkler,14.02,2042.02,53536.46
F04298,Bihar,jute,Rabi,2.49,12,Borewell,20.1,1787.6,89467.59
F00162,Tamil Nadu,jute,Rabi,3.48,12,Borewell,22.41,2317.99,180772.62
F04799,Rajasthan,mungbean,Zaid,6.71,0,Sprinkler,24.63,1925.34,318195.74
F01501,West Bengal,watermelon,Kharif,2.57,5,Canal,15.65,3119.51,125468.25
F03844,Bihar,grapes,Zaid,2.57,27,Canal,16.69,2519.58,108073.1
F02614,Tamil Nadu,chickpea,Zaid,0.5,11,Borewell,10.33,2719.29,14045.13
F03462,Tamil Nadu,papaya,Zaid,0.74,19,Rain-fed,21.1,1356.64,21182.58
F01022,Andhra Pradesh,watermelon,Kharif,1.91,17,Sprinkler,11.97,953.1,21790.44
F03074,West Bengal,kidneybeans,Rabi,2.74,33,Borewell,16.5,3483.3,157479.99
F03944,Uttar Pradesh,maize,Zaid,2.9,9,Borewell,21.75,1446.35,91228.53
F01586,Andhra Pradesh,banana,Rabi,4.16,11,Drip,12.45,2048.04,106072.09
F01956,Maharashtra,grapes,Kharif,9.29,16,Drip,18.98,2498.01,440459.61
F03153,Gujarat,grapes,Kharif,6.17,18,Borewell,22.72,2604.63,365123.28
F00035,Bihar,pomegranate,Rabi,2.25,15,Borewell,23.12,2629.65,136794.39
F04015,Uttar Pradesh,pomegranate,Zaid,2.36,30,Sprinkler,19.53,1635.99,75404.09
F00776,Gujarat,muskmelon,Kharif,5.42,15,Rain-fed,16.34,2388.12,211498.59
F02557,Gujarat,banana,Zaid,2.29,11,Rain-fed,22.34,2755.52,140968.55
F01479,Punjab,muskmelon,Rabi,2.51,21,Drip,19.73,1047.63,51881.05
F01364,West Bengal,mango,Zaid,2.17,14,Rain-fed,26.97,1105.62,64706.3
F02613,Punjab,pigeonpeas,Kharif,5.2,16,Drip,6.5,1668.49,56394.96
F02825,Madhya Pradesh,mothbeans,Zaid,2.97,31,Borewell,20.05,2607.01,155243.53
F02042,Karnataka,mothbeans,Rabi,2.79,1,Sprinkler,14.92,2779.35,115695.45
F00242,Andhra Pradesh,rice,Rabi,0.59,9,Sprinkler,23.48,1656.74,22951.15
F02062,Uttar Pradesh,coffee,Zaid,1.58,26,Rain-fed,18.68,1730.19,51065.52
F02364,Tamil Nadu,apple,Rabi,5.43,5,Drip,21.71,1509.09,177899.53
F00601,Madhya Pradesh,coconut,Rabi,3.0,22,Borewell,21.36,2455.15,157326.01
F02436,Tamil Nadu,kidneybeans,Rabi,2.08,18,Rain-fed,16.99,3099.63,109538.44
F02889,Andhra Pradesh,banana,Kharif,2.56,11,Drip,25.92,1926.08,127805.42
F00647,Maharashtra,papaya,Kharif,3.99,15,Canal,12.6,2054.84,103305.03
F03891,Karnataka,coconut,Rabi,5.74,4,Borewell,19.03,2556.45,279246.66
F03557,Maharashtra,blackgram,Kharif,0.93,11,Drip,26.62,2137.7,52922.18
F03203,Punjab,watermelon,Rabi,1.79,26,Rain-fed,18.66,2884.7,96353.02
F01529,Madhya Pradesh,pigeonpeas,Kharif,2.69,6,Canal,18.27,1722.23,84641.23
F01268,Gujarat,papaya,Zaid,0.27,23,Rain-fed,24.13,3462.57,22558.99
F01900,Karnataka,apple,Rabi,2.36,11,Sprinkler,17.29,1190.58,48580.9
F04659,Rajasthan,mango,Rabi,12.92,12,Borewell,22.18,2047.73,586808.98
F03006,Uttar Pradesh,kidneybeans,Zaid,1.84,11,Borewell,14.38,3045.25,80574.88
F02735,Andhra Pradesh,pigeonpeas,Kharif,2.87,17,Drip,23.77,2237.56,152646.12
F00190,Maharashtra,coffee,Zaid,6.45,30,Rain-fed,24.41,2519.09,396616.87
F01807,Gujarat,maize,Rabi,5.91,4,Sprinkler,16.72,2471.43,244214.85
F00976,Haryana,apple,Zaid,1.1,12,Canal,10.07,3311.05,36676.5
F02748,Haryana,jute,Rabi,7.8,18,Canal,11.53,3042.09,273587.32
F02048,Bihar,muskmelon,Zaid,1.9,14,Borewell,6.38,2360.79,28617.5
F02559,Tamil Nadu,banana,Kharif,2.87,19,Drip,10.89,1881.62,58808.72
F01083,Tamil Nadu,pigeonpeas,Rabi,0.94,12,Drip,21.64,3911.57,79567.59
F00475,Punjab,blackgram,Zaid,3.48,10,Sprinkler,13.99,3146.14,153170.46
F02905,Uttar Pradesh,jute,Rabi,3.17,18,Borewell,11.96,1498.94,56829.61
F04844,Bihar,mango,Kharif,0.49,23,Drip,22.8,1633.89,18253.82
F04118,Haryana,orange,Rabi,2.9,11,Borewell,23.11,1988.14,133243.15
F03386,Uttar Pradesh,watermelon,Zaid,12.14,2,Rain-fed,16.89,2325.85,476902.98
F04556,West Bengal,apple,Zaid,1.65,30,Borewell,24.01,2427.75,96178.96
F01185,Rajasthan,cotton,Zaid,1.04,19,Drip,21.46,2590.42,57814.03
F05052,Maharashtra,jute,Zaid,3.0,18,Borewell,22.74,2979.95,203292.19
F02434,Madhya Pradesh,kidneybeans,Kharif,1.41,9,Rain-fed,10.17,2151.78,30855.88
F02392,Rajasthan,maize,Kharif,2.4,10,Rain-fed,24.64,1544.11,91312.49
F00770,Punjab,pigeonpeas,Kharif,0.82,13,Rain-fed,22.12,2919.72,52959.05
F01686,Madhya Pradesh,coconut,Zaid,1.95,0,Drip,15.45,1333.43,40172.91
F00131,Rajasthan,maize,Kharif,1.6,17,Sprinkler,13.26,3159.43,67030.47
F02920,West Bengal,banana,Zaid,2.64,10,Rain-fed,16.13,815.44,34724.04
F03172,Uttar Pradesh,papaya,Kharif,0.86,12,Canal,25.15,3055.99,66098.01
F03445,Bihar,mango,Zaid,2.05,4,Drip,20.05,2031.24,83489.04
F04427,Gujarat,mango,Zaid,2.99,14,Rain-fed,18.46,1109.58,61243.71
F00467,Gujarat,pigeonpeas,Kharif,4.49,7,Borewell,28.11,1721.63,217293.64
F03093,West Bengal,mungbean,Zaid,4.31,24,Sprinkler,15.83,1829.01,124788.41
F03773,Gujarat,apple,Kharif,2.95,17,Sprinkler,14.81,3215.47,140482.28
F05192,Uttar Pradesh,cotton,Zaid,1.85,18,Sprinkler,22.24,1859.67,76514.26
F00861,Rajasthan,watermelon,Zaid,0.97,10,Rain-fed,18.61,2177.02,39298.91
