crop,N,P,K,ph,recommended_fertilizer,quantity_kg_per_acre,estimated_cost_inr,organic_alternative
watermelon,27.8,51.0,16.1,6.57,Urea,106.7,693.55,Vermicompost
orange,77.8,9.3,100.9,6.5,DAP,62.0,1674.0,Compost + Biofertilizer
coconut,69.6,79.2,57.0,6.43,Urea,34.0,221.0,Poultry Manure
mothbeans,45.9,49.2,46.5,6.07,Urea,79.2,514.8,Compost + Biofertilizer
pomegranate,87.8,82.9,21.2,7.65,MOP,53.1,902.7,Farmyard Manure (FYM)
orange,30.3,17.3,13.8,6.17,Urea,146.0,949.0,Green Manure
coffee,35.6,75.7,64.7,5.74,Urea,55.7,362.05,Neem Cake
apple,99.5,53.0,48.0,4.85,MOP,39.2,666.4,Farmyard Manure (FYM)
coconut,43.5,66.5,42.6,6.58,Urea,70.7,459.55,Poultry Manure
rice,49.1,50.2,49.1,5.83,Urea,75.0,487.5,Neem Cake
blackgram,71.2,3.2,41.8,6.44,DAP,89.3,2411.1,Green Manure
mango,16.9,25.2,44.0,6.25,Urea,125.7,817.05,Vermicompost
muskmelon,20.9,72.1,60.8,6.79,Urea,69.5,451.75,Poultry Manure
jute,111.1,53.2,52.3,7.05,MOP,35.0,595.0,Vermicompost
rice,71.2,50.1,86.4,6.76,DAP,27.3,737.1,Farmyard Manure (FYM)
lentil,101.1,26.0,69.3,6.14,DAP,48.3,1304.1,Vermicompost
lentil,86.6,34.9,42.9,6.34,DAP,53.7,1449.9,Neem Cake
rice,50.8,54.1,82.1,6.18,Urea,48.6,315.9,Compost + Biofertilizer
papaya,29.5,26.8,45.4,7.87,Urea,104.2,677.3,Compost + Biofertilizer
mungbean,63.4,55.2,46.7,7.17,Urea,54.3,352.95,Farmyard Manure (FYM)
rice,140.0,51.6,0.5,5.73,MOP,82.7,1405.9,Farmyard Manure (FYM)
coconut,54.1,42.2,47.3,5.28,Urea,76.7,498.55,Neem Cake
muskmelon,19.4,22.3,68.4,6.32,Urea,112.7,732.55,Green Manure
chickpea,105.2,13.8,45.5,5.83,DAP,64.4,1738.8,Compost + Biofertilizer
apple,80.5,32.4,18.2,6.95,MOP,77.1,1310.7,Poultry Manure
apple,51.5,59.9,41.9,5.44,Urea,70.7,459.55,Neem Cake
jute,51.5,7.1,61.3,7.24,DAP,92.9,2508.3,Neem Cake
kidneybeans,46.3,39.2,50.2,7.59,Urea,80.9,525.85,Vermicompost
chickpea,103.8,39.3,56.9,8.1,DAP,43.4,1171.8,Neem Cake
pigeonpeas,13.3,42.5,28.8,7.47,Urea,117.0,760.5,Farmyard Manure (FYM)
mango,90.1,90.3,58.1,6.58,NPK 19-19-19,17.2,412.8,Poultry Manure
mungbean,41.4,50.9,30.1,5.47,Urea,84.2,547.3,Neem Cake
chickpea,70.1,45.9,45.9,7.09,DAP,55.2,1490.4,Green Manure
pomegranate,59.4,36.7,52.9,5.73,DAP,52.4,1414.8,Green Manure
apple,65.2,59.7,40.6,6.36,MOP,50.4,856.8,Compost + Biofertilizer
pomegranate,38.0,44.6,3.8,6.93,MOP,129.4,2199.8,Green Manure
banana,47.4,12.8,34.4,6.52,DAP,111.9,3021.3,Vermicompost
lentil,21.6,30.4,86.0,6.1,Urea,99.9,649.35,Neem Cake
maize,76.2,38.2,69.7,6.58,DAP,46.1,1244.7,Farmyard Manure (FYM)
chickpea,76.2,27.0,99.6,8.45,DAP,52.1,1406.7,Compost + Biofertilizer
mothbeans,114.7,39.7,28.0,5.18,MOP,67.5,1147.5,Farmyard Manure (FYM)
rice,41.6,50.2,37.1,5.69,Urea,86.3,560.95,Neem Cake
mungbean,62.5,78.7,31.7,5.82,MOP,65.5,1113.5,Green Manure
muskmelon,78.6,28.9,31.8,6.58,DAP,63.9,1725.3,Vermicompost
kidneybeans,25.9,24.9,101.8,5.34,Urea,101.6,660.4,Farmyard Manure (FYM)
mungbean,77.7,23.1,50.7,6.18,DAP,65.6,1771.2,Vermicompost
muskmelon,59.5,44.2,25.3,6.61,MOP,84.3,1433.1,Neem Cake
apple,92.7,36.0,78.0,7.56,DAP,48.4,1306.8,Farmyard Manure (FYM)
papaya,50.5,57.7,51.3,5.96,Urea,57.9,376.35,Green Manure
papaya,41.0,45.5,45.0,5.28,Urea,82.9,538.85,Green Manure
kidneybeans,54.7,14.9,80.1,7.72,DAP,81.0,2187.0,Green Manure
lentil,36.3,46.2,11.6,6.78,MOP,118.1,2007.7,Poultry Manure
orange,66.4,33.7,0.0,6.98,MOP,110.2,1873.4,Poultry Manure
mothbeans,85.2,55.5,53.2,6.86,MOP,23.2,394.4,Farmyard Manure (FYM)
blackgram,21.7,0.0,56.6,6.66,DAP,137.3,3707.1,Green Manure
orange,89.3,21.7,69.4,7.28,DAP,48.4,1306.8,Compost + Biofertilizer
jute,54.2,93.0,42.2,7.21,Urea,52.7,342.55,Compost + Biofertilizer
apple,44.8,57.5,38.0,5.74,Urea,70.3,456.95,Compost + Biofertilizer
cotton,76.4,28.6,42.8,6.25,DAP,71.8,1938.6,Compost + Biofertilizer
jute,49.2,65.2,41.8,5.91,Urea,58.8,382.2,Neem Cake
pomegranate,19.0,35.1,92.8,5.82,Urea,97.2,631.8,Green Manure
mungbean,86.9,52.5,64.6,5.99,DAP,29.0,783.0,Compost + Biofertilizer
papaya,53.6,35.6,27.3,6.99,MOP,88.5,1504.5,Poultry Manure
papaya,39.0,53.1,106.8,6.4,Urea,75.4,490.1,Green Manure
lentil,69.9,50.7,85.4,7.15,Urea,32.3,209.95,Green Manure
orange,86.7,32.7,41.0,6.64,DAP,57.1,1541.7,Compost + Biofertilizer
grapes,26.2,53.3,45.4,7.1,Urea,88.3,573.95,Farmyard Manure (FYM)
grapes,47.2,38.3,54.9,6.53,Urea,69.1,449.15,Compost + Biofertilizer
jute,31.6,37.1,7.1,6.86,MOP,134.6,2288.2,Vermicompost
muskmelon,77.4,55.8,85.6,6.28,NPK 10-26-26,24.3,558.9,Vermicompost
mothbeans,42.5,30.2,32.8,5.69,Urea,119.4,776.1,Vermicompost
muskmelon,99.7,43.3,95.0,6.25,DAP,33.9,915.3,Compost + Biofertilizer
blackgram,83.4,53.9,70.2,6.81,DAP,24.2,653.4,Poultry Manure
mothbeans,31.5,57.5,49.8,5.26,Urea,78.2,508.3,Neem Cake
blackgram,32.6,46.6,30.5,5.87,Urea,102.7,667.55,Green Manure
coconut,84.8,57.6,37.0,6.65,MOP,45.2,768.4,Compost + Biofertilizer
orange,73.7,12.7,57.7,6.33,DAP,67.7,1827.9,Poultry Manure
watermelon,67.6,17.7,36.0,6.26,DAP,92.6,2500.2,Vermicompost
mothbeans,78.7,48.7,43.5,6.12,MOP,40.1,681.7,Compost + Biofertilizer
mango,35.6,17.4,43.4,7.63,Urea,110.6,718.9,Green Manure
muskmelon,51.5,49.6,40.0,7.47,Urea,71.8,466.7,Green Manure
maize,29.7,59.0,55.0,6.32,Urea,69.5,451.75,Compost + Biofertilizer
pomegranate,41.9,83.1,92.8,6.23,Urea,55.1,358.15,Farmyard Manure (FYM)
maize,27.1,37.1,69.1,7.19,Urea,92.0,598.0,Green Manure
mothbeans,47.0,34.2,68.4,6.49,Urea,70.4,457.6,Poultry Manure
lentil,78.8,49.3,59.8,6.46,DAP,33.2,896.4,Vermicompost
lentil,100.2,2.9,33.4,6.81,DAP,95.1,2567.7,Vermicompost
mango,18.2,68.0,59.4,6.67,Urea,72.9,473.85,Green Manure
maize,44.9,41.6,65.8,6.03,Urea,73.1,475.15,Green Manure
muskmelon,63.0,3.2,75.4,5.78,DAP,77.1,2081.7,Neem Cake
grapes,76.0,31.4,62.5,6.47,DAP,51.4,1387.8,Green Manure
pigeonpeas,74.0,42.4,63.8,6.48,DAP,38.7,1044.9,Vermicompost
rice,50.3,67.3,33.7,6.28,Urea,73.1,475.15,Vermicompost
kidneybeans,112.8,29.9,81.7,5.27,DAP,42.8,1155.6,Neem Cake
papaya,77.1,39.6,9.3,7.15,MOP,86.9,1477.3,Poultry Manure
orange,58.2,60.2,35.5,6.01,MOP,60.6,1030.2,Poultry Manure
banana,0.0,61.4,36.0,5.68,Urea,104.9,681.85,Green Manure
kidneybeans,13.9,53.5,49.6,7.4,Urea,98.2,638.3,Farmyard Manure (FYM)
pomegranate,17.4,80.1,25.1,7.57,Urea,104.4,678.6,Farmyard Manure (FYM)
rice,61.0,61.9,0.0,6.43,MOP,90.0,1530.0,Poultry Manure
chickpea,123.9,45.7,31.3,5.3,MOP,64.2,1091.4,Poultry Manure
rice,110.7,58.2,59.4,6.25,NPK 19-19-19,18.4,441.6,Poultry Manure
banana,44.4,25.1,31.3,5.75,Urea,108.7,706.55,Compost + Biofertilizer
jute,50.4,59.8,71.6,5.73,Urea,42.8,278.2,Neem Cake
watermelon,87.0,26.7,62.7,6.99,DAP,51.1,1379.7,Poultry Manure
blackgram,90.1,4.2,43.2,7.38,DAP,85.3,2303.1,Compost + Biofertilizer
watermelon,110.0,46.1,83.8,4.82,DAP,34.9,942.3,Compost + Biofertilizer
muskmelon,76.6,60.2,63.2,6.69,NPK 19-19-19,18.1,434.4,Farmyard Manure (FYM)
rice,61.1,26.5,60.3,6.39,DAP,67.9,1833.3,Compost + Biofertilizer
blackgram,87.4,66.9,10.0,5.58,MOP,64.6,1098.2,Poultry Manure
jute,50.3,7.8,67.4,6.93,DAP,90.6,2446.2,Compost + Biofertilizer
coconut,71.9,50.7,29.1,7.6,MOP,69.8,1186.6,Poultry Manure
coconut,37.3,41.1,46.8,7.64,Urea,83.6,543.4,Compost + Biofertilizer
orange,70.3,43.5,43.1,6.43,MOP,55.8,948.6,Poultry Manure
mango,45.2,43.5,51.5,6.33,Urea,68.8,447.2,Farmyard Manure (FYM)
apple,62.6,41.7,47.0,6.1,DAP,58.4,1576.8,Farmyard Manure (FYM)
apple,46.5,65.4,27.2,6.98,Urea,71.8,466.7,Vermicompost
apple,20.7,9.2,29.7,5.9,Urea,138.9,902.85,Farmyard Manure (FYM)
rice,65.4,77.4,88.4,6.45,Urea,37.5,243.75,Neem Cake
mothbeans,93.2,76.7,38.7,6.0,MOP,30.2,513.4,Compost + Biofertilizer
mothbeans,79.9,24.7,49.5,6.21,DAP,65.2,1760.4,Poultry Manure
mungbean,101.9,69.6,36.9,6.64,MOP,46.8,795.6,Vermicompost
lentil,71.1,20.8,59.5,7.07,DAP,68.6,1852.2,Vermicompost
muskmelon,48.2,32.2,30.6,7.32,Urea,101.4,659.1,Poultry Manure
pigeonpeas,50.8,47.6,61.7,6.54,Urea,56.0,364.0,Farmyard Manure (FYM)
maize,37.1,0.0,42.5,5.17,DAP,129.2,3488.4,Farmyard Manure (FYM)
pigeonpeas,73.8,50.3,74.7,7.2,DAP,34.9,942.3,Poultry Manure
coffee,73.7,46.0,74.8,6.02,DAP,32.2,869.4,Neem Cake
mango,44.3,34.7,59.8,6.25,Urea,75.2,488.8,Farmyard Manure (FYM)
rice,103.3,33.6,31.0,6.63,MOP,62.8,1067.6,Compost + Biofertilizer
chickpea,101.9,72.1,61.3,5.98,NPK 19-19-19,18.0,432.0,Neem Cake
pomegranate,62.4,40.0,72.3,5.83,DAP,45.2,1220.4,Farmyard Manure (FYM)
chickpea,62.6,43.3,74.6,5.29,Urea,49.3,320.45,Poultry Manure
papaya,67.7,40.0,51.6,6.48,DAP,50.8,1371.6,Compost + Biofertilizer
orange,45.9,24.3,30.1,7.28,DAP,115.6,3121.2,Vermicompost
kidneybeans,57.5,22.2,38.6,7.53,DAP,92.2,2489.4,Poultry Manure
kidneybeans,90.4,33.2,0.0,5.63,MOP,86.3,1467.1,Compost + Biofertilizer
watermelon,51.4,39.6,104.6,5.81,Urea,56.9,369.85,Farmyard Manure (FYM)
orange,140.0,15.5,46.0,6.38,DAP,72.2,1949.4,Neem Cake
mango,34.1,47.5,71.9,5.75,Urea,78.5,510.25,Poultry Manure
coconut,140.0,40.1,23.0,6.84,MOP,66.0,1122.0,Green Manure
mungbean,76.1,67.6,62.9,6.38,NPK 19-19-19,19.1,458.4,Neem Cake
mungbean,53.9,44.9,34.2,6.97,Urea,80.3,521.95,Green Manure
grapes,58.9,35.1,62.6,7.52,DAP,58.9,1590.3,Vermicompost
mungbean,49.2,51.7,47.1,5.64,Urea,70.6,458.9,Poultry Manure
mothbeans,54.5,69.2,53.7,6.52,Urea,49.0,318.5,Neem Cake
kidneybeans,39.5,44.5,54.7,6.29,Urea,78.8,512.2,Vermicompost
coffee,38.8,49.8,44.7,6.17,Urea,85.0,552.5,Neem Cake
chickpea,66.3,21.3,64.7,4.75,DAP,74.1,2000.7,Green Manure
orange,39.5,55.0,25.1,6.09,Urea,87.4,568.1,Vermicompost
lentil,34.0,43.9,45.6,6.51,Urea,87.1,566.15,Poultry Manure
jute,54.1,34.9,47.5,6.28,Urea,72.6,471.9,Neem Cake
coffee,70.8,62.4,62.5,6.2,Urea,20.8,135.2,Green Manure
muskmelon,66.9,45.8,47.7,5.84,DAP,55.5,1498.5,Green Manure
blackgram,59.1,51.6,67.0,6.4,Urea,47.3,307.45,Poultry Manure
cotton,54.4,22.6,47.2,5.37,DAP,87.5,2362.5,Farmyard Manure (FYM)
rice,77.6,2.8,35.4,5.52,DAP,95.0,2565.0,Vermicompost
chickpea,56.2,22.1,41.6,8.04,DAP,80.8,2181.6,Farmyard Manure (FYM)
papaya,78.1,31.6,59.4,6.25,DAP,39.2,1058.4,Neem Cake
pigeonpeas,49.0,36.0,49.4,7.7,Urea,71.5,464.75,Compost + Biofertilizer
coconut,61.1,45.5,36.0,6.38,MOP,64.6,1098.2,Vermicompost
lentil,91.0,41.0,61.5,6.16,DAP,41.2,1112.4,Compost + Biofertilizer
cotton,42.0,42.6,67.4,6.25,Urea,75.2,488.8,Compost + Biofertilizer
coconut,85.2,48.9,49.5,6.23,DAP,47.9,1293.3,Compost + Biofertilizer
watermelon,71.3,47.7,42.4,6.15,MOP,52.7,895.9,Vermicompost
grapes,71.3,57.3,62.0,6.5,Urea,21.9,142.35,Green Manure
watermelon,6.1,57.3,23.7,6.8,Urea,122.4,795.6,Poultry Manure
pomegranate,73.8,47.9,33.2,6.33,MOP,59.7,1014.9,Neem Cake
cotton,58.5,29.1,79.7,6.17,DAP,63.3,1709.1,Neem Cake
jute,81.4,59.9,71.9,5.87,NPK 19-19-19,18.1,434.4,Neem Cake
papaya,46.5,0.0,71.3,5.72,DAP,100.1,2702.7,Neem Cake
apple,109.3,26.3,69.2,6.71,DAP,61.5,1660.5,Neem Cake
pigeonpeas,73.2,42.7,38.7,6.53,MOP,66.9,1137.3,Green Manure
mungbean,66.2,55.4,43.3,4.99,MOP,52.1,885.7,Farmyard Manure (FYM)
pigeonpeas,67.3,35.3,10.3,6.47,MOP,95.2,1618.4,Farmyard Manure (FYM)
blackgram,42.8,79.6,41.5,8.66,Urea,70.9,460.85,Compost + Biofertilizer
lentil,94.9,40.2,32.3,6.75,MOP,57.9,984.3,Neem Cake
papaya,108.0,52.9,54.1,5.58,DAP,38.2,1031.4,Compost + Biofertilizer
banana,43.7,19.2,39.5,6.08,DAP,110.6,2986.2,Neem Cake
apple,25.0,24.6,27.0,6.26,Urea,125.6,816.4,Vermicompost
mungbean,64.5,37.1,77.1,7.06,DAP,47.9,1293.3,Compost + Biofertilizer
coffee,47.0,59.1,19.0,5.7,MOP,83.8,1424.6,Neem Cake
jute,27.5,0.0,49.4,7.68,DAP,129.8,3504.6,Vermicompost
cotton,98.9,30.3,62.9,5.57,DAP,47.6,1285.2,Neem Cake
jute,36.5,34.0,13.4,6.56,MOP,125.7,2136.9,Vermicompost
maize,29.4,62.3,56.6,7.55,Urea,66.6,432.9,Compost + Biofertilizer
mango,56.6,61.9,16.6,7.37,MOP,75.6,1285.2,Neem Cake
pigeonpeas,70.5,49.4,46.9,6.33,MOP,50.5,858.5,Poultry Manure
kidneybeans,36.7,6.0,68.8,7.02,DAP,103.5,2794.5,Farmyard Manure (FYM)
papaya,60.6,50.8,71.9,6.37,Urea,47.8,310.7,Compost + Biofertilizer
maize,43.5,28.9,36.0,6.68,Urea,103.4,672.1,Neem Cake
chickpea,40.2,18.6,89.6,6.45,DAP,91.3,2465.1,Neem Cake
chickpea,11.2,39.9,47.6,6.3,Urea,104.3,677.95,Compost + Biofertilizer
lentil,47.2,51.2,46.4,5.8,Urea,68.9,447.85,Farmyard Manure (FYM)
lentil,56.7,50.7,24.5,5.96,MOP,80.5,1368.5,Farmyard Manure (FYM)
rice,0.0,22.6,34.0,5.84,Urea,155.2,1008.8,Compost + Biofertilizer
watermelon,21.4,54.5,60.2,7.27,Urea,86.2,560.3,Compost + Biofertilizer
grapes,62.8,15.6,29.3,6.71,DAP,102.5,2767.5,Green Manure
chickpea,48.0,0.0,73.4,6.53,DAP,103.0,2781.0,Compost + Biofertilizer
apple,77.8,61.4,79.0,5.58,NPK 10-26-26,16.7,384.1,Compost + Biofertilizer
coconut,32.2,65.2,76.1,5.56,Urea,60.8,395.2,Poultry Manure
mothbeans,74.7,51.1,57.6,5.9,DAP,29.7,801.9,Farmyard Manure (FYM)
watermelon,31.8,65.6,47.1,5.11,Urea,67.1,436.15,Poultry Manure
rice,40.3,17.7,51.4,5.11,DAP,100.1,2702.7,Green Manure
cotton,91.4,30.5,23.3,7.24,MOP,76.6,1302.2,Poultry Manure
orange,57.2,60.3,53.6,6.64,Urea,43.9,285.35,Compost + Biofertilizer
banana,21.8,72.4,61.8,6.44,Urea,72.9,473.85,Compost + Biofertilizer
blackgram,40.2,5.6,68.2,7.72,DAP,108.6,2932.2,Vermicompost
rice,64.8,10.5,36.6,8.07,DAP,101.6,2743.2,Poultry Manure
orange,71.0,78.6,52.8,6.95,Urea,41.6,270.4,Farmyard Manure (FYM)
maize,92.6,32.7,35.7,5.8,DAP,66.7,1800.9,Green Manure
rice,79.5,14.9,25.9,6.99,DAP,85.9,2319.3,Green Manure
mothbeans,28.9,22.0,24.4,6.57,Urea,141.8,921.7,Green Manure
lentil,59.5,70.7,52.2,6.36,Urea,53.4,347.1,Neem Cake
papaya,88.8,53.3,18.6,7.11,MOP,63.9,1086.3,Poultry Manure
cotton,39.8,75.1,10.2,6.71,MOP,93.8,1594.6,Poultry Manure
chickpea,51.4,57.0,42.7,4.99,Urea,70.4,457.6,Green Manure
lentil,82.9,38.0,32.1,6.14,MOP,54.0,918.0,Green Manure
rice,86.6,47.2,73.9,5.6,DAP,26.5,715.5,Compost + Biofertilizer
coconut,39.5,54.1,77.2,5.14,Urea,57.1,371.15,Vermicompost
mango,34.1,47.5,61.2,6.12,Urea,65.7,427.05,Vermicompost
watermelon,106.4,46.5,61.3,5.2,DAP,36.4,982.8,Farmyard Manure (FYM)
grapes,60.9,55.4,59.1,6.4,Urea,44.9,291.85,Green Manure
orange,56.6,18.2,35.6,5.08,DAP,106.1,2864.7,Neem Cake
coconut,69.2,31.1,49.7,6.56,DAP,71.2,1922.4,Poultry Manure
rice,66.1,27.7,73.0,4.78,DAP,64.1,1730.7,Farmyard Manure (FYM)
mungbean,77.2,63.8,20.6,6.54,MOP,69.2,1176.4,Vermicompost
papaya,56.0,26.6,27.4,7.29,DAP,102.8,2775.6,Farmyard Manure (FYM)
coffee,52.0,45.1,78.5,6.93,Urea,59.6,387.4,Neem Cake
apple,62.5,40.1,52.3,6.55,DAP,54.3,1466.1,Farmyard Manure (FYM)
cotton,69.5,33.7,17.9,7.2,MOP,88.7,1507.9,Neem Cake
kidneybeans,75.7,43.6,21.5,5.51,MOP,79.9,1358.3,Farmyard Manure (FYM)
pomegranate,50.8,45.0,84.9,6.24,Urea,77.9,506.35,Farmyard Manure (FYM)
coconut,46.2,67.3,33.2,6.37,Urea,81.8,531.7,Poultry Manure
mango,97.9,67.5,55.8,7.73,NPK 19-19-19,21.9,525.6,Green Manure
orange,97.2,39.9,57.7,5.33,DAP,40.3,1088.1,Farmyard Manure (FYM)
mango,65.1,56.6,42.2,6.45,MOP,52.3,889.1,Green Manure
apple,69.7,21.1,42.0,6.81,DAP,79.7,2151.9,Poultry Manure
banana,82.3,9.2,58.4,6.56,DAP,70.3,1898.1,Vermicompost
coconut,90.0,32.5,27.1,6.58,MOP,73.3,1246.1,Vermicompost
pigeonpeas,55.0,25.3,56.5,7.87,DAP,72.2,1949.4,Compost + Biofertilizer
papaya,10.1,37.0,11.3,5.55,Urea,149.8,973.7,Neem Cake
jute,43.5,49.9,42.1,7.11,Urea,76.3,495.95,Compost + Biofertilizer
maize,61.2,0.0,74.6,6.43,DAP,85.2,2300.4,Compost + Biofertilizer
mothbeans,104.5,47.8,37.8,6.39,MOP,49.6,843.2,Green Manure
kidneybeans,113.6,45.1,36.4,8.19,MOP,45.6,775.2,Neem Cake
pomegranate,63.9,35.7,13.9,5.45,MOP,104.4,1774.8,Farmyard Manure (FYM)
apple,66.3,37.0,63.6,7.52,DAP,59.4,1603.8,Green Manure
chickpea,56.1,17.0,40.8,5.99,DAP,99.4,2683.8,Farmyard Manure (FYM)
mungbean,34.1,48.0,73.0,6.69,Urea,71.8,466.7,Green Manure
coconut,92.3,69.5,70.5,6.04,NPK 10-26-26,27.3,627.9,Neem Cake
maize,51.2,70.1,70.5,7.71,Urea,57.2,371.8,Green Manure
mungbean,47.8,35.9,42.4,6.69,Urea,87.5,568.75,Neem Cake
rice,60.7,14.9,75.1,7.08,DAP,78.2,2111.4,Neem Cake
grapes,55.9,79.0,12.9,7.21,MOP,92.4,1570.8,Poultry Manure
cotton,38.8,46.0,70.9,6.62,Urea,72.5,471.25,Neem Cake
coconut,39.8,0.9,72.2,5.27,DAP,109.1,2945.7,Green Manure
blackgram,63.0,32.3,60.1,7.01,DAP,53.3,1439.1,Neem Cake
watermelon,36.1,33.1,74.0,6.25,Urea,80.3,521.95,Neem Cake
coconut,71.5,92.1,35.2,7.07,MOP,49.4,839.8,Farmyard Manure (FYM)
mango,26.4,53.1,60.9,6.79,Urea,77.0,500.5,Poultry Manure
pomegranate,39.2,23.1,72.2,5.32,Urea,89.8,583.7,Green Manure
watermelon,44.3,42.4,33.6,7.16,Urea,89.3,580.45,Vermicompost
coconut,32.9,36.3,55.9,7.08,Urea,94.7,615.55,Neem Cake
pomegranate,48.2,22.2,64.3,6.07,DAP,87.8,2370.6,Vermicompost
muskmelon,70.2,44.1,46.0,5.85,DAP,59.1,1595.7,Farmyard Manure (FYM)
cotton,78.8,41.7,44.8,6.35,DAP,63.1,1703.7,Neem Cake
papaya,42.3,56.2,19.2,6.98,MOP,92.7,1575.9,Poultry Manure
cotton,76.2,49.2,16.6,7.67,MOP,72.5,1232.5,Neem Cake
muskmelon,48.4,69.5,45.8,5.49,Urea,60.5,393.25,Green Manure
pomegranate,30.4,64.7,26.0,5.34,Urea,95.2,618.8,Farmyard Manure (FYM)
watermelon,55.2,38.7,81.4,6.63,Urea,64.1,416.65,Compost + Biofertilizer
blackgram,85.4,38.8,41.5,7.18,DAP,59.6,1609.2,Poultry Manure
orange,36.3,60.4,27.9,7.56,Urea,93.9,610.35,Green Manure
blackgram,2.4,7.7,19.4,7.1,Urea,172.0,1118.0,Farmyard Manure (FYM)
orange,113.1,17.4,75.0,5.78,DAP,58.8,1587.6,Compost + Biofertilizer
chickpea,52.3,38.0,49.0,6.33,Urea,75.4,490.1,Green Manure
pomegranate,62.5,55.6,34.1,8.12,MOP,55.4,941.8,Poultry Manure
grapes,59.0,41.7,28.8,5.08,MOP,75.0,1275.0,Vermicompost
muskmelon,35.7,49.0,32.6,5.12,Urea,88.1,572.65,Neem Cake
grapes,58.4,54.9,64.5,5.76,Urea,43.5,282.75,Compost + Biofertilizer
orange,73.5,37.9,49.0,6.79,DAP,50.6,1366.2,Farmyard Manure (FYM)
cotton,45.7,34.1,18.8,6.22,MOP,109.9,1868.3,Vermicompost
muskmelon,34.3,46.6,26.1,6.51,Urea,101.0,656.5,Farmyard Manure (FYM)
mungbean,92.5,25.7,52.0,5.71,DAP,59.5,1606.5,Poultry Manure
maize,68.1,56.9,45.0,6.12,MOP,46.3,787.1,Poultry Manure
maize,33.0,51.8,76.0,5.39,Urea,70.3,456.95,Farmyard Manure (FYM)
pigeonpeas,83.5,42.6,11.6,5.93,MOP,79.5,1351.5,Compost + Biofertilizer
maize,58.5,20.1,46.1,6.39,DAP,87.5,2362.5,Vermicompost
apple,44.2,51.3,11.4,5.38,MOP,105.7,1796.9,Neem Cake
mothbeans,36.0,67.1,79.5,7.43,Urea,66.3,430.95,Green Manure
jute,55.7,37.5,77.8,6.16,Urea,57.6,374.4,Compost + Biofertilizer
grapes,41.5,50.4,66.0,7.47,Urea,66.7,433.55,Neem Cake
lentil,19.2,67.0,55.2,6.3,Urea,77.5,503.75,Green Manure
apple,104.9,70.7,13.0,6.94,MOP,68.0,1156.0,Poultry Manure
chickpea,51.8,37.6,4.7,7.62,MOP,104.9,1783.3,Farmyard Manure (FYM)
mungbean,62.4,23.5,68.3,6.51,DAP,64.2,1733.4,Vermicompost
mungbean,47.3,27.8,34.2,6.46,Urea,104.0,676.0,Green Manure
lentil,73.7,27.1,38.4,6.05,DAP,76.4,2062.8,Green Manure
muskmelon,58.1,56.5,39.1,7.31,Urea,70.5,458.25,Neem Cake
blackgram,68.4,45.3,77.1,6.67,DAP,44.7,1206.9,Poultry Manure
grapes,53.4,74.6,44.1,8.82,Urea,56.9,369.85,Vermicompost
pigeonpeas,0.0,29.3,62.9,6.28,Urea,118.0,767.0,Farmyard Manure (FYM)
jute,35.5,40.4,77.2,7.46,Urea,80.9,525.85,Poultry Manure
mothbeans,35.5,56.9,33.0,6.25,Urea,89.1,579.15,Neem Cake
pomegranate,46.5,46.4,103.0,6.5,Urea,62.6,406.9,Green Manure
kidneybeans,52.5,59.0,37.0,6.9,Urea,62.5,406.25,Green Manure
watermelon,16.2,69.2,56.8,5.73,Urea,79.2,514.8,Green Manure
lentil,46.0,14.3,62.1,5.42,DAP,95.0,2565.0,Poultry Manure
mothbeans,49.1,67.9,53.9,5.58,Urea,52.6,341.9,Compost + Biofertilizer
kidneybeans,5.8,22.0,85.1,6.56,Urea,121.4,789.1,Poultry Manure
apple,60.4,43.8,47.6,6.16,Urea,68.2,443.3,Green Manure
chickpea,79.1,52.6,60.6,6.52,DAP,24.4,658.8,Neem Cake
apple,65.0,51.0,13.4,6.05,MOP,78.0,1326.0,Green Manure
mungbean,62.3,51.3,23.2,8.35,MOP,72.2,1227.4,Green Manure
orange,44.0,48.0,54.7,5.66,Urea,74.2,482.3,Poultry Manure
mungbean,84.3,45.2,42.2,7.5,MOP,47.2,802.4,Neem Cake
rice,76.1,48.1,6.7,7.4,MOP,83.4,1417.8,Poultry Manure
watermelon,40.5,62.7,82.6,6.62,Urea,55.4,360.1,Vermicompost
kidneybeans,109.7,92.2,89.1,6.58,NPK 19-19-19,27.5,660.0,Green Manure
banana,38.7,70.2,45.8,6.69,Urea,71.9,467.35,Compost + Biofertilizer
muskmelon,28.3,30.8,81.2,5.73,Urea,94.5,614.25,Compost + Biofertilizer
cotton,58.9,45.7,51.4,6.13,Urea,62.6,406.9,Neem Cake
pigeonpeas,72.6,12.8,57.1,7.76,DAP,68.6,1852.2,Neem Cake
jute,83.5,32.0,81.6,6.1,DAP,42.3,1142.1,Farmyard Manure (FYM)
apple,54.5,40.7,24.9,6.53,MOP,99.8,1696.6,Poultry Manure
rice,62.1,58.2,50.7,6.75,Urea,45.2,293.8,Compost + Biofertilizer
rice,119.9,54.1,59.9,7.19,DAP,18.6,502.2,Neem Cake
muskmelon,38.6,54.7,73.5,6.74,Urea,70.7,459.55,Neem Cake
mungbean,32.5,29.0,44.6,7.48,Urea,96.9,629.85,Neem Cake
chickpea,112.4,37.8,53.3,6.51,DAP,53.1,1433.7,Vermicompost
orange,49.4,54.0,42.5,6.25,Urea,72.4,470.6,Compost + Biofertilizer
mothbeans,67.7,6.5,90.9,6.21,DAP,88.0,2376.0,Farmyard Manure (FYM)
papaya,100.3,76.4,43.3,6.13,MOP,31.2,530.4,Vermicompost
orange,109.4,70.5,32.4,6.68,MOP,46.9,797.3,Compost + Biofertilizer
banana,26.2,36.8,42.3,6.11,Urea,103.7,674.05,Farmyard Manure (FYM)
kidneybeans,45.8,37.0,48.4,7.2,Urea,77.4,503.1,Green Manure
orange,65.5,83.2,32.1,7.46,MOP,65.1,1106.7,Compost + Biofertilizer
muskmelon,37.3,33.7,0.0,6.05,MOP,133.0,2261.0,Vermicompost
lentil,35.7,19.2,27.9,6.7,Urea,123.0,799.5,Neem Cake
watermelon,73.0,54.8,37.6,6.05,MOP,51.0,867.0,Green Manure
watermelon,73.5,29.2,41.4,6.57,DAP,77.0,2079.0,Farmyard Manure (FYM)
lentil,80.2,45.1,42.2,7.02,MOP,52.9,899.3,Green Manure
cotton,34.7,37.1,33.3,6.46,Urea,102.7,667.55,Vermicompost
orange,123.3,52.4,33.5,6.68,MOP,54.2,921.4,Farmyard Manure (FYM)
pomegranate,100.3,38.9,46.1,7.09,DAP,54.2,1463.4,Compost + Biofertilizer
kidneybeans,105.5,76.2,42.3,5.93,MOP,32.0,544.0,Neem Cake
chickpea,23.9,53.6,34.9,6.39,Urea,104.5,679.25,Compost + Biofertilizer
orange,94.9,98.9,27.3,6.4,MOP,39.9,678.3,Green Manure
chickpea,72.6,27.7,15.6,5.87,MOP,96.2,1635.4,Neem Cake
coffee,59.2,5.8,50.2,7.11,DAP,103.3,2789.1,Poultry Manure
mothbeans,84.1,33.9,49.1,6.21,DAP,51.4,1387.8,Neem Cake
blackgram,45.4,35.2,22.0,8.01,MOP,115.2,1958.4,Compost + Biofertilizer
mungbean,35.8,38.5,41.1,6.6,Urea,95.2,618.8,Neem Cake
maize,46.9,49.1,20.0,6.73,MOP,91.5,1555.5,Poultry Manure
muskmelon,48.7,25.5,38.2,5.92,DAP,96.3,2600.1,Poultry Manure
apple,50.5,53.7,47.7,6.81,Urea,68.1,442.65,Poultry Manure
chickpea,41.5,20.5,5.4,7.01,MOP,136.6,2322.2,Green Manure
mango,38.2,50.6,45.6,5.78,Urea,65.1,423.15,Poultry Manure
rice,109.0,35.5,59.2,6.61,DAP,36.7,990.9,Compost + Biofertilizer
kidneybeans,38.7,65.2,51.7,7.62,Urea,62.4,405.6,Vermicompost
pomegranate,107.3,62.2,49.9,6.92,MOP,26.7,453.9,Farmyard Manure (FYM)
mungbean,27.0,33.1,58.3,5.34,Urea,89.6,582.4,Vermicompost
orange,45.9,64.9,62.4,6.7,Urea,47.5,308.75,Poultry Manure
banana,60.5,42.0,47.2,7.36,Urea,65.2,423.8,Vermicompost
jute,89.5,57.2,71.1,6.49,NPK 19-19-19,31.8,763.2,Poultry Manure
muskmelon,30.5,52.9,109.0,6.43,Urea,67.3,437.45,Vermicompost
maize,76.5,46.2,48.5,6.43,DAP,53.7,1449.9,Neem Cake
kidneybeans,48.0,53.2,24.4,7.76,MOP,87.9,1494.3,Compost + Biofertilizer
muskmelon,76.6,53.4,18.9,5.84,MOP,67.7,1150.9,Compost + Biofertilizer
jute,89.5,71.6,65.6,5.6,NPK 19-19-19,28.7,688.8,Farmyard Manure (FYM)
watermelon,34.6,70.5,65.0,6.49,Urea,64.2,417.3,Farmyard Manure (FYM)
coffee,87.8,82.9,53.0,6.67,MOP,26.8,455.6,Compost + Biofertilizer
coconut,46.2,59.3,38.9,6.15,Urea,65.8,427.7,Farmyard Manure (FYM)
pigeonpeas,58.6,32.9,58.9,6.5,DAP,69.6,1879.2,Green Manure
banana,49.3,37.4,54.9,5.71,Urea,70.9,460.85,Compost + Biofertilizer
mango,38.4,62.4,2.9,5.74,MOP,108.4,1842.8,Farmyard Manure (FYM)
grapes,83.7,43.0,93.5,6.41,DAP,40.0,1080.0,Neem Cake
watermelon,60.0,26.8,86.3,6.28,DAP,60.1,1622.7,Compost + Biofertilizer
coconut,62.0,31.8,72.1,6.28,DAP,58.7,1584.9,Vermicompost
coconut,69.9,7.9,55.0,7.05,DAP,74.8,2019.6,Vermicompost
watermelon,109.6,32.9,58.2,4.38,DAP,45.7,1233.9,Green Manure
mango,55.3,59.3,71.7,6.78,Urea,40.4,262.6,Vermicompost
mungbean,59.7,51.7,68.2,6.42,Urea,50.3,326.95,Green Manure
watermelon,56.7,30.5,52.3,5.89,DAP,70.7,1908.9,Neem Cake
papaya,16.9,20.4,55.9,6.13,Urea,117.3,762.45,Farmyard Manure (FYM)
coffee,73.9,67.3,50.0,7.21,MOP,23.6,401.2,Farmyard Manure (FYM)
grapes,61.8,50.1,93.9,7.08,Urea,43.8,284.7,Green Manure
maize,79.6,80.9,47.4,5.38,MOP,28.2,479.4,Neem Cake
orange,32.0,66.5,42.2,6.67,Urea,75.8,492.7,Neem Cake
grapes,62.1,26.4,44.6,6.3,DAP,81.6,2203.2,Neem Cake
coffee,82.4,52.7,35.5,5.78,MOP,51.3,872.1,Poultry Manure
cotton,53.8,53.3,84.6,6.17,Urea,36.1,234.65,Farmyard Manure (FYM)
papaya,58.5,26.2,65.2,5.11,DAP,68.1,1838.7,Vermicompost
banana,59.9,50.5,47.6,6.81,Urea,56.8,369.2,Poultry Manure
muskmelon,63.1,38.7,69.5,6.09,DAP,54.9,1482.3,Poultry Manure
banana,86.0,11.3,7.1,6.47,MOP,114.8,1951.6,Poultry Manure
muskmelon,69.3,40.4,72.2,6.17,DAP,42.3,1142.1,Poultry Manure
jute,31.7,37.7,74.2,7.47,Urea,76.4,496.6,Poultry Manure
banana,74.2,34.1,0.0,6.7,MOP,98.7,1677.9,Farmyard Manure (FYM)
mango,0.0,79.7,14.3,6.22,Urea,125.6,816.4,Neem Cake
pomegranate,5.8,32.6,54.7,7.17,Urea,118.4,769.6,Neem Cake
pomegranate,23.8,56.7,37.8,6.49,Urea,101.9,662.35,Neem Cake
coconut,80.5,53.8,72.4,6.37,DAP,24.2,653.4,Compost + Biofertilizer
pigeonpeas,47.2,52.8,57.6,7.18,Urea,60.7,394.55,Green Manure
cotton,67.8,30.9,43.3,7.33,DAP,76.1,2054.7,Green Manure
kidneybeans,81.1,66.1,49.9,7.44,MOP,27.9,474.3,Compost + Biofertilizer
grapes,61.3,32.8,35.5,6.1,DAP,82.7,2232.9,Green Manure
chickpea,43.9,48.6,28.1,7.18,Urea,95.3,619.45,Vermicompost
watermelon,91.7,41.9,71.8,5.75,DAP,35.3,953.1,Vermicompost
coconut,58.5,35.9,59.4,6.11,DAP,58.1,1568.7,Neem Cake
lentil,33.6,20.7,53.6,7.25,Urea,94.2,612.3,Green Manure
lentil,86.2,59.4,91.9,7.17,NPK 10-26-26,29.5,678.5,Green Manure
mungbean,84.5,63.7,54.4,6.54,MOP,23.4,397.8,Vermicompost
maize,59.2,40.1,48.6,5.87,Urea,66.9,434.85,Farmyard Manure (FYM)
grapes,36.2,8.0,34.0,6.7,DAP,127.4,3439.8,Green Manure
mothbeans,108.6,66.3,49.0,6.43,MOP,28.2,479.4,Green Manure
maize,52.6,49.6,81.6,7.33,Urea,55.1,358.15,Poultry Manure
mango,72.5,34.6,32.1,7.33,MOP,65.9,1120.3,Green Manure
coffee,56.6,15.5,42.2,6.9,DAP,93.1,2513.7,Farmyard Manure (FYM)
chickpea,23.8,38.7,55.8,6.57,Urea,100.7,654.55,Green Manure
coconut,46.5,48.8,33.7,5.14,Urea,77.7,505.05,Compost + Biofertilizer
maize,71.3,34.2,51.1,6.19,DAP,61.1,1649.7,Poultry Manure
mothbeans,94.9,45.5,55.6,5.33,DAP,37.7,1017.9,Compost + Biofertilizer
chickpea,18.3,47.7,34.6,6.12,Urea,112.3,729.95,Vermicompost
maize,21.2,73.9,38.2,5.63,Urea,90.1,585.65,Compost + Biofertilizer
chickpea,47.4,29.7,48.7,7.12,Urea,88.5,575.25,Farmyard Manure (FYM)
muskmelon,20.8,70.4,45.9,6.18,Urea,85.5,555.75,Neem Cake
maize,82.6,37.0,97.4,4.97,DAP,42.5,1147.5,Compost + Biofertilizer
coffee,87.3,62.8,57.9,6.13,NPK 19-19-19,20.4,489.6,Compost + Biofertilizer
maize,81.0,15.3,82.5,6.13,DAP,63.3,1709.1,Vermicompost
blackgram,54.6,57.4,38.5,7.44,Urea,71.0,461.5,Neem Cake
pomegranate,47.2,52.4,28.3,6.46,Urea,97.2,631.8,Green Manure
rice,0.0,43.4,53.3,6.07,Urea,112.4,730.6,Compost + Biofertilizer
orange,57.8,32.7,17.0,7.0,MOP,105.8,1798.6,Poultry Manure
kidneybeans,95.8,70.3,63.3,7.04,NPK 10-26-26,29.1,669.3,Compost + Biofertilizer
mothbeans,29.1,24.6,25.2,5.72,Urea,133.7,869.05,Poultry Manure
coffee,28.3,47.6,10.1,6.29,Urea,121.8,791.7,Poultry Manure
rice,31.5,62.0,82.4,5.81,Urea,67.1,436.15,Poultry Manure
pomegranate,4.4,58.4,22.3,6.09,Urea,130.4,847.6,Poultry Manure
orange,49.7,51.9,61.7,6.31,Urea,51.0,331.5,Farmyard Manure (FYM)
mango,54.6,22.7,59.8,6.97,DAP,79.4,2143.8,Farmyard Manure (FYM)
lentil,36.1,26.5,50.0,5.75,Urea,99.3,645.45,Vermicompost
papaya,61.5,54.6,79.2,6.65,Urea,41.9,272.35,Vermicompost
apple,55.8,64.9,18.2,7.61,MOP,82.2,1397.4,Farmyard Manure (FYM)
mungbean,46.3,52.8,19.4,6.97,MOP,92.6,1574.2,Farmyard Manure (FYM)
coffee,0.0,66.2,34.4,7.31,Urea,113.3,736.45,Farmyard Manure (FYM)
orange,36.9,44.2,33.7,7.71,Urea,94.1,611.65,Compost + Biofertilizer
coconut,31.7,36.2,48.0,5.87,Urea,102.6,666.9,Poultry Manure
pomegranate,84.7,4.3,51.4,7.5,DAP,81.4,2197.8,Compost + Biofertilizer
jute,75.7,35.1,56.8,5.54,DAP,47.0,1269.0,Poultry Manure
mango,101.1,56.4,49.7,7.03,MOP,31.8,540.6,Compost + Biofertilizer
maize,48.9,41.6,85.5,5.93,Urea,72.4,470.6,Farmyard Manure (FYM)
cotton,59.2,32.5,17.9,6.13,MOP,93.1,1582.7,Compost + Biofertilizer
coffee,76.9,36.9,60.8,7.27,DAP,39.8,1074.6,Farmyard Manure (FYM)
mothbeans,44.4,36.5,33.1,6.52,Urea,107.3,697.45,Vermicompost
jute,102.3,28.7,60.5,6.94,DAP,42.7,1152.9,Poultry Manure
mango,43.6,0.0,29.3,6.86,DAP,133.1,3593.7,Neem Cake
cotton,61.0,64.8,27.3,4.73,MOP,72.7,1235.9,Green Manure
coconut,93.1,47.3,51.3,6.64,DAP,44.2,1193.4,Neem Cake
mango,46.9,54.0,46.3,6.16,Urea,65.7,427.05,Farmyard Manure (FYM)
mothbeans,86.5,36.6,20.4,5.86,MOP,74.5,1266.5,Poultry Manure
jute,21.2,39.7,13.6,6.37,Urea,134.1,871.65,Vermicompost
maize,27.8,15.0,41.5,6.58,Urea,136.5,887.25,Green Manure
orange,40.5,24.3,40.1,6.95,Urea,106.2,690.3,Vermicompost
pigeonpeas,30.0,33.0,27.4,6.9,Urea,121.6,790.4,Compost + Biofertilizer
pomegranate,39.2,79.4,30.1,7.92,Urea,80.0,520.0,Poultry Manure
pomegranate,96.6,30.6,40.5,5.51,DAP,62.3,1682.1,Compost + Biofertilizer
mango,81.9,39.3,38.8,6.66,MOP,51.0,867.0,Compost + Biofertilizer
watermelon,43.1,51.7,88.3,6.75,Urea,63.7,414.05,Compost + Biofertilizer
rice,46.6,66.2,40.5,6.46,Urea,69.0,448.5,Green Manure
grapes,49.4,56.8,56.7,5.82,Urea,54.3,352.95,Vermicompost
mango,58.8,17.5,87.2,5.94,DAP,76.1,2054.7,Compost + Biofertilizer
watermelon,9.6,44.9,87.8,6.88,Urea,91.1,592.15,Vermicompost
mungbean,52.5,33.1,0.0,7.31,MOP,115.6,1965.2,Neem Cake
banana,49.0,19.5,61.4,6.18,DAP,85.0,2295.0,Neem Cake
watermelon,79.4,87.2,67.9,6.63,NPK 10-26-26,23.1,531.3,Vermicompost
blackgram,73.1,84.2,43.9,8.0,MOP,31.1,528.7,Farmyard Manure (FYM)
muskmelon,36.4,30.4,17.3,7.15,Urea,127.3,827.45,Vermicompost
coconut,40.9,39.1,73.5,7.03,Urea,78.3,508.95,Poultry Manure
mungbean,79.7,89.2,13.9,6.66,MOP,57.1,970.7,Farmyard Manure (FYM)
orange,38.3,19.3,46.4,6.41,Urea,100.0,650.0,Vermicompost
chickpea,36.6,41.9,37.4,7.25,Urea,102.7,667.55,Compost + Biofertilizer
kidneybeans,114.5,64.2,0.0,5.96,MOP,80.3,1365.1,Farmyard Manure (FYM)
pigeonpeas,56.0,42.1,47.8,6.53,Urea,68.8,447.2,Poultry Manure
jute,51.0,32.3,85.3,6.53,Urea,74.3,482.95,Neem Cake
blackgram,93.3,44.1,81.9,6.85,DAP,40.3,1088.1,Compost + Biofertilizer
maize,64.4,15.6,22.4,6.78,DAP,111.0,2997.0,Green Manure
lentil,76.1,47.4,55.8,6.35,DAP,35.7,963.9,Poultry Manure
coffee,29.9,24.7,83.7,6.21,Urea,101.9,662.35,Compost + Biofertilizer
mungbean,75.0,45.0,51.0,7.05,DAP,48.9,1320.3,Farmyard Manure (FYM)
chickpea,79.1,53.1,79.2,7.63,DAP,22.9,618.3,Farmyard Manure (FYM)
mango,76.1,65.8,70.5,7.67,NPK 19-19-19,21.1,506.4,Green Manure
mothbeans,26.8,43.4,11.9,5.68,Urea,124.2,807.3,Compost + Biofertilizer
blackgram,107.7,38.8,12.4,6.82,MOP,83.8,1424.6,Compost + Biofertilizer
mungbean,91.9,53.4,51.8,6.84,MOP,23.6,401.2,Farmyard Manure (FYM)
maize,97.8,34.9,24.3,7.66,MOP,63.7,1082.9,Neem Cake
apple,36.2,31.3,50.6,5.71,Urea,93.2,605.8,Farmyard Manure (FYM)
rice,72.7,58.5,44.7,5.72,MOP,38.5,654.5,Farmyard Manure (FYM)
apple,70.4,43.6,17.1,5.24,MOP,71.3,1212.1,Farmyard Manure (FYM)
cotton,56.3,27.2,45.1,7.51,DAP,74.0,1998.0,Compost + Biofertilizer
apple,92.2,71.2,89.5,5.34,NPK 19-19-19,16.0,384.0,Poultry Manure
mothbeans,40.0,44.0,68.1,6.29,Urea,71.1,462.15,Compost + Biofertilizer
papaya,49.8,32.7,51.7,5.69,Urea,75.9,493.35,Neem Cake
coffee,35.7,25.0,35.6,6.91,Urea,118.5,770.25,Compost + Biofertilizer
mango,112.0,43.7,33.8,7.47,MOP,54.1,919.7,Neem Cake
mothbeans,61.5,86.9,72.5,6.53,Urea,36.0,234.0,Farmyard Manure (FYM)
rice,9.9,41.6,65.6,4.96,Urea,100.0,650.0,Poultry Manure
grapes,79.2,50.1,22.8,6.17,MOP,56.1,953.7,Farmyard Manure (FYM)
orange,1.4,59.0,77.6,5.96,Urea,96.9,629.85,Farmyard Manure (FYM)
watermelon,55.3,15.4,62.6,5.38,DAP,83.3,2249.1,Neem Cake
kidneybeans,62.5,74.6,19.0,5.95,MOP,70.7,1201.9,Poultry Manure
apple,67.1,76.4,51.8,6.36,Urea,40.0,260.0,Compost + Biofertilizer
mothbeans,74.9,32.5,60.3,6.49,DAP,54.8,1479.6,Compost + Biofertilizer
pomegranate,86.0,46.2,52.6,6.7,DAP,39.5,1066.5,Green Manure
lentil,67.1,43.6,56.6,8.23,DAP,48.0,1296.0,Compost + Biofertilizer
pigeonpeas,44.6,48.6,44.3,6.38,Urea,90.4,587.6,Neem Cake
watermelon,74.3,69.5,0.0,6.86,MOP,76.2,1295.4,Poultry Manure
papaya,43.3,56.6,70.1,7.08,Urea,54.4,353.6,Vermicompost
rice,33.9,25.7,69.6,7.09,Urea,103.4,672.1,Neem Cake
coconut,89.6,67.9,57.7,6.63,NPK 19-19-19,24.3,583.2,Neem Cake
kidneybeans,86.3,45.5,61.3,5.65,DAP,40.0,1080.0,Vermicompost
chickpea,75.3,51.5,59.9,6.19,DAP,37.2,1004.4,Poultry Manure
blackgram,49.1,37.3,33.5,6.93,Urea,95.5,620.75,Green Manure
blackgram,59.9,9.4,70.5,6.74,DAP,80.6,2176.2,Poultry Manure
mango,81.9,39.4,39.5,6.86,DAP,49.3,1331.1,Vermicompost
kidneybeans,40.2,53.9,59.6,6.3,Urea,68.2,443.3,Farmyard Manure (FYM)
chickpea,68.8,38.5,12.7,8.01,MOP,95.7,1626.9,Neem Cake
blackgram,81.7,82.8,53.8,6.02,MOP,27.9,474.3,Farmyard Manure (FYM)
banana,58.4,61.0,19.1,6.04,MOP,81.2,1380.4,Green Manure
mungbean,78.7,66.5,88.5,5.17,NPK 19-19-19,24.4,585.6,Vermicompost
lentil,41.2,54.3,33.0,5.44,Urea,81.0,526.5,Neem Cake
jute,74.5,82.0,66.3,6.41,Urea,20.3,131.95,Compost + Biofertilizer
pigeonpeas,61.2,32.9,23.8,5.7,MOP,93.1,1582.7,Green Manure
kidneybeans,50.2,2.6,55.6,5.75,DAP,103.1,2783.7,Compost + Biofertilizer
cotton,60.0,25.9,65.2,6.76,DAP,67.2,1814.4,Compost + Biofertilizer
kidneybeans,40.4,34.6,16.2,5.92,MOP,119.0,2023.0,Poultry Manure
apple,59.2,60.7,35.5,7.13,MOP,61.0,1037.0,Farmyard Manure (FYM)
mango,37.7,23.9,96.9,6.84,Urea,83.7,544.05,Farmyard Manure (FYM)
kidneybeans,48.2,67.5,45.6,4.98,Urea,65.9,428.35,Farmyard Manure (FYM)
cotton,65.4,67.2,35.8,7.29,MOP,51.7,878.9,Green Manure
rice,100.2,41.7,18.6,6.8,MOP,71.8,1220.6,Green Manure
pomegranate,82.4,41.1,65.6,6.47,DAP,44.4,1198.8,Green Manure
papaya,13.8,47.3,66.9,7.44,Urea,90.0,585.0,Neem Cake
lentil,68.3,66.0,28.3,7.01,MOP,62.8,1067.6,Vermicompost
rice,65.6,39.1,41.8,7.3,DAP,76.1,2054.7,Green Manure
rice,42.2,34.9,88.3,5.57,Urea,75.8,492.7,Vermicompost
apple,65.9,41.3,56.0,7.72,DAP,56.9,1536.3,Vermicompost
maize,75.9,74.3,14.3,5.65,MOP,65.0,1105.0,Farmyard Manure (FYM)
apple,94.8,24.5,89.2,6.3,DAP,53.8,1452.6,Vermicompost
mothbeans,54.9,44.3,67.1,6.57,Urea,53.0,344.5,Farmyard Manure (FYM)
kidneybeans,103.6,50.6,42.4,5.51,MOP,38.5,654.5,Poultry Manure
coffee,66.0,46.5,65.0,7.27,Urea,43.7,284.05,Compost + Biofertilizer
maize,59.5,77.0,17.4,6.96,MOP,72.4,1230.8,Farmyard Manure (FYM)
grapes,56.2,40.4,5.5,6.41,MOP,107.2,1822.4,Green Manure
orange,47.9,75.8,104.0,7.75,Urea,50.3,326.95,Vermicompost
mungbean,46.2,56.9,22.9,6.73,MOP,91.1,1548.7,Farmyard Manure (FYM)
rice,38.5,55.6,0.0,7.39,MOP,112.6,1914.2,Farmyard Manure (FYM)
kidneybeans,53.6,20.3,52.8,7.01,DAP,83.3,2249.1,Farmyard Manure (FYM)
rice,55.9,29.2,52.6,6.94,DAP,83.1,2243.7,Poultry Manure
watermelon,69.8,56.5,16.9,7.12,MOP,68.4,1162.8,Compost + Biofertilizer
jute,117.1,41.1,45.5,7.04,DAP,47.2,1274.4,Green Manure
pomegranate,89.7,35.6,29.7,6.27,MOP,66.3,1127.1,Vermicompost
orange,0.0,70.1,35.5,5.31,Urea,113.3,736.45,Green Manure
grapes,32.6,32.6,87.4,5.68,Urea,85.5,555.75,Compost + Biofertilizer
grapes,66.4,23.9,70.5,6.13,DAP,67.7,1827.9,Farmyard Manure (FYM)
kidneybeans,49.1,55.3,13.8,6.63,MOP,94.2,1601.4,Poultry Manure
rice,106.7,49.5,53.4,6.0,DAP,37.3,1007.1,Vermicompost
orange,100.6,43.3,42.0,7.0,MOP,54.2,921.4,Vermicompost
lentil,43.9,64.7,36.5,7.54,Urea,72.3,469.95,Vermicompost
rice,53.4,39.4,44.4,6.29,Urea,79.0,513.5,Farmyard Manure (FYM)
chickpea,17.8,50.9,36.8,6.01,Urea,100.1,650.65,Green Manure
mango,46.9,53.6,31.5,5.68,Urea,85.1,553.15,Compost + Biofertilizer
orange,91.2,23.8,41.4,5.61,DAP,70.3,1898.1,Vermicompost
coconut,104.4,45.9,56.5,5.39,DAP,42.3,1142.1,Poultry Manure
mango,52.3,67.1,26.8,5.89,MOP,76.5,1300.5,Farmyard Manure (FYM)
kidneybeans,42.5,35.8,37.1,7.05,Urea,101.0,656.5,Neem Cake
jute,92.1,76.9,46.1,6.83,MOP,40.8,693.6,Neem Cake
papaya,73.8,56.0,60.5,6.38,Urea,34.5,224.25,Vermicompost
pigeonpeas,64.3,47.4,41.6,7.9,MOP,61.0,1037.0,Neem Cake
maize,27.8,11.1,59.1,7.39,Urea,114.6,744.9,Compost + Biofertilizer
mothbeans,46.3,41.6,26.9,5.75,Urea,96.3,625.95,Compost + Biofertilizer
pomegranate,42.0,31.6,22.5,5.76,Urea,113.0,734.5,Compost + Biofertilizer
chickpea,89.6,81.6,28.5,7.99,MOP,40.2,683.4,Poultry Manure
blackgram,46.1,60.1,16.6,6.38,MOP,82.8,1407.6,Green Manure
mothbeans,41.3,32.4,21.1,5.13,MOP,106.2,1805.4,Green Manure
papaya,29.7,33.4,54.1,6.77,Urea,99.3,645.45,Poultry Manure
lentil,89.9,38.6,46.4,6.6,DAP,55.2,1490.4,Farmyard Manure (FYM)
cotton,27.7,50.2,43.9,6.36,Urea,87.1,566.15,Farmyard Manure (FYM)
papaya,69.0,45.5,47.8,5.43,DAP,48.9,1320.3,Poultry Manure
maize,108.8,45.9,43.1,7.22,MOP,40.9,695.3,Compost + Biofertilizer
mango,0.0,48.5,95.8,6.72,Urea,117.2,761.8,Farmyard Manure (FYM)
grapes,68.8,15.4,40.9,5.42,DAP,80.7,2178.9,Poultry Manure
chickpea,56.9,40.3,89.7,6.0,Urea,57.7,375.05,Neem Cake
blackgram,79.5,63.3,57.3,6.17,NPK 10-26-26,21.2,487.6,Green Manure
coffee,16.9,55.3,80.5,6.0,Urea,91.0,591.5,Compost + Biofertilizer
mungbean,58.3,16.0,20.4,6.6,DAP,115.6,3121.2,Farmyard Manure (FYM)
pomegranate,80.0,42.9,41.6,7.4,MOP,49.8,846.6,Neem Cake
papaya,20.8,60.7,34.6,7.14,Urea,93.4,607.1,Neem Cake
blackgram,77.4,53.2,69.0,6.29,DAP,27.0,729.0,Compost + Biofertilizer
coconut,66.0,42.8,61.1,6.79,DAP,48.7,1314.9,Poultry Manure
mango,81.9,52.7,0.0,6.58,MOP,84.4,1434.8,Green Manure
maize,81.1,35.4,37.4,7.12,DAP,56.6,1528.2,Farmyard Manure (FYM)
pigeonpeas,51.4,39.8,19.6,6.12,MOP,103.9,1766.3,Compost + Biofertilizer
blackgram,44.5,68.7,51.0,6.72,Urea,54.8,356.2,Neem Cake
grapes,53.9,24.1,60.3,7.48,DAP,70.3,1898.1,Farmyard Manure (FYM)
grapes,0.0,44.8,38.7,6.25,Urea,127.8,830.7,Vermicompost
watermelon,77.0,44.2,69.5,6.58,DAP,35.3,953.1,Neem Cake
kidneybeans,72.4,45.8,56.3,6.09,DAP,45.7,1233.9,Green Manure
banana,46.4,17.4,41.6,6.05,DAP,106.5,2875.5,Poultry Manure
muskmelon,79.3,51.2,42.0,6.66,MOP,52.5,892.5,Vermicompost
pigeonpeas,44.6,30.5,67.2,5.99,Urea,83.6,543.4,Farmyard Manure (FYM)
kidneybeans,17.0,95.4,45.9,5.78,Urea,91.5,594.75,Farmyard Manure (FYM)
banana,61.1,50.7,5.4,6.01,MOP,95.3,1620.1,Compost + Biofertilizer
mungbean,41.3,71.0,63.2,7.25,Urea,56.4,366.6,Compost + Biofertilizer
cotton,65.3,54.9,51.0,6.65,Urea,49.1,319.15,Compost + Biofertilizer
coffee,59.2,67.3,32.0,6.43,MOP,65.1,1106.7,Neem Cake
jute,49.8,42.6,49.4,5.75,Urea,73.8,479.7,Poultry Manure
mungbean,54.0,90.6,53.8,6.9,Urea,53.2,345.8,Poultry Manure
blackgram,25.8,48.8,31.3,5.65,Urea,98.7,641.55,Compost + Biofertilizer
kidneybeans,44.3,54.7,14.6,7.15,MOP,92.1,1565.7,Farmyard Manure (FYM)
papaya,33.6,52.5,19.6,5.41,Urea,96.9,629.85,Neem Cake
pomegranate,102.5,36.8,42.0,6.05,DAP,57.3,1547.1,Vermicompost
blackgram,57.7,51.7,30.2,5.6,MOP,63.7,1082.9,Farmyard Manure (FYM)
pomegranate,69.7,62.6,52.3,6.58,Urea,43.7,284.05,Compost + Biofertilizer
mungbean,59.9,83.0,47.2,7.49,Urea,55.7,362.05,Green Manure
mungbean,72.4,27.6,35.3,6.51,DAP,84.4,2278.8,Vermicompost
coconut,25.1,27.9,77.8,5.74,Urea,97.6,634.4,Poultry Manure
kidneybeans,62.9,56.7,51.7,6.25,Urea,48.3,313.95,Neem Cake
cotton,63.3,57.8,31.7,6.5,MOP,59.4,1009.8,Neem Cake
orange,53.7,12.6,82.5,6.52,DAP,90.9,2454.3,Poultry Manure
cotton,55.0,44.4,11.4,6.53,MOP,99.0,1683.0,Farmyard Manure (FYM)
jute,60.0,56.6,56.5,6.44,Urea,50.5,328.25,Neem Cake
pomegranate,39.8,36.2,35.5,6.65,Urea,103.6,673.4,Green Manure
rice,67.1,65.3,46.5,7.46,MOP,42.6,724.2,Farmyard Manure (FYM)
coffee,95.5,22.5,73.9,6.64,DAP,53.6,1447.2,Vermicompost
mothbeans,35.7,74.0,14.0,6.88,MOP,89.1,1514.7,Compost + Biofertilizer
papaya,90.8,54.4,32.9,5.19,MOP,48.9,831.3,Compost + Biofertilizer
muskmelon,72.8,37.8,49.1,6.61,DAP,63.3,1709.1,Farmyard Manure (FYM)
coffee,72.7,71.0,65.9,6.21,Urea,25.6,166.4,Green Manure
coconut,36.7,56.2,82.0,5.16,Urea,64.3,417.95,Neem Cake
blackgram,68.4,26.6,29.3,5.97,DAP,90.4,2440.8,Green Manure
pigeonpeas,16.3,37.3,41.6,6.96,Urea,123.2,800.8,Farmyard Manure (FYM)
pigeonpeas,18.8,32.3,35.9,6.84,Urea,117.9,766.35,Neem Cake
grapes,133.7,43.3,76.4,6.3,DAP,38.2,1031.4,Neem Cake
pigeonpeas,65.7,52.7,52.5,6.58,Urea,45.6,296.4,Compost + Biofertilizer
papaya,45.0,12.9,51.1,6.38,DAP,91.8,2478.6,Compost + Biofertilizer
coffee,51.5,50.8,51.9,6.37,Urea,73.3,476.45,Poultry Manure
kidneybeans,42.5,40.1,45.7,6.84,Urea,89.2,579.8,Neem Cake
chickpea,80.8,44.2,60.2,6.14,DAP,37.3,1007.1,Green Manure
orange,52.3,31.2,42.8,6.54,DAP,87.8,2370.6,Poultry Manure
muskmelon,19.4,8.2,37.1,6.76,Urea,138.4,899.6,Vermicompost
jute,76.1,43.8,0.0,7.21,MOP,92.5,1572.5,Neem Cake
watermelon,94.6,52.7,55.3,7.59,DAP,33.8,912.6,Compost + Biofertilizer
papaya,70.2,62.2,71.8,6.76,Urea,37.4,243.1,Neem Cake
banana,96.5,62.1,32.3,6.82,MOP,46.0,782.0,Neem Cake
coffee,68.0,72.8,58.5,6.66,Urea,28.4,184.6,Farmyard Manure (FYM)
kidneybeans,94.9,61.9,46.5,5.79,MOP,38.1,647.7,Poultry Manure
papaya,11.2,35.3,31.0,6.56,Urea,133.8,869.7,Green Manure
lentil,70.7,69.5,1.5,6.38,MOP,75.6,1285.2,Vermicompost
banana,8.8,40.3,103.1,7.24,Urea,94.5,614.25,Neem Cake
watermelon,82.1,34.4,26.3,5.2,MOP,80.4,1366.8,Farmyard Manure (FYM)
banana,58.9,48.6,63.6,6.84,Urea,55.3,359.45,Compost + Biofertilizer
orange,92.2,1.9,64.9,6.17,DAP,71.4,1927.8,Farmyard Manure (FYM)
mothbeans,67.7,95.3,63.1,7.44,Urea,33.7,219.05,Vermicompost
cotton,49.8,41.2,31.4,6.43,Urea,94.1,611.65,Poultry Manure
blackgram,57.1,24.3,11.3,5.68,MOP,107.4,1825.8,Green Manure
pigeonpeas,75.8,41.7,70.4,5.94,DAP,44.9,1212.3,Neem Cake
orange,62.9,33.6,45.9,6.86,DAP,73.5,1984.5,Green Manure
mothbeans,88.3,70.8,62.5,6.5,NPK 10-26-26,21.9,503.7,Poultry Manure
maize,83.5,58.1,56.8,6.92,NPK 19-19-19,29.1,698.4,Compost + Biofertilizer
jute,63.1,57.7,27.9,6.67,MOP,67.4,1145.8,Green Manure
coconut,50.0,60.0,52.6,5.0,Urea,51.6,335.4,Green Manure
chickpea,99.6,67.8,37.5,6.88,MOP,40.9,695.3,Vermicompost
coconut,53.5,54.8,30.4,5.84,MOP,73.6,1251.2,Compost + Biofertilizer
maize,41.1,7.7,44.1,7.06,DAP,114.8,3099.6,Poultry Manure
banana,53.7,53.6,21.8,5.92,MOP,83.6,1421.2,Vermicompost
banana,53.6,66.3,20.5,6.87,MOP,81.3,1382.1,Compost + Biofertilizer
pomegranate,52.7,18.9,76.1,7.3,DAP,78.3,2114.1,Compost + Biofertilizer
pigeonpeas,57.6,46.6,27.3,7.39,MOP,81.3,1382.1,Farmyard Manure (FYM)
lentil,74.2,23.7,33.3,6.5,DAP,91.0,2457.0,Green Manure
muskmelon,83.7,17.1,53.5,6.89,DAP,57.3,1547.1,Farmyard Manure (FYM)
rice,34.2,82.6,45.2,6.97,Urea,72.9,473.85,Neem Cake
watermelon,56.5,62.5,32.7,5.59,MOP,60.4,1026.8,Neem Cake
grapes,83.2,51.8,49.7,6.85,MOP,28.7,487.9,Compost + Biofertilizer
apple,78.7,46.3,61.9,6.86,DAP,31.1,839.7,Compost + Biofertilizer
blackgram,96.2,59.1,42.3,6.9,MOP,28.4,482.8,Poultry Manure
chickpea,71.0,45.9,3.4,6.37,MOP,86.6,1472.2,Vermicompost
coconut,65.5,27.9,20.9,6.89,MOP,100.6,1710.2,Poultry Manure
watermelon,57.4,30.0,32.0,5.61,DAP,87.4,2359.8,Poultry Manure
grapes,74.3,40.9,52.8,5.45,DAP,51.6,1393.2,Green Manure
blackgram,88.4,61.3,32.7,5.7,MOP,40.4,686.8,Farmyard Manure (FYM)
mungbean,25.0,54.1,56.9,5.71,Urea,72.2,469.3,Vermicompost
mungbean,125.3,64.3,57.9,7.56,NPK 10-26-26,25.7,591.1,Poultry Manure
maize,26.3,28.2,34.4,6.34,Urea,121.7,791.05,Compost + Biofertilizer
banana,19.6,26.3,56.8,7.1,Urea,109.0,708.5,Poultry Manure
jute,76.3,44.8,79.6,6.12,DAP,34.9,942.3,Neem Cake
lentil,38.4,46.1,34.4,6.01,Urea,90.8,590.2,Farmyard Manure (FYM)
chickpea,5.7,49.7,36.0,6.2,Urea,117.2,761.8,Neem Cake
chickpea,44.4,99.2,65.4,6.53,Urea,45.0,292.5,Poultry Manure
maize,37.6,14.0,70.0,7.23,DAP,101.2,2732.4,Compost + Biofertilizer
apple,26.9,71.6,2.6,6.6,MOP,118.9,2021.3,Vermicompost
jute,87.9,86.9,51.8,7.8,MOP,30.5,518.5,Compost + Biofertilizer
apple,17.4,41.4,17.0,6.67,Urea,139.7,908.05,Compost + Biofertilizer
lentil,35.8,71.7,0.0,6.69,MOP,119.6,2033.2,Farmyard Manure (FYM)
rice,69.3,50.5,40.8,5.05,MOP,66.2,1125.4,Neem Cake
apple,82.2,39.7,50.6,6.76,DAP,49.0,1323.0,Poultry Manure
mango,79.6,16.0,15.4,7.2,MOP,106.0,1802.0,Compost + Biofertilizer
apple,39.0,18.9,38.4,7.48,DAP,112.1,3026.7,Farmyard Manure (FYM)
papaya,15.0,36.7,33.9,5.35,Urea,125.8,817.7,Green Manure
grapes,45.8,34.6,21.7,7.03,MOP,108.6,1846.2,Compost + Biofertilizer
watermelon,20.8,54.1,24.4,6.76,Urea,114.2,742.3,Vermicompost
blackgram,56.5,46.8,27.5,5.37,MOP,70.3,1195.1,Green Manure
mango,70.0,72.2,78.7,7.04,Urea,19.8,128.7,Poultry Manure
papaya,105.4,65.2,54.2,6.82,MOP,28.9,491.3,Poultry Manure
jute,79.8,53.0,40.8,6.28,MOP,46.2,785.4,Neem Cake
coconut,45.8,18.6,57.9,6.17,DAP,92.0,2484.0,Poultry Manure
pomegranate,89.6,58.3,17.8,6.11,MOP,64.9,1103.3,Neem Cake
blackgram,95.9,71.0,43.2,4.96,MOP,34.6,588.2,Compost + Biofertilizer
rice,24.7,39.6,58.0,5.52,Urea,92.7,602.55,Farmyard Manure (FYM)
orange,16.7,62.7,23.6,6.03,Urea,113.5,737.75,Green Manure
cotton,98.2,24.8,11.0,5.15,MOP,99.7,1694.9,Neem Cake
jute,38.0,72.7,10.2,6.64,MOP,105.1,1786.7,Poultry Manure
chickpea,71.2,48.1,26.8,6.66,MOP,62.1,1055.7,Farmyard Manure (FYM)
watermelon,27.3,45.4,30.8,6.57,Urea,112.4,730.6,Farmyard Manure (FYM)
coffee,69.2,40.7,42.7,6.97,DAP,61.0,1647.0,Green Manure
chickpea,89.0,46.6,56.5,6.77,DAP,29.2,788.4,Vermicompost
jute,54.7,13.9,20.1,7.26,DAP,119.5,3226.5,Neem Cake
mungbean,60.4,38.0,57.3,6.56,DAP,70.5,1903.5,Green Manure
jute,70.7,64.8,41.6,6.12,MOP,43.2,734.4,Poultry Manure
rice,2.9,61.0,56.6,5.46,Urea,96.8,629.2,Farmyard Manure (FYM)
kidneybeans,44.1,68.9,81.0,7.06,Urea,55.1,358.15,Poultry Manure
coconut,71.6,44.7,57.8,5.43,DAP,44.0,1188.0,Green Manure
muskmelon,19.9,34.2,58.5,6.97,Urea,95.1,618.15,Vermicompost
pomegranate,73.9,52.5,44.1,5.68,MOP,46.3,787.1,Poultry Manure
chickpea,68.3,46.0,42.0,6.56,MOP,67.2,1142.4,Green Manure
muskmelon,82.8,19.6,43.8,6.46,DAP,64.0,1728.0,Green Manure
banana,0.2,41.0,39.5,7.38,Urea,121.2,787.8,Poultry Manure
maize,85.5,21.9,24.2,5.79,DAP,89.1,2405.7,Green Manure
blackgram,86.0,32.3,74.2,6.77,DAP,44.7,1206.9,Compost + Biofertilizer
rice,26.5,29.0,37.8,6.9,Urea,112.5,731.25,Farmyard Manure (FYM)
cotton,45.1,35.0,35.4,6.08,Urea,96.9,629.85,Poultry Manure
mothbeans,101.8,41.1,14.1,6.2,MOP,80.0,1360.0,Farmyard Manure (FYM)
grapes,13.0,21.2,48.6,6.07,Urea,129.6,842.4,Compost + Biofertilizer
blackgram,36.1,75.1,58.8,7.15,Urea,58.7,381.55,Farmyard Manure (FYM)
watermelon,70.2,54.2,67.3,6.39,Urea,33.3,216.45,Green Manure
mungbean,69.4,49.4,39.1,7.29,MOP,52.3,889.1,Neem Cake
watermelon,80.9,36.3,65.9,6.4,DAP,36.3,980.1,Farmyard Manure (FYM)
coconut,62.3,9.9,57.1,6.68,DAP,81.7,2205.9,Compost + Biofertilizer
watermelon,54.9,61.3,63.8,7.2,Urea,41.6,270.4,Vermicompost
grapes,32.5,39.3,46.9,6.89,Urea,92.4,600.6,Vermicompost
chickpea,66.1,45.1,34.8,6.25,MOP,66.2,1125.4,Vermicompost
apple,74.0,50.0,52.3,6.79,DAP,50.5,1363.5,Neem Cake
apple,48.3,56.9,64.3,6.67,Urea,55.9,363.35,Compost + Biofertilizer
papaya,44.8,77.7,73.0,6.46,Urea,42.6,276.9,Farmyard Manure (FYM)
cotton,59.7,38.2,39.9,5.89,DAP,69.7,1881.9,Poultry Manure
rice,60.6,55.8,42.1,6.75,Urea,59.1,384.15,Neem Cake
mungbean,67.3,43.3,8.5,7.7,MOP,96.0,1632.0,Poultry Manure
papaya,43.7,13.8,97.1,6.41,DAP,95.5,2578.5,Compost + Biofertilizer
mothbeans,37.0,67.3,14.6,6.71,MOP,103.5,1759.5,Poultry Manure
coffee,89.7,25.3,84.0,6.1,DAP,53.9,1455.3,Vermicompost
grapes,71.7,61.6,94.2,6.44,Urea,35.9,233.35,Farmyard Manure (FYM)
coconut,53.3,65.3,65.2,7.23,Urea,42.6,276.9,Green Manure
rice,90.6,42.2,62.3,6.1,DAP,36.3,980.1,Poultry Manure
banana,89.4,45.1,99.1,6.26,DAP,36.9,996.3,Green Manure
lentil,55.2,41.0,79.4,7.14,Urea,58.6,380.9,Vermicompost
cotton,82.8,65.5,83.1,6.12,NPK 19-19-19,16.2,388.8,Neem Cake
rice,67.0,47.4,78.0,6.89,Urea,44.3,287.95,Vermicompost
mothbeans,83.1,26.2,18.8,6.28,MOP,83.1,1412.7,Farmyard Manure (FYM)
blackgram,26.6,22.8,61.2,5.54,Urea,99.6,647.4,Poultry Manure
chickpea,123.1,28.5,33.8,6.01,DAP,65.5,1768.5,Vermicompost
papaya,78.4,42.1,0.0,6.67,MOP,100.2,1703.4,Vermicompost
rice,34.4,68.0,15.3,5.91,Urea,93.1,605.15,Neem Cake
muskmelon,36.0,35.4,31.3,6.46,Urea,110.7,719.55,Vermicompost
orange,68.4,49.9,19.0,6.83,MOP,80.3,1365.1,Farmyard Manure (FYM)
orange,88.7,62.0,25.6,6.53,MOP,48.4,822.8,Farmyard Manure (FYM)
blackgram,69.6,28.2,67.8,5.67,DAP,58.2,1571.4,Vermicompost
apple,88.5,66.2,86.4,7.2,NPK 10-26-26,19.3,443.9,Neem Cake
maize,72.9,50.5,63.3,6.54,DAP,35.8,966.6,Compost + Biofertilizer
chickpea,50.2,61.9,49.2,5.41,Urea,59.9,389.35,Neem Cake
papaya,105.8,68.4,6.0,8.23,MOP,74.5,1266.5,Neem Cake
jute,21.5,71.0,28.4,5.48,Urea,94.6,614.9,Vermicompost
grapes,33.5,68.3,105.4,6.26,Urea,62.0,403.0,Farmyard Manure (FYM)
mungbean,47.7,36.7,54.9,7.01,Urea,75.4,490.1,Green Manure
rice,25.4,56.0,57.1,7.47,Urea,77.2,501.8,Green Manure
orange,82.1,38.1,49.9,6.5,DAP,46.6,1258.2,Neem Cake
muskmelon,90.5,66.7,33.9,5.73,MOP,48.2,819.4,Neem Cake
pomegranate,52.2,76.8,2.5,5.68,MOP,100.0,1700.0,Poultry Manure
orange,54.4,75.4,56.0,8.04,Urea,51.1,332.15,Neem Cake
cotton,95.7,61.7,25.5,6.69,MOP,50.3,855.1,Neem Cake
chickpea,77.3,59.7,0.0,6.82,MOP,81.7,1388.9,Green Manure
mungbean,50.7,29.2,45.7,6.57,DAP,93.1,2513.7,Neem Cake
muskmelon,57.3,26.2,37.4,6.87,DAP,96.0,2592.0,Poultry Manure
banana,27.3,30.4,50.0,6.53,Urea,108.9,707.85,Compost + Biofertilizer
kidneybeans,27.6,37.7,36.6,6.2,Urea,100.1,650.65,Green Manure
pomegranate,45.7,88.0,59.2,5.91,Urea,53.8,349.7,Green Manure
coconut,45.7,72.6,15.3,7.27,MOP,93.9,1596.3,Neem Cake
lentil,39.8,54.8,78.5,5.35,Urea,65.7,427.05,Farmyard Manure (FYM)
banana,68.1,65.9,47.5,6.54,MOP,44.3,753.1,Vermicompost
jute,63.6,71.7,32.1,6.36,MOP,60.3,1025.1,Green Manure
kidneybeans,22.5,73.2,49.3,6.27,Urea,76.9,499.85,Vermicompost
coffee,68.8,30.1,21.6,6.63,MOP,81.9,1392.3,Green Manure
pomegranate,24.1,70.2,44.7,7.4,Urea,76.8,499.2,Poultry Manure
banana,82.7,31.3,19.9,5.93,MOP,80.9,1375.3,Farmyard Manure (FYM)
muskmelon,18.3,48.2,60.4,6.29,Urea,92.3,599.95,Green Manure
papaya,18.3,49.5,55.8,6.79,Urea,88.7,576.55,Green Manure
chickpea,20.5,55.0,62.4,6.23,Urea,75.0,487.5,Green Manure
orange,92.0,27.7,33.6,5.88,DAP,68.7,1854.9,Farmyard Manure (FYM)
pomegranate,20.2,35.0,30.3,5.68,Urea,128.1,832.65,Farmyard Manure (FYM)
watermelon,42.8,0.0,72.1,6.5,DAP,103.1,2783.7,Farmyard Manure (FYM)
apple,56.5,18.8,78.1,7.69,DAP,84.3,2276.1,Neem Cake
maize,47.5,74.1,73.5,6.34,Urea,44.5,289.25,Neem Cake
apple,66.3,54.2,65.3,7.55,Urea,34.4,223.6,Poultry Manure
pigeonpeas,52.2,64.9,0.0,5.99,MOP,101.3,1722.1,Poultry Manure
maize,42.3,56.2,105.2,6.59,Urea,51.3,333.45,Vermicompost
banana,93.9,39.4,35.4,6.44,MOP,61.1,1038.7,Vermicompost
chickpea,24.9,33.0,8.8,6.75,Urea,137.9,896.35,Vermicompost
papaya,58.2,69.4,39.1,6.58,Urea,49.1,319.15,Vermicompost
mango,41.5,28.5,41.8,6.83,Urea,91.5,594.75,Compost + Biofertilizer
coffee,76.4,50.7,49.6,6.98,MOP,40.7,691.9,Compost + Biofertilizer
jute,53.0,54.4,34.2,7.26,Urea,64.4,418.6,Green Manure
chickpea,80.2,23.4,47.7,6.19,DAP,62.6,1690.2,Vermicompost
lentil,57.8,53.8,50.8,7.08,Urea,46.8,304.2,Farmyard Manure (FYM)
chickpea,79.4,31.8,9.8,6.92,MOP,94.8,1611.6,Neem Cake
pigeonpeas,75.5,92.8,13.8,5.91,MOP,66.8,1135.6,Neem Cake
banana,38.0,29.5,44.6,5.86,Urea,107.5,698.75,Neem Cake
muskmelon,60.8,24.1,40.1,5.93,DAP,82.1,2216.7,Vermicompost
orange,95.5,33.2,63.0,6.94,DAP,44.6,1204.2,Neem Cake
coffee,47.9,58.5,14.4,6.42,MOP,86.7,1473.9,Farmyard Manure (FYM)
lentil,78.1,6.6,76.9,8.03,DAP,70.6,1906.2,Green Manure
pigeonpeas,84.2,18.6,92.6,5.91,DAP,63.5,1714.5,Farmyard Manure (FYM)
maize,61.5,78.2,55.7,5.84,Urea,38.3,248.95,Green Manure
pigeonpeas,62.9,16.0,58.6,7.26,DAP,65.1,1757.7,Farmyard Manure (FYM)
cotton,66.3,17.3,29.2,5.97,DAP,102.6,2770.2,Neem Cake
banana,56.8,80.7,40.3,6.67,Urea,53.7,349.05,Neem Cake
cotton,34.9,34.2,80.3,5.47,Urea,87.1,566.15,Green Manure
orange,63.1,75.6,27.5,6.66,MOP,64.4,1094.8,Neem Cake
cotton,60.2,49.1,50.5,6.35,Urea,52.5,341.25,Vermicompost
lentil,86.0,59.9,54.5,6.54,MOP,24.1,409.7,Poultry Manure
watermelon,50.5,51.4,62.0,5.28,Urea,60.0,390.0,Green Manure
rice,52.2,68.8,3.5,6.58,MOP,93.2,1584.4,Green Manure
kidneybeans,77.1,54.4,35.2,6.11,MOP,51.1,868.7,Neem Cake
coconut,44.7,27.3,54.3,7.34,Urea,90.4,587.6,Farmyard Manure (FYM)
mango,83.0,61.4,46.1,6.84,MOP,40.2,683.4,Vermicompost
pigeonpeas,74.3,75.6,56.5,6.57,Urea,24.1,156.65,Compost + Biofertilizer
mungbean,46.4,67.4,64.1,6.27,Urea,45.2,293.8,Farmyard Manure (FYM)
pigeonpeas,66.0,22.3,52.8,6.04,DAP,64.4,1738.8,Vermicompost
mothbeans,42.0,20.7,36.7,6.86,DAP,108.9,2940.3,Neem Cake
grapes,67.3,54.1,53.3,5.8,Urea,43.9,285.35,Green Manure
maize,93.2,77.0,76.7,7.77,NPK 10-26-26,25.1,577.3,Neem Cake
jute,93.2,30.8,21.6,6.77,MOP,80.0,1360.0,Neem Cake
pigeonpeas,43.1,55.8,27.5,7.23,Urea,85.0,552.5,Compost + Biofertilizer
kidneybeans,58.5,67.2,49.1,5.61,Urea,54.0,351.0,Vermicompost
coffee,90.2,45.3,38.8,5.25,MOP,53.0,901.0,Neem Cake
maize,96.1,54.2,2.9,5.84,MOP,78.4,1332.8,Compost + Biofertilizer
apple,66.5,65.8,2.0,4.96,MOP,76.6,1302.2,Poultry Manure
apple,69.2,26.8,87.2,6.29,DAP,60.9,1644.3,Vermicompost
orange,58.4,71.1,58.4,6.68,Urea,37.4,243.1,Farmyard Manure (FYM)
mango,81.9,57.5,21.0,6.86,MOP,55.9,950.3,Green Manure
papaya,96.2,72.9,60.3,7.0,NPK 10-26-26,16.5,379.5,Neem Cake
coconut,103.0,27.0,50.0,6.1,DAP,53.8,1452.6,Vermicompost
orange,62.6,41.0,46.7,7.37,DAP,71.1,1919.7,Poultry Manure
lentil,24.1,14.4,31.1,5.46,Urea,141.2,917.8,Neem Cake
coffee,107.9,64.8,74.5,7.93,NPK 10-26-26,16.5,379.5,Compost + Biofertilizer
mango,47.6,47.0,22.9,7.13,MOP,101.2,1720.4,Neem Cake
cotton,30.4,62.7,76.0,6.79,Urea,64.5,419.25,Green Manure
watermelon,64.1,37.6,4.0,5.96,MOP,111.8,1900.6,Farmyard Manure (FYM)
kidneybeans,99.6,54.4,50.7,6.13,MOP,44.7,759.9,Green Manure
coconut,11.3,36.7,39.6,5.88,Urea,117.3,762.45,Neem Cake
kidneybeans,74.1,0.0,51.3,6.08,DAP,83.6,2257.2,Green Manure
lentil,81.4,40.9,88.4,6.04,DAP,39.2,1058.4,Vermicompost
grapes,69.1,0.0,35.2,7.13,DAP,110.5,2983.5,Compost + Biofertilizer
rice,35.4,53.5,6.9,6.58,MOP,113.4,1927.8,Compost + Biofertilizer
pigeonpeas,58.8,22.2,61.5,5.5,DAP,69.0,1863.0,Neem Cake
grapes,55.4,46.1,50.9,6.36,Urea,68.9,447.85,Green Manure
cotton,34.9,46.2,42.3,8.35,Urea,87.0,565.5,Green Manure
rice,80.5,64.3,8.8,6.41,MOP,73.8,1254.6,Neem Cake
grapes,107.9,14.8,29.9,6.52,DAP,88.5,2389.5,Neem Cake
coconut,46.9,49.9,64.3,6.83,Urea,59.9,389.35,Vermicompost
orange,95.0,69.3,41.4,6.38,MOP,35.2,598.4,Poultry Manure
grapes,63.9,30.0,28.9,6.75,MOP,85.9,1460.3,Poultry Manure
mungbean,55.6,59.8,69.7,6.51,Urea,41.0,266.5,Neem Cake
blackgram,55.4,39.6,44.4,6.44,Urea,75.6,491.4,Compost + Biofertilizer
papaya,95.4,34.7,51.5,5.42,DAP,44.2,1193.4,Poultry Manure
cotton,21.9,57.6,11.5,6.23,Urea,125.0,812.5,Farmyard Manure (FYM)
blackgram,72.0,66.7,39.9,6.24,MOP,35.5,603.5,Compost + Biofertilizer
banana,40.7,31.5,56.2,5.54,Urea,89.9,584.35,Vermicompost
watermelon,67.4,38.2,68.1,6.95,DAP,53.5,1444.5,Vermicompost
banana,96.0,54.2,52.1,6.51,MOP,33.9,576.3,Neem Cake
papaya,81.5,70.1,27.2,5.55,MOP,40.3,685.1,Poultry Manure
maize,68.5,28.7,54.9,7.53,DAP,60.9,1644.3,Vermicompost
papaya,84.0,38.2,53.9,6.86,DAP,55.9,1509.3,Farmyard Manure (FYM)
blackgram,57.7,21.8,15.4,6.63,MOP,119.4,2029.8,Vermicompost
mothbeans,72.7,38.9,70.6,6.32,DAP,47.7,1287.9,Vermicompost
blackgram,93.5,21.5,56.2,7.51,DAP,53.1,1433.7,Green Manure
blackgram,32.5,66.3,80.8,5.6,Urea,60.2,391.3,Compost + Biofertilizer
mothbeans,67.6,10.2,49.6,6.47,DAP,91.4,2467.8,Neem Cake
watermelon,17.8,100.9,65.1,7.41,Urea,88.8,577.2,Poultry Manure
coffee,100.6,3.8,25.4,7.2,DAP,101.6,2743.2,Neem Cake
pomegranate,44.4,53.8,44.1,5.64,Urea,70.3,456.95,Green Manure
blackgram,56.4,93.6,40.3,6.31,Urea,53.5,347.75,Vermicompost
mango,48.5,18.1,20.1,6.69,DAP,119.2,3218.4,Compost + Biofertilizer
blackgram,68.6,41.6,55.5,6.05,DAP,45.6,1231.2,Neem Cake
mango,55.1,56.3,62.3,6.45,Urea,43.9,285.35,Neem Cake
mothbeans,28.0,35.4,34.5,6.32,Urea,109.4,711.1,Compost + Biofertilizer
jute,70.9,40.7,28.9,7.52,MOP,68.6,1166.2,Compost + Biofertilizer
jute,72.1,21.3,26.3,5.84,DAP,96.6,2608.2,Vermicompost
blackgram,40.6,38.0,66.7,6.78,Urea,80.1,520.65,Farmyard Manure (FYM)
jute,29.0,35.1,48.3,5.99,Urea,90.4,587.6,Neem Cake
apple,79.4,72.1,66.6,6.92,NPK 10-26-26,22.5,517.5,Neem Cake
papaya,126.9,63.1,75.4,5.5,NPK 19-19-19,15.0,360.0,Farmyard Manure (FYM)
banana,11.4,39.7,14.2,6.74,Urea,144.0,936.0,Green Manure
rice,67.9,49.0,77.3,5.92,Urea,41.9,272.35,Poultry Manure
pigeonpeas,83.8,68.4,26.9,5.45,MOP,49.3,838.1,Farmyard Manure (FYM)
jute,67.4,34.0,91.3,5.83,DAP,61.9,1671.3,Vermicompost
mungbean,24.6,58.3,78.7,6.08,Urea,62.2,404.3,Farmyard Manure (FYM)
pomegranate,20.4,19.1,60.9,6.66,Urea,114.5,744.25,Poultry Manure
maize,58.8,50.7,49.3,6.65,Urea,59.1,384.15,Neem Cake
orange,50.7,59.5,53.6,7.6,Urea,48.0,312.0,Neem Cake
pigeonpeas,72.0,34.7,9.5,5.53,MOP,93.3,1586.1,Neem Cake
jute,42.4,34.6,69.2,5.93,Urea,70.0,455.0,Compost + Biofertilizer
pigeonpeas,60.0,59.7,60.2,6.79,Urea,39.0,253.5,Poultry Manure
kidneybeans,50.0,49.5,35.7,6.22,Urea,79.6,517.4,Poultry Manure
muskmelon,42.6,1.8,44.2,6.5,DAP,122.2,3299.4,Green Manure
grapes,61.3,41.2,79.4,6.31,DAP,49.5,1336.5,Poultry Manure
muskmelon,13.8,50.9,16.8,6.88,Urea,119.8,778.7,Green Manure
watermelon,58.5,35.2,70.2,6.76,DAP,63.0,1701.0,Compost + Biofertilizer
maize,60.7,40.0,74.1,7.19,DAP,55.5,1498.5,Compost + Biofertilizer
watermelon,21.9,52.0,60.8,7.03,Urea,78.0,507.0,Vermicompost
kidneybeans,57.2,44.2,80.8,5.92,Urea,48.4,314.6,Neem Cake
maize,45.6,45.5,59.9,6.04,Urea,71.3,463.45,Compost + Biofertilizer
blackgram,20.7,86.7,29.8,6.55,Urea,102.8,668.2,Vermicompost
coffee,10.5,35.6,85.1,5.97,Urea,103.1,670.15,Compost + Biofertilizer
jute,74.4,39.6,75.8,6.38,DAP,48.5,1309.5,Compost + Biofertilizer
orange,52.5,53.4,20.2,4.88,MOP,82.0,1394.0,Compost + Biofertilizer
jute,52.0,37.8,64.5,7.38,Urea,61.8,401.7,Compost + Biofertilizer
coffee,0.0,74.3,18.1,6.84,Urea,131.2,852.8,Green Manure
rice,14.4,39.1,103.4,6.27,Urea,103.1,670.15,Green Manure
blackgram,84.7,44.7,51.1,6.32,DAP,41.5,1120.5,Poultry Manure
coconut,25.8,45.3,56.8,5.17,Urea,89.4,581.1,Green Manure
pigeonpeas,66.3,38.7,35.6,7.12,MOP,68.7,1167.9,Compost + Biofertilizer
rice,70.1,27.3,37.3,5.67,DAP,76.5,2065.5,Poultry Manure
mungbean,50.5,61.8,39.1,6.04,Urea,58.0,377.0,Farmyard Manure (FYM)
maize,74.0,36.1,29.1,5.87,MOP,75.1,1276.7,Compost + Biofertilizer
orange,53.5,38.5,48.4,5.91,Urea,75.1,488.15,Green Manure
apple,75.3,70.8,29.5,6.75,MOP,56.9,967.3,Green Manure
watermelon,55.8,32.8,67.5,6.76,DAP,67.7,1827.9,Neem Cake
cotton,59.7,89.5,91.7,7.37,Urea,31.3,203.45,Compost + Biofertilizer
orange,65.3,46.9,18.9,6.8,MOP,86.9,1477.3,Vermicompost
coffee,55.3,56.3,22.7,5.95,MOP,77.6,1319.2,Green Manure
jute,65.2,69.9,26.0,6.67,MOP,59.6,1013.2,Neem Cake
papaya,77.1,68.9,92.1,6.41,NPK 19-19-19,20.8,499.2,Compost + Biofertilizer
jute,50.2,28.0,42.1,6.73,DAP,97.9,2643.3,Vermicompost
kidneybeans,44.0,60.8,79.7,6.63,Urea,52.2,339.3,Neem Cake
watermelon,7.7,44.7,20.8,6.14,Urea,135.7,882.05,Compost + Biofertilizer
pomegranate,82.6,29.9,42.4,6.25,DAP,63.5,1714.5,Poultry Manure
orange,25.9,50.5,75.2,6.21,Urea,72.6,471.9,Poultry Manure
cotton,65.5,31.7,38.4,5.9,DAP,74.7,2016.9,Compost + Biofertilizer
chickpea,77.0,29.8,92.9,6.31,DAP,59.5,1606.5,Green Manure
rice,85.1,71.8,25.6,7.4,MOP,50.7,861.9,Neem Cake
papaya,55.6,55.1,80.6,7.76,Urea,51.7,336.05,Green Manure
apple,82.8,38.9,37.8,5.85,MOP,54.5,926.5,Vermicompost
pigeonpeas,17.0,62.3,70.9,8.04,Urea,75.5,490.75,Farmyard Manure (FYM)
banana,59.9,49.7,60.9,6.22,Urea,46.3,300.95,Poultry Manure
pomegranate,43.8,64.3,53.2,7.6,Urea,59.3,385.45,Compost + Biofertilizer
papaya,25.4,5.3,50.3,5.3,DAP,134.3,3626.1,Compost + Biofertilizer
blackgram,0.0,50.9,24.5,6.95,Urea,131.8,856.7,Farmyard Manure (FYM)
pigeonpeas,67.0,52.4,58.6,7.79,Urea,34.9,226.85,Green Manure
cotton,68.1,86.6,24.7,7.37,MOP,56.7,963.9,Green Manure
mothbeans,77.6,65.6,68.5,6.9,NPK 10-26-26,25.9,595.7,Vermicompost
blackgram,53.1,40.3,53.3,6.78,Urea,69.0,448.5,Compost + Biofertilizer
mungbean,58.7,49.8,39.7,5.92,Urea,62.9,408.85,Compost + Biofertilizer
muskmelon,37.1,39.5,71.2,7.02,Urea,79.3,515.45,Farmyard Manure (FYM)
chickpea,62.2,26.6,27.5,6.44,DAP,86.6,2338.2,Vermicompost
coconut,84.3,31.4,62.5,6.23,DAP,40.8,1101.6,Compost + Biofertilizer
lentil,20.2,40.5,38.7,6.13,Urea,111.9,727.35,Farmyard Manure (FYM)
orange,106.3,34.2,79.2,5.56,DAP,44.6,1204.2,Green Manure
chickpea,52.4,22.5,61.0,7.2,DAP,78.1,2108.7,Farmyard Manure (FYM)
lentil,10.4,37.6,75.9,6.01,Urea,99.5,646.75,Neem Cake
papaya,39.4,22.3,40.9,8.63,Urea,114.3,742.95,Compost + Biofertilizer
coffee,53.0,29.5,44.4,6.97,DAP,83.4,2251.8,Poultry Manure
orange,57.3,53.7,82.8,6.65,Urea,46.2,300.3,Neem Cake
mothbeans,47.5,32.0,77.9,6.83,Urea,77.4,503.1,Farmyard Manure (FYM)
coffee,117.7,58.2,35.1,6.41,MOP,37.6,639.2,Green Manure
watermelon,77.2,26.5,61.7,6.68,DAP,50.7,1368.9,Farmyard Manure (FYM)
pomegranate,27.4,39.3,79.4,6.14,Urea,89.8,583.7,Farmyard Manure (FYM)
orange,52.3,35.3,35.1,6.2,Urea,91.0,591.5,Green Manure
apple,43.4,1.8,54.4,6.77,DAP,114.2,3083.4,Farmyard Manure (FYM)
mothbeans,59.3,40.8,0.0,6.67,MOP,100.0,1700.0,Vermicompost
kidneybeans,56.6,47.7,62.5,7.42,Urea,55.4,360.1,Farmyard Manure (FYM)
muskmelon,53.8,53.4,52.4,5.59,Urea,59.8,388.7,Poultry Manure
grapes,64.0,18.0,57.3,6.26,DAP,81.6,2203.2,Farmyard Manure (FYM)
apple,15.9,16.1,77.9,6.69,Urea,107.0,695.5,Neem Cake
mothbeans,73.5,38.0,52.2,5.75,DAP,52.6,1420.2,Green Manure
pigeonpeas,74.8,41.9,44.6,6.44,DAP,50.1,1352.7,Neem Cake
banana,93.5,58.0,24.1,4.98,MOP,46.6,792.2,Farmyard Manure (FYM)
rice,60.2,36.9,36.7,5.77,MOP,83.6,1421.2,Green Manure
muskmelon,60.8,24.9,43.7,6.95,DAP,83.0,2241.0,Vermicompost
pigeonpeas,52.5,55.5,39.3,6.63,Urea,67.6,439.4,Green Manure
kidneybeans,81.9,57.8,44.1,5.73,MOP,36.2,615.4,Vermicompost
mothbeans,71.9,57.4,60.3,6.21,Urea,27.6,179.4,Compost + Biofertilizer
lentil,40.0,0.0,97.2,6.64,DAP,110.8,2991.6,Poultry Manure
pomegranate,23.7,13.0,48.1,6.83,Urea,122.1,793.65,Green Manure
watermelon,62.1,72.5,29.2,6.37,MOP,65.3,1110.1,Vermicompost
blackgram,56.7,61.7,24.0,6.79,MOP,69.1,1174.7,Neem Cake
lentil,72.9,42.5,0.0,5.93,MOP,97.1,1650.7,Farmyard Manure (FYM)
pomegranate,44.1,14.7,25.9,7.06,DAP,124.3,3356.1,Vermicompost
mango,107.2,31.8,37.3,6.91,DAP,61.4,1657.8,Poultry Manure
pigeonpeas,128.4,40.2,54.8,5.22,DAP,47.7,1287.9,Farmyard Manure (FYM)
rice,85.6,9.7,53.0,6.77,DAP,73.6,1987.2,Poultry Manure
pigeonpeas,25.4,45.5,49.0,5.51,Urea,92.1,598.65,Compost + Biofertilizer
blackgram,39.0,67.7,47.2,5.53,Urea,65.8,427.7,Neem Cake
orange,43.4,17.3,38.2,7.45,DAP,108.4,2926.8,Compost + Biofertilizer
kidneybeans,57.7,47.9,37.2,6.48,MOP,73.5,1249.5,Neem Cake
muskmelon,64.9,28.7,69.6,6.67,DAP,52.6,1420.2,Farmyard Manure (FYM)
banana,66.9,48.9,39.6,6.92,MOP,67.7,1150.9,Vermicompost
mungbean,60.8,78.7,39.7,6.6,MOP,53.7,912.9,Compost + Biofertilizer
coconut,76.0,15.6,42.3,6.46,DAP,88.4,2386.8,Farmyard Manure (FYM)
kidneybeans,56.0,34.4,15.1,6.1,MOP,99.2,1686.4,Vermicompost
apple,56.4,61.1,55.2,6.62,Urea,56.1,364.65,Poultry Manure
rice,82.6,43.9,53.4,7.19,DAP,41.2,1112.4,Farmyard Manure (FYM)
coconut,41.1,79.4,50.2,6.44,Urea,64.3,417.95,Poultry Manure
pomegranate,63.7,32.9,25.5,5.71,MOP,89.6,1523.2,Green Manure
chickpea,59.6,35.0,18.0,5.5,MOP,99.4,1689.8,Neem Cake
blackgram,45.2,56.3,69.2,6.23,Urea,63.3,411.45,Poultry Manure
pigeonpeas,70.7,61.7,87.5,5.73,Urea,19.2,124.8,Neem Cake
rice,40.7,39.0,108.3,6.7,Urea,67.9,441.35,Farmyard Manure (FYM)
cotton,64.1,72.3,56.6,6.24,Urea,39.1,254.15,Neem Cake
grapes,56.2,46.3,64.4,6.65,Urea,49.4,321.1,Green Manure
chickpea,79.7,11.6,55.4,6.24,DAP,73.2,1976.4,Neem Cake
mango,89.9,66.8,66.2,7.91,NPK 10-26-26,25.8,593.4,Vermicompost
chickpea,86.6,47.8,49.4,6.65,DAP,31.1,839.7,Vermicompost
pomegranate,45.6,61.0,77.1,7.23,Urea,53.7,349.05,Farmyard Manure (FYM)
maize,59.8,0.0,25.0,6.91,DAP,121.0,3267.0,Compost + Biofertilizer
muskmelon,69.4,53.2,32.9,5.32,MOP,53.4,907.8,Poultry Manure
watermelon,94.8,37.9,8.1,6.12,MOP,86.2,1465.4,Poultry Manure
mango,75.3,53.3,34.5,6.7,MOP,62.2,1057.4,Compost + Biofertilizer
coconut,96.1,37.0,43.4,5.69,DAP,55.4,1495.8,Green Manure
lentil,105.8,32.0,42.8,7.67,DAP,56.0,1512.0,Green Manure
mungbean,53.7,62.3,54.4,6.45,Urea,46.7,303.55,Farmyard Manure (FYM)
papaya,46.4,64.7,95.2,7.65,Urea,47.8,310.7,Poultry Manure
watermelon,78.1,74.5,41.8,7.66,MOP,37.6,639.2,Farmyard Manure (FYM)
muskmelon,42.1,41.5,48.0,6.5,Urea,79.4,516.1,Farmyard Manure (FYM)
papaya,98.1,80.0,57.3,6.09,NPK 19-19-19,31.0,744.0,Neem Cake
jute,28.5,58.3,16.3,7.02,Urea,113.0,734.5,Neem Cake
pigeonpeas,52.7,68.2,49.6,6.64,Urea,61.6,400.4,Green Manure
cotton,76.4,66.9,24.6,6.6,MOP,47.3,804.1,Compost + Biofertilizer
lentil,51.2,41.3,57.4,7.3,Urea,60.4,392.6,Neem Cake
rice,35.5,29.2,13.9,6.64,MOP,132.8,2257.6,Compost + Biofertilizer
orange,80.1,36.4,85.8,5.99,DAP,33.2,896.4,Green Manure
coconut,30.3,66.7,38.7,5.67,Urea,90.0,585.0,Green Manure
apple,40.7,66.4,26.3,6.64,Urea,89.9,584.35,Compost + Biofertilizer
coconut,72.5,76.9,26.7,7.33,MOP,58.1,987.7,Vermicompost
cotton,47.3,52.5,35.0,6.0,Urea,70.5,458.25,Neem Cake
muskmelon,34.7,17.3,52.8,5.83,Urea,104.4,678.6,Vermicompost
mango,34.7,37.5,73.4,7.07,Urea,81.5,529.75,Neem Cake
watermelon,65.3,71.1,16.6,7.17,MOP,74.1,1259.7,Poultry Manure
pomegranate,53.0,19.8,64.4,5.54,DAP,78.9,2130.3,Neem Cake
apple,56.6,29.5,25.7,6.7,MOP,104.9,1783.3,Compost + Biofertilizer
coconut,75.6,27.8,23.2,5.64,MOP,76.3,1297.1,Poultry Manure
jute,83.6,35.8,66.4,5.64,DAP,37.7,1017.9,Green Manure
mango,117.0,38.7,68.9,7.75,DAP,42.7,1152.9,Compost + Biofertilizer
watermelon,46.0,83.0,30.5,7.6,Urea,85.9,558.35,Green Manure
mango,96.2,60.0,90.1,6.64,NPK 19-19-19,25.5,612.0,Green Manure
watermelon,70.2,4.4,45.7,5.77,DAP,98.9,2670.3,Farmyard Manure (FYM)
mango,47.1,50.7,37.0,5.99,Urea,83.4,542.1,Vermicompost
coffee,44.9,23.4,67.6,5.79,DAP,88.0,2376.0,Compost + Biofertilizer
rice,117.7,8.7,52.7,6.05,DAP,77.8,2100.6,Vermicompost
banana,72.0,55.6,51.2,6.75,MOP,33.6,571.2,Vermicompost
papaya,60.1,50.6,60.1,5.3,Urea,49.3,320.45,Poultry Manure
mothbeans,83.8,49.4,73.0,5.84,DAP,25.7,693.9,Vermicompost
grapes,70.9,36.2,20.9,6.89,MOP,86.9,1477.3,Neem Cake
jute,104.3,80.5,69.5,6.77,NPK 19-19-19,27.3,655.2,Green Manure
coconut,79.6,53.3,57.1,7.5,DAP,26.2,707.4,Neem Cake
blackgram,38.7,13.3,75.1,6.36,DAP,103.3,2789.1,Poultry Manure
papaya,56.2,46.2,12.1,5.03,MOP,90.9,1545.3,Green Manure
orange,90.9,26.1,84.1,5.64,DAP,47.5,1282.5,Poultry Manure
mango,52.4,42.3,83.4,7.0,Urea,54.3,352.95,Vermicompost
cotton,10.2,21.6,54.7,6.32,Urea,120.9,785.85,Poultry Manure
papaya,70.9,63.9,40.8,4.68,MOP,36.8,625.6,Poultry Manure
blackgram,75.9,41.6,16.8,6.54,MOP,68.6,1166.2,Neem Cake
rice,98.0,64.2,36.6,6.15,MOP,36.3,617.1,Green Manure
blackgram,93.8,55.6,81.7,5.9,NPK 19-19-19,22.9,549.6,Neem Cake
blackgram,95.9,50.7,15.1,6.95,MOP,66.5,1130.5,Vermicompost
pigeonpeas,66.1,50.6,37.8,6.13,MOP,62.3,1059.1,Poultry Manure
blackgram,72.1,51.3,51.8,7.61,DAP,33.9,915.3,Poultry Manure
mango,46.9,78.8,25.4,6.99,MOP,87.3,1484.1,Neem Cake
orange,21.3,40.8,23.1,5.15,Urea,120.6,783.9,Compost + Biofertilizer
pomegranate,54.9,33.5,15.7,5.97,MOP,92.6,1574.2,Vermicompost
lentil,68.7,30.3,63.6,6.63,DAP,52.0,1404.0,Green Manure
pigeonpeas,83.1,74.8,91.0,6.87,NPK 10-26-26,22.2,510.6,Compost + Biofertilizer
watermelon,67.5,45.7,27.2,6.52,MOP,74.0,1258.0,Neem Cake
rice,28.4,35.8,42.7,7.14,Urea,114.8,746.2,Vermicompost
coconut,71.9,32.9,43.7,6.74,DAP,74.0,1998.0,Poultry Manure
jute,67.6,90.0,14.1,7.45,MOP,75.0,1275.0,Green Manure
coconut,45.2,5.1,38.3,5.9,DAP,106.7,2880.9,Compost + Biofertilizer
mungbean,58.5,63.4,36.2,6.0,MOP,58.6,996.2,Compost + Biofertilizer
mango,77.3,17.0,47.0,6.21,DAP,73.8,1992.6,Green Manure
coffee,72.0,65.5,45.8,5.4,MOP,40.6,690.2,Neem Cake
coconut,94.9,33.6,72.1,6.41,DAP,51.0,1377.0,Green Manure
pigeonpeas,62.7,60.2,74.4,4.81,Urea,32.0,208.0,Neem Cake
coffee,69.6,30.1,12.4,7.18,MOP,100.6,1710.2,Poultry Manure
mungbean,89.7,41.8,29.7,7.26,MOP,62.0,1054.0,Vermicompost
orange,63.0,45.8,86.2,7.07,Urea,51.6,335.4,Vermicompost
rice,35.7,30.8,13.1,6.98,MOP,132.1,2245.7,Compost + Biofertilizer
pigeonpeas,46.1,62.3,53.8,7.32,Urea,51.2,332.8,Compost + Biofertilizer
coffee,38.3,28.8,58.5,6.66,Urea,89.7,583.05,Neem Cake
lentil,102.5,28.2,46.6,7.93,DAP,55.1,1487.7,Farmyard Manure (FYM)
cotton,69.8,37.8,81.1,6.34,DAP,45.3,1223.1,Poultry Manure
maize,31.2,66.2,46.8,6.92,Urea,81.7,531.05,Green Manure
banana,89.6,45.6,38.0,5.94,MOP,54.3,923.1,Farmyard Manure (FYM)
blackgram,22.2,38.6,47.4,6.51,Urea,109.2,709.8,Neem Cake
watermelon,28.3,44.4,36.6,6.35,Urea,102.2,664.3,Vermicompost
grapes,57.5,41.5,34.2,6.5,MOP,77.9,1324.3,Green Manure
chickpea,60.0,45.0,36.6,6.88,MOP,66.6,1132.2,Neem Cake
rice,29.2,30.4,49.7,5.71,Urea,99.5,646.75,Poultry Manure
coconut,51.1,34.6,33.2,5.71,Urea,101.1,657.15,Vermicompost
cotton,47.9,22.8,61.6,6.84,DAP,84.5,2281.5,Green Manure
cotton,60.0,91.2,36.2,6.83,MOP,58.7,997.9,Poultry Manure
maize,54.9,49.0,34.3,6.29,MOP,76.4,1298.8,Green Manure
orange,68.5,24.7,69.5,7.8,DAP,65.1,1757.7,Farmyard Manure (FYM)
lentil,72.0,41.0,84.4,4.69,DAP,43.0,1161.0,Green Manure
pigeonpeas,100.1,26.6,0.0,6.49,MOP,99.5,1691.5,Neem Cake
kidneybeans,40.2,12.3,35.9,5.96,DAP,120.6,3256.2,Vermicompost
grapes,50.5,39.7,56.7,6.61,Urea,83.9,545.35,Poultry Manure
banana,48.9,53.4,92.1,6.13,Urea,57.7,375.05,Farmyard Manure (FYM)
rice,100.7,19.6,38.0,6.53,DAP,78.3,2114.1,Poultry Manure
pigeonpeas,59.3,36.7,44.2,6.17,DAP,84.5,2281.5,Compost + Biofertilizer
orange,51.9,67.9,61.8,6.0,Urea,46.4,301.6,Poultry Manure
chickpea,69.5,60.9,42.5,6.8,MOP,38.6,656.2,Poultry Manure
chickpea,52.7,35.2,73.4,7.67,Urea,75.3,489.45,Farmyard Manure (FYM)
pomegranate,97.3,12.8,79.3,6.63,DAP,59.4,1603.8,Vermicompost
jute,84.6,69.1,37.3,5.65,MOP,43.2,734.4,Poultry Manure
chickpea,41.0,71.4,49.7,6.96,Urea,65.7,427.05,Green Manure
rice,87.9,36.3,50.3,5.32,DAP,45.7,1233.9,Farmyard Manure (FYM)
grapes,77.7,48.5,72.6,6.95,DAP,30.8,831.6,Compost + Biofertilizer
mothbeans,36.5,145.0,61.3,7.43,Urea,57.9,376.35,Neem Cake
orange,71.1,27.6,81.5,6.66,DAP,48.0,1296.0,Green Manure
coconut,66.1,67.5,11.2,5.04,MOP,70.7,1201.9,Green Manure
maize,84.7,46.5,18.1,6.52,MOP,65.3,1110.1,Green Manure
cotton,103.6,42.4,52.9,5.94,DAP,41.5,1120.5,Neem Cake
coconut,33.3,65.8,40.0,6.98,Urea,72.2,469.3,Farmyard Manure (FYM)
maize,54.7,23.4,16.3,7.34,MOP,108.9,1851.3,Neem Cake
maize,30.3,40.8,98.5,6.23,Urea,80.2,521.3,Green Manure
pigeonpeas,58.1,45.5,47.9,6.68,Urea,68.6,445.9,Farmyard Manure (FYM)
chickpea,58.1,27.7,31.9,7.17,DAP,86.0,2322.0,Compost + Biofertilizer
apple,20.8,30.5,24.0,6.4,Urea,133.1,865.15,Poultry Manure
rice,20.0,8.7,88.5,5.3,Urea,119.3,775.45,Compost + Biofertilizer
pomegranate,54.0,37.9,44.5,5.99,Urea,78.7,511.55,Farmyard Manure (FYM)
papaya,54.9,44.3,30.8,7.26,MOP,80.3,1365.1,Green Manure
mothbeans,48.4,73.4,73.3,6.84,Urea,43.5,282.75,Neem Cake
maize,18.3,51.1,73.6,5.69,Urea,79.2,514.8,Poultry Manure
muskmelon,56.0,30.1,22.2,6.21,MOP,98.6,1676.2,Poultry Manure
papaya,54.4,94.1,80.0,6.62,Urea,44.4,288.6,Compost + Biofertilizer
banana,37.0,39.1,67.5,7.2,Urea,74.9,486.85,Neem Cake
orange,59.2,8.5,47.4,5.74,DAP,87.9,2373.3,Green Manure
rice,58.0,58.4,27.3,6.18,MOP,75.8,1288.6,Poultry Manure
watermelon,44.6,58.4,48.0,7.51,Urea,63.1,410.15,Neem Cake
rice,53.9,73.9,28.0,5.68,MOP,77.0,1309.0,Vermicompost
mothbeans,32.2,49.3,59.9,7.52,Urea,67.7,440.05,Vermicompost
chickpea,95.7,29.8,33.7,7.22,DAP,68.6,1852.2,Farmyard Manure (FYM)
pomegranate,33.9,47.3,53.3,6.09,Urea,74.9,486.85,Neem Cake
coffee,57.5,36.9,63.5,5.92,DAP,61.1,1649.7,Neem Cake
muskmelon,42.3,35.0,30.5,8.03,Urea,108.0,702.0,Farmyard Manure (FYM)
kidneybeans,76.2,38.6,20.2,7.08,MOP,78.0,1326.0,Compost + Biofertilizer
muskmelon,52.2,56.0,23.9,7.55,MOP,76.4,1298.8,Farmyard Manure (FYM)
chickpea,55.3,29.4,35.1,7.25,DAP,85.2,2300.4,Vermicompost
cotton,63.5,48.5,74.1,6.19,Urea,40.2,261.3,Poultry Manure
chickpea,4.6,43.3,25.6,5.72,Urea,130.5,848.25,Farmyard Manure (FYM)
mungbean,67.7,17.3,26.6,6.32,DAP,99.9,2697.3,Farmyard Manure (FYM)
banana,57.7,48.8,43.3,5.21,Urea,70.1,455.65,Vermicompost
rice,41.5,66.0,42.2,7.33,Urea,72.9,473.85,Farmyard Manure (FYM)
watermelon,75.1,47.9,45.8,6.35,MOP,52.4,890.8,Vermicompost
blackgram,58.5,10.5,26.4,7.38,DAP,115.2,3110.4,Vermicompost
maize,58.7,31.5,55.5,6.82,DAP,65.5,1768.5,Compost + Biofertilizer
watermelon,46.3,84.2,36.3,7.71,Urea,69.7,453.05,Vermicompost
pomegranate,66.0,41.3,64.4,6.9,DAP,49.6,1339.2,Green Manure
jute,92.6,49.1,51.8,7.04,DAP,39.0,1053.0,Vermicompost
jute,65.8,97.8,51.1,6.2,Urea,40.8,265.2,Poultry Manure
blackgram,64.2,45.9,26.7,6.63,MOP,70.8,1203.6,Farmyard Manure (FYM)
cotton,102.8,17.0,30.5,5.94,DAP,85.1,2297.7,Farmyard Manure (FYM)
chickpea,26.6,21.4,85.1,6.2,Urea,96.9,629.85,Farmyard Manure (FYM)
kidneybeans,66.0,64.9,71.2,5.57,Urea,26.2,170.3,Farmyard Manure (FYM)
mungbean,21.5,65.9,68.7,6.09,Urea,79.5,516.75,Farmyard Manure (FYM)
cotton,69.2,32.1,45.7,6.31,DAP,61.8,1668.6,Farmyard Manure (FYM)
orange,115.4,34.9,53.3,6.76,DAP,53.3,1439.1,Poultry Manure
lentil,67.4,64.6,67.5,7.95,Urea,28.4,184.6,Neem Cake
cotton,42.6,42.2,72.1,6.73,Urea,63.8,414.7,Neem Cake
maize,85.5,64.1,55.0,6.48,NPK 19-19-19,28.7,688.8,Neem Cake
mothbeans,53.8,46.1,14.8,5.74,MOP,89.5,1521.5,Compost + Biofertilizer
cotton,81.5,36.6,34.3,6.52,MOP,58.2,989.4,Neem Cake
rice,131.6,54.2,62.3,5.88,DAP,32.6,880.2,Poultry Manure
pigeonpeas,29.8,38.8,57.8,6.41,Urea,80.2,521.3,Neem Cake
grapes,51.6,72.2,38.1,6.8,Urea,62.3,404.95,Green Manure
banana,33.3,54.3,34.9,6.91,Urea,87.3,567.45,Poultry Manure
lentil,52.6,32.2,32.3,7.8,DAP,92.3,2492.1,Compost + Biofertilizer
muskmelon,15.0,38.2,58.2,5.96,Urea,100.4,652.6,Neem Cake
coffee,24.4,63.4,25.5,6.9,Urea,108.5,705.25,Compost + Biofertilizer
coconut,103.1,37.5,25.2,5.33,MOP,71.7,1218.9,Vermicompost
muskmelon,57.1,32.4,39.6,5.69,DAP,87.3,2357.1,Compost + Biofertilizer
apple,29.6,34.2,36.6,6.77,Urea,100.5,653.25,Neem Cake
coconut,66.7,42.0,47.0,5.26,DAP,60.0,1620.0,Compost + Biofertilizer
jute,77.3,9.5,70.4,7.12,DAP,68.3,1844.1,Neem Cake
lentil,36.1,73.1,16.1,6.03,Urea,96.1,624.65,Vermicompost
papaya,89.0,59.7,30.9,6.97,MOP,50.0,850.0,Neem Cake
lentil,83.1,54.1,45.1,6.24,MOP,37.5,637.5,Neem Cake
maize,65.9,23.9,22.4,6.7,MOP,97.0,1649.0,Poultry Manure
chickpea,56.9,17.3,23.8,7.57,DAP,108.5,2929.5,Poultry Manure
coconut,68.0,20.5,57.0,7.42,DAP,65.5,1768.5,Neem Cake
watermelon,86.4,33.4,53.4,5.15,DAP,52.6,1420.2,Compost + Biofertilizer
mango,91.8,11.5,61.1,6.49,DAP,60.8,1641.6,Farmyard Manure (FYM)
coconut,54.3,27.3,73.7,5.98,DAP,77.2,2084.4,Farmyard Manure (FYM)
lentil,44.3,49.7,56.6,5.19,Urea,60.6,393.9,Vermicompost
watermelon,66.8,44.0,68.0,6.53,DAP,44.7,1206.9,Green Manure
mungbean,40.3,62.9,79.9,6.63,Urea,50.7,329.55,Poultry Manure
muskmelon,67.5,61.9,39.8,6.86,MOP,49.6,843.2,Vermicompost
mungbean,45.0,16.4,50.4,6.19,DAP,93.0,2511.0,Vermicompost
jute,122.5,46.1,35.5,7.5,MOP,55.2,938.4,Vermicompost
papaya,82.5,48.5,89.3,6.04,DAP,32.4,874.8,Compost + Biofertilizer
kidneybeans,47.6,39.0,61.8,5.98,Urea,64.8,421.2,Green Manure
banana,52.8,48.9,61.6,7.73,Urea,56.8,369.2,Neem Cake
coconut,57.6,35.8,38.1,6.81,DAP,81.9,2211.3,Green Manure
mungbean,93.0,70.6,57.4,6.25,NPK 10-26-26,25.0,575.0,Compost + Biofertilizer
kidneybeans,16.0,16.1,58.5,5.97,Urea,108.2,703.3,Poultry Manure
orange,37.0,26.6,61.6,6.85,Urea,98.0,637.0,Green Manure
mango,71.0,58.6,51.1,5.96,Urea,41.9,272.35,Compost + Biofertilizer
mothbeans,47.5,24.2,56.5,5.78,DAP,85.0,2295.0,Vermicompost
rice,47.4,46.9,48.2,7.32,Urea,67.0,435.5,Green Manure
lentil,52.3,25.4,43.4,6.82,DAP,88.4,2386.8,Poultry Manure
muskmelon,64.5,28.6,34.9,6.6,DAP,85.2,2300.4,Neem Cake
mungbean,46.4,51.6,89.3,6.96,Urea,65.9,428.35,Green Manure
watermelon,56.2,5.8,72.2,5.57,DAP,86.2,2327.4,Poultry Manure
coffee,30.9,52.2,60.5,6.56,Urea,69.9,454.35,Neem Cake
jute,39.4,11.4,44.7,8.13,DAP,118.4,3196.8,Compost + Biofertilizer
orange,62.3,41.2,74.5,7.7,DAP,60.8,1641.6,Neem Cake
pomegranate,41.4,78.6,58.0,6.72,Urea,59.9,389.35,Vermicompost
jute,74.1,83.4,37.0,5.9,MOP,52.0,884.0,Neem Cake
grapes,84.5,49.3,82.2,6.81,DAP,34.1,920.7,Neem Cake
chickpea,64.7,30.9,80.3,5.25,DAP,57.7,1557.9,Vermicompost
watermelon,53.1,39.5,32.5,7.26,MOP,90.7,1541.9,Poultry Manure
muskmelon,101.0,43.5,68.7,5.69,DAP,41.0,1107.0,Green Manure
grapes,112.2,69.6,31.6,7.08,MOP,46.1,783.7,Green Manure
mothbeans,98.8,37.3,17.4,6.19,MOP,78.1,1327.7,Green Manure
mango,53.3,46.1,50.1,5.67,Urea,73.4,477.1,Farmyard Manure (FYM)
blackgram,34.8,36.5,51.6,5.4,Urea,89.6,582.4,Neem Cake
mungbean,55.3,59.8,92.6,6.31,Urea,42.4,275.6,Neem Cake
orange,29.0,45.2,44.3,5.58,Urea,95.9,623.35,Farmyard Manure (FYM)
lentil,45.5,45.2,77.9,5.01,Urea,69.5,451.75,Vermicompost
chickpea,47.5,37.2,41.4,8.01,Urea,88.1,572.65,Neem Cake
lentil,43.9,64.5,68.3,7.39,Urea,54.6,354.9,Neem Cake
watermelon,65.5,13.2,46.1,6.17,DAP,90.3,2438.1,Poultry Manure
pomegranate,75.4,49.2,82.1,5.58,DAP,34.2,923.4,Poultry Manure
mango,9.0,53.9,38.8,6.07,Urea,111.8,726.7,Green Manure
pomegranate,43.8,41.9,72.5,6.86,Urea,74.1,481.65,Green Manure
jute,20.0,37.9,31.5,6.41,Urea,116.4,756.6,Vermicompost
kidneybeans,96.8,58.3,77.5,7.44,NPK 19-19-19,15.4,369.6,Vermicompost
apple,79.3,67.2,53.9,8.0,MOP,29.4,499.8,Vermicompost
pigeonpeas,26.5,47.4,60.0,5.46,Urea,76.8,499.2,Poultry Manure
apple,81.5,99.0,50.2,6.04,MOP,29.9,508.3,Compost + Biofertilizer
maize,76.9,36.0,58.4,5.89,DAP,41.6,1123.2,Vermicompost
mothbeans,93.6,34.2,32.5,5.68,MOP,64.8,1101.6,Compost + Biofertilizer
grapes,73.1,37.6,48.4,6.44,DAP,61.3,1655.1,Vermicompost
banana,50.4,87.6,78.7,7.08,Urea,48.0,312.0,Vermicompost
orange,24.1,67.1,35.4,6.73,Urea,94.3,612.95,Green Manure
blackgram,87.1,55.8,75.3,7.23,NPK 19-19-19,22.0,528.0,Green Manure
lentil,85.3,37.2,41.3,8.05,DAP,57.9,1563.3,Compost + Biofertilizer
coffee,3.6,28.2,62.3,5.73,Urea,119.6,777.4,Farmyard Manure (FYM)
orange,1.2,48.0,42.3,5.17,Urea,120.7,784.55,Farmyard Manure (FYM)
papaya,39.1,35.8,40.5,6.62,Urea,95.4,620.1,Poultry Manure
muskmelon,68.6,34.9,27.6,6.13,MOP,83.9,1426.3,Green Manure
maize,34.8,62.5,56.8,6.04,Urea,58.0,377.0,Neem Cake
mothbeans,0.0,68.0,38.0,5.63,Urea,106.5,692.25,Neem Cake
grapes,85.3,41.2,43.2,5.97,DAP,58.0,1566.0,Compost + Biofertilizer
coconut,31.4,54.9,55.9,5.61,Urea,71.2,462.8,Poultry Manure
mothbeans,72.8,65.3,34.8,5.29,MOP,58.3,991.1,Poultry Manure
orange,57.1,23.0,73.8,5.51,DAP,74.1,2000.7,Compost + Biofertilizer
mango,68.0,49.8,67.0,6.2,Urea,42.6,276.9,Vermicompost
pigeonpeas,70.1,50.7,44.6,5.78,MOP,49.4,839.8,Compost + Biofertilizer
cotton,49.5,43.8,89.2,5.83,Urea,63.8,414.7,Poultry Manure
coffee,76.7,55.8,56.9,6.36,NPK 10-26-26,30.4,699.2,Poultry Manure
mango,49.9,75.9,40.1,5.78,Urea,66.8,434.2,Farmyard Manure (FYM)
banana,63.8,61.9,47.1,6.08,Urea,46.2,300.3,Vermicompost
muskmelon,64.2,48.1,29.0,7.23,MOP,68.4,1162.8,Poultry Manure
mungbean,41.9,43.7,46.9,6.9,Urea,79.3,515.45,Neem Cake
maize,83.3,52.8,89.6,5.65,DAP,18.8,507.6,Poultry Manure
pomegranate,51.2,57.4,30.4,6.25,MOP,77.9,1324.3,Green Manure
maize,79.5,75.1,0.0,6.54,MOP,65.4,1111.8,Green Manure
blackgram,51.7,38.4,79.9,6.53,Urea,62.6,406.9,Farmyard Manure (FYM)
coffee,55.9,41.9,29.5,7.97,MOP,88.7,1507.9,Green Manure
watermelon,53.4,62.1,33.6,6.22,Urea,60.1,390.65,Compost + Biofertilizer
rice,69.3,21.3,11.1,6.92,MOP,115.2,1958.4,Neem Cake
mango,25.0,45.8,72.6,6.16,Urea,85.6,556.4,Compost + Biofertilizer
pigeonpeas,71.3,29.7,29.2,6.78,MOP,75.1,1276.7,Farmyard Manure (FYM)
maize,41.3,0.0,86.0,6.24,DAP,114.0,3078.0,Green Manure
muskmelon,51.1,15.2,30.7,7.06,DAP,110.6,2986.2,Vermicompost
maize,86.3,44.6,51.0,6.59,DAP,38.7,1044.9,Poultry Manure
jute,59.5,67.5,36.7,6.58,MOP,63.9,1086.3,Farmyard Manure (FYM)
watermelon,71.0,40.9,70.4,6.76,DAP,47.1,1271.7,Neem Cake
jute,80.2,57.9,25.2,7.0,MOP,47.6,809.2,Neem Cake
jute,0.1,39.9,82.8,5.37,Urea,106.6,692.9,Green Manure
mothbeans,66.2,60.7,45.2,6.91,MOP,40.1,681.7,Compost + Biofertilizer
muskmelon,88.8,44.9,60.2,6.27,DAP,31.6,853.2,Farmyard Manure (FYM)
grapes,86.9,62.8,65.7,6.04,NPK 10-26-26,18.6,427.8,Neem Cake
apple,71.6,25.7,79.2,5.21,DAP,56.9,1536.3,Compost + Biofertilizer
muskmelon,56.5,48.7,59.6,6.11,Urea,48.3,313.95,Neem Cake
coffee,34.7,59.4,36.0,6.89,Urea,83.9,545.35,Vermicompost
grapes,37.1,0.0,12.9,6.29,DAP,153.5,4144.5,Poultry Manure
chickpea,110.2,0.0,48.2,5.96,DAP,92.5,2497.5,Farmyard Manure (FYM)
kidneybeans,44.4,30.6,47.3,5.64,Urea,85.4,555.1,Poultry Manure
orange,50.9,25.5,7.7,6.41,MOP,115.9,1970.3,Farmyard Manure (FYM)
pomegranate,34.0,63.0,29.0,6.79,Urea,86.8,564.2,Poultry Manure
lentil,32.7,68.6,34.3,6.02,Urea,84.2,547.3,Green Manure
jute,73.8,43.3,63.7,5.83,DAP,50.5,1363.5,Farmyard Manure (FYM)
blackgram,75.1,68.1,66.9,6.72,NPK 19-19-19,22.2,532.8,Compost + Biofertilizer
chickpea,44.7,52.5,54.9,6.49,Urea,59.5,386.75,Vermicompost
mango,79.1,42.6,42.6,5.99,DAP,56.5,1525.5,Poultry Manure
rice,66.9,12.3,61.8,6.97,DAP,78.6,2122.2,Green Manure
coffee,47.0,86.8,50.4,6.95,Urea,63.8,414.7,Farmyard Manure (FYM)
mothbeans,85.8,39.5,68.3,5.31,DAP,35.4,955.8,Vermicompost
pigeonpeas,49.5,34.3,49.6,6.56,Urea,80.8,525.2,Farmyard Manure (FYM)
lentil,56.5,24.6,97.3,6.36,DAP,66.2,1787.4,Vermicompost
orange,69.2,54.8,38.8,7.15,MOP,47.3,804.1,Neem Cake
muskmelon,36.3,56.0,63.9,8.3,Urea,60.7,394.55,Green Manure
jute,128.8,30.6,39.5,6.55,DAP,68.1,1838.7,Vermicompost
maize,38.7,67.8,70.4,7.39,Urea,53.2,345.8,Green Manure
orange,43.8,35.6,22.7,5.58,MOP,106.8,1815.6,Green Manure
papaya,12.1,37.6,67.3,7.83,Urea,108.6,705.9,Poultry Manure
grapes,71.5,22.0,8.1,6.98,MOP,115.1,1956.7,Neem Cake
pomegranate,53.7,28.6,51.1,5.31,DAP,78.8,2127.6,Compost + Biofertilizer
grapes,72.2,46.3,81.9,6.88,DAP,41.4,1117.8,Compost + Biofertilizer
muskmelon,31.1,75.0,42.5,6.68,Urea,83.8,544.7,Vermicompost
pomegranate,79.2,51.9,67.5,5.3,DAP,33.9,915.3,Neem Cake
blackgram,74.9,75.0,17.8,5.66,MOP,62.6,1064.2,Neem Cake
watermelon,67.7,36.8,42.5,6.58,DAP,75.5,2038.5,Compost + Biofertilizer
pigeonpeas,51.0,31.0,66.4,6.36,Urea,69.7,453.05,Neem Cake
mango,39.0,45.2,61.5,7.4,Urea,59.4,386.1,Poultry Manure
blackgram,64.6,56.1,59.0,6.17,Urea,36.9,239.85,Compost + Biofertilizer
papaya,47.8,24.8,70.5,7.43,DAP,79.0,2133.0,Poultry Manure
papaya,71.1,18.4,104.1,5.78,DAP,67.3,1817.1,Vermicompost
rice,98.0,71.1,53.0,4.72,MOP,20.4,346.8,Compost + Biofertilizer
papaya,45.1,18.1,64.4,6.5,DAP,93.6,2527.2,Green Manure
banana,67.6,52.3,20.2,5.89,MOP,64.4,1094.8,Vermicompost
chickpea,65.2,3.6,1.3,5.92,MOP,130.3,2215.1,Compost + Biofertilizer
chickpea,64.2,24.8,78.3,7.07,DAP,66.9,1806.3,Vermicompost
jute,46.0,93.9,64.8,7.21,Urea,52.8,343.2,Green Manure
banana,69.7,19.3,22.8,4.98,DAP,103.2,2786.4,Compost + Biofertilizer
pigeonpeas,91.8,51.1,27.7,6.55,MOP,53.3,906.1,Green Manure
muskmelon,69.0,0.2,61.8,6.57,DAP,83.7,2259.9,Poultry Manure
coconut,73.3,41.9,19.6,6.46,MOP,74.0,1258.0,Vermicompost
coconut,83.8,42.5,21.5,5.63,MOP,75.6,1285.2,Poultry Manure
jute,61.0,25.9,15.8,7.19,MOP,99.1,1684.7,Farmyard Manure (FYM)
maize,26.3,57.9,68.5,6.9,Urea,69.6,452.4,Vermicompost
blackgram,47.1,42.5,16.3,6.54,MOP,100.1,1701.7,Poultry Manure
orange,136.2,37.0,66.7,6.14,DAP,40.1,1082.7,Vermicompost
jute,48.6,24.9,14.3,7.27,MOP,121.9,2072.3,Neem Cake
chickpea,58.4,75.8,28.9,5.57,MOP,65.3,1110.1,Vermicompost
watermelon,58.3,72.6,86.2,5.6,Urea,45.8,297.7,Farmyard Manure (FYM)
banana,61.6,38.9,9.2,5.79,MOP,106.0,1802.0,Poultry Manure
jute,64.3,57.6,74.6,7.07,Urea,31.9,207.35,Neem Cake
coffee,65.9,42.5,29.4,7.92,MOP,70.8,1203.6,Neem Cake
orange,44.0,32.7,50.4,5.96,Urea,88.1,572.65,Compost + Biofertilizer
blackgram,67.7,38.8,30.2,6.3,MOP,81.8,1390.6,Farmyard Manure (FYM)
grapes,83.9,40.0,44.1,6.3,DAP,54.0,1458.0,Vermicompost
kidneybeans,44.5,58.4,11.8,5.56,MOP,102.3,1739.1,Vermicompost
chickpea,39.4,41.9,56.7,7.55,Urea,73.3,476.45,Compost + Biofertilizer
orange,40.0,66.7,55.7,6.99,Urea,55.9,363.35,Farmyard Manure (FYM)
rice,62.9,17.5,40.0,7.47,DAP,94.7,2556.9,Poultry Manure
watermelon,71.5,54.6,78.3,7.29,Urea,25.6,166.4,Compost + Biofertilizer
mothbeans,69.5,55.8,52.6,6.58,Urea,36.9,239.85,Compost + Biofertilizer
kidneybeans,54.5,53.9,0.0,5.94,MOP,99.5,1691.5,Farmyard Manure (FYM)
orange,26.0,83.7,15.4,4.91,Urea,101.4,659.1,Farmyard Manure (FYM)
banana,84.2,52.1,29.0,7.31,MOP,52.7,895.9,Compost + Biofertilizer
grapes,2.5,46.4,32.0,6.9,Urea,126.0,819.0,Poultry Manure
mango,53.3,39.7,59.3,6.29,Urea,61.8,401.7,Farmyard Manure (FYM)
kidneybeans,28.5,51.7,51.4,4.94,Urea,75.1,488.15,Vermicompost
jute,77.8,42.0,67.4,6.36,DAP,34.8,939.6,Green Manure
jute,66.0,85.4,27.3,6.17,MOP,59.4,1009.8,Neem Cake
rice,56.3,83.5,41.2,7.8,Urea,63.4,412.1,Neem Cake
kidneybeans,106.0,26.4,23.1,7.04,MOP,80.2,1363.4,Compost + Biofertilizer
muskmelon,56.9,35.5,58.8,5.81,DAP,64.9,1752.3,Compost + Biofertilizer
banana,29.2,30.8,57.3,6.59,Urea,99.7,648.05,Green Manure
maize,66.6,86.7,29.3,6.24,MOP,60.2,1023.4,Poultry Manure
rice,52.8,38.3,53.4,6.68,Urea,72.6,471.9,Green Manure
chickpea,79.7,27.9,35.5,6.25,DAP,73.5,1984.5,Poultry Manure
pomegranate,37.0,53.8,13.6,5.39,MOP,101.6,1727.2,Compost + Biofertilizer
orange,58.0,41.5,21.0,6.16,MOP,95.4,1621.8,Compost + Biofertilizer
mango,52.8,24.4,52.3,6.62,DAP,82.2,2219.4,Vermicompost
chickpea,65.7,14.0,80.2,5.98,DAP,77.1,2081.7,Farmyard Manure (FYM)
mungbean,82.1,38.1,24.6,5.6,MOP,70.9,1205.3,Neem Cake
papaya,57.2,61.8,0.0,6.38,MOP,100.5,1708.5,Green Manure
apple,49.0,35.4,18.6,5.86,MOP,114.6,1948.2,Neem Cake
mothbeans,82.5,31.2,0.0,6.6,MOP,98.8,1679.6,Neem Cake
pomegranate,49.7,25.5,36.0,6.76,DAP,91.0,2457.0,Green Manure
banana,20.5,42.1,17.7,5.9,Urea,127.9,831.35,Farmyard Manure (FYM)
blackgram,29.1,15.5,61.7,5.99,Urea,108.2,703.3,Compost + Biofertilizer
pomegranate,52.7,61.4,44.4,6.69,Urea,68.1,442.65,Compost + Biofertilizer
lentil,85.3,78.7,8.5,6.17,MOP,62.1,1055.7,Poultry Manure
banana,68.5,38.1,76.9,5.88,DAP,39.6,1069.2,Compost + Biofertilizer
chickpea,100.5,22.0,60.7,5.46,DAP,54.6,1474.2,Neem Cake
orange,48.8,77.0,58.1,7.25,Urea,44.4,288.6,Compost + Biofertilizer
coconut,30.5,56.9,95.6,6.62,Urea,63.1,410.15,Vermicompost
lentil,38.7,29.7,80.2,6.47,Urea,76.8,499.2,Vermicompost
mungbean,60.7,35.6,65.3,6.76,DAP,61.0,1647.0,Compost + Biofertilizer
mungbean,98.8,33.9,70.2,6.19,DAP,45.5,1228.5,Poultry Manure
mungbean,52.5,11.0,38.2,5.84,DAP,102.1,2756.7,Farmyard Manure (FYM)
coffee,74.9,57.6,53.4,5.99,MOP,26.0,442.0,Vermicompost
apple,23.6,13.4,21.7,5.74,Urea,156.5,1017.25,Neem Cake
coconut,92.1,85.1,77.1,6.38,NPK 19-19-19,25.3,607.2,Poultry Manure
muskmelon,43.8,71.3,38.8,6.76,Urea,66.3,430.95,Green Manure
watermelon,50.2,70.8,41.3,7.78,Urea,66.0,429.0,Compost + Biofertilizer
muskmelon,10.6,102.6,48.3,7.69,Urea,93.9,610.35,Vermicompost
mothbeans,84.2,43.9,50.6,6.56,DAP,46.2,1247.4,Vermicompost
coffee,108.5,57.4,84.9,6.16,NPK 19-19-19,18.4,441.6,Green Manure
maize,71.6,30.2,56.4,6.72,DAP,50.7,1368.9,Compost + Biofertilizer
pigeonpeas,29.2,51.3,54.6,6.94,Urea,79.7,518.05,Vermicompost
muskmelon,25.9,47.0,44.0,5.79,Urea,91.4,594.1,Neem Cake
papaya,20.0,45.1,34.2,5.75,Urea,113.8,739.7,Vermicompost
grapes,98.0,51.5,38.6,6.25,MOP,48.3,821.1,Neem Cake
mungbean,87.0,36.6,0.0,6.48,MOP,95.4,1621.8,Green Manure
orange,98.7,36.4,45.3,6.4,DAP,53.6,1447.2,Vermicompost
mothbeans,22.4,48.3,33.6,6.13,Urea,107.3,697.45,Neem Cake
chickpea,56.1,30.1,9.7,6.81,MOP,112.4,1910.8,Green Manure
coffee,65.2,35.1,42.8,7.22,DAP,68.0,1836.0,Neem Cake
papaya,90.2,27.9,97.1,6.3,DAP,48.7,1314.9,Compost + Biofertilizer
mothbeans,42.1,47.6,89.0,5.24,Urea,70.8,460.2,Vermicompost
maize,56.6,60.4,41.0,7.98,Urea,65.6,426.4,Compost + Biofertilizer
chickpea,58.6,18.2,80.1,7.07,DAP,73.7,1989.9,Vermicompost
kidneybeans,74.2,31.0,63.8,6.12,DAP,49.8,1344.6,Vermicompost
mango,44.6,52.9,21.9,5.3,MOP,89.4,1519.8,Green Manure
pigeonpeas,34.7,0.0,37.1,5.45,DAP,133.4,3601.8,Farmyard Manure (FYM)
muskmelon,75.2,76.1,67.6,5.8,NPK 10-26-26,26.5,609.5,Vermicompost
jute,63.8,37.5,51.9,6.36,DAP,61.2,1652.4,Neem Cake
lentil,48.2,65.5,46.5,7.56,Urea,63.0,409.5,Farmyard Manure (FYM)
mango,65.4,58.0,33.0,5.87,MOP,59.8,1016.6,Green Manure
lentil,36.9,51.4,78.1,6.97,Urea,62.7,407.55,Compost + Biofertilizer
blackgram,41.6,44.0,37.1,5.33,Urea,95.8,622.7,Green Manure
muskmelon,78.5,41.9,104.1,6.56,DAP,38.7,1044.9,Neem Cake
coffee,27.7,68.4,26.2,5.88,Urea,101.4,659.1,Green Manure
mango,24.2,67.3,65.8,6.43,Urea,71.1,462.15,Neem Cake
watermelon,79.2,27.1,27.2,6.87,DAP,79.0,2133.0,Compost + Biofertilizer
pigeonpeas,76.1,44.0,71.7,6.18,DAP,45.7,1233.9,Poultry Manure
cotton,54.8,0.0,105.1,7.84,DAP,107.5,2902.5,Compost + Biofertilizer
watermelon,63.9,44.6,29.4,5.32,MOP,73.1,1242.7,Poultry Manure
pomegranate,47.5,49.7,74.8,5.66,Urea,56.1,364.65,Farmyard Manure (FYM)
mungbean,89.2,7.0,71.4,6.58,DAP,63.4,1711.8,Compost + Biofertilizer
coconut,45.8,30.0,53.6,6.44,Urea,86.9,564.85,Vermicompost
kidneybeans,82.2,41.0,67.6,7.32,DAP,39.7,1071.9,Farmyard Manure (FYM)
grapes,67.9,39.8,57.3,7.35,DAP,58.8,1587.6,Farmyard Manure (FYM)
pigeonpeas,95.9,61.6,26.2,7.34,MOP,44.9,763.3,Neem Cake
papaya,47.7,32.2,42.9,6.88,Urea,92.8,603.2,Poultry Manure
papaya,50.5,55.8,64.6,7.14,Urea,59.1,384.15,Vermicompost
lentil,62.0,29.8,37.2,5.75,DAP,76.2,2057.4,Neem Cake
mango,59.3,43.1,0.0,7.21,MOP,109.8,1866.6,Neem Cake
watermelon,68.2,85.6,70.2,5.11,Urea,34.7,225.55,Neem Cake
banana,39.7,25.8,0.0,6.07,MOP,143.1,2432.7,Farmyard Manure (FYM)
papaya,67.8,9.1,60.5,8.16,DAP,74.9,2022.3,Green Manure
papaya,60.8,39.0,67.8,6.33,DAP,58.4,1576.8,Compost + Biofertilizer
cotton,0.0,53.6,59.1,5.75,Urea,105.0,682.5,Poultry Manure
rice,56.4,60.8,47.1,5.66,Urea,57.7,375.05,Neem Cake
blackgram,62.6,61.9,82.3,7.39,Urea,29.1,189.15,Compost + Biofertilizer
coconut,60.3,44.4,43.5,6.64,Urea,69.9,454.35,Green Manure
mungbean,57.3,12.8,30.4,7.76,DAP,105.4,2845.8,Poultry Manure
cotton,49.9,83.6,51.6,6.1,Urea,49.3,320.45,Neem Cake
rice,53.8,71.9,51.1,6.25,Urea,50.7,329.55,Vermicompost
papaya,54.0,46.2,48.4,7.02,Urea,70.4,457.6,Vermicompost
orange,95.9,13.6,39.6,6.26,DAP,81.0,2187.0,Vermicompost
mungbean,85.2,41.1,50.6,6.5,DAP,41.7,1125.9,Poultry Manure
kidneybeans,99.0,63.4,68.4,6.55,NPK 19-19-19,15.0,360.0,Compost + Biofertilizer
mango,31.5,31.5,56.6,7.68,Urea,91.3,593.45,Poultry Manure
pomegranate,66.0,85.7,26.8,6.47,MOP,67.9,1154.3,Vermicompost
pomegranate,73.5,48.9,48.9,6.1,DAP,39.6,1069.2,Poultry Manure
pigeonpeas,66.5,64.7,39.9,7.09,MOP,56.6,962.2,Compost + Biofertilizer
muskmelon,67.4,29.9,80.8,6.65,DAP,51.3,1385.1,Farmyard Manure (FYM)
lentil,50.8,36.1,29.4,6.85,MOP,97.5,1657.5,Green Manure
banana,97.3,39.1,74.0,6.13,DAP,38.0,1026.0,Compost + Biofertilizer
chickpea,15.3,19.9,46.5,4.88,Urea,125.4,815.1,Poultry Manure
coffee,21.3,29.4,85.9,6.25,Urea,101.5,659.75,Vermicompost
jute,50.9,49.2,39.5,6.45,Urea,81.6,530.4,Farmyard Manure (FYM)
orange,71.4,67.8,71.2,7.3,Urea,26.2,170.3,Neem Cake
chickpea,63.8,43.6,0.0,7.28,MOP,108.3,1841.1,Poultry Manure
pomegranate,91.1,28.9,60.6,8.19,DAP,40.8,1101.6,Green Manure
cotton,46.0,37.4,8.3,5.99,MOP,122.1,2075.7,Vermicompost
mothbeans,54.8,54.0,68.3,7.28,Urea,48.9,317.85,Green Manure
kidneybeans,61.2,37.7,31.2,7.57,MOP,79.3,1348.1,Vermicompost
coffee,29.5,41.0,73.7,5.93,Urea,73.0,474.5,Green Manure
muskmelon,61.7,31.7,101.8,6.65,DAP,68.4,1846.8,Poultry Manure
cotton,62.7,46.8,75.4,7.09,Urea,45.8,297.7,Compost + Biofertilizer
kidneybeans,75.9,20.8,59.9,7.27,DAP,60.5,1633.5,Green Manure
papaya,59.0,53.2,79.4,7.18,Urea,53.5,347.75,Farmyard Manure (FYM)
coconut,92.7,44.6,37.5,6.61,MOP,58.1,987.7,Neem Cake
rice,26.7,64.9,79.7,6.49,Urea,69.4,451.1,Vermicompost
maize,57.3,57.4,26.0,6.42,MOP,71.8,1220.6,Green Manure
pigeonpeas,41.2,32.5,46.6,6.18,Urea,94.7,615.55,Farmyard Manure (FYM)
pomegranate,78.3,31.1,39.5,8.79,DAP,59.7,1611.9,Compost + Biofertilizer
watermelon,56.9,52.1,51.5,8.15,Urea,56.8,369.2,Green Manure
mothbeans,33.6,26.4,63.3,6.21,Urea,94.8,616.2,Farmyard Manure (FYM)
pigeonpeas,0.0,27.5,78.2,7.57,Urea,113.3,736.45,Green Manure
banana,55.1,16.8,58.7,6.43,DAP,76.2,2057.4,Green Manure
jute,64.7,52.6,69.0,6.75,Urea,44.0,286.0,Vermicompost
mango,26.2,35.8,30.4,6.8,Urea,118.4,769.6,Vermicompost
maize,94.3,63.4,84.9,6.76,NPK 10-26-26,15.0,345.0,Neem Cake
coffee,77.9,61.6,3.9,7.33,MOP,73.7,1252.9,Compost + Biofertilizer
mungbean,32.9,28.5,12.8,6.14,MOP,128.5,2184.5,Green Manure
jute,80.9,75.0,46.6,6.73,MOP,24.4,414.8,Poultry Manure
mungbean,113.4,75.2,12.0,6.75,MOP,56.7,963.9,Poultry Manure
cotton,22.0,43.3,4.5,6.0,Urea,134.8,876.2,Compost + Biofertilizer
grapes,86.5,46.9,67.0,5.68,DAP,28.0,756.0,Vermicompost
watermelon,107.9,48.3,45.5,7.29,MOP,42.6,724.2,Vermicompost
mothbeans,30.8,21.2,54.9,6.7,Urea,100.0,650.0,Compost + Biofertilizer
maize,15.2,44.4,44.4,5.11,Urea,111.0,721.5,Neem Cake
grapes,17.1,38.4,48.2,7.11,Urea,109.4,711.1,Compost + Biofertilizer
mango,37.0,36.8,32.4,7.1,Urea,110.2,716.3,Compost + Biofertilizer
coffee,51.5,62.8,72.6,5.81,Urea,33.7,219.05,Compost + Biofertilizer
cotton,23.1,33.7,62.4,7.11,Urea,96.2,625.3,Vermicompost
mango,47.9,48.5,79.2,6.54,Urea,53.8,349.7,Farmyard Manure (FYM)
rice,88.6,32.1,14.6,7.98,MOP,78.3,1331.1,Vermicompost
coconut,48.1,0.0,55.2,6.51,DAP,103.5,2794.5,Poultry Manure
coffee,62.5,25.8,55.8,5.96,DAP,68.1,1838.7,Green Manure
pomegranate,29.3,30.6,20.4,7.16,Urea,123.4,802.1,Farmyard Manure (FYM)
banana,67.7,29.3,91.5,6.43,DAP,56.0,1512.0,Neem Cake
grapes,115.1,16.7,35.1,7.23,DAP,78.6,2122.2,Farmyard Manure (FYM)
banana,86.4,51.1,47.4,6.75,MOP,48.4,822.8,Neem Cake
mungbean,36.9,10.0,76.0,5.77,DAP,101.3,2735.1,Compost + Biofertilizer
mungbean,76.3,24.3,41.6,5.8,DAP,78.5,2119.5,Compost + Biofertilizer
pigeonpeas,49.2,54.4,42.8,5.21,Urea,71.4,464.1,Green Manure
pigeonpeas,73.6,67.6,71.9,8.17,Urea,25.8,167.7,Green Manure
mungbean,71.1,86.5,41.5,6.73,MOP,41.6,707.2,Compost + Biofertilizer
chickpea,54.7,45.4,28.0,7.56,MOP,83.1,1412.7,Farmyard Manure (FYM)
pigeonpeas,75.7,62.5,19.9,6.3,MOP,56.2,955.4,Neem Cake
muskmelon,63.2,40.6,0.0,6.88,MOP,109.5,1861.5,Poultry Manure
lentil,28.8,5.0,47.0,7.83,DAP,122.7,3312.9,Farmyard Manure (FYM)
rice,90.6,36.4,66.7,7.51,DAP,48.1,1298.7,Farmyard Manure (FYM)
kidneybeans,82.9,53.6,14.4,5.9,MOP,65.9,1120.3,Poultry Manure
papaya,52.0,24.0,29.6,5.65,DAP,109.4,2953.8,Vermicompost
apple,41.5,40.4,12.7,6.42,MOP,115.6,1965.2,Poultry Manure
papaya,62.9,57.8,53.7,6.92,Urea,47.7,310.05,Farmyard Manure (FYM)
mungbean,105.4,54.2,48.3,6.24,MOP,38.6,656.2,Compost + Biofertilizer
mango,81.9,64.3,26.8,7.22,MOP,52.7,895.9,Farmyard Manure (FYM)
maize,43.3,32.1,68.7,6.85,Urea,77.3,502.45,Neem Cake
banana,81.4,35.8,71.2,7.89,DAP,36.5,985.5,Farmyard Manure (FYM)
kidneybeans,17.1,54.9,72.3,7.36,Urea,72.1,468.65,Neem Cake
coconut,28.7,44.6,51.0,7.15,Urea,91.4,594.1,Poultry Manure
coconut,47.0,27.8,26.6,7.81,MOP,106.4,1808.8,Farmyard Manure (FYM)
cotton,56.1,27.3,60.0,6.27,DAP,73.7,1989.9,Farmyard Manure (FYM)
coconut,71.0,99.5,20.8,6.24,MOP,64.8,1101.6,Green Manure
banana,48.6,30.7,44.0,6.14,Urea,92.9,603.85,Farmyard Manure (FYM)
pomegranate,59.2,22.9,8.7,5.92,MOP,118.9,2021.3,Neem Cake
mothbeans,42.6,80.4,70.2,6.66,Urea,50.9,330.85,Poultry Manure
kidneybeans,71.9,54.3,26.8,5.71,MOP,59.7,1014.9,Vermicompost
papaya,81.6,24.2,32.1,6.55,DAP,79.2,2138.4,Neem Cake
coconut,69.3,16.3,80.4,5.43,DAP,70.2,1895.4,Vermicompost
papaya,0.0,25.4,89.7,5.51,Urea,121.4,789.1,Neem Cake
chickpea,68.1,41.4,72.4,6.93,DAP,47.5,1282.5,Green Manure
muskmelon,64.7,69.3,20.2,6.37,MOP,59.1,1004.7,Farmyard Manure (FYM)
rice,78.3,30.8,57.8,6.27,DAP,52.9,1428.3,Vermicompost
blackgram,50.9,21.5,44.5,6.45,DAP,98.1,2648.7,Green Manure
mungbean,12.6,71.2,9.6,6.23,Urea,120.5,783.25,Poultry Manure
pomegranate,28.1,33.5,54.2,5.69,Urea,91.1,592.15,Neem Cake
maize,69.0,30.6,24.1,5.88,MOP,85.3,1450.1,Green Manure
banana,43.4,66.8,40.4,7.17,Urea,65.3,424.45,Green Manure
muskmelon,29.6,56.6,0.0,5.65,MOP,126.2,2145.4,Vermicompost
cotton,54.6,29.4,53.2,7.77,DAP,76.6,2068.2,Vermicompost
coffee,85.7,19.7,8.8,6.13,MOP,102.6,1744.2,Farmyard Manure (FYM)
lentil,69.5,17.6,29.4,6.27,DAP,99.6,2689.2,Neem Cake
lentil,65.0,12.9,63.9,6.88,DAP,76.8,2073.6,Poultry Manure
cotton,60.0,47.3,69.4,6.13,Urea,41.1,267.15,Farmyard Manure (FYM)
mungbean,57.0,22.4,9.6,7.19,MOP,114.9,1953.3,Vermicompost
cotton,19.8,37.9,64.0,6.33,Urea,93.7,609.05,Vermicompost
pigeonpeas,36.1,83.7,10.6,6.0,MOP,96.9,1647.3,Green Manure
pomegranate,0.0,34.6,38.9,6.73,Urea,132.3,859.95,Green Manure
rice,53.6,38.9,73.6,5.48,Urea,47.8,310.7,Vermicompost
banana,95.7,48.8,60.9,6.21,DAP,18.9,510.3,Poultry Manure
mungbean,60.1,50.9,39.8,6.88,MOP,66.7,1133.9,Vermicompost
coconut,57.7,39.1,55.2,7.47,Urea,64.5,419.25,Farmyard Manure (FYM)
mothbeans,106.7,52.8,31.4,6.4,MOP,60.1,1021.7,Neem Cake
coffee,69.6,67.0,56.7,6.46,Urea,28.1,182.65,Vermicompost
coffee,41.7,52.2,26.6,7.03,Urea,93.0,604.5,Green Manure
maize,0.0,0.0,51.0,6.69,Urea,151.7,986.05,Vermicompost
papaya,61.6,57.1,21.0,5.91,MOP,74.7,1269.9,Farmyard Manure (FYM)
mungbean,51.9,39.0,69.6,5.47,Urea,69.4,451.1,Green Manure
coffee,0.0,65.0,100.2,7.7,Urea,95.9,623.35,Vermicompost
kidneybeans,97.4,21.6,71.4,5.35,DAP,59.4,1603.8,Farmyard Manure (FYM)
mothbeans,66.0,58.2,57.2,6.83,Urea,38.1,247.65,Poultry Manure
mungbean,49.2,33.3,32.6,6.49,Urea,92.5,601.25,Green Manure
pomegranate,44.8,42.1,46.9,5.73,Urea,80.8,525.2,Compost + Biofertilizer
banana,80.8,25.2,46.9,5.96,DAP,68.0,1836.0,Green Manure
blackgram,4.4,44.7,42.2,7.36,Urea,117.3,762.45,Vermicompost
banana,81.4,39.4,38.8,6.05,MOP,59.2,1006.4,Neem Cake
maize,64.0,49.2,62.0,5.88,Urea,45.9,298.35,Vermicompost
lentil,75.8,51.0,60.8,6.56,DAP,32.9,888.3,Neem Cake
blackgram,78.3,68.1,49.3,5.66,MOP,31.8,540.6,Neem Cake
mothbeans,112.6,31.2,73.4,7.32,DAP,51.6,1393.2,Compost + Biofertilizer
muskmelon,32.5,26.0,59.6,6.85,Urea,92.3,599.95,Green Manure
chickpea,75.2,34.6,24.4,6.49,MOP,75.8,1288.6,Neem Cake
jute,19.0,2.4,27.7,6.48,Urea,163.6,1063.4,Neem Cake
mango,72.3,44.0,65.4,6.05,DAP,44.3,1196.1,Farmyard Manure (FYM)
blackgram,9.5,51.3,27.5,7.43,Urea,121.3,788.45,Neem Cake
orange,39.5,84.8,0.0,6.73,MOP,110.1,1871.7,Vermicompost
blackgram,81.8,77.0,43.4,7.5,MOP,36.4,618.8,Poultry Manure
orange,56.7,70.2,25.5,6.52,MOP,71.2,1210.4,Farmyard Manure (FYM)
mothbeans,32.8,68.2,81.1,6.55,Urea,60.1,390.65,Compost + Biofertilizer
pigeonpeas,60.3,18.3,56.3,6.29,DAP,65.5,1768.5,Neem Cake
lentil,49.6,35.9,57.3,7.59,Urea,71.2,462.8,Green Manure
banana,64.5,39.5,66.8,7.11,DAP,40.5,1093.5,Poultry Manure
blackgram,62.1,47.4,63.4,6.72,Urea,51.0,331.5,Green Manure
mothbeans,37.9,67.5,43.1,6.76,Urea,70.7,459.55,Green Manure
cotton,63.3,32.6,53.7,7.06,DAP,64.1,1730.7,Farmyard Manure (FYM)
rice,61.4,54.4,25.5,5.26,MOP,77.4,1315.8,Vermicompost
papaya,88.5,60.1,66.8,5.77,NPK 10-26-26,24.9,572.7,Farmyard Manure (FYM)
maize,91.4,46.3,47.2,7.27,DAP,42.2,1139.4,Poultry Manure
mungbean,71.6,24.8,72.0,6.71,DAP,54.8,1479.6,Green Manure
lentil,93.0,5.4,62.4,5.72,DAP,66.6,1798.2,Neem Cake
mothbeans,82.2,27.7,32.4,5.46,DAP,79.0,2133.0,Compost + Biofertilizer
banana,33.8,36.4,92.0,7.17,Urea,75.2,488.8,Farmyard Manure (FYM)
rice,67.9,33.9,21.1,6.52,MOP,92.3,1569.1,Neem Cake
mothbeans,59.0,42.5,87.0,6.43,Urea,61.6,400.4,Poultry Manure
kidneybeans,26.2,57.5,31.7,5.41,Urea,91.4,594.1,Green Manure
coconut,55.8,52.8,63.4,6.9,Urea,54.5,354.25,Neem Cake
papaya,44.1,66.5,36.3,6.85,Urea,69.1,449.15,Poultry Manure
blackgram,0.0,84.4,27.3,6.19,Urea,112.1,728.65,Poultry Manure
coconut,113.5,46.5,49.8,5.54,DAP,43.9,1185.3,Green Manure
banana,34.1,50.8,79.6,6.88,Urea,68.5,445.25,Farmyard Manure (FYM)
maize,56.7,43.7,39.2,5.77,Urea,74.5,484.25,Farmyard Manure (FYM)
banana,85.7,85.5,52.9,6.53,MOP,16.2,275.4,Green Manure
mungbean,83.7,38.3,41.4,6.3,DAP,61.6,1663.2,Compost + Biofertilizer
chickpea,89.3,44.4,43.2,7.04,MOP,49.8,846.6,Farmyard Manure (FYM)
banana,86.2,51.0,53.8,5.67,DAP,37.6,1015.2,Compost + Biofertilizer
muskmelon,73.7,32.9,65.3,6.32,DAP,50.8,1371.6,Poultry Manure
chickpea,70.8,10.5,73.3,5.67,DAP,74.8,2019.6,Farmyard Manure (FYM)
orange,67.8,26.8,12.6,6.31,MOP,102.4,1740.8,Farmyard Manure (FYM)
grapes,70.3,57.0,97.7,5.96,Urea,21.7,141.05,Compost + Biofertilizer
maize,53.9,70.3,7.7,6.66,MOP,88.6,1506.2,Neem Cake
banana,94.3,30.4,49.0,6.84,DAP,56.4,1522.8,Vermicompost
papaya,27.6,65.6,56.3,6.57,Urea,78.2,508.3,Neem Cake
banana,28.1,36.3,46.7,6.61,Urea,106.4,691.6,Green Manure
apple,75.9,39.7,46.9,5.4,DAP,47.5,1282.5,Poultry Manure
coffee,68.2,63.8,57.9,5.35,Urea,35.6,231.4,Compost + Biofertilizer
apple,33.3,25.5,64.6,7.68,Urea,98.4,639.6,Poultry Manure
mungbean,72.3,48.4,70.6,6.73,DAP,49.6,1339.2,Green Manure
mango,31.8,45.3,0.0,6.48,MOP,126.3,2147.1,Poultry Manure
pomegranate,27.9,85.5,80.2,6.59,Urea,59.3,385.45,Vermicompost
kidneybeans,53.6,62.8,58.2,6.79,Urea,51.4,334.1,Compost + Biofertilizer
coffee,48.8,60.0,69.3,6.0,Urea,52.6,341.9,Poultry Manure
maize,67.1,20.1,91.6,7.56,DAP,69.0,1863.0,Compost + Biofertilizer
banana,44.8,29.8,85.6,6.48,Urea,79.5,516.75,Green Manure
jute,47.1,20.6,53.1,5.41,DAP,87.4,2359.8,Vermicompost
mango,43.9,70.2,27.9,6.45,Urea,86.3,560.95,Farmyard Manure (FYM)
cotton,66.6,28.9,66.0,5.21,DAP,58.0,1566.0,Compost + Biofertilizer
pigeonpeas,0.0,33.3,76.0,6.77,Urea,118.1,767.65,Farmyard Manure (FYM)
grapes,58.8,23.8,33.3,6.62,DAP,84.7,2286.9,Vermicompost
mango,52.2,19.0,53.2,7.23,DAP,77.6,2095.2,Neem Cake
banana,35.9,16.3,56.4,6.48,Urea,106.1,689.65,Vermicompost
coconut,57.8,51.1,65.0,7.43,Urea,49.5,321.75,Vermicompost
cotton,35.3,38.4,108.6,6.05,Urea,83.0,539.5,Neem Cake
papaya,53.1,52.4,62.0,7.71,Urea,47.5,308.75,Neem Cake
apple,72.8,38.9,42.2,6.28,DAP,60.6,1636.2,Farmyard Manure (FYM)
mungbean,43.9,48.7,21.3,5.36,MOP,113.0,1921.0,Green Manure
chickpea,35.3,0.0,84.5,7.35,DAP,120.2,3245.4,Poultry Manure
cotton,35.0,29.2,77.0,6.8,Urea,86.0,559.0,Green Manure
cotton,82.9,31.2,63.2,6.68,DAP,51.5,1390.5,Compost + Biofertilizer
apple,74.5,61.5,51.0,7.14,MOP,31.2,530.4,Green Manure
banana,52.7,9.6,78.0,5.69,DAP,97.9,2643.3,Vermicompost
orange,62.7,0.0,44.1,6.97,DAP,99.0,2673.0,Vermicompost
watermelon,64.0,53.3,22.8,6.78,MOP,82.0,1394.0,Neem Cake
watermelon,53.0,40.7,38.9,7.46,Urea,86.8,564.2,Compost + Biofertilizer
blackgram,46.2,29.7,91.4,6.48,Urea,77.3,502.45,Neem Cake
apple,93.4,64.6,17.7,6.62,MOP,64.6,1098.2,Green Manure
banana,66.7,64.6,30.5,6.06,MOP,50.0,850.0,Neem Cake
pomegranate,107.7,57.8,15.7,5.58,MOP,70.5,1198.5,Green Manure
pigeonpeas,54.1,22.2,48.4,7.21,DAP,85.4,2305.8,Green Manure
banana,61.5,0.0,82.0,6.83,DAP,86.5,2335.5,Compost + Biofertilizer
coffee,42.3,69.6,58.8,7.02,Urea,50.5,328.25,Compost + Biofertilizer
apple,76.0,43.9,46.1,6.03,DAP,61.8,1668.6,Poultry Manure
jute,79.0,33.2,63.7,7.16,DAP,33.1,893.7,Neem Cake
pomegranate,58.0,48.9,84.9,7.08,Urea,50.9,330.85,Farmyard Manure (FYM)
chickpea,42.4,13.7,49.5,6.98,DAP,101.6,2743.2,Compost + Biofertilizer
papaya,71.5,36.1,97.5,6.69,DAP,55.3,1493.1,Poultry Manure
mango,83.7,37.1,54.5,6.69,DAP,39.8,1074.6,Vermicompost
pomegranate,76.9,77.9,0.0,7.1,MOP,70.6,1200.2,Poultry Manure
coconut,46.9,57.2,75.4,6.89,Urea,47.7,310.05,Poultry Manure
pomegranate,55.8,17.9,82.0,7.19,DAP,75.8,2046.6,Farmyard Manure (FYM)
pigeonpeas,84.4,56.9,54.0,7.14,MOP,21.5,365.5,Vermicompost
chickpea,23.6,51.2,70.4,6.45,Urea,80.9,525.85,Neem Cake
coffee,57.4,61.3,31.9,6.28,MOP,66.6,1132.2,Vermicompost
mothbeans,18.1,64.8,33.5,7.06,Urea,101.0,656.5,Vermicompost
pomegranate,90.5,34.7,13.1,6.91,MOP,80.2,1363.4,Compost + Biofertilizer
muskmelon,92.5,14.4,39.1,6.15,DAP,81.3,2195.1,Vermicompost
mango,63.3,41.5,77.0,6.12,DAP,44.1,1190.7,Green Manure
mungbean,29.4,45.0,6.1,6.15,MOP,124.3,2113.1,Vermicompost
blackgram,46.2,0.4,43.0,6.31,DAP,120.9,3264.3,Green Manure
blackgram,70.3,40.7,87.3,6.25,DAP,48.9,1320.3,Poultry Manure
maize,21.1,56.9,50.4,6.82,Urea,80.3,521.95,Compost + Biofertilizer
mothbeans,20.3,18.3,46.8,7.88,Urea,126.8,824.2,Neem Cake
cotton,96.6,34.2,27.5,6.97,MOP,66.3,1127.1,Neem Cake
maize,56.5,55.3,16.7,7.48,MOP,83.8,1424.6,Vermicompost
watermelon,40.5,34.7,58.5,6.09,Urea,75.0,487.5,Farmyard Manure (FYM)
pigeonpeas,87.2,46.6,61.1,7.35,DAP,22.4,604.8,Poultry Manure
rice,49.4,58.7,26.5,6.87,MOP,81.7,1388.9,Vermicompost
banana,23.1,64.2,57.3,7.51,Urea,67.4,438.1,Poultry Manure
mango,50.7,41.4,52.3,5.12,Urea,69.6,452.4,Neem Cake
pomegranate,25.9,83.6,48.7,6.8,Urea,74.5,484.25,Green Manure
grapes,78.9,44.4,71.4,6.61,DAP,23.9,645.3,Green Manure
watermelon,57.0,13.2,36.4,7.36,DAP,108.2,2921.4,Vermicompost
watermelon,97.5,54.0,40.4,6.45,MOP,42.0,714.0,Green Manure
muskmelon,52.0,55.9,53.2,7.34,Urea,44.5,289.25,Green Manure
papaya,49.8,58.7,76.3,6.43,Urea,44.6,289.9,Farmyard Manure (FYM)
banana,89.2,49.3,27.0,5.02,MOP,60.0,1020.0,Compost + Biofertilizer
pomegranate,89.9,45.4,57.5,6.65,DAP,32.0,864.0,Poultry Manure
muskmelon,90.7,10.8,49.4,6.53,DAP,75.4,2035.8,Vermicompost
banana,90.2,61.8,38.0,7.2,MOP,38.2,649.4,Farmyard Manure (FYM)
mothbeans,85.8,34.3,39.7,6.08,DAP,57.7,1557.9,Farmyard Manure (FYM)
rice,108.5,47.9,66.7,7.21,DAP,30.5,823.5,Poultry Manure
mango,63.6,48.3,73.2,5.74,Urea,30.1,195.65,Compost + Biofertilizer
maize,72.3,45.5,24.8,6.72,MOP,72.9,1239.3,Compost + Biofertilizer
chickpea,1.3,40.6,61.9,6.3,Urea,109.7,713.05,Vermicompost
pomegranate,58.4,34.0,18.6,7.03,MOP,103.3,1756.1,Vermicompost
coffee,62.2,15.9,61.2,7.07,DAP,82.2,2219.4,Farmyard Manure (FYM)
blackgram,57.1,51.8,49.7,6.28,Urea,56.3,365.95,Poultry Manure
kidneybeans,24.9,56.8,72.8,6.02,Urea,69.1,449.15,Compost + Biofertilizer
mango,63.4,39.3,56.6,5.05,DAP,53.6,1447.2,Vermicompost
kidneybeans,59.9,37.2,74.3,7.82,DAP,58.6,1582.2,Farmyard Manure (FYM)
pomegranate,21.4,16.6,61.5,6.14,Urea,110.9,720.85,Green Manure
grapes,53.1,78.3,30.6,6.26,MOP,64.4,1094.8,Neem Cake
papaya,81.2,17.8,25.2,5.31,DAP,84.8,2289.6,Poultry Manure
blackgram,8.0,22.5,1.4,6.07,Urea,174.2,1132.3,Farmyard Manure (FYM)
cotton,12.5,43.4,58.6,6.29,Urea,95.7,622.05,Compost + Biofertilizer
mungbean,32.3,77.2,77.9,7.0,Urea,54.3,352.95,Green Manure
kidneybeans,47.0,26.1,20.2,6.34,MOP,119.9,2038.3,Farmyard Manure (FYM)
maize,35.3,45.2,29.3,5.36,Urea,106.5,692.25,Farmyard Manure (FYM)
rice,59.1,52.3,46.7,6.09,Urea,60.1,390.65,Neem Cake
maize,12.8,21.8,50.6,7.39,Urea,128.3,833.95,Poultry Manure
mungbean,63.5,59.0,35.9,7.38,MOP,55.1,936.7,Green Manure
pigeonpeas,69.9,42.7,75.3,7.13,DAP,45.1,1217.7,Compost + Biofertilizer
maize,43.4,59.9,87.5,5.86,Urea,53.5,347.75,Green Manure
pigeonpeas,57.8,53.6,43.4,6.63,Urea,58.9,382.85,Compost + Biofertilizer
banana,14.7,17.7,29.6,6.65,Urea,142.9,928.85,Neem Cake
orange,43.4,52.9,79.1,6.36,Urea,62.3,404.95,Poultry Manure
kidneybeans,39.6,83.6,52.3,6.59,Urea,60.9,395.85,Poultry Manure
blackgram,54.9,41.1,58.7,6.52,Urea,62.7,407.55,Vermicompost
coffee,75.8,20.5,60.9,7.26,DAP,61.6,1663.2,Compost + Biofertilizer
orange,34.7,29.5,50.7,5.69,Urea,95.0,617.5,Farmyard Manure (FYM)
coconut,66.8,71.8,48.0,6.58,Urea,41.5,269.75,Green Manure
banana,75.7,19.1,28.9,5.87,DAP,91.0,2457.0,Neem Cake
kidneybeans,52.3,63.1,8.7,7.27,MOP,92.0,1564.0,Vermicompost
coffee,62.4,60.7,60.6,6.26,Urea,33.9,220.35,Neem Cake
pomegranate,95.7,28.8,1.8,5.76,MOP,113.9,1936.3,Vermicompost
mungbean,75.9,75.9,25.6,7.17,MOP,60.1,1021.7,Green Manure
pomegranate,77.7,44.0,39.0,8.01,MOP,61.6,1047.2,Farmyard Manure (FYM)
orange,81.7,31.5,76.2,5.26,DAP,50.4,1360.8,Compost + Biofertilizer
cotton,88.4,52.0,39.9,6.54,MOP,44.0,748.0,Poultry Manure
papaya,4.8,72.2,29.8,6.4,Urea,111.0,721.5,Compost + Biofertilizer
mungbean,54.7,73.8,63.1,6.99,Urea,35.7,232.05,Vermicompost
mothbeans,32.6,38.5,2.7,5.75,MOP,133.2,2264.4,Vermicompost
coconut,49.9,37.9,35.8,6.3,Urea,88.7,576.55,Poultry Manure
coffee,77.2,50.8,95.4,6.1,DAP,29.3,791.1,Vermicompost
papaya,9.1,36.9,0.0,6.81,Urea,161.1,1047.15,Poultry Manure
apple,37.2,1.9,55.9,6.16,DAP,111.8,3018.6,Farmyard Manure (FYM)
rice,42.4,48.1,69.4,7.08,Urea,63.3,411.45,Poultry Manure
grapes,61.1,29.4,78.5,6.71,DAP,65.1,1757.7,Green Manure
coffee,124.8,48.2,60.5,5.36,DAP,32.6,880.2,Compost + Biofertilizer
lentil,24.6,31.8,38.1,5.39,Urea,116.9,759.85,Compost + Biofertilizer
rice,47.8,8.8,43.7,6.1,DAP,106.6,2878.2,Green Manure
rice,33.6,50.5,31.9,7.23,Urea,93.7,609.05,Poultry Manure
kidneybeans,75.9,81.5,92.7,5.21,NPK 19-19-19,28.7,688.8,Neem Cake
maize,82.6,40.4,105.1,6.86,DAP,34.1,920.7,Green Manure
coffee,74.4,13.4,74.7,6.43,DAP,60.5,1633.5,Neem Cake
kidneybeans,73.0,32.0,54.9,5.7,DAP,52.0,1404.0,Farmyard Manure (FYM)
pomegranate,5.8,55.3,69.7,7.25,Urea,85.2,553.8,Neem Cake
pomegranate,72.1,49.6,63.2,7.02,DAP,47.5,1282.5,Green Manure
lentil,67.4,60.0,48.4,6.33,Urea,33.1,215.15,Poultry Manure
coffee,64.6,31.3,45.2,6.98,DAP,68.9,1860.3,Poultry Manure
coconut,110.2,38.4,41.2,6.48,DAP,53.2,1436.4,Vermicompost
apple,50.7,9.2,4.9,6.51,MOP,145.6,2475.2,Poultry Manure
muskmelon,52.8,14.2,48.6,6.83,DAP,92.6,2500.2,Neem Cake
apple,50.7,48.4,48.6,7.13,Urea,75.6,491.4,Green Manure
rice,86.2,57.4,56.6,7.12,NPK 10-26-26,21.6,496.8,Green Manure
mango,10.2,35.1,84.4,6.69,Urea,107.4,698.1,Compost + Biofertilizer
orange,71.3,11.0,41.5,6.61,DAP,89.4,2413.8,Neem Cake
jute,78.4,86.2,33.8,6.75,MOP,38.6,656.2,Farmyard Manure (FYM)
kidneybeans,69.8,9.2,38.4,5.98,DAP,98.8,2667.6,Green Manure
rice,53.0,42.4,27.5,6.03,MOP,92.9,1579.3,Farmyard Manure (FYM)
lentil,54.2,52.6,74.8,5.31,Urea,56.9,369.85,Neem Cake
mungbean,82.0,34.7,52.8,6.46,DAP,48.8,1317.6,Green Manure
mothbeans,98.7,50.6,57.1,7.1,DAP,36.1,974.7,Farmyard Manure (FYM)
apple,74.9,68.0,30.5,6.48,MOP,43.1,732.7,Compost + Biofertilizer
apple,84.4,60.7,39.0,6.37,MOP,51.7,878.9,Neem Cake
apple,37.1,37.4,12.4,7.01,MOP,135.7,2306.9,Farmyard Manure (FYM)
mothbeans,25.8,30.9,67.0,6.16,Urea,93.5,607.75,Compost + Biofertilizer
jute,46.5,53.7,43.0,6.84,Urea,77.9,506.35,Neem Cake
apple,80.3,67.3,75.1,6.39,NPK 10-26-26,23.8,547.4,Vermicompost
orange,94.1,38.7,32.4,6.44,MOP,64.4,1094.8,Neem Cake
pomegranate,80.8,33.7,88.0,7.28,DAP,47.9,1293.3,Compost + Biofertilizer
maize,76.3,46.6,71.1,5.19,DAP,36.8,993.6,Poultry Manure
papaya,54.0,34.0,62.4,6.2,Urea,68.8,447.2,Poultry Manure
grapes,17.9,52.0,71.0,6.83,Urea,84.0,546.0,Neem Cake
pigeonpeas,24.6,44.4,35.9,7.69,Urea,110.0,715.0,Green Manure
banana,104.4,31.9,66.0,5.87,DAP,50.5,1363.5,Green Manure
pomegranate,20.6,40.0,37.4,6.64,Urea,113.0,734.5,Vermicompost
jute,71.8,69.4,56.9,6.62,Urea,24.0,156.0,Poultry Manure
mungbean,63.8,48.8,11.7,5.83,MOP,92.6,1574.2,Compost + Biofertilizer
coffee,58.0,27.8,8.8,6.31,MOP,114.3,1943.1,Compost + Biofertilizer
banana,35.4,13.9,80.4,7.02,DAP,101.8,2748.6,Green Manure
mungbean,62.9,26.5,33.9,6.2,DAP,83.7,2259.9,Neem Cake
mothbeans,36.1,46.6,14.2,7.21,MOP,111.7,1898.9,Farmyard Manure (FYM)
orange,57.8,16.4,2.5,6.71,MOP,131.9,2242.3,Farmyard Manure (FYM)
apple,81.2,21.5,46.4,6.77,DAP,66.5,1795.5,Farmyard Manure (FYM)
cotton,55.9,16.5,89.6,5.88,DAP,76.1,2054.7,Vermicompost
apple,33.1,19.0,17.4,4.18,Urea,137.0,890.5,Poultry Manure
muskmelon,26.0,35.4,23.5,5.89,Urea,112.3,729.95,Compost + Biofertilizer
maize,3.0,74.6,20.4,6.25,Urea,124.3,807.95,Compost + Biofertilizer
watermelon,53.8,70.0,52.5,6.48,Urea,48.2,313.3,Farmyard Manure (FYM)
banana,31.9,50.0,49.5,7.15,Urea,81.0,526.5,Compost + Biofertilizer
lentil,87.0,36.1,58.8,6.66,DAP,46.8,1263.6,Neem Cake
muskmelon,60.1,42.4,42.8,6.49,Urea,78.8,512.2,Vermicompost
papaya,61.3,32.3,35.5,6.13,DAP,84.9,2292.3,Green Manure
mungbean,41.9,89.5,45.8,6.75,Urea,71.0,461.5,Farmyard Manure (FYM)
mungbean,108.6,36.3,45.3,6.2,DAP,63.8,1722.6,Green Manure
pigeonpeas,50.5,60.9,32.3,6.33,Urea,72.7,472.55,Compost + Biofertilizer
pomegranate,99.4,68.1,27.2,7.07,MOP,47.1,800.7,Vermicompost
cotton,65.9,41.5,22.0,5.31,MOP,81.0,1377.0,Poultry Manure
apple,71.0,68.0,72.5,5.74,Urea,33.5,217.75,Compost + Biofertilizer
mungbean,94.8,75.7,31.6,5.93,MOP,44.9,763.3,Vermicompost
mothbeans,56.6,57.0,54.1,6.22,Urea,53.2,345.8,Farmyard Manure (FYM)
grapes,41.0,41.9,31.5,6.28,Urea,98.8,642.2,Neem Cake
pomegranate,13.6,54.8,47.0,8.07,Urea,103.1,670.15,Vermicompost
banana,75.1,64.6,36.6,6.97,MOP,41.0,697.0,Green Manure
orange,50.3,6.5,58.6,6.87,DAP,94.1,2540.7,Compost + Biofertilizer
mothbeans,73.5,62.5,34.4,6.93,MOP,54.9,933.3,Poultry Manure
papaya,72.5,48.9,63.3,8.49,DAP,37.9,1023.3,Neem Cake
apple,32.0,58.8,46.9,6.29,Urea,73.0,474.5,Farmyard Manure (FYM)
maize,63.5,0.0,43.4,6.41,DAP,98.0,2646.0,Neem Cake
coffee,61.0,26.5,71.2,6.14,DAP,70.6,1906.2,Green Manure
rice,73.3,31.2,45.5,7.2,DAP,67.8,1830.6,Compost + Biofertilizer
pigeonpeas,50.3,93.3,26.9,6.39,MOP,74.7,1269.9,Farmyard Manure (FYM)
blackgram,76.9,65.8,31.2,5.92,MOP,49.0,833.0,Neem Cake
maize,59.1,46.8,38.1,5.77,MOP,75.5,1283.5,Vermicompost
mothbeans,55.4,22.0,26.6,6.02,DAP,108.1,2918.7,Neem Cake
chickpea,17.7,44.7,48.4,6.45,Urea,107.2,696.8,Compost + Biofertilizer
lentil,92.5,43.5,57.5,5.49,DAP,50.0,1350.0,Neem Cake
jute,21.8,44.0,46.5,6.42,Urea,105.0,682.5,Neem Cake
mango,21.1,38.8,45.2,8.31,Urea,105.3,684.45,Neem Cake
orange,34.9,72.9,32.0,4.78,Urea,90.1,585.65,Compost + Biofertilizer
jute,66.6,24.2,69.4,5.97,DAP,63.2,1706.4,Green Manure
pomegranate,52.2,20.4,70.3,6.72,DAP,74.7,2016.9,Vermicompost
mango,38.2,0.0,40.3,7.93,DAP,124.0,3348.0,Compost + Biofertilizer
banana,51.9,48.7,42.7,6.43,Urea,67.6,439.4,Farmyard Manure (FYM)
pigeonpeas,28.3,65.3,25.7,6.89,Urea,94.6,614.9,Vermicompost
pomegranate,98.4,71.8,49.4,6.83,MOP,26.5,450.5,Farmyard Manure (FYM)
coffee,57.9,64.7,36.6,6.81,MOP,59.2,1006.4,Neem Cake
grapes,85.4,80.3,13.7,7.64,MOP,61.6,1047.2,Vermicompost
mango,67.7,41.9,47.5,7.56,DAP,57.5,1552.5,Compost + Biofertilizer
rice,73.7,50.0,20.5,5.77,MOP,69.2,1176.4,Compost + Biofertilizer
mungbean,68.7,76.7,43.2,7.06,MOP,47.9,814.3,Poultry Manure
coffee,59.0,45.1,0.0,5.73,MOP,105.5,1793.5,Neem Cake
pomegranate,87.2,48.0,27.6,6.73,MOP,64.5,1096.5,Neem Cake
mothbeans,36.0,22.5,87.7,5.3,Urea,99.0,643.5,Compost + Biofertilizer
grapes,86.0,39.2,57.0,6.78,DAP,30.4,820.8,Farmyard Manure (FYM)
blackgram,58.9,39.6,80.8,6.23,Urea,61.4,399.1,Green Manure
coconut,107.2,70.5,77.3,6.74,NPK 19-19-19,18.6,446.4,Green Manure
watermelon,91.2,46.9,33.2,6.55,MOP,58.7,997.9,Vermicompost
grapes,71.9,19.3,60.8,6.76,DAP,63.1,1703.7,Neem Cake
coconut,65.4,49.6,69.8,4.59,Urea,43.0,279.5,Poultry Manure
coffee,44.4,19.4,80.7,8.21,DAP,83.5,2254.5,Green Manure
lentil,26.9,71.8,41.4,6.18,Urea,83.9,545.35,Farmyard Manure (FYM)
pigeonpeas,83.5,34.8,60.3,7.03,DAP,47.6,1285.2,Neem Cake
mungbean,0.7,47.9,61.5,5.51,Urea,105.2,683.8,Farmyard Manure (FYM)
maize,60.0,74.7,40.4,6.54,Urea,54.5,354.25,Neem Cake
cotton,60.7,35.4,51.0,6.06,DAP,72.3,1952.1,Farmyard Manure (FYM)
pomegranate,0.0,29.8,64.5,6.81,Urea,117.3,762.45,Green Manure
cotton,66.5,52.8,62.3,6.8,Urea,43.5,282.75,Poultry Manure
banana,61.5,50.1,76.1,4.5,Urea,47.5,308.75,Farmyard Manure (FYM)
mothbeans,84.3,73.8,72.2,7.46,NPK 10-26-26,17.3,397.9,Green Manure
mango,40.3,38.0,31.8,5.82,Urea,105.9,688.35,Poultry Manure
rice,13.9,23.7,44.0,6.01,Urea,132.2,859.3,Compost + Biofertilizer
jute,75.1,32.1,85.4,6.53,DAP,43.4,1171.8,Poultry Manure
apple,61.4,46.2,38.8,5.25,MOP,62.4,1060.8,Vermicompost
chickpea,67.2,21.0,64.5,6.15,DAP,65.0,1755.0,Green Manure
mothbeans,78.7,40.4,93.0,6.9,DAP,37.7,1017.9,Vermicompost
apple,59.9,23.5,32.8,6.98,DAP,100.8,2721.6,Green Manure
banana,60.0,24.8,12.3,8.23,MOP,116.8,1985.6,Farmyard Manure (FYM)
mango,59.4,63.6,42.6,6.28,Urea,43.6,283.4,Poultry Manure
mothbeans,80.5,36.8,75.7,6.02,DAP,47.5,1282.5,Farmyard Manure (FYM)
coffee,50.8,44.2,19.1,7.14,MOP,95.3,1620.1,Poultry Manure
banana,34.6,77.1,27.1,7.38,Urea,95.8,622.7,Green Manure
maize,66.4,29.1,44.8,6.39,DAP,75.6,2041.2,Neem Cake
maize,34.5,24.6,85.2,6.09,Urea,87.8,570.7,Green Manure
pigeonpeas,28.1,24.2,71.0,6.96,Urea,111.3,723.45,Poultry Manure
maize,96.8,53.4,63.2,5.07,DAP,29.5,796.5,Farmyard Manure (FYM)
maize,43.8,71.1,45.7,7.27,Urea,56.9,369.85,Green Manure
banana,59.3,26.1,94.8,6.59,DAP,66.5,1795.5,Farmyard Manure (FYM)
maize,28.4,61.7,29.8,6.14,Urea,98.9,642.85,Vermicompost
apple,49.7,61.6,31.9,6.33,Urea,69.2,449.8,Vermicompost
watermelon,42.7,76.6,43.6,6.49,Urea,68.0,442.0,Farmyard Manure (FYM)
jute,77.7,59.2,55.5,7.49,NPK 10-26-26,23.8,547.4,Vermicompost
banana,0.0,66.8,44.4,7.19,Urea,113.2,735.8,Poultry Manure
coffee,74.0,36.1,13.3,5.71,MOP,89.7,1524.9,Compost + Biofertilizer
apple,86.8,53.7,47.8,7.82,MOP,38.1,647.7,Poultry Manure
banana,76.5,42.5,12.1,6.65,MOP,84.0,1428.0,Farmyard Manure (FYM)
cotton,29.2,43.1,32.7,7.09,Urea,102.9,668.85,Compost + Biofertilizer
mungbean,38.8,56.3,22.5,6.37,Urea,93.6,608.4,Vermicompost
lentil,22.9,33.8,27.5,7.46,Urea,125.5,815.75,Vermicompost
mungbean,59.8,59.6,57.6,6.41,Urea,43.3,281.45,Farmyard Manure (FYM)
kidneybeans,50.0,95.9,19.0,8.39,MOP,79.1,1344.7,Neem Cake
banana,123.6,11.9,49.1,6.41,DAP,71.8,1938.6,Compost + Biofertilizer
mango,51.0,34.7,0.0,6.63,MOP,125.9,2140.3,Green Manure
rice,59.7,47.0,72.6,5.26,Urea,52.4,340.6,Compost + Biofertilizer
papaya,102.9,59.9,5.1,8.75,MOP,64.3,1093.1,Green Manure
mothbeans,82.5,11.5,34.2,7.61,DAP,83.5,2254.5,Poultry Manure
coffee,58.8,35.1,13.9,6.14,MOP,107.0,1819.0,Neem Cake
lentil,45.7,41.4,30.6,5.91,Urea,88.5,575.25,Neem Cake
maize,28.3,44.2,23.8,6.49,Urea,119.0,773.5,Neem Cake
cotton,37.0,40.0,67.2,5.98,Urea,76.3,495.95,Compost + Biofertilizer
mango,17.6,48.1,85.3,6.07,Urea,89.1,579.15,Poultry Manure
blackgram,82.7,31.2,37.9,6.59,DAP,70.1,1892.7,Green Manure
pigeonpeas,47.0,60.3,36.6,5.71,Urea,69.8,453.7,Poultry Manure
blackgram,60.2,43.0,44.5,6.07,Urea,69.0,448.5,Neem Cake
pomegranate,98.3,95.6,58.5,7.19,NPK 10-26-26,16.4,377.2,Poultry Manure
chickpea,70.8,76.8,27.3,5.79,MOP,52.0,884.0,Vermicompost
banana,45.9,43.5,38.9,5.28,Urea,77.8,505.7,Green Manure
papaya,35.1,84.2,69.5,6.96,Urea,59.5,386.75,Poultry Manure
maize,92.5,43.8,48.5,7.99,DAP,46.4,1252.8,Compost + Biofertilizer
blackgram,54.2,23.0,62.4,7.64,DAP,87.6,2365.2,Compost + Biofertilizer
banana,40.3,37.6,63.5,6.71,Urea,72.3,469.95,Vermicompost
grapes,44.0,37.6,18.1,6.69,MOP,107.6,1829.2,Poultry Manure
muskmelon,80.4,41.6,46.2,7.54,DAP,45.0,1215.0,Vermicompost
maize,58.1,42.7,13.9,5.67,MOP,101.6,1727.2,Vermicompost
blackgram,29.5,33.3,34.9,7.51,Urea,110.8,720.2,Poultry Manure
lentil,65.7,42.0,32.8,6.72,MOP,78.0,1326.0,Green Manure
coffee,105.4,51.1,17.1,5.91,MOP,65.8,1118.6,Vermicompost
muskmelon,66.8,19.3,53.6,5.83,DAP,77.9,2103.3,Green Manure
coffee,53.5,61.4,46.9,5.45,Urea,61.6,400.4,Compost + Biofertilizer
coconut,50.5,44.8,44.0,6.99,Urea,69.2,449.8,Compost + Biofertilizer
coffee,50.3,81.8,36.1,7.17,Urea,70.2,456.3,Farmyard Manure (FYM)
orange,65.6,22.5,54.2,6.61,DAP,70.6,1906.2,Neem Cake
pomegranate,90.2,12.1,37.5,5.98,DAP,79.0,2133.0,Farmyard Manure (FYM)
mango,73.5,52.2,66.7,6.86,DAP,23.4,631.8,Green Manure
apple,58.7,61.9,58.8,7.15,Urea,43.1,280.15,Vermicompost
lentil,77.9,39.5,20.3,5.88,MOP,82.4,1400.8,Compost + Biofertilizer
apple,25.6,8.4,72.6,6.65,Urea,112.7,732.55,Compost + Biofertilizer
lentil,41.6,56.0,15.5,6.8,MOP,95.0,1615.0,Green Manure
apple,20.3,71.0,68.2,7.97,Urea,72.3,469.95,Poultry Manure
maize,115.0,57.1,46.2,7.31,MOP,29.5,501.5,Poultry Manure
watermelon,51.2,42.8,65.7,7.63,Urea,59.2,384.8,Farmyard Manure (FYM)
jute,46.4,25.1,76.4,6.05,DAP,80.7,2178.9,Poultry Manure
mothbeans,48.7,43.7,47.3,6.47,Urea,80.1,520.65,Compost + Biofertilizer
rice,72.2,31.8,65.6,7.47,DAP,52.9,1428.3,Neem Cake
cotton,90.5,34.0,69.9,7.09,DAP,39.4,1063.8,Poultry Manure
mothbeans,53.6,54.6,63.7,6.43,Urea,47.4,308.1,Poultry Manure
cotton,71.5,2.3,21.1,6.96,DAP,110.1,2972.7,Compost + Biofertilizer
mungbean,72.8,22.4,81.4,6.22,DAP,67.6,1825.2,Poultry Manure
muskmelon,75.8,11.3,13.1,5.27,DAP,113.8,3072.6,Green Manure
banana,63.9,30.5,53.0,6.37,DAP,66.7,1800.9,Farmyard Manure (FYM)
rice,59.7,26.3,55.3,5.94,DAP,68.0,1836.0,Compost + Biofertilizer
grapes,84.0,65.0,69.5,6.31,NPK 19-19-19,22.7,544.8,Vermicompost
cotton,48.2,46.1,65.4,7.39,Urea,65.1,423.15,Farmyard Manure (FYM)
lentil,46.9,64.6,68.9,5.25,Urea,58.0,377.0,Poultry Manure
mothbeans,54.7,26.8,34.8,6.99,DAP,101.6,2743.2,Neem Cake
grapes,84.7,62.8,73.4,5.95,NPK 19-19-19,25.2,604.8,Neem Cake
cotton,79.3,52.6,45.4,6.28,MOP,47.6,809.2,Green Manure
banana,68.7,72.0,56.9,7.53,Urea,30.5,198.25,Compost + Biofertilizer
muskmelon,58.8,52.6,54.7,5.99,Urea,59.5,386.75,Poultry Manure
grapes,97.5,58.0,20.9,6.12,MOP,55.6,945.2,Green Manure
coffee,37.9,14.6,52.2,5.85,DAP,105.3,2843.1,Vermicompost
muskmelon,43.3,19.0,27.2,5.89,DAP,117.2,3164.4,Poultry Manure
jute,115.6,33.2,38.0,6.51,DAP,67.6,1825.2,Green Manure
blackgram,76.7,73.0,23.4,5.75,MOP,48.9,831.3,Green Manure
cotton,75.8,77.2,39.5,6.53,MOP,47.7,810.9,Neem Cake
rice,76.7,22.2,56.0,6.27,DAP,54.5,1471.5,Poultry Manure
mungbean,59.6,11.4,25.2,5.78,DAP,106.7,2880.9,Neem Cake
cotton,81.2,60.5,45.0,5.08,MOP,34.5,586.5,Farmyard Manure (FYM)
coconut,76.6,0.0,37.4,6.04,DAP,88.7,2394.9,Farmyard Manure (FYM)
mothbeans,85.7,19.6,32.2,5.52,DAP,77.7,2097.9,Neem Cake
apple,42.9,79.8,38.6,7.4,Urea,84.5,549.25,Compost + Biofertilizer
apple,86.1,27.2,79.6,7.61,DAP,54.1,1460.7,Vermicompost
pomegranate,63.6,55.4,26.5,6.22,MOP,64.8,1101.6,Neem Cake
apple,75.2,63.8,57.6,6.83,NPK 19-19-19,24.3,583.2,Farmyard Manure (FYM)
coconut,59.0,52.3,36.0,6.53,MOP,66.0,1122.0,Compost + Biofertilizer
maize,16.6,14.4,51.5,6.08,Urea,124.0,806.0,Green Manure
jute,43.1,84.6,35.7,6.48,Urea,70.9,460.85,Farmyard Manure (FYM)
pigeonpeas,61.2,57.9,57.6,5.68,Urea,26.2,170.3,Green Manure
papaya,87.7,24.4,71.7,6.93,DAP,53.6,1447.2,Neem Cake
banana,41.2,29.6,40.1,6.34,Urea,99.5,646.75,Compost + Biofertilizer
apple,69.1,53.5,25.5,6.92,MOP,67.9,1154.3,Compost + Biofertilizer
kidneybeans,1.9,9.4,60.4,4.78,Urea,139.0,903.5,Green Manure
blackgram,14.8,86.7,34.4,6.84,Urea,101.8,661.7,Compost + Biofertilizer
coffee,48.8,47.0,53.6,6.92,Urea,65.0,422.5,Green Manure
mungbean,27.3,76.4,66.7,7.22,Urea,70.0,455.0,Poultry Manure
watermelon,48.0,53.3,90.3,6.0,Urea,54.3,352.95,Poultry Manure
kidneybeans,79.9,40.4,46.1,6.76,DAP,53.7,1449.9,Farmyard Manure (FYM)
mungbean,49.6,55.9,57.1,6.44,Urea,55.3,359.45,Vermicompost
papaya,8.6,75.9,67.7,6.38,Urea,88.6,575.9,Vermicompost
blackgram,72.1,42.8,64.6,5.42,DAP,42.2,1139.4,Green Manure
jute,35.8,77.0,8.4,7.06,MOP,107.1,1820.7,Compost + Biofertilizer
maize,83.2,31.7,49.2,6.24,DAP,66.8,1803.6,Poultry Manure
grapes,28.1,59.0,32.6,6.55,Urea,93.3,606.45,Vermicompost
papaya,26.8,29.8,29.8,5.64,Urea,130.0,845.0,Compost + Biofertilizer
grapes,80.8,48.5,23.6,5.95,MOP,61.2,1040.4,Green Manure
apple,24.3,13.8,21.9,6.63,Urea,144.6,939.9,Neem Cake
banana,102.4,39.3,31.2,6.54,MOP,57.6,979.2,Poultry Manure
cotton,45.4,21.2,16.3,6.64,MOP,126.1,2143.7,Green Manure
blackgram,71.3,28.7,73.7,7.02,DAP,53.5,1444.5,Green Manure
watermelon,81.4,22.0,47.7,6.77,DAP,69.3,1871.1,Compost + Biofertilizer
banana,59.7,19.1,35.7,6.87,DAP,92.0,2484.0,Green Manure
banana,80.7,2.7,56.9,5.9,DAP,72.7,1962.9,Compost + Biofertilizer
kidneybeans,81.6,14.1,64.6,6.09,DAP,59.9,1617.3,Green Manure
watermelon,38.6,54.9,52.3,7.15,Urea,76.5,497.25,Compost + Biofertilizer
muskmelon,36.6,15.0,90.4,7.49,DAP,88.8,2397.6,Poultry Manure
chickpea,80.5,76.7,47.7,6.06,MOP,23.9,406.3,Neem Cake
mothbeans,8.2,37.2,54.0,7.25,Urea,119.6,777.4,Poultry Manure
mothbeans,54.2,99.1,47.6,6.54,Urea,50.9,330.85,Farmyard Manure (FYM)
grapes,85.5,34.0,49.2,6.51,DAP,54.8,1479.6,Poultry Manure
orange,42.4,54.9,20.1,5.69,MOP,101.8,1730.6,Poultry Manure
rice,65.2,38.7,39.8,5.82,DAP,73.0,1971.0,Green Manure
banana,62.9,40.9,46.5,7.34,DAP,70.0,1890.0,Farmyard Manure (FYM)
kidneybeans,72.9,25.9,63.6,7.36,DAP,60.7,1638.9,Compost + Biofertilizer
chickpea,84.9,29.3,20.0,5.96,MOP,80.6,1370.2,Poultry Manure
orange,76.6,52.8,57.6,6.76,DAP,26.4,712.8,Neem Cake
watermelon,106.8,55.9,40.5,6.04,MOP,47.4,805.8,Green Manure
coffee,122.7,49.8,29.0,6.59,MOP,56.1,953.7,Neem Cake
kidneybeans,54.4,56.0,65.1,7.02,Urea,51.6,335.4,Compost + Biofertilizer
mungbean,62.3,53.3,30.5,6.42,MOP,66.9,1137.3,Poultry Manure
coconut,58.3,60.6,21.4,6.57,MOP,79.9,1358.3,Vermicompost
pomegranate,63.9,13.9,23.6,6.88,DAP,109.9,2967.3,Poultry Manure
banana,99.4,49.2,75.0,6.86,DAP,32.6,880.2,Neem Cake
kidneybeans,50.8,31.2,49.5,7.12,Urea,79.9,519.35,Farmyard Manure (FYM)
kidneybeans,51.7,40.9,20.1,6.06,MOP,106.2,1805.4,Neem Cake
blackgram,69.3,74.7,67.6,6.77,Urea,29.8,193.7,Neem Cake
rice,93.6,71.1,101.1,6.3,NPK 19-19-19,15.4,369.6,Vermicompost
grapes,54.9,42.3,29.4,5.44,MOP,87.2,1482.4,Green Manure
watermelon,78.1,47.3,50.0,7.12,DAP,37.9,1023.3,Green Manure
banana,47.0,47.4,60.3,6.44,Urea,55.1,358.15,Neem Cake
coffee,82.8,48.6,67.2,7.45,DAP,36.5,985.5,Neem Cake
mungbean,52.6,7.3,13.4,5.9,DAP,131.3,3545.1,Green Manure
grapes,56.8,59.0,19.7,5.52,MOP,78.4,1332.8,Poultry Manure
pomegranate,58.6,33.8,70.2,7.43,DAP,62.0,1674.0,Compost + Biofertilizer
kidneybeans,85.0,56.4,49.9,5.3,MOP,29.3,498.1,Green Manure
grapes,53.8,30.3,45.0,7.29,DAP,95.2,2570.4,Poultry Manure
mango,50.5,0.0,62.0,5.85,DAP,101.5,2740.5,Poultry Manure
cotton,77.1,64.7,40.1,5.92,MOP,37.8,642.6,Farmyard Manure (FYM)
lentil,71.0,41.9,0.0,7.45,MOP,94.9,1613.3,Vermicompost
blackgram,58.9,20.0,93.1,7.1,DAP,76.2,2057.4,Farmyard Manure (FYM)
mango,25.0,24.4,83.2,6.56,Urea,100.2,651.3,Vermicompost
muskmelon,97.9,44.7,36.7,6.56,MOP,47.5,807.5,Neem Cake
coffee,0.0,20.3,55.4,6.83,Urea,125.7,817.05,Green Manure
lentil,61.6,41.7,47.3,7.52,Urea,58.5,380.25,Vermicompost
pigeonpeas,63.9,66.1,46.9,7.12,Urea,36.8,239.2,Neem Cake
muskmelon,38.0,66.9,32.3,6.42,Urea,83.4,542.1,Neem Cake
papaya,39.7,45.1,49.7,7.61,Urea,73.7,479.05,Compost + Biofertilizer
cotton,50.5,64.6,95.9,6.46,Urea,49.0,318.5,Neem Cake
mothbeans,45.8,13.1,57.1,6.56,DAP,95.0,2565.0,Compost + Biofertilizer
papaya,65.1,49.2,60.6,7.0,Urea,43.3,281.45,Poultry Manure
rice,49.0,40.1,90.0,7.16,Urea,72.6,471.9,Green Manure
mungbean,40.5,36.4,55.8,7.58,Urea,79.8,518.7,Compost + Biofertilizer
chickpea,83.5,39.3,72.8,5.54,DAP,37.4,1009.8,Green Manure
mungbean,76.0,76.7,29.5,6.2,MOP,55.0,935.0,Poultry Manure
orange,86.6,37.8,27.1,5.33,MOP,68.2,1159.4,Poultry Manure
coffee,91.0,21.5,48.9,6.34,DAP,62.5,1687.5,Compost + Biofertilizer
lentil,32.5,36.9,17.7,6.95,Urea,118.5,770.25,Vermicompost
rice,89.3,38.8,52.2,6.31,DAP,44.8,1209.6,Poultry Manure
rice,46.4,47.7,40.2,6.09,Urea,79.4,516.1,Neem Cake
cotton,32.7,45.3,84.3,6.23,Urea,83.6,543.4,Farmyard Manure (FYM)
papaya,8.7,44.3,52.4,6.31,Urea,111.4,724.1,Green Manure
mango,78.6,27.5,82.0,7.21,DAP,49.0,1323.0,Vermicompost
mango,101.5,38.5,34.3,6.22,MOP,67.9,1154.3,Green Manure
muskmelon,78.7,38.4,79.4,5.82,DAP,38.9,1050.3,Poultry Manure
chickpea,55.6,43.0,0.0,5.92,MOP,112.1,1905.7,Green Manure
lentil,133.9,66.9,45.6,6.66,MOP,31.1,528.7,Green Manure
muskmelon,49.7,2.5,22.8,6.16,DAP,127.7,3447.9,Compost + Biofertilizer
jute,39.1,35.1,74.4,6.32,Urea,87.5,568.75,Green Manure
maize,63.3,67.9,56.6,5.53,Urea,48.5,315.25,Vermicompost
mango,63.5,59.9,35.4,7.38,MOP,57.5,977.5,Poultry Manure
kidneybeans,65.7,44.0,37.0,6.5,MOP,63.4,1077.8,Neem Cake
orange,63.8,27.6,61.0,7.31,DAP,60.7,1638.9,Vermicompost
pigeonpeas,37.6,18.5,22.8,5.89,Urea,130.1,845.65,Vermicompost
pomegranate,55.4,56.8,27.4,7.05,MOP,78.7,1337.9,Neem Cake
watermelon,77.8,43.1,32.3,6.03,MOP,62.2,1057.4,Farmyard Manure (FYM)
lentil,8.2,28.5,40.0,6.26,Urea,131.8,856.7,Green Manure
watermelon,38.2,13.3,74.0,6.1,DAP,109.2,2948.4,Vermicompost
muskmelon,74.2,55.6,18.7,6.72,MOP,71.0,1207.0,Compost + Biofertilizer
mothbeans,49.7,69.6,60.0,6.5,Urea,46.1,299.65,Green Manure
jute,66.1,53.2,39.7,5.3,MOP,48.5,824.5,Vermicompost
jute,33.6,47.4,45.0,6.19,Urea,78.2,508.3,Green Manure
chickpea,78.1,25.5,32.0,7.76,DAP,72.4,1954.8,Compost + Biofertilizer
papaya,72.5,32.6,38.5,7.28,DAP,70.5,1903.5,Poultry Manure
coconut,26.2,42.8,18.4,6.09,Urea,121.6,790.4,Neem Cake
coconut,49.2,47.3,59.1,7.31,Urea,49.2,319.8,Poultry Manure
papaya,76.0,40.3,28.9,6.9,MOP,77.1,1310.7,Neem Cake
pomegranate,22.2,45.4,26.6,6.16,Urea,128.8,837.2,Green Manure
watermelon,72.2,80.0,70.5,7.34,Urea,25.5,165.75,Green Manure
orange,58.6,30.3,48.6,6.45,DAP,75.3,2033.1,Neem Cake
orange,40.0,32.5,41.2,6.74,Urea,104.0,676.0,Compost + Biofertilizer
muskmelon,92.1,29.7,62.0,7.02,DAP,48.0,1296.0,Poultry Manure
mothbeans,34.6,75.9,47.5,5.34,Urea,72.0,468.0,Compost + Biofertilizer
watermelon,70.4,42.9,26.3,6.83,MOP,70.2,1193.4,Neem Cake
blackgram,35.1,49.0,35.7,6.24,Urea,87.9,571.35,Neem Cake
watermelon,88.1,89.0,54.5,7.53,MOP,29.8,506.6,Poultry Manure
papaya,113.4,31.5,38.1,6.61,DAP,62.7,1692.9,Compost + Biofertilizer
rice,79.5,44.3,70.3,6.36,DAP,31.4,847.8,Green Manure
mango,53.7,46.8,38.1,6.45,Urea,71.4,464.1,Farmyard Manure (FYM)
banana,0.0,62.1,67.3,8.13,Urea,90.8,590.2,Vermicompost
coffee,56.2,72.2,40.3,6.5,Urea,53.1,345.15,Neem Cake
kidneybeans,78.6,72.8,63.2,6.15,NPK 10-26-26,27.7,637.1,Green Manure
mothbeans,29.6,33.9,38.9,6.77,Urea,111.0,721.5,Neem Cake
papaya,61.9,40.0,87.5,5.96,DAP,63.3,1709.1,Compost + Biofertilizer
pomegranate,62.0,19.4,35.0,6.68,DAP,94.9,2562.3,Green Manure
cotton,93.5,82.0,46.9,5.68,MOP,30.6,520.2,Poultry Manure
cotton,65.4,73.9,41.3,6.74,MOP,53.7,912.9,Green Manure
coconut,42.5,68.2,49.9,6.44,Urea,56.9,369.85,Neem Cake
muskmelon,51.7,51.3,19.0,6.36,MOP,95.7,1626.9,Neem Cake
pigeonpeas,0.0,59.8,30.8,5.97,Urea,117.9,766.35,Green Manure
maize,27.9,40.6,47.7,6.09,Urea,92.9,603.85,Vermicompost
papaya,19.7,90.0,35.4,5.8,Urea,98.0,637.0,Green Manure
coconut,62.7,11.9,23.5,7.33,DAP,118.7,3204.9,Vermicompost
grapes,72.8,53.4,68.9,5.77,Urea,31.6,205.4,Vermicompost
mungbean,48.1,68.2,7.8,6.63,MOP,100.9,1715.3,Green Manure
blackgram,80.5,97.9,30.3,6.65,MOP,48.3,821.1,Vermicompost
pigeonpeas,68.3,13.4,19.5,6.22,DAP,113.2,3056.4,Compost + Biofertilizer
mothbeans,46.7,47.3,78.6,7.09,Urea,48.5,315.25,Compost + Biofertilizer
banana,36.7,52.8,99.7,5.21,Urea,62.8,408.2,Green Manure
rice,42.5,49.7,38.1,7.17,Urea,82.0,533.0,Poultry Manure
orange,76.9,62.3,33.6,6.91,MOP,43.6,741.2,Vermicompost
cotton,46.8,19.7,38.7,8.17,DAP,111.2,3002.4,Poultry Manure
orange,51.4,56.7,28.6,5.66,MOP,76.1,1293.7,Green Manure
orange,85.0,128.7,23.1,6.42,MOP,46.7,793.9,Vermicompost
orange,83.2,33.2,47.5,7.48,DAP,46.7,1260.9,Vermicompost
maize,94.0,38.2,57.9,6.41,DAP,51.5,1390.5,Vermicompost
cotton,73.0,45.2,26.3,6.77,MOP,66.9,1137.3,Poultry Manure
lentil,84.2,38.7,88.8,6.07,DAP,37.1,1001.7,Poultry Manure
cotton,58.3,56.3,57.7,7.05,Urea,39.2,254.8,Compost + Biofertilizer
cotton,61.7,37.7,17.3,7.8,MOP,96.3,1637.1,Vermicompost
watermelon,103.4,34.3,70.5,6.85,DAP,40.4,1090.8,Compost + Biofertilizer
mungbean,13.1,40.7,27.3,6.32,Urea,128.2,833.3,Green Manure
muskmelon,65.9,23.6,60.4,7.1,DAP,61.1,1649.7,Compost + Biofertilizer
kidneybeans,107.3,49.7,55.6,6.77,DAP,45.1,1217.7,Farmyard Manure (FYM)
chickpea,72.6,39.8,85.9,6.56,DAP,32.1,866.7,Poultry Manure
rice,62.1,35.9,21.1,5.87,MOP,86.5,1470.5,Farmyard Manure (FYM)
mothbeans,56.4,68.9,29.5,5.26,MOP,63.9,1086.3,Poultry Manure
jute,86.9,13.2,38.4,7.19,DAP,80.3,2168.1,Vermicompost
pomegranate,25.6,23.0,21.9,6.35,Urea,134.5,874.25,Poultry Manure
pigeonpeas,87.6,8.9,37.9,6.44,DAP,82.1,2216.7,Green Manure
grapes,34.6,44.5,64.9,6.95,Urea,71.0,461.5,Neem Cake
blackgram,69.9,16.4,45.0,6.98,DAP,81.2,2192.4,Vermicompost
mango,69.4,45.4,52.7,7.18,DAP,46.6,1258.2,Neem Cake
chickpea,60.8,2.4,11.5,6.56,DAP,135.1,3647.7,Neem Cake
watermelon,51.3,42.8,86.2,5.51,Urea,58.2,378.3,Farmyard Manure (FYM)
lentil,63.5,33.7,86.1,5.89,DAP,59.3,1601.1,Farmyard Manure (FYM)
pigeonpeas,58.3,15.3,42.1,6.48,DAP,96.4,2602.8,Vermicompost
banana,97.7,26.9,27.3,6.28,DAP,84.8,2289.6,Poultry Manure
chickpea,40.7,55.6,55.3,4.88,Urea,66.1,429.65,Compost + Biofertilizer
blackgram,56.9,15.2,46.1,6.03,DAP,98.2,2651.4,Poultry Manure
watermelon,55.8,14.0,32.9,7.77,DAP,114.6,3094.2,Poultry Manure
cotton,73.6,30.7,65.9,6.57,DAP,44.8,1209.6,Farmyard Manure (FYM)
papaya,56.9,6.8,86.6,4.95,DAP,87.0,2349.0,Poultry Manure
mungbean,23.7,52.0,27.4,7.04,Urea,108.8,707.2,Compost + Biofertilizer
chickpea,44.8,36.3,61.7,7.68,Urea,75.0,487.5,Vermicompost
coffee,70.4,51.1,48.4,7.56,MOP,51.9,882.3,Neem Cake
pigeonpeas,12.5,48.9,49.2,6.61,Urea,96.2,625.3,Compost + Biofertilizer
coconut,57.1,38.4,0.0,7.68,MOP,105.9,1800.3,Poultry Manure
mango,60.3,40.4,58.4,6.63,Urea,58.1,377.65,Green Manure
blackgram,80.1,28.1,51.0,6.23,DAP,66.9,1806.3,Neem Cake
cotton,57.8,0.8,21.5,7.0,DAP,125.8,3396.6,Compost + Biofertilizer
mango,42.1,76.0,24.4,5.99,Urea,88.3,573.95,Farmyard Manure (FYM)
rice,12.1,15.9,35.3,7.54,Urea,137.0,890.5,Compost + Biofertilizer
watermelon,47.3,27.5,70.7,6.34,Urea,80.2,521.3,Compost + Biofertilizer
coffee,63.9,65.4,49.8,7.86,Urea,48.7,316.55,Neem Cake
pigeonpeas,50.2,11.1,20.9,6.33,DAP,125.6,3391.2,Poultry Manure
mango,50.1,36.0,24.8,6.83,MOP,100.2,1703.4,Vermicompost
coconut,34.4,30.2,45.9,5.6,Urea,100.4,652.6,Compost + Biofertilizer
maize,81.6,57.6,67.6,5.79,NPK 19-19-19,25.7,616.8,Green Manure
pigeonpeas,82.1,44.6,52.4,6.76,DAP,44.1,1190.7,Farmyard Manure (FYM)
mango,95.1,56.5,42.8,6.7,MOP,43.4,737.8,Poultry Manure
banana,55.5,60.7,72.7,7.22,Urea,44.9,291.85,Compost + Biofertilizer
apple,36.3,63.9,51.7,6.51,Urea,69.0,448.5,Compost + Biofertilizer
banana,69.2,27.1,35.9,7.03,DAP,87.5,2362.5,Green Manure
muskmelon,45.0,44.0,0.0,8.24,MOP,122.5,2082.5,Poultry Manure
pigeonpeas,47.5,26.7,42.0,6.26,DAP,104.5,2821.5,Green Manure
papaya,72.5,72.0,24.7,6.29,MOP,60.7,1031.9,Green Manure
jute,37.9,43.5,56.0,7.24,Urea,73.5,477.75,Neem Cake
blackgram,66.9,44.3,88.2,7.64,DAP,42.2,1139.4,Neem Cake
jute,56.9,19.2,29.8,7.14,DAP,103.4,2791.8,Farmyard Manure (FYM)
watermelon,33.4,77.1,40.0,7.21,Urea,77.2,501.8,Farmyard Manure (FYM)
grapes,74.7,61.2,52.5,6.99,MOP,23.6,401.2,Neem Cake
grapes,62.6,37.9,8.0,6.52,MOP,96.0,1632.0,Neem Cake
pigeonpeas,70.3,51.6,66.6,6.93,Urea,46.5,302.25,Poultry Manure
watermelon,68.5,99.3,76.1,6.2,Urea,25.2,163.8,Green Manure
pomegranate,56.2,4.4,44.9,6.33,DAP,107.1,2891.7,Compost + Biofertilizer
coffee,39.6,21.9,54.6,6.44,Urea,89.5,581.75,Neem Cake
coffee,64.6,24.0,43.8,5.79,DAP,84.8,2289.6,Green Manure
pigeonpeas,79.7,36.5,28.5,5.74,MOP,64.0,1088.0,Compost + Biofertilizer
mango,57.2,56.8,48.8,5.84,Urea,55.2,358.8,Green Manure
jute,58.0,59.9,41.5,6.45,Urea,64.7,420.55,Neem Cake
muskmelon,87.3,67.0,57.0,5.84,NPK 10-26-26,16.4,377.2,Poultry Manure
watermelon,87.1,53.7,13.1,5.81,MOP,64.8,1101.6,Compost + Biofertilizer
apple,71.6,63.2,60.6,7.14,Urea,29.4,191.1,Farmyard Manure (FYM)
papaya,66.3,57.5,11.7,6.69,MOP,83.3,1416.1,Poultry Manure
mungbean,89.5,61.1,26.7,5.61,MOP,49.4,839.8,Compost + Biofertilizer
mungbean,62.7,39.6,53.3,7.33,DAP,63.2,1706.4,Vermicompost
maize,62.7,43.6,73.5,6.03,Urea,46.2,300.3,Vermicompost
banana,43.8,52.2,52.5,6.22,Urea,68.3,443.95,Green Manure
pigeonpeas,64.6,31.9,55.1,5.31,DAP,59.5,1606.5,Farmyard Manure (FYM)
watermelon,82.7,30.8,31.7,7.1,DAP,62.0,1674.0,Green Manure
pomegranate,58.9,40.9,102.4,5.91,Urea,60.3,391.95,Poultry Manure
mango,60.7,36.4,58.5,6.12,DAP,58.4,1576.8,Vermicompost
maize,62.6,46.6,76.1,7.1,Urea,44.1,286.65,Farmyard Manure (FYM)
orange,79.6,32.3,32.1,5.78,MOP,65.0,1105.0,Neem Cake
blackgram,105.8,25.8,78.6,7.42,DAP,55.0,1485.0,Compost + Biofertilizer
coffee,61.8,79.2,40.7,6.55,MOP,53.2,904.4,Farmyard Manure (FYM)
grapes,64.4,43.9,55.2,7.09,DAP,53.5,1444.5,Compost + Biofertilizer
pigeonpeas,70.8,41.9,63.3,6.47,DAP,45.5,1228.5,Compost + Biofertilizer
apple,91.7,43.5,30.9,7.5,MOP,65.2,1108.4,Farmyard Manure (FYM)
maize,61.1,48.0,57.8,6.66,Urea,53.0,344.5,Poultry Manure
chickpea,65.2,25.6,36.5,6.16,DAP,88.1,2378.7,Compost + Biofertilizer
grapes,86.1,62.9,57.7,5.24,NPK 10-26-26,15.0,345.0,Compost + Biofertilizer
lentil,45.5,57.9,29.9,6.86,Urea,85.5,555.75,Compost + Biofertilizer
watermelon,44.8,58.9,68.7,6.08,Urea,43.2,280.8,Vermicompost
mothbeans,45.2,81.1,92.3,6.76,Urea,49.0,318.5,Poultry Manure
coffee,25.3,23.0,0.0,5.7,MOP,153.3,2606.1,Vermicompost
apple,26.8,42.3,40.4,7.2,Urea,104.3,677.95,Neem Cake
coconut,91.3,42.6,9.1,7.11,MOP,87.0,1479.0,Vermicompost
jute,84.3,74.4,6.9,6.46,MOP,69.0,1173.0,Green Manure
pomegranate,76.8,71.2,79.2,6.99,NPK 10-26-26,23.8,547.4,Compost + Biofertilizer
muskmelon,47.3,44.6,41.9,7.91,Urea,76.5,497.25,Poultry Manure
lentil,63.2,39.2,37.5,5.9,MOP,75.8,1288.6,Vermicompost
chickpea,69.9,46.6,42.9,6.2,MOP,54.1,919.7,Poultry Manure
papaya,72.5,59.6,63.1,6.45,Urea,35.3,229.45,Farmyard Manure (FYM)
apple,60.5,23.6,22.4,6.73,MOP,102.4,1740.8,Compost + Biofertilizer
lentil,69.1,30.7,38.6,6.86,DAP,80.9,2184.3,Green Manure
blackgram,30.0,67.2,31.8,5.97,Urea,87.7,570.05,Vermicompost
banana,51.6,35.7,12.5,7.24,MOP,107.8,1832.6,Compost + Biofertilizer
maize,55.6,16.3,50.1,5.44,DAP,93.3,2519.1,Green Manure
kidneybeans,93.8,42.7,44.2,6.35,DAP,49.2,1328.4,Vermicompost
coconut,15.5,41.5,17.1,6.58,Urea,135.1,878.15,Farmyard Manure (FYM)
mothbeans,69.9,65.0,12.0,6.29,MOP,70.0,1190.0,Compost + Biofertilizer
pigeonpeas,91.3,47.8,0.0,6.03,MOP,89.5,1521.5,Compost + Biofertilizer
lentil,78.6,75.2,31.0,4.06,MOP,41.0,697.0,Green Manure
chickpea,90.5,32.6,29.0,7.24,MOP,74.9,1273.3,Compost + Biofertilizer
papaya,66.4,49.2,43.9,7.09,MOP,50.1,851.7,Vermicompost
chickpea,127.9,71.1,89.1,5.21,NPK 10-26-26,15.3,351.9,Poultry Manure
pomegranate,95.9,51.9,67.5,6.19,DAP,30.0,810.0,Compost + Biofertilizer
mothbeans,98.1,47.5,42.2,7.62,MOP,45.8,778.6,Neem Cake
grapes,49.5,27.2,76.5,4.96,DAP,74.7,2016.9,Poultry Manure
rice,86.0,58.3,32.5,6.14,MOP,51.3,872.1,Green Manure
muskmelon,51.8,46.1,48.9,5.91,Urea,67.7,440.05,Farmyard Manure (FYM)
muskmelon,65.5,44.1,77.7,6.02,DAP,50.1,1352.7,Vermicompost
mungbean,53.4,78.3,61.7,7.17,Urea,37.8,245.7,Compost + Biofertilizer
jute,42.6,52.2,54.5,5.18,Urea,63.7,414.05,Poultry Manure
blackgram,76.1,62.2,41.3,5.58,MOP,38.9,661.3,Vermicompost
kidneybeans,55.4,0.0,23.5,6.29,DAP,120.1,3242.7,Poultry Manure
pigeonpeas,33.8,66.0,51.4,6.59,Urea,71.9,467.35,Neem Cake
coffee,74.5,27.3,35.1,6.88,DAP,81.4,2197.8,Compost + Biofertilizer
banana,55.5,57.9,80.5,5.02,Urea,50.1,325.65,Farmyard Manure (FYM)
lentil,73.3,39.5,28.0,6.42,MOP,75.9,1290.3,Compost + Biofertilizer
mothbeans,80.1,57.5,59.5,6.8,NPK 19-19-19,19.6,470.4,Poultry Manure
blackgram,66.2,41.1,63.0,4.58,DAP,47.6,1285.2,Vermicompost
jute,0.0,37.3,36.3,6.92,Urea,123.2,800.8,Green Manure
maize,41.5,56.1,38.6,7.39,Urea,75.5,490.75,Farmyard Manure (FYM)
kidneybeans,82.0,56.6,44.0,5.92,MOP,36.9,627.3,Compost + Biofertilizer
coffee,36.6,36.4,59.1,6.67,Urea,79.7,518.05,Vermicompost
kidneybeans,57.4,80.5,80.5,7.15,Urea,35.5,230.75,Poultry Manure
blackgram,88.6,45.7,51.6,6.42,DAP,38.0,1026.0,Neem Cake
coconut,49.1,3.7,59.2,6.06,DAP,93.9,2535.3,Compost + Biofertilizer
mango,91.9,43.6,69.7,5.83,DAP,33.3,899.1,Green Manure
coffee,78.2,46.8,64.8,7.42,DAP,34.5,931.5,Neem Cake
cotton,67.6,56.6,39.9,5.84,MOP,59.2,1006.4,Farmyard Manure (FYM)
kidneybeans,51.8,85.5,23.4,6.14,MOP,73.5,1249.5,Farmyard Manure (FYM)
muskmelon,61.2,40.3,67.2,6.0,DAP,52.6,1420.2,Green Manure
pigeonpeas,6.2,71.0,34.4,5.95,Urea,107.4,698.1,Farmyard Manure (FYM)
watermelon,46.4,7.9,76.9,5.45,DAP,95.6,2581.2,Green Manure
chickpea,26.2,6.0,17.8,6.84,DAP,153.7,4149.9,Neem Cake
papaya,70.9,19.6,35.2,9.01,DAP,84.1,2270.7,Neem Cake
muskmelon,63.4,57.5,55.7,7.12,Urea,44.3,287.95,Neem Cake
coconut,58.9,69.7,45.3,7.94,Urea,61.8,401.7,Neem Cake
blackgram,115.4,59.8,27.5,7.39,MOP,53.3,906.1,Poultry Manure
chickpea,0.0,57.8,50.8,6.68,Urea,108.2,703.3,Compost + Biofertilizer
chickpea,52.2,46.3,44.1,6.99,Urea,61.3,398.45,Poultry Manure
apple,23.1,55.4,59.0,5.98,Urea,77.7,505.05,Compost + Biofertilizer
watermelon,62.1,50.8,54.5,7.75,Urea,39.0,253.5,Poultry Manure
maize,46.2,22.3,68.9,5.79,DAP,88.4,2386.8,Vermicompost
watermelon,98.9,58.8,42.1,6.68,MOP,46.1,783.7,Farmyard Manure (FYM)
orange,140.0,49.0,51.1,6.8,DAP,29.2,788.4,Compost + Biofertilizer
maize,93.7,29.1,31.4,6.01,DAP,70.2,1895.4,Neem Cake
lentil,42.7,17.4,19.1,5.9,DAP,125.4,3385.8,Vermicompost
orange,52.9,44.8,53.0,8.1,Urea,64.8,421.2,Vermicompost
banana,81.1,62.5,39.9,7.23,MOP,35.8,608.6,Compost + Biofertilizer
lentil,91.5,48.3,34.2,6.16,MOP,62.3,1059.1,Compost + Biofertilizer
mungbean,42.8,26.8,40.4,8.29,Urea,102.9,668.85,Green Manure
apple,67.7,43.0,63.6,6.4,DAP,39.4,1063.8,Compost + Biofertilizer
grapes,66.1,42.9,78.0,7.22,DAP,44.2,1193.4,Compost + Biofertilizer
mungbean,48.1,51.4,93.8,5.91,Urea,51.4,334.1,Green Manure
pigeonpeas,78.0,59.2,33.7,6.07,MOP,43.8,744.6,Vermicompost
cotton,102.1,25.0,51.3,6.88,DAP,53.1,1433.7,Vermicompost
chickpea,52.6,77.9,79.8,7.04,Urea,43.3,281.45,Poultry Manure
rice,68.3,23.0,49.9,6.21,DAP,65.6,1771.2,Neem Cake
papaya,76.2,52.1,45.0,7.34,MOP,40.1,681.7,Poultry Manure
orange,82.0,42.1,39.8,7.05,MOP,61.8,1050.6,Vermicompost
coconut,54.9,52.6,30.0,6.09,MOP,75.8,1288.6,Vermicompost
chickpea,104.5,36.3,59.0,6.83,DAP,41.1,1109.7,Farmyard Manure (FYM)
banana,46.9,46.2,56.7,6.73,Urea,74.0,481.0,Compost + Biofertilizer
orange,113.2,16.5,45.5,7.66,DAP,68.3,1844.1,Poultry Manure
banana,57.7,36.6,62.0,5.92,DAP,57.2,1544.4,Vermicompost
apple,54.8,31.5,51.0,5.68,DAP,78.8,2127.6,Farmyard Manure (FYM)
coffee,23.1,37.3,76.8,5.52,Urea,97.8,635.7,Farmyard Manure (FYM)
pomegranate,70.1,32.4,30.9,5.87,MOP,77.1,1310.7,Farmyard Manure (FYM)
papaya,50.5,76.7,66.9,7.18,Urea,55.8,362.7,Farmyard Manure (FYM)
grapes,102.9,52.6,0.0,5.72,MOP,98.2,1669.4,Compost + Biofertilizer
maize,9.7,29.3,35.5,6.14,Urea,131.5,854.75,Vermicompost
kidneybeans,35.3,68.1,77.5,6.07,Urea,61.1,397.15,Compost + Biofertilizer
lentil,111.3,46.0,49.9,6.86,DAP,39.0,1053.0,Vermicompost
maize,62.0,65.8,8.3,6.57,MOP,79.2,1346.4,Farmyard Manure (FYM)
apple,34.2,73.7,59.0,7.75,Urea,66.0,429.0,Compost + Biofertilizer
cotton,51.6,31.5,46.3,6.53,DAP,84.0,2268.0,Compost + Biofertilizer
pigeonpeas,44.0,71.6,58.9,6.11,Urea,52.7,342.55,Neem Cake
mango,62.6,8.2,40.7,7.67,DAP,92.6,2500.2,Compost + Biofertilizer
papaya,53.0,34.9,17.8,8.29,MOP,106.1,1803.7,Vermicompost
mothbeans,80.0,46.3,49.1,6.55,DAP,42.0,1134.0,Green Manure
pomegranate,92.7,78.2,37.7,7.01,MOP,50.6,860.2,Green Manure
jute,81.5,42.0,48.8,6.93,DAP,62.3,1682.1,Vermicompost
banana,40.3,42.7,24.1,7.0,Urea,104.5,679.25,Poultry Manure
muskmelon,78.7,32.8,25.2,6.59,MOP,72.5,1232.5,Neem Cake
orange,39.1,88.3,40.3,5.9,Urea,78.5,510.25,Compost + Biofertilizer
coffee,74.4,18.6,46.2,6.41,DAP,77.8,2100.6,Compost + Biofertilizer
mothbeans,24.4,44.0,53.5,7.16,Urea,89.6,582.4,Neem Cake
mango,49.8,51.8,40.8,6.99,Urea,73.6,478.4,Compost + Biofertilizer
orange,27.3,93.9,65.0,6.15,Urea,67.2,436.8,Vermicompost
mungbean,29.9,82.9,29.0,7.17,Urea,99.9,649.35,Farmyard Manure (FYM)
apple,60.1,36.0,29.2,5.8,MOP,97.4,1655.8,Poultry Manure
mango,61.7,68.3,40.5,6.67,MOP,43.1,732.7,Farmyard Manure (FYM)
coconut,67.0,22.6,60.8,7.0,DAP,57.3,1547.1,Compost + Biofertilizer
mungbean,52.5,46.6,63.9,6.21,Urea,57.0,370.5,Neem Cake
kidneybeans,61.3,67.2,59.2,7.2,Urea,42.1,273.65,Poultry Manure
pomegranate,60.5,47.4,12.0,6.99,MOP,95.7,1626.9,Farmyard Manure (FYM)
banana,30.3,35.6,64.6,6.98,Urea,85.7,557.05,Poultry Manure
cotton,61.0,4.5,38.5,7.15,DAP,105.4,2845.8,Neem Cake
mothbeans,56.6,41.1,52.2,5.71,Urea,63.3,411.45,Green Manure
papaya,95.9,85.6,75.2,5.27,NPK 19-19-19,23.5,564.0,Green Manure
kidneybeans,49.0,76.3,39.2,6.01,Urea,66.2,430.3,Vermicompost
orange,31.5,71.7,32.6,6.53,Urea,90.5,588.25,Green Manure
chickpea,56.7,41.7,1.3,7.05,MOP,105.6,1795.2,Farmyard Manure (FYM)
rice,54.9,69.2,58.1,5.65,Urea,38.3,248.95,Compost + Biofertilizer
blackgram,1.1,25.6,36.3,5.27,Urea,140.9,915.85,Compost + Biofertilizer
lentil,77.1,58.2,60.8,6.61,NPK 10-26-26,22.6,519.8,Farmyard Manure (FYM)
kidneybeans,57.3,38.6,15.3,6.39,MOP,99.4,1689.8,Neem Cake
chickpea,109.3,23.1,75.1,6.8,DAP,54.3,1466.1,Vermicompost
watermelon,124.9,55.8,60.5,6.46,NPK 10-26-26,22.9,526.7,Farmyard Manure (FYM)
lentil,53.1,64.3,54.1,6.43,Urea,54.1,351.65,Vermicompost
rice,89.9,33.8,84.7,7.36,DAP,41.9,1131.3,Farmyard Manure (FYM)
muskmelon,109.6,34.5,39.7,6.61,DAP,54.6,1474.2,Green Manure
cotton,36.1,49.5,39.2,6.71,Urea,90.8,590.2,Compost + Biofertilizer
cotton,95.0,43.5,96.3,6.99,DAP,35.1,947.7,Poultry Manure
chickpea,79.9,11.2,34.2,6.6,DAP,89.5,2416.5,Farmyard Manure (FYM)
kidneybeans,61.1,33.1,28.9,5.39,MOP,95.3,1620.1,Vermicompost
mungbean,57.8,52.3,45.1,6.19,Urea,59.0,383.5,Poultry Manure
chickpea,84.1,55.2,71.8,6.52,NPK 10-26-26,31.9,733.7,Poultry Manure
muskmelon,35.8,59.6,16.7,5.61,Urea,102.1,663.65,Vermicompost
jute,45.5,47.1,72.9,7.08,Urea,63.3,411.45,Poultry Manure
coconut,58.0,65.7,40.3,6.28,Urea,61.8,401.7,Green Manure
mango,61.0,45.9,44.1,6.12,Urea,59.9,389.35,Farmyard Manure (FYM)
coffee,50.9,66.0,24.7,6.83,MOP,74.7,1269.9,Neem Cake
mango,69.9,30.9,45.5,5.82,DAP,74.6,2014.2,Farmyard Manure (FYM)
coffee,60.6,94.6,31.3,5.99,MOP,63.4,1077.8,Neem Cake
lentil,35.7,57.2,46.3,5.75,Urea,75.8,492.7,Compost + Biofertilizer
chickpea,59.5,67.8,56.5,6.64,Urea,42.9,278.85,Vermicompost
watermelon,55.3,24.1,73.5,6.47,DAP,75.7,2043.9,Vermicompost
chickpea,58.6,80.4,62.2,6.29,Urea,43.7,284.05,Vermicompost
apple,77.2,38.1,29.9,7.5,MOP,77.0,1309.0,Vermicompost
papaya,91.4,29.4,34.1,5.39,DAP,65.2,1760.4,Farmyard Manure (FYM)
watermelon,75.7,61.8,49.0,7.17,MOP,30.5,518.5,Compost + Biofertilizer
pomegranate,77.0,72.1,11.1,6.2,MOP,64.0,1088.0,Vermicompost
jute,103.5,35.0,53.0,7.65,DAP,50.3,1358.1,Vermicompost
watermelon,66.9,53.2,83.5,6.58,Urea,41.5,269.75,Poultry Manure
orange,35.5,63.9,31.6,7.73,Urea,87.8,570.7,Green Manure
cotton,32.5,46.6,36.5,6.52,Urea,104.9,681.85,Farmyard Manure (FYM)
pigeonpeas,51.9,26.1,47.3,6.02,DAP,77.2,2084.4,Poultry Manure
chickpea,9.1,23.8,20.9,5.76,Urea,158.2,1028.3,Poultry Manure
orange,106.7,49.0,67.9,6.08,DAP,20.2,545.4,Farmyard Manure (FYM)
lentil,34.5,27.0,67.6,6.37,Urea,93.2,605.8,Vermicompost
lentil,39.2,44.4,72.6,5.98,Urea,71.7,466.05,Neem Cake
banana,67.3,70.6,38.4,6.02,MOP,46.9,797.3,Poultry Manure
lentil,45.4,19.4,62.9,7.1,DAP,89.5,2416.5,Green Manure
blackgram,58.5,57.3,85.7,6.8,Urea,36.9,239.85,Green Manure
apple,69.6,23.4,55.7,5.56,DAP,59.7,1611.9,Vermicompost
coffee,29.2,14.4,60.9,5.97,Urea,106.9,694.85,Poultry Manure
pomegranate,96.5,46.5,41.6,6.81,MOP,47.6,809.2,Poultry Manure
cotton,74.9,84.3,11.3,7.15,MOP,72.7,1235.9,Neem Cake
apple,22.3,31.6,58.3,6.75,Urea,103.9,675.35,Poultry Manure
cotton,45.1,40.9,55.2,5.34,Urea,71.2,462.8,Compost + Biofertilizer
coffee,37.1,59.3,63.3,7.55,Urea,52.4,340.6,Neem Cake
kidneybeans,65.9,45.5,24.8,8.31,MOP,73.3,1246.1,Farmyard Manure (FYM)
chickpea,69.4,60.4,79.0,6.26,Urea,31.8,206.7,Neem Cake
pomegranate,21.7,64.5,21.1,7.45,Urea,107.3,697.45,Poultry Manure
cotton,65.4,39.4,42.3,5.48,DAP,74.7,2016.9,Poultry Manure
muskmelon,108.0,39.7,75.2,7.09,DAP,34.5,931.5,Poultry Manure
coconut,52.8,83.5,40.9,6.8,Urea,61.1,397.15,Neem Cake
mungbean,32.7,28.2,60.1,6.35,Urea,88.1,572.65,Vermicompost
coconut,75.1,0.0,75.3,6.59,DAP,79.3,2141.1,Compost + Biofertilizer
mango,104.3,62.6,51.0,6.17,MOP,26.2,445.4,Neem Cake
grapes,30.8,27.3,33.4,6.76,Urea,104.1,676.65,Neem Cake
pigeonpeas,56.0,14.8,28.6,7.04,DAP,115.1,3107.7,Neem Cake
blackgram,78.3,45.5,42.4,5.54,MOP,41.4,703.8,Farmyard Manure (FYM)
coffee,73.0,37.7,38.5,6.95,DAP,66.0,1782.0,Neem Cake
mothbeans,22.5,51.5,67.8,6.14,Urea,85.4,555.1,Poultry Manure
watermelon,22.5,59.4,60.5,5.98,Urea,68.0,442.0,Green Manure
jute,46.5,33.3,55.4,6.44,Urea,70.3,456.95,Neem Cake
blackgram,106.3,54.2,65.7,6.6,DAP,26.7,720.9,Vermicompost
coconut,61.5,91.6,64.2,8.59,Urea,43.4,282.1,Neem Cake
pigeonpeas,128.2,72.2,72.0,6.13,NPK 10-26-26,15.2,349.6,Compost + Biofertilizer
muskmelon,72.6,38.3,26.8,7.13,MOP,76.0,1292.0,Neem Cake
mothbeans,19.5,18.4,74.5,6.37,Urea,109.9,714.35,Farmyard Manure (FYM)
chickpea,65.3,40.4,26.7,6.94,MOP,79.4,1349.8,Poultry Manure
apple,31.3,29.5,56.1,7.12,Urea,96.3,625.95,Compost + Biofertilizer
blackgram,82.2,6.3,79.5,6.33,DAP,76.7,2070.9,Vermicompost
jute,82.4,46.6,89.7,6.9,DAP,29.7,801.9,Farmyard Manure (FYM)
coconut,15.7,22.6,33.9,6.15,Urea,131.2,852.8,Green Manure
mango,73.4,66.0,42.3,6.85,MOP,46.5,790.5,Farmyard Manure (FYM)
mango,59.5,14.9,32.3,4.81,DAP,104.9,2832.3,Farmyard Manure (FYM)
mango,62.5,45.9,36.0,5.98,MOP,74.1,1259.7,Green Manure
mothbeans,67.3,26.0,16.4,6.24,MOP,102.9,1749.3,Poultry Manure
kidneybeans,28.6,42.2,62.5,6.43,Urea,80.1,520.65,Farmyard Manure (FYM)
orange,91.6,23.0,43.9,7.83,DAP,73.3,1979.1,Compost + Biofertilizer
mango,48.3,57.3,64.4,6.24,Urea,59.0,383.5,Compost + Biofertilizer
kidneybeans,95.0,53.6,59.6,6.08,DAP,15.0,405.0,Neem Cake
pigeonpeas,62.7,56.8,40.1,7.7,MOP,56.4,958.8,Compost + Biofertilizer
pigeonpeas,43.3,74.1,79.0,7.16,Urea,50.6,328.9,Green Manure
mothbeans,22.1,10.6,54.6,4.8,Urea,125.1,813.15,Poultry Manure
chickpea,36.3,32.1,49.1,5.84,Urea,95.6,621.4,Poultry Manure
pigeonpeas,40.4,65.7,58.0,6.21,Urea,56.7,368.55,Vermicompost
pigeonpeas,98.1,25.3,23.2,6.46,MOP,80.6,1370.2,Compost + Biofertilizer
coffee,96.7,74.0,32.6,6.71,MOP,42.4,720.8,Compost + Biofertilizer
papaya,87.1,27.9,64.9,5.85,DAP,48.0,1296.0,Farmyard Manure (FYM)
pomegranate,65.9,32.3,0.0,6.47,MOP,115.4,1961.8,Green Manure
papaya,47.2,51.6,43.4,5.58,Urea,83.7,544.05,Vermicompost
rice,62.0,11.4,61.6,5.39,DAP,83.5,2254.5,Poultry Manure
grapes,42.7,51.8,55.3,6.68,Urea,63.6,413.4,Farmyard Manure (FYM)
lentil,39.2,52.2,39.5,5.4,Urea,81.8,531.7,Green Manure
coffee,87.7,62.1,44.6,6.92,MOP,39.1,664.7,Farmyard Manure (FYM)
coffee,66.1,28.6,16.8,5.63,MOP,102.6,1744.2,Compost + Biofertilizer
pigeonpeas,70.3,35.0,38.8,5.35,DAP,70.1,1892.7,Vermicompost
cotton,49.6,61.2,50.4,6.99,Urea,52.9,343.85,Neem Cake
orange,85.3,64.6,17.8,6.69,MOP,52.5,892.5,Green Manure
mango,51.5,53.7,50.0,6.8,Urea,62.6,406.9,Green Manure
pigeonpeas,62.4,53.1,51.8,7.54,Urea,52.3,339.95,Vermicompost
pigeonpeas,47.6,61.6,49.9,6.18,Urea,56.5,367.25,Green Manure
rice,74.6,70.2,44.6,6.4,MOP,44.1,749.7,Green Manure
mango,81.6,46.4,94.2,6.84,DAP,41.1,1109.7,Compost + Biofertilizer
pomegranate,81.3,43.0,27.8,6.34,MOP,61.1,1038.7,Compost + Biofertilizer
pomegranate,66.2,70.0,50.0,6.11,Urea,46.3,300.95,Compost + Biofertilizer
coffee,23.0,20.8,62.9,6.59,Urea,98.2,638.3,Compost + Biofertilizer
lentil,38.8,59.1,54.0,6.93,Urea,58.8,382.2,Vermicompost
mango,67.9,25.3,25.7,6.28,DAP,99.7,2691.9,Compost + Biofertilizer
mungbean,68.5,16.3,68.9,5.66,DAP,77.4,2089.8,Farmyard Manure (FYM)
papaya,46.1,65.5,17.9,6.49,MOP,85.3,1450.1,Neem Cake
rice,42.0,0.0,105.3,6.65,DAP,112.1,3026.7,Poultry Manure
orange,70.4,23.5,52.9,6.45,DAP,65.6,1771.2,Neem Cake
lentil,97.0,60.6,27.8,5.92,MOP,44.4,754.8,Vermicompost
watermelon,61.9,41.5,27.4,6.49,MOP,75.0,1275.0,Neem Cake
cotton,71.7,41.5,59.8,6.51,DAP,38.0,1026.0,Neem Cake
mungbean,32.2,46.8,30.1,7.55,Urea,100.7,654.55,Neem Cake
pomegranate,36.1,38.8,45.1,6.31,Urea,91.5,594.75,Farmyard Manure (FYM)
kidneybeans,52.0,79.8,76.2,6.42,Urea,49.3,320.45,Farmyard Manure (FYM)
pigeonpeas,47.8,54.1,42.5,5.32,Urea,71.8,466.7,Neem Cake
grapes,77.6,0.0,53.8,7.47,DAP,79.4,2143.8,Compost + Biofertilizer
muskmelon,59.1,11.2,23.4,6.47,DAP,115.3,3113.1,Neem Cake
blackgram,63.9,33.2,57.0,4.95,DAP,62.9,1698.3,Vermicompost
orange,65.0,24.4,73.7,5.55,DAP,65.4,1765.8,Poultry Manure
pigeonpeas,93.3,26.1,57.3,4.65,DAP,49.2,1328.4,Green Manure
coconut,45.4,46.2,55.8,7.37,Urea,60.4,392.6,Compost + Biofertilizer
pomegranate,19.7,69.7,15.5,5.4,Urea,108.9,707.85,Farmyard Manure (FYM)
maize,75.5,57.8,97.6,6.51,NPK 10-26-26,27.0,621.0,Poultry Manure
pomegranate,33.0,47.4,32.8,6.53,Urea,112.6,731.9,Neem Cake
mungbean,79.5,53.9,58.7,6.07,DAP,18.8,507.6,Green Manure
pigeonpeas,76.5,13.2,21.4,5.55,DAP,102.4,2764.8,Compost + Biofertilizer
pomegranate,77.3,1.8,24.1,6.18,DAP,112.9,3048.3,Green Manure
coconut,86.9,77.1,66.5,5.91,NPK 19-19-19,15.6,374.4,Green Manure
blackgram,80.2,4.3,87.0,7.24,DAP,74.2,2003.4,Farmyard Manure (FYM)
watermelon,29.6,55.0,19.9,7.3,Urea,112.7,732.55,Compost + Biofertilizer
grapes,62.8,69.2,115.3,6.86,Urea,40.0,260.0,Farmyard Manure (FYM)
grapes,103.3,42.6,64.2,5.56,DAP,29.2,788.4,Farmyard Manure (FYM)
papaya,66.6,35.2,37.0,5.04,DAP,69.1,1865.7,Poultry Manure
muskmelon,86.2,44.1,58.8,7.27,DAP,29.4,793.8,Farmyard Manure (FYM)
apple,40.3,57.6,33.4,6.39,Urea,71.0,461.5,Farmyard Manure (FYM)
mungbean,64.9,41.3,29.0,6.33,MOP,87.1,1480.7,Green Manure
lentil,59.3,51.7,36.1,5.97,MOP,65.2,1108.4,Green Manure
maize,66.7,55.3,76.3,7.18,Urea,38.7,251.55,Poultry Manure
banana,62.0,44.5,20.7,7.03,MOP,89.9,1528.3,Poultry Manure
coconut,90.6,8.8,70.3,6.28,DAP,69.2,1868.4,Green Manure
coffee,96.8,49.7,60.2,6.76,DAP,26.1,704.7,Neem Cake
grapes,49.7,35.5,78.0,6.9,Urea,68.6,445.9,Poultry Manure
maize,38.7,41.1,55.9,6.09,Urea,73.2,475.8,Green Manure
pomegranate,81.7,33.1,30.4,7.74,MOP,70.3,1195.1,Compost + Biofertilizer
pigeonpeas,42.1,30.5,12.8,6.6,MOP,121.5,2065.5,Compost + Biofertilizer
papaya,62.8,54.4,39.6,6.89,MOP,53.2,904.4,Compost + Biofertilizer
pomegranate,10.7,67.9,70.5,6.11,Urea,71.4,464.1,Green Manure
blackgram,48.8,88.5,65.6,7.25,Urea,45.5,295.75,Green Manure
pigeonpeas,21.3,8.7,21.6,5.57,Urea,151.4,984.1,Green Manure
banana,102.7,0.2,30.8,5.46,DAP,104.7,2826.9,Vermicompost
rice,93.7,51.6,55.6,7.44,DAP,23.6,637.2,Poultry Manure
lentil,14.8,18.6,35.8,6.91,Urea,133.6,868.4,Poultry Manure
blackgram,133.8,11.6,11.6,6.9,MOP,100.0,1700.0,Green Manure
mango,85.1,56.5,34.7,4.44,MOP,44.2,751.4,Green Manure
muskmelon,37.8,45.7,30.9,6.66,Urea,96.5,627.25,Poultry Manure
grapes,34.0,33.5,60.6,5.02,Urea,89.8,583.7,Compost + Biofertilizer
papaya,37.4,55.1,55.6,6.87,Urea,68.3,443.95,Neem Cake
banana,14.0,57.0,57.8,7.53,Urea,92.8,603.2,Compost + Biofertilizer
banana,56.3,37.2,48.5,6.01,Urea,71.5,464.75,Farmyard Manure (FYM)
chickpea,33.7,34.5,81.3,6.19,Urea,77.0,500.5,Green Manure
pigeonpeas,80.0,35.2,77.4,7.41,DAP,40.7,1098.9,Compost + Biofertilizer
rice,63.3,78.1,68.9,8.04,Urea,27.3,177.45,Compost + Biofertilizer
mungbean,80.8,66.9,70.3,5.43,NPK 10-26-26,23.1,531.3,Neem Cake
cotton,28.3,31.9,95.4,5.86,Urea,95.9,623.35,Vermicompost
maize,87.3,40.3,40.4,5.72,DAP,52.7,1422.9,Poultry Manure
banana,73.2,35.1,53.0,6.84,DAP,56.4,1522.8,Farmyard Manure (FYM)
chickpea,18.4,54.3,34.5,7.59,Urea,102.8,668.2,Compost + Biofertilizer
rice,37.6,53.9,45.8,6.94,Urea,81.0,526.5,Green Manure
mango,114.5,65.2,58.7,6.19,NPK 19-19-19,22.6,542.4,Neem Cake
mothbeans,58.9,0.0,69.2,6.66,DAP,95.0,2565.0,Vermicompost
maize,21.8,35.8,12.3,6.73,Urea,145.3,944.45,Poultry Manure
jute,37.6,47.3,32.7,6.15,Urea,103.9,675.35,Poultry Manure
chickpea,63.3,58.7,43.2,5.87,MOP,52.5,892.5,Compost + Biofertilizer
coffee,48.5,0.0,65.9,6.45,DAP,99.8,2694.6,Farmyard Manure (FYM)
pomegranate,64.5,61.0,45.9,5.85,Urea,45.9,298.35,Vermicompost
coffee,9.2,68.3,40.5,6.32,Urea,103.7,674.05,Neem Cake
pomegranate,68.1,2.6,11.2,7.9,DAP,124.4,3358.8,Neem Cake
chickpea,87.1,35.7,50.2,7.02,DAP,46.2,1247.4,Neem Cake
coffee,72.0,11.8,28.7,7.38,DAP,107.5,2902.5,Neem Cake
pomegranate,104.4,51.9,50.6,5.98,MOP,31.2,530.4,Vermicompost
jute,110.1,23.7,47.2,7.21,DAP,56.5,1525.5,Farmyard Manure (FYM)
cotton,0.0,74.4,10.1,5.94,Urea,127.4,828.1,Neem Cake
mango,75.5,21.1,34.8,5.59,DAP,78.6,2122.2,Neem Cake
apple,116.3,60.9,44.2,5.69,MOP,42.4,720.8,Green Manure
kidneybeans,60.5,25.2,40.3,6.46,DAP,84.0,2268.0,Compost + Biofertilizer
apple,28.3,25.4,37.5,7.11,Urea,110.7,719.55,Compost + Biofertilizer
cotton,85.1,39.8,38.6,6.6,MOP,64.0,1088.0,Vermicompost
jute,70.1,51.8,29.3,7.9,MOP,58.5,994.5,Vermicompost
muskmelon,56.1,79.1,63.9,6.15,Urea,46.2,300.3,Vermicompost
coffee,89.5,44.8,25.8,7.26,MOP,50.1,851.7,Poultry Manure
chickpea,95.5,47.8,26.6,5.08,MOP,64.5,1096.5,Vermicompost
muskmelon,71.1,35.2,19.7,6.08,MOP,88.1,1497.7,Neem Cake
grapes,70.1,51.5,29.2,6.06,MOP,64.0,1088.0,Vermicompost
cotton,29.5,65.4,56.8,7.53,Urea,65.8,427.7,Green Manure
pomegranate,103.9,53.6,30.1,5.85,MOP,57.5,977.5,Green Manure
jute,69.1,95.8,110.4,6.38,Urea,32.1,208.65,Neem Cake
lentil,73.5,53.9,43.1,6.08,MOP,50.3,855.1,Poultry Manure
chickpea,71.6,43.1,68.7,6.84,DAP,39.9,1077.3,Neem Cake
blackgram,77.7,76.0,60.9,5.04,NPK 19-19-19,28.2,676.8,Neem Cake
pomegranate,54.5,23.6,45.4,6.14,DAP,85.3,2303.1,Green Manure
muskmelon,26.5,49.4,14.4,6.19,Urea,122.0,793.0,Vermicompost
banana,65.4,85.7,5.0,6.44,MOP,78.9,1341.3,Compost + Biofertilizer
kidneybeans,32.6,75.5,28.0,6.23,Urea,87.0,565.5,Poultry Manure
chickpea,100.2,16.5,56.9,5.4,DAP,68.5,1849.5,Farmyard Manure (FYM)
chickpea,96.1,64.6,38.7,6.88,MOP,36.4,618.8,Compost + Biofertilizer
grapes,79.9,56.7,43.7,6.12,MOP,38.6,656.2,Compost + Biofertilizer
papaya,54.9,52.4,59.7,6.04,Urea,51.4,334.1,Neem Cake
banana,52.5,47.5,30.8,6.31,MOP,83.1,1412.7,Green Manure
pomegranate,94.0,53.4,88.6,6.55,DAP,27.2,734.4,Compost + Biofertilizer
apple,74.9,31.4,32.3,6.29,DAP,79.3,2141.1,Vermicompost
coconut,77.3,49.5,43.8,7.03,MOP,47.2,802.4,Compost + Biofertilizer
orange,71.6,36.5,32.1,5.95,MOP,72.9,1239.3,Poultry Manure
grapes,41.0,27.1,46.9,6.33,Urea,96.9,629.85,Farmyard Manure (FYM)
mungbean,119.7,25.4,56.9,6.65,DAP,56.7,1530.9,Green Manure
lentil,64.1,40.7,80.5,7.42,DAP,55.9,1509.3,Compost + Biofertilizer
chickpea,58.8,70.3,31.2,6.47,MOP,55.7,946.9,Poultry Manure
grapes,0.0,92.5,18.6,6.9,Urea,123.5,802.75,Green Manure
watermelon,57.5,54.4,61.0,6.33,Urea,45.5,295.75,Green Manure
maize,73.0,40.3,66.3,6.29,DAP,46.1,1244.7,Green Manure
cotton,60.2,38.4,30.8,6.25,MOP,90.8,1543.6,Neem Cake
rice,78.5,97.4,56.1,6.02,NPK 10-26-26,20.4,469.2,Green Manure
muskmelon,71.4,47.5,15.1,6.65,MOP,77.0,1309.0,Neem Cake
watermelon,77.0,52.0,69.2,7.02,DAP,28.6,772.2,Neem Cake
pomegranate,54.9,51.1,44.4,6.21,Urea,67.0,435.5,Vermicompost
apple,45.7,50.7,31.9,6.09,Urea,81.0,526.5,Farmyard Manure (FYM)
blackgram,90.2,68.3,49.4,6.85,MOP,22.5,382.5,Vermicompost
grapes,62.2,53.0,47.2,6.37,Urea,47.2,306.8,Green Manure
pigeonpeas,46.7,85.6,62.1,6.29,Urea,45.1,293.15,Poultry Manure
banana,87.3,74.3,77.0,6.48,NPK 10-26-26,17.2,395.6,Poultry Manure
apple,74.9,69.5,82.2,6.92,Urea,26.6,172.9,Green Manure
grapes,49.6,49.2,24.5,7.57,MOP,79.9,1358.3,Poultry Manure
coconut,62.1,68.9,72.6,5.93,Urea,34.8,226.2,Poultry Manure
watermelon,114.5,57.0,34.6,5.52,MOP,49.0,833.0,Green Manure
banana,89.2,39.8,34.8,6.41,MOP,56.3,957.1,Vermicompost
jute,56.6,28.5,35.3,6.84,DAP,94.6,2554.2,Poultry Manure
cotton,4.8,71.8,34.0,5.92,Urea,109.5,711.75,Farmyard Manure (FYM)
pomegranate,80.5,55.4,1.3,6.46,MOP,78.5,1334.5,Farmyard Manure (FYM)
coffee,65.9,50.0,49.5,6.87,Urea,49.3,320.45,Compost + Biofertilizer
mango,76.0,67.9,44.2,5.45,MOP,31.1,528.7,Poultry Manure
lentil,54.0,15.6,35.4,7.22,DAP,105.6,2851.2,Farmyard Manure (FYM)
coconut,62.5,74.9,79.1,6.77,Urea,36.6,237.9,Compost + Biofertilizer
kidneybeans,27.0,31.8,43.8,4.96,Urea,110.6,718.9,Neem Cake
mothbeans,50.4,46.7,43.1,7.37,Urea,76.3,495.95,Compost + Biofertilizer
coffee,58.8,46.4,43.2,5.54,Urea,73.6,478.4,Vermicompost
jute,88.6,31.2,33.4,6.08,DAP,64.3,1736.1,Neem Cake
mango,114.1,36.8,27.8,6.85,MOP,80.3,1365.1,Compost + Biofertilizer
jute,68.8,95.3,52.4,5.88,Urea,37.3,242.45,Farmyard Manure (FYM)
mungbean,33.3,80.2,49.8,7.52,Urea,71.4,464.1,Poultry Manure
mothbeans,46.8,22.7,32.0,5.73,DAP,112.8,3045.6,Compost + Biofertilizer
grapes,67.7,87.9,32.5,6.97,MOP,54.6,928.2,Poultry Manure
maize,39.0,49.6,0.0,6.66,MOP,114.8,1951.6,Farmyard Manure (FYM)
blackgram,46.1,40.9,0.0,6.39,MOP,115.4,1961.8,Farmyard Manure (FYM)
maize,49.1,37.4,48.8,6.54,Urea,81.1,527.15,Poultry Manure
jute,76.0,53.3,80.0,6.57,DAP,17.8,480.6,Neem Cake
maize,9.0,38.2,11.6,6.89,Urea,143.7,934.05,Poultry Manure
coconut,16.4,77.3,55.4,7.04,Urea,74.7,485.55,Green Manure
rice,104.8,61.2,64.2,6.76,NPK 19-19-19,18.9,453.6,Poultry Manure
cotton,53.1,73.3,21.6,7.25,MOP,90.0,1530.0,Farmyard Manure (FYM)
maize,43.5,25.0,70.5,5.62,Urea,78.4,509.6,Compost + Biofertilizer
pomegranate,46.6,30.4,59.3,5.79,Urea,77.7,505.05,Poultry Manure
rice,90.7,3.3,87.3,7.53,DAP,68.2,1841.4,Farmyard Manure (FYM)
kidneybeans,46.0,16.0,28.5,5.29,DAP,124.3,3356.1,Neem Cake
pigeonpeas,72.8,27.8,61.7,6.94,DAP,65.3,1763.1,Green Manure
papaya,67.7,34.1,47.9,7.74,DAP,62.4,1684.8,Compost + Biofertilizer
cotton,82.5,24.6,40.1,6.1,DAP,62.7,1692.9,Green Manure
apple,36.4,53.2,74.5,6.36,Urea,70.5,458.25,Poultry Manure
orange,48.5,12.9,56.4,6.59,DAP,100.3,2708.1,Compost + Biofertilizer
mango,42.7,12.0,17.2,6.76,DAP,152.0,4104.0,Poultry Manure
kidneybeans,78.7,49.2,45.4,6.59,MOP,36.5,620.5,Poultry Manure
rice,35.9,32.8,55.7,5.1,Urea,94.8,616.2,Neem Cake
pomegranate,47.4,62.1,60.9,5.81,Urea,49.4,321.1,Vermicompost
jute,79.7,46.7,4.1,6.19,MOP,83.4,1417.8,Vermicompost
orange,29.1,86.6,29.5,6.08,Urea,90.1,585.65,Farmyard Manure (FYM)
cotton,70.8,33.7,29.5,6.2,MOP,77.0,1309.0,Poultry Manure
grapes,55.5,67.0,72.7,6.72,Urea,43.4,282.1,Green Manure
pomegranate,63.5,15.2,40.0,6.66,DAP,95.7,2583.9,Green Manure
cotton,64.3,38.1,65.8,6.93,DAP,49.3,1331.1,Green Manure
coconut,97.7,56.4,50.6,5.1,MOP,43.8,744.6,Farmyard Manure (FYM)
papaya,17.8,65.6,42.6,6.74,Urea,96.9,629.85,Neem Cake
apple,68.5,31.8,18.9,6.24,MOP,107.2,1822.4,Neem Cake
pomegranate,14.8,51.2,46.9,6.06,Urea,93.4,607.1,Neem Cake
maize,44.7,63.3,46.1,6.9,Urea,72.3,469.95,Neem Cake
maize,64.6,62.2,70.4,7.01,Urea,39.0,253.5,Vermicompost
jute,46.5,38.0,14.6,4.82,MOP,120.7,2051.9,Green Manure
apple,28.8,49.9,80.0,6.71,Urea,74.0,481.0,Compost + Biofertilizer
rice,67.1,39.8,75.6,7.39,DAP,57.7,1557.9,Neem Cake
watermelon,56.4,54.4,59.8,6.08,Urea,55.3,359.45,Farmyard Manure (FYM)
mango,39.4,82.1,44.2,5.87,Urea,72.7,472.55,Poultry Manure
muskmelon,57.5,53.1,59.1,6.04,Urea,53.6,348.4,Neem Cake
grapes,38.0,53.3,34.3,6.96,Urea,86.8,564.2,Compost + Biofertilizer
lentil,102.0,45.7,54.7,7.79,DAP,47.8,1290.6,Vermicompost
mungbean,61.8,70.6,1.9,6.73,MOP,82.8,1407.6,Poultry Manure
jute,19.7,28.8,30.6,6.35,Urea,127.3,827.45,Neem Cake
grapes,27.2,26.2,33.6,4.99,Urea,119.0,773.5,Farmyard Manure (FYM)
cotton,76.7,38.8,61.0,6.64,DAP,35.4,955.8,Farmyard Manure (FYM)
coffee,40.5,63.5,44.6,7.08,Urea,68.9,447.85,Vermicompost
mungbean,26.4,44.9,49.2,6.95,Urea,86.0,559.0,Poultry Manure
orange,0.0,72.5,74.6,5.59,Urea,88.2,573.3,Neem Cake
blackgram,47.3,34.8,56.2,7.5,Urea,76.9,499.85,Neem Cake
jute,75.2,36.4,19.4,6.31,MOP,71.5,1215.5,Vermicompost
orange,28.1,46.7,0.0,6.75,MOP,135.9,2310.3,Compost + Biofertilizer
cotton,52.3,58.4,28.3,8.06,MOP,74.9,1273.3,Poultry Manure
blackgram,55.7,3.9,60.6,4.93,DAP,88.9,2400.3,Poultry Manure
banana,76.4,64.4,77.8,6.06,NPK 10-26-26,15.3,351.9,Farmyard Manure (FYM)
lentil,78.6,6.2,49.3,6.96,DAP,78.3,2114.1,Neem Cake
kidneybeans,29.2,45.3,57.7,6.07,Urea,79.3,515.45,Neem Cake
banana,29.2,38.9,52.9,6.75,Urea,87.0,565.5,Poultry Manure
watermelon,87.5,60.3,69.3,5.68,NPK 19-19-19,20.4,489.6,Compost + Biofertilizer
chickpea,56.4,53.6,40.7,6.5,Urea,65.4,425.1,Compost + Biofertilizer
chickpea,43.8,48.5,40.1,6.79,Urea,79.5,516.75,Compost + Biofertilizer
mango,42.7,0.0,38.7,7.05,DAP,121.6,3283.2,Poultry Manure
cotton,36.4,40.1,61.2,6.76,Urea,90.0,585.0,Farmyard Manure (FYM)
rice,68.3,41.0,66.8,6.94,DAP,47.9,1293.3,Poultry Manure
papaya,47.7,56.9,56.2,7.47,Urea,56.2,365.3,Vermicompost
coffee,56.8,52.2,58.6,7.1,Urea,55.5,360.75,Compost + Biofertilizer
mango,14.5,27.4,29.1,6.06,Urea,139.1,904.15,Compost + Biofertilizer
jute,53.6,62.2,45.7,6.15,Urea,59.6,387.4,Green Manure
coconut,63.2,102.8,104.8,6.73,Urea,31.8,206.7,Vermicompost
pomegranate,40.4,66.6,60.7,6.67,Urea,60.3,391.95,Vermicompost
pomegranate,42.5,14.9,55.7,6.39,DAP,90.6,2446.2,Poultry Manure
kidneybeans,26.2,12.5,74.9,5.6,Urea,110.9,720.85,Green Manure
mungbean,71.1,41.1,31.1,6.8,MOP,75.0,1275.0,Compost + Biofertilizer
apple,71.3,58.6,28.6,6.13,MOP,56.4,958.8,Green Manure
kidneybeans,21.4,55.9,45.8,6.57,Urea,94.1,611.65,Farmyard Manure (FYM)
pomegranate,91.9,53.6,60.5,5.88,DAP,22.8,615.6,Compost + Biofertilizer
banana,77.2,27.2,57.5,7.32,DAP,55.8,1506.6,Vermicompost
mango,56.2,49.4,45.7,6.54,Urea,65.7,427.05,Poultry Manure
papaya,51.1,44.3,17.7,7.46,MOP,104.2,1771.4,Compost + Biofertilizer
mothbeans,36.8,57.2,60.4,6.41,Urea,69.3,450.45,Farmyard Manure (FYM)
chickpea,65.8,73.0,65.3,5.59,Urea,24.5,159.25,Compost + Biofertilizer
coconut,77.3,46.7,43.1,7.06,MOP,51.5,875.5,Neem Cake
grapes,49.9,91.5,34.9,6.95,Urea,71.1,462.15,Poultry Manure
coconut,49.3,25.0,80.7,6.85,DAP,77.6,2095.2,Vermicompost
muskmelon,108.8,104.0,34.8,7.1,MOP,38.6,656.2,Farmyard Manure (FYM)
mungbean,77.1,65.8,50.2,6.06,MOP,30.2,513.4,Compost + Biofertilizer
muskmelon,36.4,21.7,46.8,6.11,Urea,104.8,681.2,Compost + Biofertilizer
pomegranate,72.4,30.0,37.4,7.11,DAP,79.3,2141.1,Neem Cake
mango,49.7,31.1,70.8,6.91,Urea,61.8,401.7,Neem Cake
orange,87.2,37.9,41.7,7.03,DAP,54.0,1458.0,Poultry Manure
lentil,88.3,29.4,61.0,7.63,DAP,54.7,1476.9,Neem Cake
kidneybeans,42.3,55.4,30.9,5.43,Urea,78.9,512.85,Neem Cake
coffee,84.0,64.2,18.4,7.2,MOP,59.9,1018.3,Poultry Manure
orange,42.8,51.5,30.3,6.06,Urea,85.9,558.35,Poultry Manure
maize,88.0,68.8,36.3,6.87,MOP,33.9,576.3,Farmyard Manure (FYM)
rice,63.4,7.5,39.0,4.86,DAP,102.8,2775.6,Compost + Biofertilizer
coconut,58.1,115.0,50.0,5.66,Urea,46.1,299.65,Vermicompost
mango,64.0,13.6,31.3,7.76,DAP,98.4,2656.8,Vermicompost
kidneybeans,88.4,40.2,57.6,6.65,DAP,32.6,880.2,Compost + Biofertilizer
mungbean,54.8,61.0,42.4,7.38,Urea,44.8,291.2,Farmyard Manure (FYM)
mungbean,36.0,78.8,60.1,5.83,Urea,66.0,429.0,Green Manure
pomegranate,37.9,55.4,53.4,7.61,Urea,66.0,429.0,Poultry Manure
mungbean,49.8,38.7,68.2,6.08,Urea,66.8,434.2,Vermicompost
blackgram,34.0,64.7,80.4,5.38,Urea,62.5,406.25,Poultry Manure
blackgram,20.0,59.0,70.2,6.64,Urea,71.6,465.4,Poultry Manure
coffee,75.5,54.2,48.4,5.14,MOP,44.0,748.0,Compost + Biofertilizer
maize,42.9,43.2,90.3,6.94,Urea,57.8,375.7,Compost + Biofertilizer
banana,46.8,28.2,33.8,6.29,Urea,104.9,681.85,Farmyard Manure (FYM)
kidneybeans,83.7,46.1,76.8,6.27,DAP,32.2,869.4,Compost + Biofertilizer
coffee,75.2,35.4,42.0,7.07,DAP,68.1,1838.7,Poultry Manure
papaya,100.8,38.3,85.5,6.99,DAP,30.2,815.4,Green Manure
mothbeans,53.4,42.8,51.1,5.67,Urea,71.8,466.7,Neem Cake
grapes,53.1,32.3,34.7,6.95,DAP,91.3,2465.1,Compost + Biofertilizer
jute,75.4,43.1,23.9,6.96,MOP,63.5,1079.5,Vermicompost
pomegranate,49.6,53.2,44.8,8.35,Urea,66.5,432.25,Vermicompost
pigeonpeas,116.6,43.4,67.9,7.09,DAP,35.6,961.2,Compost + Biofertilizer
maize,66.1,21.7,56.7,6.74,DAP,66.5,1795.5,Green Manure
apple,79.7,70.8,13.9,7.26,MOP,57.0,969.0,Green Manure
pigeonpeas,57.9,17.4,100.0,6.89,DAP,74.0,1998.0,Vermicompost
lentil,11.2,80.7,65.0,6.75,Urea,75.8,492.7,Neem Cake
coconut,24.4,17.5,48.1,7.15,Urea,118.2,768.3,Farmyard Manure (FYM)
chickpea,75.3,69.5,58.4,6.03,NPK 10-26-26,25.4,584.2,Compost + Biofertilizer
banana,68.8,30.6,54.6,6.71,DAP,61.1,1649.7,Farmyard Manure (FYM)
chickpea,24.3,52.8,28.7,6.78,Urea,101.1,657.15,Compost + Biofertilizer
banana,88.8,20.6,75.7,6.2,DAP,54.3,1466.1,Vermicompost
lentil,89.2,49.1,45.0,7.05,MOP,46.0,782.0,Green Manure
jute,84.2,21.2,36.5,5.94,DAP,75.5,2038.5,Neem Cake
grapes,41.1,64.2,66.1,6.83,Urea,62.9,408.85,Farmyard Manure (FYM)
apple,24.8,52.9,45.5,6.77,Urea,87.5,568.75,Poultry Manure
mango,99.1,50.9,32.9,5.45,MOP,50.9,865.3,Vermicompost
muskmelon,39.4,38.7,61.1,5.82,Urea,72.9,473.85,Green Manure
jute,16.8,66.0,68.8,5.26,Urea,80.0,520.0,Compost + Biofertilizer
watermelon,51.5,41.4,68.2,6.83,Urea,68.6,445.9,Poultry Manure
lentil,57.9,41.0,46.7,6.54,Urea,73.4,477.1,Green Manure
apple,55.2,9.3,49.2,7.08,DAP,93.2,2516.4,Neem Cake
maize,25.3,23.9,51.9,6.91,Urea,110.7,719.55,Compost + Biofertilizer
banana,83.6,36.1,87.8,5.91,DAP,40.4,1090.8,Vermicompost
apple,131.6,15.0,47.1,6.97,DAP,63.9,1725.3,Poultry Manure
papaya,72.7,37.9,9.5,6.23,MOP,94.7,1609.9,Neem Cake
kidneybeans,95.5,33.2,76.5,6.78,DAP,40.0,1080.0,Neem Cake
chickpea,51.1,58.2,49.4,7.73,Urea,57.9,376.35,Vermicompost
rice,82.1,21.0,30.5,7.03,DAP,84.5,2281.5,Compost + Biofertilizer
jute,95.0,43.2,68.4,6.75,DAP,31.4,847.8,Neem Cake
lentil,58.3,32.5,38.2,6.84,DAP,82.6,2230.2,Green Manure
grapes,38.3,30.6,33.6,6.84,Urea,109.3,710.45,Green Manure
coconut,99.0,25.2,50.1,6.99,DAP,54.0,1458.0,Vermicompost
grapes,79.3,33.7,24.3,6.77,MOP,83.6,1421.2,Green Manure
banana,53.6,17.2,26.8,6.77,DAP,103.7,2799.9,Green Manure
blackgram,68.0,33.3,69.8,5.86,DAP,56.9,1536.3,Poultry Manure
pigeonpeas,90.0,14.1,33.3,6.79,DAP,93.0,2511.0,Neem Cake
lentil,74.3,61.2,97.5,6.08,Urea,32.7,212.55,Green Manure
mango,86.3,49.5,64.9,5.59,DAP,29.8,804.6,Green Manure
grapes,104.6,45.8,16.4,6.08,MOP,72.1,1225.7,Neem Cake
maize,63.0,46.3,50.5,6.65,Urea,56.5,367.25,Vermicompost
watermelon,75.8,37.4,51.4,6.79,DAP,59.2,1598.4,Green Manure
orange,60.2,43.1,51.2,5.49,Urea,66.5,432.25,Poultry Manure
pigeonpeas,53.2,53.9,30.8,5.34,MOP,72.2,1227.4,Neem Cake
blackgram,66.0,47.6,64.7,6.42,Urea,50.8,330.2,Compost + Biofertilizer
coconut,73.9,31.5,54.1,7.51,DAP,59.8,1614.6,Poultry Manure
rice,99.8,70.5,69.4,7.3,NPK 10-26-26,15.0,345.0,Vermicompost
coffee,61.0,50.1,77.6,6.66,Urea,51.1,332.15,Poultry Manure
jute,63.1,13.6,13.7,6.77,DAP,116.5,3145.5,Farmyard Manure (FYM)
muskmelon,66.7,40.1,16.6,6.29,MOP,87.0,1479.0,Vermicompost
apple,79.6,60.4,76.0,5.58,NPK 19-19-19,20.6,494.4,Farmyard Manure (FYM)
muskmelon,18.9,62.5,67.8,6.54,Urea,79.1,514.15,Vermicompost
orange,68.5,42.4,27.2,6.76,MOP,73.2,1244.4,Poultry Manure
papaya,55.4,58.9,29.8,6.23,MOP,64.7,1099.9,Compost + Biofertilizer
blackgram,25.4,57.4,30.5,7.75,Urea,95.4,620.1,Green Manure
watermelon,64.6,67.8,50.3,6.91,Urea,51.2,332.8,Compost + Biofertilizer
jute,57.0,29.5,59.3,5.33,DAP,62.9,1698.3,Poultry Manure
mungbean,11.4,37.1,59.9,6.99,Urea,102.3,664.95,Neem Cake
orange,72.0,65.0,68.8,5.71,Urea,23.5,152.75,Poultry Manure
jute,47.3,27.5,53.9,7.19,Urea,71.4,464.1,Vermicompost
apple,0.0,53.4,52.8,5.57,Urea,109.0,708.5,Poultry Manure
cotton,30.2,9.2,33.0,6.88,DAP,133.8,3612.6,Vermicompost
jute,59.9,35.4,87.6,6.9,DAP,67.3,1817.1,Farmyard Manure (FYM)
grapes,90.6,23.3,60.1,6.51,DAP,40.8,1101.6,Compost + Biofertilizer
mungbean,52.9,60.9,92.6,7.57,Urea,43.2,280.8,Neem Cake
chickpea,81.5,85.5,68.0,6.33,NPK 19-19-19,15.0,360.0,Compost + Biofertilizer
mango,99.2,52.4,53.0,6.96,DAP,46.7,1260.9,Vermicompost
rice,54.0,37.5,10.3,5.23,MOP,112.3,1909.1,Vermicompost
chickpea,63.0,60.6,25.6,6.97,MOP,66.4,1128.8,Green Manure
watermelon,56.3,72.1,69.4,6.31,Urea,41.0,266.5,Compost + Biofertilizer
watermelon,37.5,54.9,81.6,6.77,Urea,59.7,388.05,Compost + Biofertilizer
maize,69.2,67.2,40.3,6.35,MOP,51.0,867.0,Compost + Biofertilizer
mothbeans,4.0,40.3,57.3,7.17,Urea,107.7,700.05,Farmyard Manure (FYM)
jute,74.4,45.8,83.7,6.83,DAP,39.6,1069.2,Neem Cake
watermelon,49.6,32.0,0.0,7.15,MOP,132.5,2252.5,Green Manure
orange,50.0,50.3,56.3,6.4,Urea,53.1,345.15,Compost + Biofertilizer
mungbean,41.6,58.7,75.7,5.04,Urea,56.2,365.3,Neem Cake
maize,48.4,62.0,0.0,7.53,MOP,106.5,1810.5,Compost + Biofertilizer
coconut,57.3,7.6,34.4,7.05,DAP,105.0,2835.0,Green Manure
blackgram,62.8,49.1,37.1,7.16,MOP,64.1,1089.7,Green Manure
blackgram,115.0,38.1,64.1,6.41,DAP,36.2,977.4,Vermicompost
mothbeans,38.8,35.5,46.7,6.41,Urea,101.1,657.15,Farmyard Manure (FYM)
kidneybeans,45.3,59.9,66.5,6.92,Urea,55.9,363.35,Vermicompost
lentil,63.7,25.7,35.9,6.98,DAP,89.6,2419.2,Poultry Manure
banana,4.1,61.0,25.5,6.16,Urea,114.0,741.0,Compost + Biofertilizer
lentil,83.1,43.5,22.8,5.92,MOP,64.0,1088.0,Poultry Manure
maize,101.0,44.6,87.9,6.78,DAP,37.3,1007.1,Compost + Biofertilizer
papaya,109.2,48.6,55.1,6.13,DAP,34.5,931.5,Vermicompost
mungbean,61.6,23.8,85.3,7.27,DAP,75.2,2030.4,Green Manure
muskmelon,89.0,61.0,59.0,7.06,NPK 19-19-19,27.4,657.6,Vermicompost
jute,86.5,43.0,9.7,6.0,MOP,77.4,1315.8,Vermicompost
chickpea,30.5,35.8,19.9,6.13,Urea,121.5,789.75,Farmyard Manure (FYM)
grapes,54.9,52.7,11.7,7.7,MOP,92.3,1569.1,Farmyard Manure (FYM)
apple,55.9,61.8,67.3,6.75,Urea,49.6,322.4,Poultry Manure
papaya,63.1,54.6,55.3,6.11,Urea,39.5,256.75,Poultry Manure
apple,40.7,21.0,52.6,5.83,Urea,96.0,624.0,Green Manure
jute,79.5,55.3,13.3,6.87,MOP,70.9,1205.3,Vermicompost
watermelon,52.1,43.1,12.8,6.33,MOP,101.4,1723.8,Vermicompost
papaya,45.4,37.7,59.8,6.09,Urea,60.5,393.25,Vermicompost
blackgram,37.6,40.9,51.7,7.34,Urea,80.7,524.55,Farmyard Manure (FYM)
cotton,40.8,58.3,32.6,7.56,Urea,84.7,550.55,Compost + Biofertilizer
banana,115.2,41.4,10.2,5.91,MOP,78.2,1329.4,Compost + Biofertilizer
grapes,31.6,50.3,48.5,6.47,Urea,78.4,509.6,Poultry Manure
papaya,80.4,21.1,47.9,7.26,DAP,73.0,1971.0,Poultry Manure
papaya,45.5,19.3,72.5,7.11,DAP,96.0,2592.0,Green Manure
jute,51.6,41.0,54.7,7.82,Urea,65.2,423.8,Farmyard Manure (FYM)
orange,47.5,44.2,49.0,6.29,Urea,68.0,442.0,Green Manure
mothbeans,76.8,95.4,47.1,5.6,MOP,34.4,584.8,Green Manure
apple,38.4,73.9,50.9,6.6,Urea,63.4,412.1,Neem Cake
cotton,76.0,42.1,43.9,6.94,DAP,54.0,1458.0,Neem Cake
coconut,39.2,32.1,95.4,6.18,Urea,83.2,540.8,Green Manure
coconut,66.2,34.8,4.3,6.62,MOP,101.4,1723.8,Neem Cake
maize,28.3,61.7,35.9,6.29,Urea,84.9,551.85,Vermicompost
papaya,43.7,58.7,39.1,7.7,Urea,74.0,481.0,Green Manure
jute,32.4,35.8,60.4,6.69,Urea,80.5,523.25,Compost + Biofertilizer
mango,23.8,21.4,28.1,6.71,Urea,134.3,872.95,Farmyard Manure (FYM)
jute,53.5,26.5,15.9,5.96,MOP,106.5,1810.5,Green Manure
mungbean,38.0,57.6,78.6,6.74,Urea,56.3,365.95,Farmyard Manure (FYM)
chickpea,21.4,63.5,47.2,6.28,Urea,85.7,557.05,Poultry Manure
pomegranate,60.7,33.3,71.8,6.29,DAP,61.8,1668.6,Farmyard Manure (FYM)
chickpea,44.1,70.6,43.4,6.05,Urea,60.6,393.9,Green Manure
jute,77.4,58.5,60.8,5.3,NPK 10-26-26,25.1,577.3,Compost + Biofertilizer
banana,41.5,34.8,0.0,6.73,MOP,134.5,2286.5,Green Manure
mango,39.8,50.3,33.8,5.27,Urea,92.8,603.2,Vermicompost
cotton,37.9,54.0,60.1,7.04,Urea,65.9,428.35,Poultry Manure
coconut,62.2,64.3,14.6,7.68,MOP,77.6,1319.2,Poultry Manure
muskmelon,55.0,47.0,72.2,6.17,Urea,57.4,373.1,Vermicompost
watermelon,62.6,41.5,36.1,8.09,MOP,70.1,1191.7,Vermicompost
orange,106.6,24.2,49.5,7.72,DAP,65.1,1757.7,Farmyard Manure (FYM)
banana,63.8,56.8,96.8,6.77,Urea,37.5,243.75,Compost + Biofertilizer
mungbean,81.6,46.1,7.4,6.54,MOP,80.1,1361.7,Neem Cake
grapes,82.4,10.4,50.8,6.49,DAP,74.3,2006.1,Farmyard Manure (FYM)
rice,84.2,30.5,42.7,7.53,DAP,63.0,1701.0,Poultry Manure
blackgram,46.3,58.9,53.1,6.74,Urea,53.3,346.45,Vermicompost
mungbean,103.8,47.1,23.5,6.86,MOP,66.2,1125.4,Compost + Biofertilizer
banana,64.3,40.6,60.0,5.23,DAP,48.9,1320.3,Green Manure
mothbeans,86.5,49.3,49.4,5.73,DAP,42.2,1139.4,Poultry Manure
mango,68.5,50.4,51.6,6.49,Urea,49.3,320.45,Neem Cake
grapes,93.2,83.0,39.3,6.49,MOP,42.8,727.6,Compost + Biofertilizer
muskmelon,81.3,22.7,63.1,6.7,DAP,56.5,1525.5,Compost + Biofertilizer
jute,107.5,112.7,43.7,6.29,MOP,32.8,557.6,Vermicompost
mothbeans,71.8,46.3,52.0,5.56,DAP,47.1,1271.7,Poultry Manure
papaya,38.8,0.0,49.9,6.59,DAP,120.4,3250.8,Green Manure
rice,55.4,45.5,41.7,7.58,Urea,72.9,473.85,Vermicompost
apple,49.7,37.8,8.4,4.28,MOP,117.9,2004.3,Green Manure
coconut,42.7,36.3,83.4,6.24,Urea,72.6,471.9,Compost + Biofertilizer
coffee,60.1,39.6,64.5,6.82,DAP,55.7,1503.9,Compost + Biofertilizer
blackgram,68.9,60.6,45.7,6.14,MOP,45.1,766.7,Farmyard Manure (FYM)
grapes,0.0,46.0,56.7,6.84,Urea,115.1,748.15,Farmyard Manure (FYM)
pomegranate,63.9,25.2,48.5,6.14,DAP,82.7,2232.9,Neem Cake
cotton,108.5,40.3,77.1,6.91,DAP,28.5,769.5,Neem Cake
banana,91.0,50.6,59.5,6.92,DAP,24.4,658.8,Green Manure
mango,39.7,52.8,33.2,6.29,Urea,94.2,612.3,Poultry Manure
muskmelon,59.8,68.2,72.1,6.71,Urea,40.8,265.2,Compost + Biofertilizer
mango,102.7,59.9,54.1,5.67,MOP,18.8,319.6,Compost + Biofertilizer
orange,47.8,86.3,63.0,6.92,Urea,42.3,274.95,Neem Cake
kidneybeans,50.0,38.2,64.4,6.54,Urea,63.7,414.05,Green Manure
coconut,38.6,55.2,47.1,6.78,Urea,72.1,468.65,Neem Cake
pigeonpeas,73.2,15.3,52.0,6.93,DAP,65.5,1768.5,Farmyard Manure (FYM)
apple,105.1,33.8,66.1,6.49,DAP,41.9,1131.3,Farmyard Manure (FYM)
mothbeans,75.0,21.1,57.9,5.75,DAP,56.6,1528.2,Green Manure
coffee,71.9,36.6,15.3,6.53,MOP,87.8,1492.6,Green Manure
rice,53.3,51.3,75.0,6.6,Urea,52.8,343.2,Poultry Manure
lentil,68.9,46.9,28.8,6.45,MOP,64.1,1089.7,Neem Cake
muskmelon,76.4,74.7,76.9,6.75,NPK 19-19-19,22.1,530.4,Compost + Biofertilizer
blackgram,70.0,60.6,54.2,5.95,Urea,30.1,195.65,Farmyard Manure (FYM)
kidneybeans,45.5,70.2,60.4,5.91,Urea,46.8,304.2,Farmyard Manure (FYM)
grapes,69.0,37.4,37.4,6.61,DAP,70.2,1895.4,Farmyard Manure (FYM)
pigeonpeas,77.4,53.9,56.3,7.47,DAP,31.0,837.0,Vermicompost
mango,64.2,52.2,67.3,7.0,Urea,46.5,302.25,Poultry Manure
mothbeans,69.5,70.3,69.3,6.04,Urea,29.4,191.1,Poultry Manure
muskmelon,66.5,13.2,49.9,6.44,DAP,80.9,2184.3,Farmyard Manure (FYM)
mango,32.7,102.3,25.9,5.45,Urea,79.4,516.1,Green Manure
pigeonpeas,86.9,58.6,43.7,6.16,MOP,33.1,562.7,Poultry Manure
mothbeans,80.3,31.0,43.2,4.65,DAP,59.6,1609.2,Farmyard Manure (FYM)
grapes,95.4,26.3,55.0,6.63,DAP,60.3,1628.1,Compost + Biofertilizer
coconut,39.4,11.5,65.4,5.79,DAP,112.9,3048.3,Farmyard Manure (FYM)
coconut,108.2,29.4,36.7,6.56,DAP,61.6,1663.2,Poultry Manure
pigeonpeas,40.2,77.5,24.2,6.53,Urea,96.5,627.25,Compost + Biofertilizer
coffee,11.5,42.5,64.7,6.66,Urea,99.4,646.1,Farmyard Manure (FYM)
mango,71.7,28.2,75.6,6.02,DAP,56.0,1512.0,Compost + Biofertilizer
mungbean,93.7,38.1,68.7,8.07,DAP,39.6,1069.2,Poultry Manure
coffee,27.2,25.3,58.0,7.68,Urea,103.0,669.5,Vermicompost
blackgram,72.7,14.7,4.4,6.15,MOP,114.3,1943.1,Green Manure
muskmelon,68.0,34.6,50.1,5.65,DAP,65.1,1757.7,Compost + Biofertilizer
coffee,52.8,0.6,55.3,7.14,DAP,105.1,2837.7,Vermicompost
apple,68.2,75.0,32.3,7.5,MOP,50.7,861.9,Compost + Biofertilizer
maize,26.7,48.5,64.0,6.61,Urea,84.5,549.25,Poultry Manure
coffee,16.4,72.0,67.5,7.68,Urea,79.4,516.1,Neem Cake
pigeonpeas,69.0,74.9,60.6,5.96,Urea,33.6,218.4,Compost + Biofertilizer
mango,90.2,54.3,44.2,6.59,MOP,37.8,642.6,Neem Cake
cotton,51.4,38.2,34.0,6.63,Urea,89.5,581.75,Neem Cake
chickpea,59.5,57.7,52.6,7.82,Urea,46.0,299.0,Compost + Biofertilizer
mungbean,13.7,63.1,53.5,6.71,Urea,84.7,550.55,Farmyard Manure (FYM)
jute,93.7,0.2,22.2,7.1,DAP,106.5,2875.5,Farmyard Manure (FYM)
apple,66.4,58.7,69.1,6.99,Urea,29.0,188.5,Neem Cake
muskmelon,41.2,50.5,47.8,7.18,Urea,74.4,483.6,Neem Cake
muskmelon,68.5,83.1,72.5,6.89,Urea,26.8,174.2,Poultry Manure
orange,38.9,32.4,65.2,7.78,Urea,91.1,592.15,Green Manure
chickpea,43.6,34.1,58.1,7.69,Urea,76.7,498.55,Neem Cake
chickpea,27.2,51.6,33.1,6.2,Urea,97.4,633.1,Compost + Biofertilizer
mothbeans,79.2,23.9,67.2,6.63,DAP,59.9,1617.3,Vermicompost
chickpea,15.8,5.8,41.5,7.75,Urea,155.6,1011.4,Compost + Biofertilizer
mungbean,89.2,64.0,90.5,5.94,NPK 19-19-19,15.4,369.6,Farmyard Manure (FYM)
orange,64.6,65.4,50.2,5.5,Urea,51.7,336.05,Neem Cake
jute,49.2,57.2,57.8,8.0,Urea,49.7,323.05,Neem Cake
papaya,101.7,42.0,23.0,7.08,MOP,76.0,1292.0,Poultry Manure
mungbean,94.5,36.7,51.9,6.74,DAP,34.2,923.4,Poultry Manure
coconut,72.5,6.4,78.4,7.37,DAP,70.0,1890.0,Green Manure
orange,83.3,45.1,35.5,6.38,MOP,54.2,921.4,Neem Cake
coffee,28.3,68.0,50.0,7.48,Urea,79.7,518.05,Farmyard Manure (FYM)
mango,67.2,54.7,24.6,6.1,MOP,73.7,1252.9,Green Manure
orange,51.2,24.6,54.8,6.51,DAP,77.0,2079.0,Vermicompost
rice,47.6,55.4,27.5,6.17,MOP,84.7,1439.9,Green Manure
coconut,43.4,6.4,70.3,6.47,DAP,106.5,2875.5,Vermicompost
watermelon,69.1,49.5,64.0,6.15,Urea,42.9,278.85,Farmyard Manure (FYM)
kidneybeans,79.7,41.1,58.1,5.4,DAP,41.3,1115.1,Poultry Manure
pigeonpeas,36.0,49.3,58.4,6.57,Urea,68.7,446.55,Vermicompost
kidneybeans,44.7,35.6,44.6,6.56,Urea,90.6,588.9,Vermicompost
coffee,127.5,39.8,75.9,6.38,DAP,43.6,1177.2,Compost + Biofertilizer
mango,69.3,23.2,39.3,6.56,DAP,73.0,1971.0,Green Manure
coffee,48.8,77.5,6.3,6.07,MOP,103.7,1762.9,Poultry Manure
blackgram,95.2,88.9,34.9,7.71,MOP,39.9,678.3,Compost + Biofertilizer
blackgram,97.8,37.1,0.0,6.68,MOP,90.6,1540.2,Compost + Biofertilizer
banana,72.6,38.7,57.8,6.07,DAP,35.3,953.1,Farmyard Manure (FYM)
apple,13.2,55.1,89.5,6.74,Urea,84.3,547.95,Neem Cake
coconut,81.6,65.7,44.3,7.56,MOP,33.3,566.1,Green Manure
coffee,61.1,48.4,23.3,6.58,MOP,78.6,1336.2,Poultry Manure
apple,82.3,35.3,60.2,6.95,DAP,37.5,1012.5,Poultry Manure
cotton,101.1,60.6,46.8,7.34,MOP,32.2,547.4,Compost + Biofertilizer
coconut,63.8,60.0,75.7,7.83,Urea,31.9,207.35,Vermicompost
jute,55.6,29.3,60.7,7.18,DAP,62.6,1690.2,Compost + Biofertilizer
grapes,69.3,42.9,50.6,7.42,DAP,53.5,1444.5,Farmyard Manure (FYM)
coconut,58.3,64.5,27.7,6.71,MOP,66.2,1125.4,Compost + Biofertilizer
apple,29.1,51.8,81.1,6.34,Urea,70.7,459.55,Compost + Biofertilizer
mango,94.0,31.1,52.4,6.73,DAP,44.3,1196.1,Farmyard Manure (FYM)
mungbean,83.0,38.4,84.3,7.43,DAP,39.6,1069.2,Vermicompost
papaya,84.9,86.6,69.0,5.95,NPK 19-19-19,20.9,501.6,Green Manure
mungbean,74.1,2.9,18.4,6.42,DAP,116.5,3145.5,Green Manure
mothbeans,51.4,43.5,62.6,6.9,Urea,57.6,374.4,Green Manure
mungbean,17.0,45.3,59.0,7.11,Urea,80.0,520.0,Poultry Manure
papaya,12.8,3.7,57.6,5.29,Urea,132.4,860.6,Farmyard Manure (FYM)
blackgram,69.2,30.1,60.8,6.97,DAP,48.2,1301.4,Compost + Biofertilizer
mungbean,79.0,29.6,26.7,6.8,MOP,70.0,1190.0,Farmyard Manure (FYM)
coffee,93.6,41.2,61.3,6.0,DAP,40.2,1085.4,Vermicompost
rice,103.3,79.1,27.0,6.49,MOP,48.2,819.4,Farmyard Manure (FYM)
apple,115.1,29.0,18.3,5.87,MOP,85.8,1458.6,Compost + Biofertilizer
banana,72.0,14.9,15.2,5.59,DAP,107.4,2899.8,Neem Cake
muskmelon,75.5,13.5,23.7,6.52,DAP,94.9,2562.3,Compost + Biofertilizer
banana,91.9,46.8,62.1,7.41,DAP,37.4,1009.8,Poultry Manure
pomegranate,65.5,21.6,24.5,6.83,DAP,104.3,2816.1,Farmyard Manure (FYM)
muskmelon,85.4,47.2,44.8,5.57,MOP,43.4,737.8,Poultry Manure
orange,82.2,79.7,35.7,7.95,MOP,43.1,732.7,Green Manure
mothbeans,73.3,41.7,37.7,4.44,MOP,65.2,1108.4,Neem Cake
maize,44.2,47.8,39.5,7.23,Urea,80.3,521.95,Poultry Manure
pomegranate,56.1,40.1,39.4,5.3,Urea,77.5,503.75,Farmyard Manure (FYM)
mango,30.1,38.5,48.6,5.73,Urea,93.3,606.45,Green Manure
watermelon,56.9,23.3,26.5,7.29,DAP,108.1,2918.7,Neem Cake
watermelon,46.4,48.4,61.1,6.32,Urea,53.6,348.4,Compost + Biofertilizer
blackgram,56.8,14.0,23.1,6.63,DAP,112.9,3048.3,Green Manure
papaya,68.0,27.6,82.4,6.47,DAP,67.0,1809.0,Compost + Biofertilizer
mungbean,23.3,46.8,44.5,8.15,Urea,94.1,611.65,Neem Cake
jute,49.0,22.6,100.8,5.64,DAP,77.8,2100.6,Green Manure
blackgram,76.7,51.7,75.0,7.06,DAP,24.1,650.7,Green Manure
cotton,55.0,53.8,24.2,5.42,MOP,87.2,1482.4,Green Manure
mothbeans,43.2,5.1,31.6,6.42,DAP,130.4,3520.8,Green Manure
grapes,47.4,42.8,84.8,6.77,Urea,62.2,404.3,Compost + Biofertilizer
blackgram,73.3,30.0,65.2,6.06,DAP,56.4,1522.8,Compost + Biofertilizer
papaya,83.4,43.2,62.1,7.57,DAP,30.1,812.7,Neem Cake
maize,49.8,76.7,39.8,5.14,Urea,63.6,413.4,Compost + Biofertilizer
orange,31.8,51.5,64.3,6.55,Urea,75.4,490.1,Green Manure
lentil,69.2,33.5,38.7,7.35,DAP,77.5,2092.5,Vermicompost
mothbeans,82.2,70.8,90.7,6.57,NPK 10-26-26,18.9,434.7,Vermicompost
blackgram,87.0,19.6,73.1,5.82,DAP,44.7,1206.9,Green Manure
kidneybeans,8.6,35.5,57.9,6.42,Urea,114.0,741.0,Vermicompost
chickpea,70.2,61.4,64.8,6.53,Urea,27.1,176.15,Vermicompost
rice,48.1,29.9,56.4,6.72,Urea,76.0,494.0,Compost + Biofertilizer
kidneybeans,53.1,59.1,60.8,6.32,Urea,44.8,291.2,Neem Cake
maize,17.1,48.8,12.6,6.44,Urea,125.3,814.45,Farmyard Manure (FYM)
rice,12.0,44.7,30.4,7.33,Urea,126.5,822.25,Green Manure
kidneybeans,66.9,48.0,40.3,6.2,MOP,62.1,1055.7,Compost + Biofertilizer
cotton,62.4,40.9,47.1,7.66,DAP,66.0,1782.0,Farmyard Manure (FYM)
grapes,71.7,40.0,56.4,6.62,DAP,43.3,1169.1,Poultry Manure
banana,32.2,59.3,58.9,6.74,Urea,66.1,429.65,Green Manure
coffee,45.7,59.7,24.9,5.8,MOP,88.1,1497.7,Farmyard Manure (FYM)
cotton,30.7,15.2,68.1,5.62,Urea,102.8,668.2,Green Manure
jute,73.9,1.8,49.4,6.49,DAP,92.5,2497.5,Farmyard Manure (FYM)
watermelon,29.6,62.9,53.3,7.75,Urea,75.1,488.15,Vermicompost
mango,76.2,44.2,48.9,6.35,DAP,42.4,1144.8,Vermicompost
maize,53.0,59.0,23.5,6.16,MOP,82.4,1400.8,Vermicompost
muskmelon,9.3,14.7,58.5,6.15,Urea,129.1,839.15,Farmyard Manure (FYM)
pigeonpeas,83.5,49.7,22.6,7.12,MOP,53.4,907.8,Compost + Biofertilizer
watermelon,73.6,53.7,52.7,6.48,MOP,37.6,639.2,Green Manure
kidneybeans,120.7,11.1,53.1,6.14,DAP,80.2,2165.4,Poultry Manure
banana,22.1,68.9,85.9,6.96,Urea,69.8,453.7,Neem Cake
mango,34.0,26.3,48.1,6.52,Urea,98.4,639.6,Farmyard Manure (FYM)
apple,82.4,82.2,7.1,6.56,MOP,64.9,1103.3,Compost + Biofertilizer
banana,70.3,68.9,59.3,6.91,Urea,33.1,215.15,Farmyard Manure (FYM)
papaya,114.4,30.3,37.6,5.92,DAP,66.0,1782.0,Poultry Manure
rice,86.6,56.9,56.3,7.05,NPK 19-19-19,22.1,530.4,Poultry Manure
grapes,70.9,69.7,77.9,5.64,Urea,33.2,215.8,Green Manure
muskmelon,56.4,60.3,0.0,6.05,MOP,95.3,1620.1,Compost + Biofertilizer
maize,28.6,57.0,41.6,3.98,Urea,87.9,571.35,Neem Cake
cotton,60.9,40.0,26.9,5.65,MOP,83.5,1419.5,Poultry Manure
orange,33.8,54.3,51.8,7.39,Urea,69.5,451.75,Poultry Manure
chickpea,48.2,67.9,17.2,6.45,MOP,87.6,1489.2,Green Manure
mothbeans,83.8,72.6,19.6,6.36,MOP,45.4,771.8,Poultry Manure
mango,73.8,20.5,18.7,5.72,MOP,98.2,1669.4,Compost + Biofertilizer
lentil,64.6,0.0,62.5,7.53,DAP,85.1,2297.7,Farmyard Manure (FYM)
banana,56.1,43.1,64.9,5.88,Urea,61.4,399.1,Green Manure
mungbean,40.3,26.6,49.7,6.79,Urea,95.4,620.1,Green Manure
apple,82.4,41.1,56.6,7.22,DAP,33.0,891.0,Poultry Manure
apple,91.2,29.7,32.5,5.81,DAP,74.1,2000.7,Neem Cake
pomegranate,50.7,18.8,22.7,6.62,DAP,117.6,3175.2,Compost + Biofertilizer
pigeonpeas,51.6,28.8,15.7,6.69,MOP,120.4,2046.8,Compost + Biofertilizer
grapes,81.1,64.2,51.3,6.08,MOP,26.2,445.4,Farmyard Manure (FYM)
pigeonpeas,30.2,50.2,46.0,6.93,Urea,77.4,503.1,Neem Cake
grapes,80.3,23.6,42.6,6.0,DAP,73.1,1973.7,Compost + Biofertilizer
watermelon,39.1,66.4,31.5,7.91,Urea,87.2,566.8,Vermicompost
watermelon,59.9,3.1,40.5,8.1,DAP,109.0,2943.0,Compost + Biofertilizer
cotton,77.6,89.4,0.0,7.0,MOP,71.2,1210.4,Poultry Manure
lentil,68.8,84.0,29.7,6.05,MOP,56.2,955.4,Green Manure
pomegranate,78.5,65.4,20.8,6.78,MOP,57.3,974.1,Compost + Biofertilizer
muskmelon,50.9,24.3,60.3,6.04,DAP,80.2,2165.4,Green Manure
banana,63.2,50.0,58.6,6.55,Urea,50.1,325.65,Vermicompost
papaya,22.2,28.8,73.8,5.97,Urea,92.9,603.85,Green Manure
maize,84.4,28.8,58.6,6.35,DAP,38.8,1047.6,Farmyard Manure (FYM)
mungbean,86.0,56.8,52.4,4.08,MOP,24.9,423.3,Poultry Manure
mungbean,40.4,54.6,34.0,5.61,Urea,89.5,581.75,Compost + Biofertilizer
mango,70.9,66.8,20.5,6.46,MOP,67.7,1150.9,Poultry Manure
grapes,84.1,51.8,76.9,6.94,DAP,32.9,888.3,Green Manure
kidneybeans,45.7,46.3,60.0,6.09,Urea,62.6,406.9,Vermicompost
coconut,66.4,15.3,54.4,7.25,DAP,74.3,2006.1,Poultry Manure
orange,88.4,48.3,47.6,6.04,MOP,44.5,756.5,Poultry Manure
grapes,61.6,53.8,64.4,8.51,Urea,42.9,278.85,Green Manure
blackgram,47.9,57.8,36.5,6.11,Urea,68.3,443.95,Farmyard Manure (FYM)
papaya,48.4,30.7,36.3,6.66,Urea,96.2,625.3,Neem Cake
kidneybeans,89.2,65.5,13.0,6.78,MOP,65.5,1113.5,Vermicompost
muskmelon,41.8,68.6,73.7,5.72,Urea,53.6,348.4,Compost + Biofertilizer
mothbeans,51.9,69.4,71.2,6.76,Urea,46.0,299.0,Vermicompost
cotton,85.5,85.2,16.1,6.25,MOP,58.1,987.7,Poultry Manure
kidneybeans,86.0,75.8,48.5,6.78,MOP,28.5,484.5,Compost + Biofertilizer
pigeonpeas,0.0,52.2,31.1,6.35,Urea,125.6,816.4,Vermicompost
apple,59.1,43.5,46.7,6.08,Urea,71.1,462.15,Neem Cake
rice,63.6,33.8,97.7,7.33,DAP,67.3,1817.1,Vermicompost
blackgram,37.8,45.9,69.6,6.58,Urea,66.4,431.6,Green Manure
blackgram,105.0,60.8,30.3,6.29,MOP,50.7,861.9,Vermicompost
chickpea,16.1,3.9,64.8,7.11,Urea,129.8,843.7,Green Manure
mothbeans,41.8,15.6,46.1,6.12,DAP,106.3,2870.1,Compost + Biofertilizer
watermelon,59.1,75.0,93.2,6.77,Urea,41.6,270.4,Vermicompost
orange,47.5,21.6,7.1,7.23,MOP,134.3,2283.1,Farmyard Manure (FYM)
apple,85.4,77.6,80.1,6.88,NPK 19-19-19,18.6,446.4,Farmyard Manure (FYM)
orange,65.2,72.6,41.7,7.04,MOP,49.1,834.7,Vermicompost
apple,44.1,50.1,88.5,5.99,Urea,62.0,403.0,Neem Cake
chickpea,108.6,60.8,60.7,6.47,NPK 19-19-19,16.4,393.6,Green Manure
orange,0.6,72.1,47.7,6.9,Urea,99.1,644.15,Farmyard Manure (FYM)
mungbean,48.1,33.2,85.0,6.16,Urea,78.6,510.9,Green Manure
coconut,51.4,48.5,81.1,6.6,Urea,59.9,389.35,Vermicompost
coconut,61.5,11.5,59.9,6.28,DAP,94.1,2540.7,Vermicompost
pigeonpeas,58.5,27.2,56.0,5.44,DAP,78.2,2111.4,Poultry Manure
banana,40.9,45.0,42.2,6.72,Urea,80.9,525.85,Poultry Manure
pigeonpeas,34.0,61.9,51.5,5.16,Urea,72.4,470.6,Poultry Manure
mothbeans,88.2,42.0,21.7,5.71,MOP,73.8,1254.6,Neem Cake
blackgram,34.3,18.2,25.0,7.77,Urea,127.2,826.8,Green Manure
lentil,46.1,30.6,57.3,6.2,Urea,85.5,555.75,Green Manure
mothbeans,61.1,37.9,42.3,7.12,DAP,69.2,1868.4,Vermicompost
watermelon,48.9,38.2,47.4,5.05,Urea,74.3,482.95,Farmyard Manure (FYM)
muskmelon,98.2,59.2,28.2,6.58,MOP,52.0,884.0,Neem Cake
lentil,56.3,90.2,2.6,6.3,MOP,91.8,1560.6,Vermicompost
orange,47.2,40.6,44.4,7.13,Urea,85.9,558.35,Green Manure
maize,86.7,32.0,31.7,6.17,MOP,65.7,1116.9,Compost + Biofertilizer
coconut,109.2,21.7,69.8,7.09,DAP,53.6,1447.2,Poultry Manure
pigeonpeas,78.3,42.7,35.8,6.09,MOP,65.4,1111.8,Green Manure
papaya,69.1,45.6,55.6,7.6,DAP,47.3,1277.1,Farmyard Manure (FYM)
orange,29.8,48.2,53.2,7.08,Urea,74.6,484.9,Vermicompost
coconut,9.8,47.8,64.6,5.68,Urea,87.8,570.7,Neem Cake
papaya,68.5,64.4,38.6,7.17,MOP,54.1,919.7,Poultry Manure
muskmelon,76.7,44.5,5.8,5.88,MOP,86.6,1472.2,Compost + Biofertilizer
coffee,77.3,75.4,79.5,6.34,NPK 19-19-19,25.2,604.8,Farmyard Manure (FYM)
pigeonpeas,74.9,43.4,53.9,7.17,DAP,39.5,1066.5,Compost + Biofertilizer
banana,108.1,48.6,53.9,6.13,DAP,34.7,936.9,Farmyard Manure (FYM)
mothbeans,61.9,55.5,58.5,7.1,Urea,41.9,272.35,Neem Cake
rice,40.0,66.9,31.8,6.18,Urea,78.1,507.65,Neem Cake
mungbean,62.0,75.5,51.9,6.53,Urea,44.3,287.95,Compost + Biofertilizer
chickpea,55.7,60.3,27.1,6.28,MOP,70.2,1193.4,Green Manure
mungbean,43.3,29.4,42.7,6.84,Urea,93.0,604.5,Vermicompost
mango,10.5,44.5,52.2,7.27,Urea,107.6,699.4,Farmyard Manure (FYM)
watermelon,84.6,10.5,41.7,7.41,DAP,73.4,1981.8,Neem Cake
pigeonpeas,77.8,52.4,19.9,6.97,MOP,74.3,1263.1,Vermicompost
rice,59.4,42.0,80.2,7.55,Urea,56.6,367.9,Poultry Manure
mothbeans,65.1,43.6,36.7,6.4,MOP,73.9,1256.3,Farmyard Manure (FYM)
orange,66.9,26.4,47.4,6.39,DAP,76.8,2073.6,Poultry Manure
papaya,68.7,21.2,64.6,6.38,DAP,73.6,1987.2,Poultry Manure
watermelon,47.6,61.1,39.6,5.23,Urea,50.4,327.6,Farmyard Manure (FYM)
kidneybeans,64.4,4.4,57.6,6.69,DAP,90.1,2432.7,Compost + Biofertilizer
grapes,54.3,9.4,47.9,7.95,DAP,104.1,2810.7,Neem Cake
coconut,45.3,74.4,58.2,6.59,Urea,46.2,300.3,Green Manure
mothbeans,86.7,49.8,65.6,5.4,DAP,25.9,699.3,Vermicompost
maize,85.8,57.2,39.2,5.74,MOP,33.3,566.1,Farmyard Manure (FYM)
blackgram,35.7,42.2,67.1,6.43,Urea,79.5,516.75,Neem Cake
banana,71.3,56.7,51.3,6.26,MOP,35.6,605.2,Neem Cake
papaya,86.0,30.7,30.0,6.47,MOP,71.7,1218.9,Farmyard Manure (FYM)
mothbeans,48.7,0.0,37.8,6.11,DAP,123.4,3331.8,Neem Cake
coconut,26.2,52.0,40.7,5.98,Urea,95.2,618.8,Vermicompost
banana,73.5,49.1,75.6,5.01,DAP,41.9,1131.3,Vermicompost
mango,49.4,63.3,22.0,6.33,MOP,91.8,1560.6,Poultry Manure
mothbeans,89.4,39.5,33.6,7.15,MOP,64.7,1099.9,Farmyard Manure (FYM)
coffee,80.1,41.8,46.1,6.48,DAP,47.3,1277.1,Poultry Manure
mothbeans,0.0,57.1,43.1,6.18,Urea,107.7,700.05,Vermicompost
rice,58.0,49.7,0.0,6.81,MOP,99.8,1696.6,Green Manure
coconut,65.9,41.1,40.0,6.34,MOP,64.7,1099.9,Green Manure
watermelon,67.9,5.3,47.0,6.84,DAP,81.4,2197.8,Compost + Biofertilizer
mothbeans,50.8,80.8,54.4,7.02,Urea,52.3,339.95,Green Manure
pomegranate,55.3,34.4,61.9,5.75,DAP,54.5,1471.5,Compost + Biofertilizer
mango,57.1,58.5,40.4,6.1,Urea,55.7,362.05,Poultry Manure
maize,56.0,45.2,64.6,7.37,Urea,61.9,402.35,Neem Cake
chickpea,95.1,46.0,68.8,6.61,DAP,27.5,742.5,Compost + Biofertilizer
pigeonpeas,69.1,42.8,105.5,6.26,DAP,39.2,1058.4,Green Manure
mothbeans,31.8,39.8,80.5,7.99,Urea,80.5,523.25,Vermicompost
jute,71.3,38.0,12.4,6.06,MOP,84.5,1436.5,Green Manure
pigeonpeas,53.4,48.8,15.2,8.29,MOP,90.1,1531.7,Farmyard Manure (FYM)
jute,49.1,42.5,31.2,7.27,Urea,81.0,526.5,Compost + Biofertilizer
watermelon,53.1,52.3,63.2,5.68,Urea,50.4,327.6,Green Manure
jute,35.5,41.7,10.6,5.72,MOP,128.6,2186.2,Green Manure
mango,15.1,0.0,54.9,5.81,Urea,134.2,872.3,Poultry Manure
coconut,24.3,0.0,41.2,5.95,DAP,137.2,3704.4,Compost + Biofertilizer
pigeonpeas,55.2,28.3,45.0,6.27,DAP,79.2,2138.4,Vermicompost
pomegranate,61.7,43.2,26.5,7.96,MOP,81.8,1390.6,Neem Cake
coconut,61.7,36.7,97.9,7.02,DAP,59.6,1609.2,Green Manure
coffee,87.6,39.3,64.7,6.77,DAP,51.9,1401.3,Farmyard Manure (FYM)
maize,47.8,16.9,68.6,6.24,DAP,90.8,2451.6,Neem Cake
apple,92.2,19.3,70.7,5.86,DAP,53.5,1444.5,Vermicompost
mothbeans,78.4,62.4,62.6,7.17,NPK 10-26-26,18.0,414.0,Poultry Manure
coffee,55.7,62.7,32.2,5.43,MOP,64.6,1098.2,Green Manure
pigeonpeas,65.7,44.2,76.6,6.95,DAP,39.8,1074.6,Vermicompost
watermelon,50.5,40.6,86.2,6.89,Urea,55.7,362.05,Neem Cake
coconut,44.0,83.6,53.5,6.6,Urea,58.8,382.2,Green Manure
jute,40.2,33.4,29.2,6.51,Urea,101.0,656.5,Farmyard Manure (FYM)
apple,54.4,48.2,63.7,7.02,Urea,62.0,403.0,Farmyard Manure (FYM)
chickpea,61.0,19.8,20.8,6.35,DAP,114.2,3083.4,Green Manure
muskmelon,80.9,13.6,44.3,5.63,DAP,83.2,2246.4,Neem Cake
blackgram,58.1,41.8,37.9,7.05,MOP,68.9,1171.3,Green Manure
mungbean,82.0,49.3,58.3,5.95,DAP,30.4,820.8,Vermicompost
papaya,71.8,85.0,42.0,7.62,MOP,37.8,642.6,Green Manure
lentil,108.9,58.3,62.4,5.66,NPK 19-19-19,15.0,360.0,Farmyard Manure (FYM)
mungbean,62.7,80.9,63.1,5.72,Urea,54.9,356.85,Green Manure
blackgram,62.1,35.9,41.9,5.87,DAP,70.0,1890.0,Neem Cake
banana,67.9,61.5,8.5,6.1,MOP,72.6,1234.2,Farmyard Manure (FYM)
pomegranate,71.3,74.4,62.4,7.1,Urea,25.2,163.8,Poultry Manure
lentil,72.5,18.9,31.3,6.18,DAP,93.8,2532.6,Poultry Manure
coffee,113.0,39.9,21.0,6.97,MOP,69.1,1174.7,Green Manure
lentil,46.7,52.3,56.6,6.57,Urea,58.5,380.25,Farmyard Manure (FYM)
mothbeans,41.7,42.9,38.5,6.59,Urea,88.8,577.2,Farmyard Manure (FYM)
lentil,38.0,35.8,72.3,7.27,Urea,77.2,501.8,Poultry Manure
cotton,57.3,47.1,54.8,6.84,Urea,57.2,371.8,Neem Cake
chickpea,42.3,26.1,54.8,6.43,Urea,84.6,549.9,Neem Cake
banana,62.6,37.3,59.0,6.21,DAP,58.7,1584.9,Vermicompost
coconut,86.1,43.3,12.6,7.09,MOP,85.1,1446.7,Neem Cake
cotton,43.9,64.5,80.9,7.23,Urea,63.8,414.7,Farmyard Manure (FYM)
blackgram,55.7,92.0,52.6,7.21,Urea,50.2,326.3,Neem Cake
orange,91.8,20.2,28.7,7.47,DAP,91.6,2473.2,Vermicompost
apple,36.3,31.6,51.3,7.12,Urea,91.6,595.4,Farmyard Manure (FYM)
mothbeans,57.9,6.2,74.5,5.84,DAP,81.7,2205.9,Vermicompost
kidneybeans,59.3,18.5,44.6,7.28,DAP,90.0,2430.0,Farmyard Manure (FYM)
coconut,74.4,38.1,49.0,5.87,DAP,62.3,1682.1,Vermicompost
blackgram,40.6,42.9,37.7,6.54,Urea,91.0,591.5,Farmyard Manure (FYM)
blackgram,85.7,52.4,39.1,6.13,MOP,47.8,812.6,Vermicompost
lentil,33.1,38.1,90.8,6.38,Urea,80.0,520.0,Poultry Manure
mango,46.0,25.9,64.6,6.63,DAP,78.2,2111.4,Neem Cake
maize,53.2,86.4,37.3,7.45,Urea,61.6,400.4,Poultry Manure
chickpea,57.2,53.4,65.6,6.87,Urea,37.6,244.4,Neem Cake
watermelon,30.2,89.2,25.6,5.4,Urea,97.4,633.1,Neem Cake
banana,27.1,19.4,69.4,5.28,Urea,106.4,691.6,Neem Cake
grapes,27.4,51.9,82.5,4.68,Urea,72.9,473.85,Farmyard Manure (FYM)
maize,31.1,29.0,27.3,4.69,Urea,120.4,782.6,Neem Cake
maize,45.1,17.4,17.5,5.49,DAP,119.0,3213.0,Farmyard Manure (FYM)
mungbean,47.9,25.3,38.2,6.37,DAP,105.5,2848.5,Farmyard Manure (FYM)
mungbean,55.3,37.7,35.7,7.35,Urea,88.8,577.2,Poultry Manure
lentil,38.4,31.1,20.2,6.58,Urea,123.6,803.4,Vermicompost
coconut,66.9,59.6,33.2,5.51,MOP,51.7,878.9,Compost + Biofertilizer
orange,76.3,66.5,42.8,6.15,MOP,35.9,610.3,Green Manure
pomegranate,44.6,58.0,76.4,5.6,Urea,64.4,418.6,Green Manure
rice,57.4,26.0,40.3,6.26,DAP,90.7,2448.9,Poultry Manure
papaya,52.4,21.9,40.6,6.76,DAP,94.0,2538.0,Poultry Manure
cotton,27.4,91.3,63.9,7.75,Urea,68.8,447.2,Vermicompost
kidneybeans,85.1,45.8,30.2,7.07,MOP,52.8,897.6,Compost + Biofertilizer
papaya,67.7,78.1,38.6,5.95,MOP,49.9,848.3,Farmyard Manure (FYM)
apple,19.6,37.0,28.5,6.45,Urea,125.4,815.1,Farmyard Manure (FYM)
lentil,53.0,52.8,71.8,6.2,Urea,58.3,378.95,Vermicompost
coffee,11.9,56.0,44.4,7.31,Urea,101.4,659.1,Neem Cake
chickpea,17.9,56.6,53.4,6.69,Urea,87.3,567.45,Vermicompost
muskmelon,87.3,75.9,0.0,6.42,MOP,65.6,1115.2,Vermicompost
coconut,57.5,71.7,49.6,7.86,Urea,38.0,247.0,Green Manure
maize,79.7,73.1,22.6,6.59,MOP,55.3,940.1,Green Manure
lentil,68.4,7.1,43.1,6.54,DAP,87.8,2370.6,Compost + Biofertilizer
mungbean,66.9,8.9,13.7,6.55,DAP,124.6,3364.2,Farmyard Manure (FYM)
banana,57.3,9.7,16.7,6.36,DAP,123.5,3334.5,Poultry Manure
apple,75.3,46.7,27.0,6.55,MOP,64.2,1091.4,Neem Cake
watermelon,86.9,30.9,58.4,5.44,DAP,48.4,1306.8,Neem Cake
grapes,76.2,12.5,0.0,5.02,MOP,117.0,1989.0,Neem Cake
banana,113.9,50.7,20.3,7.26,MOP,58.7,997.9,Poultry Manure
maize,79.0,62.7,33.7,5.55,MOP,45.2,768.4,Neem Cake
muskmelon,59.7,54.2,0.0,6.82,MOP,111.1,1888.7,Neem Cake
banana,38.5,67.4,21.6,6.14,Urea,91.3,593.45,Farmyard Manure (FYM)
cotton,104.9,0.0,71.0,5.53,DAP,73.0,1971.0,Compost + Biofertilizer
pigeonpeas,73.3,47.8,24.8,7.38,MOP,66.6,1132.2,Poultry Manure
papaya,85.2,29.1,49.6,6.56,DAP,58.2,1571.4,Neem Cake
coconut,80.8,56.0,29.3,6.53,MOP,46.2,785.4,Neem Cake
grapes,32.6,42.3,65.3,6.09,Urea,78.4,509.6,Compost + Biofertilizer
pomegranate,63.2,9.5,31.0,5.92,DAP,103.8,2802.6,Vermicompost
papaya,88.1,67.3,52.5,6.27,MOP,35.4,601.8,Neem Cake
cotton,38.9,45.0,72.4,7.6,Urea,78.3,508.95,Vermicompost
cotton,44.8,47.0,70.1,5.78,Urea,57.3,372.45,Vermicompost
lentil,43.2,59.9,28.5,6.27,Urea,73.0,474.5,Poultry Manure
chickpea,55.6,8.3,0.0,6.95,MOP,148.3,2521.1,Farmyard Manure (FYM)
orange,78.0,40.7,55.7,6.48,DAP,45.5,1228.5,Neem Cake
chickpea,72.9,35.3,59.5,6.42,DAP,47.7,1287.9,Neem Cake
mothbeans,82.6,23.5,33.2,7.18,DAP,75.8,2046.6,Compost + Biofertilizer
rice,23.3,34.5,30.4,5.92,Urea,120.8,785.2,Poultry Manure
jute,59.8,78.5,38.6,6.35,MOP,59.2,1006.4,Vermicompost
muskmelon,85.2,47.6,50.0,6.12,DAP,43.6,1177.2,Farmyard Manure (FYM)
apple,90.8,69.6,47.0,7.2,MOP,29.6,503.2,Vermicompost
blackgram,30.9,27.4,52.3,5.69,Urea,106.8,694.2,Poultry Manure
grapes,64.6,0.0,66.9,5.45,DAP,88.5,2389.5,Farmyard Manure (FYM)
mungbean,77.0,25.3,59.3,7.12,DAP,54.1,1460.7,Poultry Manure
apple,56.4,38.7,62.3,7.13,Urea,48.8,317.2,Neem Cake
coffee,46.6,30.8,44.4,6.77,Urea,88.7,576.55,Poultry Manure
mungbean,99.9,24.5,38.7,6.26,DAP,77.4,2089.8,Compost + Biofertilizer
coconut,95.6,66.6,54.9,6.33,MOP,36.4,618.8,Vermicompost
watermelon,135.7,85.0,14.1,5.54,MOP,56.0,952.0,Vermicompost
mothbeans,30.4,4.8,94.1,6.47,DAP,117.0,3159.0,Farmyard Manure (FYM)
banana,54.6,34.2,54.9,5.18,DAP,78.7,2124.9,Green Manure
chickpea,25.0,74.0,15.7,6.19,Urea,110.1,715.65,Poultry Manure
apple,27.9,45.6,96.9,5.95,Urea,76.4,496.6,Neem Cake
blackgram,62.0,32.0,71.8,5.64,DAP,56.9,1536.3,Vermicompost
pomegranate,33.9,7.0,55.2,7.33,DAP,115.3,3113.1,Vermicompost
pigeonpeas,77.0,22.5,96.0,5.66,DAP,66.8,1803.6,Poultry Manure
mango,80.2,43.9,71.2,6.71,DAP,31.9,861.3,Compost + Biofertilizer
papaya,54.1,26.7,39.6,7.19,DAP,93.4,2521.8,Poultry Manure
cotton,115.2,35.9,23.1,6.92,MOP,75.8,1288.6,Vermicompost
orange,76.2,15.5,62.4,6.77,DAP,62.5,1687.5,Compost + Biofertilizer
orange,21.0,27.5,38.5,7.99,Urea,123.6,803.4,Vermicompost
maize,61.7,43.1,31.5,8.12,MOP,83.3,1416.1,Vermicompost
pomegranate,32.4,59.6,91.8,7.04,Urea,59.9,389.35,Farmyard Manure (FYM)
jute,80.6,35.0,55.0,6.34,DAP,47.0,1269.0,Poultry Manure
lentil,56.1,18.3,32.4,6.69,DAP,104.8,2829.6,Green Manure
rice,59.4,29.0,107.1,5.86,DAP,76.1,2054.7,Neem Cake
blackgram,70.4,81.1,42.0,8.19,MOP,45.3,770.1,Compost + Biofertilizer
grapes,51.4,43.4,50.9,5.96,Urea,72.8,473.2,Compost + Biofertilizer
apple,106.7,44.2,54.9,6.49,DAP,34.8,939.6,Farmyard Manure (FYM)
kidneybeans,70.3,58.4,97.9,6.69,Urea,35.9,233.35,Farmyard Manure (FYM)
maize,103.7,0.0,88.6,8.29,DAP,65.2,1760.4,Poultry Manure
mothbeans,70.8,52.8,10.1,5.7,MOP,68.0,1156.0,Compost + Biofertilizer
jute,37.4,36.1,64.9,5.92,Urea,93.7,609.05,Vermicompost
pomegranate,70.1,23.9,8.5,6.16,MOP,104.4,1774.8,Green Manure
maize,73.4,26.0,90.1,6.7,DAP,57.1,1541.7,Vermicompost
coffee,65.1,42.7,53.4,7.29,DAP,57.0,1539.0,Farmyard Manure (FYM)
kidneybeans,32.6,20.0,3.1,6.95,MOP,149.2,2536.4,Green Manure
blackgram,32.8,44.6,67.8,6.08,Urea,71.6,465.4,Neem Cake
grapes,77.1,39.5,62.0,6.72,DAP,30.8,831.6,Vermicompost
coffee,69.6,45.3,34.5,6.41,MOP,72.9,1239.3,Poultry Manure
grapes,48.9,63.4,78.7,6.37,Urea,52.3,339.95,Farmyard Manure (FYM)
maize,52.3,51.5,35.5,6.49,Urea,73.3,476.45,Vermicompost
chickpea,58.3,24.5,75.3,6.79,DAP,77.4,2089.8,Farmyard Manure (FYM)
chickpea,44.8,84.3,35.5,7.45,Urea,68.7,446.55,Poultry Manure
jute,42.9,22.7,60.1,5.8,DAP,85.4,2305.8,Poultry Manure
lentil,56.6,51.4,45.3,5.81,Urea,70.0,455.0,Vermicompost
maize,33.9,78.9,66.4,6.86,Urea,60.7,394.55,Green Manure
banana,75.1,68.3,47.3,7.29,MOP,43.5,739.5,Green Manure
kidneybeans,95.2,26.8,49.0,7.65,DAP,58.2,1571.4,Green Manure
banana,25.7,25.3,50.2,6.11,Urea,112.2,729.3,Green Manure
lentil,18.8,48.3,48.7,7.36,Urea,101.1,657.15,Green Manure
chickpea,57.9,66.9,44.6,6.2,Urea,65.2,423.8,Compost + Biofertilizer
kidneybeans,46.0,25.9,74.1,5.89,DAP,90.6,2446.2,Poultry Manure
cotton,97.1,37.6,29.8,6.14,MOP,75.4,1281.8,Farmyard Manure (FYM)
apple,78.5,44.6,59.0,5.91,DAP,27.3,737.1,Compost + Biofertilizer
mothbeans,59.1,53.8,53.2,5.31,Urea,57.3,372.45,Green Manure
muskmelon,53.1,56.6,24.3,5.44,MOP,76.4,1298.8,Poultry Manure
orange,59.9,27.7,47.7,6.15,DAP,77.2,2084.4,Poultry Manure
cotton,73.2,31.9,51.5,6.48,DAP,54.3,1466.1,Poultry Manure
papaya,85.8,80.8,33.7,6.4,MOP,49.7,844.9,Neem Cake
watermelon,63.4,55.8,67.9,5.87,Urea,32.4,210.6,Poultry Manure
watermelon,57.8,44.4,78.8,6.54,Urea,53.9,350.35,Farmyard Manure (FYM)
watermelon,67.6,44.1,42.7,5.46,MOP,57.2,972.4,Green Manure
pigeonpeas,47.2,72.8,44.8,4.98,Urea,64.2,417.3,Green Manure
rice,41.8,84.6,0.0,6.9,MOP,110.0,1870.0,Compost + Biofertilizer
kidneybeans,40.4,42.6,34.8,6.88,Urea,90.9,590.85,Compost + Biofertilizer
kidneybeans,10.6,90.2,51.0,6.58,Urea,81.2,527.8,Compost + Biofertilizer
watermelon,36.7,78.2,33.9,7.15,Urea,78.0,507.0,Vermicompost
chickpea,58.4,37.5,48.7,6.41,DAP,63.2,1706.4,Vermicompost
cotton,57.5,49.4,27.6,7.51,MOP,76.6,1302.2,Neem Cake
maize,15.8,61.0,52.1,6.76,Urea,84.2,547.3,Compost + Biofertilizer
apple,76.8,38.6,23.3,5.33,MOP,67.5,1147.5,Neem Cake
cotton,75.5,28.6,60.0,6.31,DAP,58.6,1582.2,Compost + Biofertilizer
rice,61.9,65.6,63.5,5.19,Urea,33.2,215.8,Vermicompost
muskmelon,46.4,30.3,51.1,6.08,Urea,80.0,520.0,Poultry Manure
maize,84.0,64.5,33.8,6.74,MOP,49.0,833.0,Vermicompost
apple,23.4,63.8,56.9,6.85,Urea,82.2,534.3,Compost + Biofertilizer
banana,75.9,43.0,37.5,7.08,MOP,60.6,1030.2,Vermicompost
orange,50.7,58.4,48.1,6.53,Urea,62.1,403.65,Poultry Manure
rice,60.7,76.8,68.0,5.93,Urea,46.6,302.9,Poultry Manure
coffee,30.6,37.0,68.7,6.78,Urea,94.4,613.6,Poultry Manure
pigeonpeas,97.3,21.5,46.9,7.0,DAP,61.0,1647.0,Vermicompost
lentil,90.3,37.7,53.7,6.32,DAP,40.7,1098.9,Farmyard Manure (FYM)
blackgram,21.9,27.4,71.4,5.91,Urea,105.6,686.4,Green Manure
jute,29.6,69.2,24.3,7.57,Urea,95.0,617.5,Neem Cake
jute,64.4,36.0,34.5,6.85,MOP,79.3,1348.1,Farmyard Manure (FYM)
chickpea,42.3,5.3,50.5,6.25,DAP,107.0,2889.0,Vermicompost
mungbean,85.9,36.7,89.5,7.02,DAP,38.9,1050.3,Poultry Manure
pomegranate,40.9,17.6,67.4,7.38,DAP,94.6,2554.2,Poultry Manure
watermelon,14.2,77.8,62.5,5.21,Urea,77.3,502.45,Farmyard Manure (FYM)
grapes,87.1,64.6,31.7,6.69,MOP,44.4,754.8,Poultry Manure
coffee,22.6,45.5,47.0,6.43,Urea,84.8,551.2,Vermicompost
lentil,101.1,45.5,57.5,6.83,DAP,39.7,1071.9,Green Manure
chickpea,84.1,32.5,0.0,6.68,MOP,99.1,1684.7,Neem Cake
coffee,78.2,17.4,67.4,5.61,DAP,58.1,1568.7,Green Manure
maize,57.0,45.9,39.1,6.93,Urea,73.6,478.4,Farmyard Manure (FYM)
coconut,48.6,24.1,51.7,5.54,DAP,91.4,2467.8,Poultry Manure
jute,85.3,71.1,63.1,7.31,NPK 10-26-26,17.1,393.3,Green Manure
mothbeans,81.0,37.4,43.0,6.53,DAP,45.6,1231.2,Vermicompost
maize,27.1,33.7,31.5,6.29,Urea,123.9,805.35,Poultry Manure
papaya,93.3,34.4,39.4,7.91,DAP,54.9,1482.3,Farmyard Manure (FYM)
rice,114.2,43.5,93.0,6.18,DAP,28.4,766.8,Neem Cake
watermelon,83.1,26.6,94.7,7.31,DAP,43.9,1185.3,Green Manure
rice,55.2,27.3,65.2,6.09,DAP,75.9,2049.3,Neem Cake
pomegranate,71.4,37.8,57.4,6.36,DAP,48.0,1296.0,Neem Cake
apple,62.3,53.1,53.7,6.64,Urea,40.9,265.85,Neem Cake
rice,72.8,54.0,36.5,6.0,MOP,50.2,853.4,Farmyard Manure (FYM)
grapes,63.8,32.0,23.2,5.39,MOP,93.5,1589.5,Neem Cake
muskmelon,39.4,45.0,55.1,5.97,Urea,63.4,412.1,Poultry Manure
pomegranate,10.1,51.5,38.7,7.06,Urea,107.1,696.15,Green Manure
watermelon,69.3,34.1,38.1,7.16,DAP,65.2,1760.4,Vermicompost
orange,67.3,35.6,32.1,5.77,MOP,73.5,1249.5,Farmyard Manure (FYM)
pomegranate,41.3,48.4,44.0,7.27,Urea,83.9,545.35,Poultry Manure
mango,34.3,43.9,44.3,6.12,Urea,90.8,590.2,Farmyard Manure (FYM)
lentil,33.5,36.8,67.7,6.85,Urea,86.3,560.95,Neem Cake
blackgram,71.1,68.6,13.0,6.82,MOP,56.7,963.9,Poultry Manure
coffee,60.4,75.0,43.2,5.94,Urea,52.8,343.2,Compost + Biofertilizer
pomegranate,59.9,34.7,62.6,6.76,DAP,51.6,1393.2,Farmyard Manure (FYM)
rice,51.5,55.5,23.3,7.59,MOP,92.5,1572.5,Farmyard Manure (FYM)
coconut,71.9,65.4,33.5,6.78,MOP,46.0,782.0,Neem Cake
coffee,83.1,67.9,84.1,5.41,NPK 10-26-26,28.4,653.2,Green Manure
lentil,49.6,56.4,17.6,6.01,MOP,90.6,1540.2,Vermicompost
pigeonpeas,55.0,54.7,80.1,7.06,Urea,47.6,309.4,Farmyard Manure (FYM)
coconut,66.6,28.6,46.2,8.0,DAP,70.8,1911.6,Farmyard Manure (FYM)
mango,83.8,48.1,48.4,6.89,DAP,36.9,996.3,Green Manure
apple,49.2,57.0,26.0,6.72,MOP,80.1,1361.7,Farmyard Manure (FYM)
pigeonpeas,48.5,56.7,59.4,5.32,Urea,59.2,384.8,Poultry Manure
papaya,89.8,45.5,0.0,6.74,MOP,86.2,1465.4,Farmyard Manure (FYM)
chickpea,42.7,33.7,17.7,5.99,MOP,111.8,1900.6,Green Manure
blackgram,56.7,47.5,68.6,6.42,Urea,43.0,279.5,Green Manure
orange,73.5,40.4,60.1,6.93,DAP,41.8,1128.6,Neem Cake
grapes,46.0,12.3,44.4,6.46,DAP,111.2,3002.4,Compost + Biofertilizer
coconut,83.6,33.4,48.6,6.15,DAP,55.0,1485.0,Vermicompost
apple,54.1,51.7,58.7,6.76,Urea,55.6,361.4,Compost + Biofertilizer
mungbean,10.1,38.8,76.7,6.73,Urea,106.5,692.25,Poultry Manure
papaya,43.0,44.4,66.9,5.6,Urea,65.8,427.7,Compost + Biofertilizer
rice,22.8,65.7,42.4,7.08,Urea,89.8,583.7,Vermicompost
kidneybeans,62.8,69.0,65.9,6.77,Urea,41.8,271.7,Neem Cake
mungbean,113.4,37.6,42.5,6.82,DAP,54.5,1471.5,Green Manure
orange,61.2,45.3,52.7,6.13,Urea,55.9,363.35,Farmyard Manure (FYM)
lentil,31.0,57.7,40.9,6.42,Urea,86.4,561.6,Poultry Manure
grapes,49.1,24.4,64.3,6.13,DAP,81.8,2208.6,Vermicompost
jute,45.5,34.8,45.6,6.98,Urea,99.3,645.45,Compost + Biofertilizer
apple,56.2,62.1,51.6,7.04,Urea,50.9,330.85,Green Manure
orange,63.9,44.1,26.6,6.91,MOP,78.0,1326.0,Neem Cake
mungbean,97.6,71.8,19.5,6.38,MOP,50.4,856.8,Neem Cake
rice,47.5,19.9,85.3,6.61,DAP,78.1,2108.7,Neem Cake
jute,42.9,34.6,64.8,6.22,Urea,76.5,497.25,Poultry Manure
apple,59.5,27.8,49.5,6.67,DAP,80.7,2178.9,Poultry Manure
coffee,48.8,29.3,18.1,5.78,MOP,106.7,1813.9,Green Manure
mothbeans,57.0,26.1,88.3,5.95,DAP,68.6,1852.2,Neem Cake
lentil,80.2,29.8,96.7,6.99,DAP,38.7,1044.9,Green Manure
maize,27.2,39.0,56.1,6.45,Urea,80.2,521.3,Neem Cake
rice,55.4,86.9,40.3,6.32,Urea,60.5,393.25,Vermicompost
papaya,55.7,84.8,45.8,7.78,Urea,50.5,328.25,Farmyard Manure (FYM)
pigeonpeas,44.4,26.7,57.6,7.0,Urea,82.6,536.9,Green Manure
maize,67.3,60.2,30.2,5.4,MOP,63.2,1074.4,Green Manure
chickpea,58.7,76.3,27.8,6.53,MOP,70.9,1205.3,Vermicompost
mothbeans,18.1,51.7,55.2,5.62,Urea,90.2,586.3,Vermicompost
coffee,80.2,53.7,61.9,5.46,DAP,30.9,834.3,Neem Cake
jute,45.3,48.5,42.0,6.47,Urea,81.1,527.15,Vermicompost
mango,107.3,35.7,34.2,8.16,MOP,66.9,1137.3,Neem Cake
pigeonpeas,60.6,18.1,71.9,6.33,DAP,71.4,1927.8,Neem Cake
coffee,122.1,6.8,50.5,7.82,DAP,69.5,1876.5,Compost + Biofertilizer
watermelon,54.7,51.5,59.3,6.6,Urea,50.1,325.65,Vermicompost
coffee,48.9,41.8,8.9,6.6,MOP,107.2,1822.4,Green Manure
blackgram,86.1,56.4,41.0,6.7,MOP,48.6,826.2,Poultry Manure
apple,25.0,17.6,5.2,6.22,Urea,157.4,1023.1,Vermicompost
blackgram,52.5,62.1,49.8,6.25,Urea,64.9,421.85,Farmyard Manure (FYM)
lentil,52.6,66.5,61.3,6.62,Urea,44.0,286.0,Poultry Manure
mothbeans,46.7,38.4,36.9,5.99,Urea,92.6,601.9,Compost + Biofertilizer
muskmelon,90.3,77.2,52.2,5.61,MOP,20.7,351.9,Vermicompost
cotton,61.3,9.0,64.1,7.06,DAP,82.6,2230.2,Farmyard Manure (FYM)
pomegranate,67.8,31.3,79.9,5.98,DAP,59.3,1601.1,Vermicompost
grapes,56.6,63.7,42.5,6.82,Urea,55.8,362.7,Poultry Manure
orange,82.1,33.9,24.6,7.24,MOP,74.9,1273.3,Compost + Biofertilizer
chickpea,40.7,52.8,143.2,6.94,Urea,62.2,404.3,Neem Cake
apple,39.8,37.5,60.4,7.01,Urea,77.7,505.05,Poultry Manure
grapes,52.9,0.0,66.9,6.23,DAP,104.1,2810.7,Compost + Biofertilizer
maize,98.3,17.5,100.0,5.82,DAP,62.7,1692.9,Green Manure
mungbean,0.0,72.7,84.2,6.95,Urea,87.6,569.4,Vermicompost
papaya,82.2,25.9,26.3,7.68,DAP,78.7,2124.9,Farmyard Manure (FYM)
lentil,82.6,73.4,44.2,6.01,MOP,26.2,445.4,Neem Cake
jute,57.7,19.2,37.1,5.49,DAP,95.9,2589.3,Neem Cake
maize,100.3,21.6,57.5,6.06,DAP,62.3,1682.1,Poultry Manure
banana,77.0,49.5,21.7,6.86,MOP,64.1,1089.7,Farmyard Manure (FYM)
pomegranate,63.5,36.9,37.0,7.73,DAP,76.4,2062.8,Farmyard Manure (FYM)
coconut,37.2,52.3,37.1,5.85,Urea,91.4,594.1,Compost + Biofertilizer
blackgram,47.9,17.5,35.5,6.92,DAP,109.8,2964.6,Green Manure
pigeonpeas,52.7,29.0,49.5,5.37,DAP,88.1,2378.7,Neem Cake
chickpea,106.2,44.3,42.9,6.49,MOP,45.5,773.5,Poultry Manure
chickpea,13.3,51.7,28.0,6.28,Urea,118.7,771.55,Vermicompost
muskmelon,8.4,45.5,86.2,6.85,Urea,87.1,566.15,Poultry Manure
jute,62.8,70.1,26.5,6.96,MOP,74.6,1268.2,Farmyard Manure (FYM)
coconut,58.5,83.1,76.8,6.78,Urea,35.3,229.45,Poultry Manure
banana,28.2,30.1,17.3,5.52,Urea,136.1,884.65,Poultry Manure
pigeonpeas,15.8,59.8,55.5,6.45,Urea,79.7,518.05,Vermicompost
orange,29.1,37.1,68.2,6.08,Urea,86.9,564.85,Farmyard Manure (FYM)
coffee,76.6,29.1,48.9,6.77,DAP,61.2,1652.4,Poultry Manure
cotton,61.6,17.3,55.3,7.57,DAP,79.2,2138.4,Vermicompost
mothbeans,56.1,41.3,89.0,5.75,Urea,62.3,404.95,Farmyard Manure (FYM)
blackgram,91.8,83.5,43.4,5.98,MOP,37.1,630.7,Farmyard Manure (FYM)
kidneybeans,40.1,61.8,39.3,5.36,Urea,79.1,514.15,Compost + Biofertilizer
kidneybeans,134.1,35.0,2.5,7.69,MOP,93.7,1592.9,Poultry Manure
coconut,61.8,37.4,51.8,7.75,DAP,61.4,1657.8,Compost + Biofertilizer
lentil,71.2,48.7,82.5,5.93,DAP,38.6,1042.2,Farmyard Manure (FYM)
jute,56.1,63.2,57.1,7.06,Urea,49.9,324.35,Green Manure
lentil,72.6,47.9,54.5,6.74,DAP,39.9,1077.3,Compost + Biofertilizer
muskmelon,66.2,50.9,15.9,6.05,MOP,70.4,1196.8,Compost + Biofertilizer
papaya,33.7,14.4,65.9,5.56,Urea,109.2,709.8,Compost + Biofertilizer
apple,83.7,49.3,74.1,6.45,DAP,23.8,642.6,Poultry Manure
muskmelon,40.0,23.7,41.7,7.17,Urea,106.0,689.0,Farmyard Manure (FYM)
mungbean,54.9,10.0,72.7,7.07,DAP,93.3,2519.1,Vermicompost
mungbean,57.0,49.8,60.2,7.13,Urea,46.0,299.0,Vermicompost
coconut,62.6,18.8,29.2,5.88,DAP,99.7,2691.9,Compost + Biofertilizer
jute,52.7,39.6,91.1,6.55,Urea,62.3,404.95,Compost + Biofertilizer
rice,84.3,49.6,65.0,7.3,DAP,27.9,753.3,Neem Cake
kidneybeans,74.6,60.9,53.3,7.14,MOP,28.1,477.7,Compost + Biofertilizer
banana,16.3,14.2,0.0,5.78,Urea,170.3,1106.95,Vermicompost
rice,34.4,28.4,46.2,7.98,Urea,107.4,698.1,Poultry Manure
cotton,72.3,34.9,64.3,5.44,DAP,46.7,1260.9,Neem Cake
grapes,42.6,21.5,84.5,5.4,DAP,82.3,2222.1,Compost + Biofertilizer
jute,90.8,70.6,14.6,7.2,MOP,61.4,1043.8,Poultry Manure
mungbean,80.2,42.0,42.3,6.77,DAP,53.9,1455.3,Neem Cake
watermelon,48.8,42.2,59.8,5.77,Urea,69.0,448.5,Vermicompost
watermelon,44.2,98.3,54.1,6.38,Urea,50.8,330.2,Green Manure
pigeonpeas,40.6,22.1,35.4,8.14,Urea,110.6,718.9,Neem Cake
blackgram,41.4,61.8,82.4,7.14,Urea,43.2,280.8,Vermicompost
watermelon,48.7,8.9,48.1,7.1,DAP,114.9,3102.3,Vermicompost
papaya,38.1,41.2,39.3,6.5,Urea,94.2,612.3,Poultry Manure
coffee,43.8,34.1,38.5,5.29,Urea,101.3,658.45,Farmyard Manure (FYM)
pigeonpeas,44.8,82.7,28.4,7.79,Urea,88.6,575.9,Vermicompost
coconut,53.7,46.0,21.7,6.41,MOP,95.9,1630.3,Farmyard Manure (FYM)
grapes,22.4,79.9,30.8,6.26,Urea,95.1,618.15,Vermicompost
kidneybeans,80.5,45.0,3.9,6.17,MOP,91.7,1558.9,Farmyard Manure (FYM)
coffee,44.9,37.0,61.1,5.05,Urea,77.2,501.8,Compost + Biofertilizer
coffee,59.0,23.5,25.7,7.71,DAP,101.9,2751.3,Vermicompost
jute,27.4,11.0,39.8,7.12,Urea,134.1,871.65,Poultry Manure
apple,58.0,16.0,26.7,5.33,DAP,112.8,3045.6,Neem Cake
cotton,52.3,47.6,82.2,7.8,Urea,55.4,360.1,Compost + Biofertilizer
chickpea,83.8,37.2,9.3,4.78,MOP,96.2,1635.4,Farmyard Manure (FYM)
jute,64.5,73.1,42.1,5.58,MOP,47.1,800.7,Vermicompost
kidneybeans,28.7,54.7,42.0,6.4,Urea,79.6,517.4,Poultry Manure
mungbean,32.4,49.6,99.6,7.44,Urea,72.2,469.3,Neem Cake
jute,32.7,17.7,66.3,6.05,Urea,99.3,645.45,Green Manure
jute,88.8,48.8,56.5,5.59,DAP,29.6,799.2,Neem Cake
banana,57.0,27.9,38.4,5.78,DAP,91.6,2473.2,Compost + Biofertilizer
watermelon,81.1,33.0,40.9,6.05,DAP,66.5,1795.5,Neem Cake
pomegranate,52.9,71.2,67.5,5.91,Urea,39.0,253.5,Vermicompost
grapes,101.9,45.3,70.3,6.11,DAP,30.8,831.6,Compost + Biofertilizer
jute,40.6,54.3,42.6,7.72,Urea,73.0,474.5,Neem Cake
kidneybeans,90.8,47.9,93.4,6.63,DAP,36.0,972.0,Compost + Biofertilizer
orange,61.1,23.7,54.4,6.94,DAP,68.6,1852.2,Vermicompost
pigeonpeas,36.0,61.1,38.9,5.69,Urea,80.9,525.85,Poultry Manure
banana,90.1,58.8,53.0,5.07,MOP,20.7,351.9,Vermicompost
banana,90.2,52.3,68.1,6.05,DAP,22.8,615.6,Green Manure
pigeonpeas,92.2,36.5,40.7,6.45,DAP,60.8,1641.6,Farmyard Manure (FYM)
cotton,105.8,24.7,1.7,6.75,MOP,101.0,1717.0,Green Manure
kidneybeans,28.7,30.9,66.8,6.67,Urea,89.5,581.75,Compost + Biofertilizer
kidneybeans,37.4,27.7,69.0,6.8,Urea,80.9,525.85,Vermicompost
maize,49.7,16.5,77.4,6.56,DAP,82.8,2235.6,Neem Cake
chickpea,69.9,10.8,51.5,6.16,DAP,81.8,2208.6,Green Manure
kidneybeans,62.7,47.3,26.4,6.48,MOP,75.3,1280.1,Compost + Biofertilizer
muskmelon,46.6,57.8,57.3,6.33,Urea,48.4,314.6,Green Manure
banana,117.8,33.7,68.4,6.99,DAP,36.5,985.5,Farmyard Manure (FYM)
pomegranate,56.8,30.7,31.0,5.85,DAP,88.8,2397.6,Compost + Biofertilizer
orange,26.2,95.5,23.2,7.0,Urea,101.5,659.75,Farmyard Manure (FYM)
chickpea,50.9,32.4,40.2,6.84,Urea,93.3,606.45,Compost + Biofertilizer
rice,76.7,22.0,33.0,6.86,DAP,88.5,2389.5,Poultry Manure
mango,50.8,57.6,22.0,7.41,MOP,77.5,1317.5,Poultry Manure
kidneybeans,59.5,47.4,49.9,6.86,Urea,54.8,356.2,Compost + Biofertilizer
banana,107.4,44.5,48.7,6.21,DAP,49.9,1347.3,Poultry Manure
kidneybeans,82.4,31.0,18.1,6.05,MOP,79.3,1348.1,Compost + Biofertilizer
cotton,93.4,69.8,50.7,6.2,MOP,26.8,455.6,Poultry Manure
orange,49.5,37.6,31.2,6.09,Urea,98.1,637.65,Neem Cake
pomegranate,58.4,44.1,62.6,6.24,Urea,57.1,371.15,Vermicompost
papaya,46.0,28.7,67.4,7.15,Urea,81.4,529.1,Farmyard Manure (FYM)
muskmelon,70.9,62.0,44.5,6.98,MOP,45.6,775.2,Vermicompost
mothbeans,74.4,17.5,60.1,5.03,DAP,67.9,1833.3,Green Manure
chickpea,45.3,55.9,43.7,6.38,Urea,72.8,473.2,Farmyard Manure (FYM)
cotton,126.0,41.0,76.1,6.61,DAP,41.5,1120.5,Vermicompost
grapes,77.2,78.1,49.6,5.95,MOP,28.5,484.5,Neem Cake
mothbeans,81.7,31.8,45.4,7.01,DAP,57.5,1552.5,Poultry Manure
maize,6.7,70.4,62.9,4.84,Urea,91.0,591.5,Neem Cake
pigeonpeas,60.5,70.0,74.4,6.62,Urea,29.9,194.35,Poultry Manure
pomegranate,55.7,45.4,69.2,5.51,Urea,49.9,324.35,Vermicompost
mothbeans,64.7,44.0,73.8,6.14,DAP,50.8,1371.6,Compost + Biofertilizer
banana,53.2,31.2,50.8,7.04,DAP,71.1,1919.7,Farmyard Manure (FYM)
chickpea,61.4,25.0,55.6,7.05,DAP,74.5,2011.5,Vermicompost
mungbean,53.6,18.2,51.0,7.36,DAP,95.7,2583.9,Neem Cake
pigeonpeas,20.0,23.0,28.4,5.35,Urea,128.1,832.65,Farmyard Manure (FYM)
apple,38.4,48.9,91.5,6.46,Urea,71.6,465.4,Compost + Biofertilizer
apple,36.1,67.4,66.3,6.93,Urea,58.9,382.85,Farmyard Manure (FYM)
chickpea,69.8,58.0,72.9,6.28,Urea,36.5,237.25,Neem Cake
orange,78.7,47.7,32.5,6.59,MOP,57.5,977.5,Poultry Manure
banana,77.1,70.1,78.4,7.4,NPK 19-19-19,22.7,544.8,Poultry Manure
mothbeans,37.6,46.7,48.6,6.88,Urea,74.8,486.2,Compost + Biofertilizer
pigeonpeas,51.7,35.2,23.4,5.95,MOP,109.9,1868.3,Poultry Manure
chickpea,77.1,85.5,16.9,7.25,MOP,69.1,1174.7,Vermicompost
banana,51.4,79.2,66.4,6.88,Urea,57.4,373.1,Compost + Biofertilizer
grapes,84.1,15.6,28.4,6.16,DAP,83.5,2254.5,Farmyard Manure (FYM)
maize,39.2,68.7,78.1,6.1,Urea,59.1,384.15,Farmyard Manure (FYM)
orange,66.6,65.2,49.8,7.17,Urea,51.5,334.75,Neem Cake
orange,32.4,44.1,12.1,6.17,MOP,129.9,2208.3,Vermicompost
cotton,28.1,76.8,50.6,5.95,Urea,77.1,501.15,Neem Cake
maize,62.0,48.6,5.6,6.09,MOP,88.4,1502.8,Compost + Biofertilizer
lentil,110.8,73.6,55.5,6.54,NPK 10-26-26,28.0,644.0,Farmyard Manure (FYM)
cotton,80.9,0.0,31.8,7.76,DAP,103.9,2805.3,Green Manure
orange,72.2,45.8,63.2,7.03,DAP,37.8,1020.6,Neem Cake
blackgram,70.7,46.1,58.7,6.64,DAP,48.5,1309.5,Green Manure
coffee,28.9,54.0,55.0,6.29,Urea,72.1,468.65,Compost + Biofertilizer
mungbean,97.7,67.3,20.7,7.62,MOP,49.4,839.8,Compost + Biofertilizer
mothbeans,9.2,43.8,61.4,7.17,Urea,98.1,637.65,Neem Cake
lentil,57.9,50.7,92.1,6.08,Urea,47.7,310.05,Neem Cake
maize,31.2,24.1,50.8,6.58,Urea,100.7,654.55,Neem Cake
mungbean,98.2,34.6,61.9,7.28,DAP,40.0,1080.0,Compost + Biofertilizer
lentil,54.2,62.2,40.8,7.68,Urea,54.5,354.25,Vermicompost
chickpea,55.6,13.7,22.1,6.36,DAP,121.8,3288.6,Poultry Manure
muskmelon,73.8,59.9,35.1,5.6,MOP,45.2,768.4,Compost + Biofertilizer
banana,40.1,10.2,35.2,6.27,DAP,119.9,3237.3,Neem Cake
pomegranate,26.8,42.1,57.0,5.93,Urea,81.4,529.1,Farmyard Manure (FYM)
cotton,37.5,93.0,61.8,7.67,Urea,62.7,407.55,Farmyard Manure (FYM)
apple,39.6,36.9,40.9,7.01,Urea,90.0,585.0,Green Manure
banana,88.3,66.3,48.0,6.32,MOP,39.6,673.2,Compost + Biofertilizer
mango,44.7,32.1,45.6,6.64,Urea,86.4,561.6,Neem Cake
jute,37.0,72.1,23.4,6.51,Urea,92.2,599.3,Vermicompost
maize,58.4,27.1,57.8,6.98,DAP,68.7,1854.9,Neem Cake
mango,53.5,60.1,70.3,6.58,Urea,40.7,264.55,Green Manure
pigeonpeas,75.7,32.6,36.2,7.91,DAP,73.0,1971.0,Poultry Manure
papaya,96.0,47.4,53.7,5.92,DAP,34.9,942.3,Neem Cake
jute,69.9,48.6,59.9,5.15,DAP,37.9,1023.3,Farmyard Manure (FYM)
chickpea,76.3,87.0,19.1,7.83,MOP,50.8,863.6,Poultry Manure
cotton,35.5,43.2,26.8,6.8,Urea,98.5,640.25,Compost + Biofertilizer
papaya,86.3,50.9,36.6,6.03,MOP,51.4,873.8,Farmyard Manure (FYM)
jute,14.8,19.2,60.9,6.33,Urea,113.5,737.75,Vermicompost
banana,107.3,39.4,59.9,6.16,DAP,43.5,1174.5,Green Manure
jute,54.5,57.3,27.4,6.1,MOP,72.9,1239.3,Compost + Biofertilizer
maize,93.3,77.2,32.0,6.22,MOP,59.5,1011.5,Compost + Biofertilizer
mothbeans,39.1,24.2,24.4,6.12,Urea,116.8,759.2,Vermicompost
blackgram,48.3,57.5,55.7,6.48,Urea,57.8,375.7,Compost + Biofertilizer
muskmelon,108.8,69.2,49.0,7.03,MOP,28.0,476.0,Compost + Biofertilizer
mango,70.6,53.2,43.8,7.22,MOP,37.7,640.9,Green Manure
coconut,16.9,81.0,77.4,6.71,Urea,82.1,533.65,Poultry Manure
grapes,88.9,46.9,45.5,6.41,MOP,47.2,802.4,Compost + Biofertilizer
blackgram,43.6,57.5,0.0,6.93,MOP,108.2,1839.4,Farmyard Manure (FYM)
grapes,37.2,40.0,52.7,6.26,Urea,81.4,529.1,Vermicompost
mango,37.6,17.8,27.3,6.51,Urea,125.8,817.7,Poultry Manure
banana,72.5,50.2,71.6,6.53,DAP,31.3,845.1,Vermicompost
pomegranate,65.9,51.9,41.0,6.06,MOP,59.6,1013.2,Farmyard Manure (FYM)
muskmelon,44.2,28.2,69.2,5.8,Urea,79.6,517.4,Green Manure
banana,84.1,36.7,36.0,5.9,MOP,72.6,1234.2,Green Manure
watermelon,41.3,28.0,105.0,4.9,Urea,74.9,486.85,Poultry Manure
orange,80.0,33.3,19.4,7.11,MOP,71.4,1213.8,Farmyard Manure (FYM)
mothbeans,61.9,21.2,0.0,6.13,MOP,124.2,2111.4,Neem Cake
coffee,57.8,41.5,26.0,7.49,MOP,82.0,1394.0,Farmyard Manure (FYM)
papaya,69.0,54.3,61.5,5.63,Urea,41.8,271.7,Farmyard Manure (FYM)
cotton,56.5,31.7,73.7,6.51,DAP,59.3,1601.1,Neem Cake
pomegranate,23.9,93.9,10.0,7.76,Urea,115.4,750.1,Poultry Manure
lentil,39.2,68.3,54.1,6.13,Urea,57.1,371.15,Green Manure
coconut,61.0,24.1,38.1,6.51,DAP,87.5,2362.5,Vermicompost
mungbean,21.3,39.1,83.2,7.15,Urea,90.7,589.55,Farmyard Manure (FYM)
mothbeans,43.9,47.9,59.8,6.79,Urea,66.8,434.2,Neem Cake
cotton,98.3,33.2,47.0,6.7,DAP,57.7,1557.9,Neem Cake
pomegranate,97.4,24.0,77.9,6.86,DAP,46.6,1258.2,Farmyard Manure (FYM)
banana,90.4,65.8,69.2,6.53,NPK 10-26-26,15.0,345.0,Green Manure
orange,34.0,22.4,46.9,6.22,Urea,105.2,683.8,Poultry Manure
pomegranate,53.1,31.9,46.9,7.0,DAP,81.2,2192.4,Vermicompost
cotton,45.5,84.9,73.7,6.29,Urea,54.4,353.6,Vermicompost
watermelon,17.8,95.2,47.9,6.56,Urea,93.2,605.8,Vermicompost
pigeonpeas,100.6,0.0,35.8,5.89,DAP,87.2,2354.4,Compost + Biofertilizer
coffee,57.0,29.9,35.1,6.41,DAP,89.1,2405.7,Farmyard Manure (FYM)
pigeonpeas,49.1,32.2,57.0,6.29,Urea,81.9,532.35,Farmyard Manure (FYM)
kidneybeans,41.3,30.6,61.6,5.99,Urea,75.9,493.35,Poultry Manure
watermelon,12.6,61.9,74.5,6.7,Urea,79.8,518.7,Vermicompost
blackgram,56.5,4.3,19.6,7.06,DAP,128.6,3472.2,Vermicompost
muskmelon,41.9,71.2,64.8,6.75,Urea,54.7,355.55,Vermicompost
rice,74.8,43.3,43.0,7.52,MOP,55.4,941.8,Neem Cake
maize,40.5,43.7,56.3,7.13,Urea,74.9,486.85,Neem Cake
kidneybeans,74.8,37.6,20.4,6.28,MOP,84.2,1431.4,Vermicompost
papaya,75.7,41.7,44.1,6.42,DAP,56.5,1525.5,Neem Cake
mothbeans,23.3,54.2,23.2,6.98,Urea,116.0,754.0,Poultry Manure
mothbeans,98.6,68.1,13.6,6.28,MOP,63.1,1072.7,Farmyard Manure (FYM)
banana,54.0,31.1,54.9,5.62,DAP,78.5,2119.5,Compost + Biofertilizer
rice,70.3,58.5,63.0,7.59,Urea,23.6,153.4,Green Manure
pigeonpeas,79.0,18.9,24.2,6.37,DAP,98.7,2664.9,Green Manure
watermelon,98.2,30.0,47.4,6.5,DAP,57.9,1563.3,Vermicompost
pigeonpeas,73.0,23.3,61.3,5.77,DAP,57.1,1541.7,Neem Cake
papaya,48.9,27.3,64.0,6.14,DAP,67.7,1827.9,Neem Cake
jute,73.4,36.4,96.4,5.43,DAP,44.1,1190.7,Neem Cake
mungbean,69.7,58.7,36.9,6.22,MOP,54.3,923.1,Vermicompost
muskmelon,84.8,37.8,58.3,7.36,DAP,43.2,1166.4,Farmyard Manure (FYM)
mungbean,28.4,13.7,62.1,7.39,Urea,108.9,707.85,Farmyard Manure (FYM)
rice,102.2,16.4,61.0,5.88,DAP,56.1,1514.7,Poultry Manure
mungbean,82.9,75.5,77.1,5.41,NPK 10-26-26,15.3,351.9,Compost + Biofertilizer
papaya,66.0,38.3,53.6,7.01,DAP,57.9,1563.3,Farmyard Manure (FYM)
rice,55.8,35.2,23.4,6.56,MOP,102.4,1740.8,Green Manure
mothbeans,71.6,48.6,43.6,6.75,MOP,37.4,635.8,Compost + Biofertilizer
grapes,29.1,45.3,34.7,6.25,Urea,110.3,716.95,Poultry Manure
cotton,74.3,34.6,24.3,6.44,MOP,72.4,1230.8,Farmyard Manure (FYM)
jute,32.4,40.9,46.0,6.3,Urea,85.2,553.8,Compost + Biofertilizer
apple,23.8,31.5,67.1,7.81,Urea,103.8,674.7,Vermicompost
pigeonpeas,85.1,0.0,0.0,6.49,DAP,127.2,3434.4,Neem Cake
mango,82.2,32.5,63.6,6.24,DAP,53.2,1436.4,Farmyard Manure (FYM)
jute,49.2,30.3,44.9,6.42,Urea,91.2,592.8,Vermicompost
papaya,96.6,67.9,27.0,6.83,MOP,47.3,804.1,Green Manure
blackgram,48.2,47.3,28.8,6.37,Urea,78.8,512.2,Farmyard Manure (FYM)
mothbeans,58.0,72.8,45.2,5.92,Urea,59.0,383.5,Vermicompost
mungbean,86.6,57.3,43.1,5.52,MOP,36.6,622.2,Neem Cake
lentil,65.0,60.7,43.3,6.53,MOP,51.0,867.0,Green Manure
chickpea,44.3,63.2,54.7,6.65,Urea,53.3,346.45,Vermicompost
coconut,55.0,1.6,64.1,6.95,DAP,99.8,2694.6,Compost + Biofertilizer
watermelon,60.1,49.2,43.7,5.39,Urea,71.2,462.8,Green Manure
lentil,73.4,95.6,38.4,5.81,MOP,55.4,941.8,Poultry Manure
kidneybeans,68.2,39.6,33.2,6.74,MOP,73.8,1254.6,Poultry Manure
papaya,63.1,80.4,67.0,6.88,Urea,40.5,263.25,Green Manure
kidneybeans,83.4,10.4,44.8,4.47,DAP,77.9,2103.3,Green Manure
rice,66.6,55.0,51.1,6.56,Urea,48.9,317.85,Farmyard Manure (FYM)
rice,22.4,41.7,77.2,6.17,Urea,90.3,586.95,Neem Cake
pomegranate,66.8,41.0,41.1,7.37,DAP,71.7,1935.9,Compost + Biofertilizer
watermelon,67.2,18.8,43.4,7.12,DAP,84.2,2273.4,Vermicompost
pomegranate,53.0,52.1,31.1,6.38,MOP,77.2,1312.4,Neem Cake
kidneybeans,85.3,52.3,89.6,6.67,DAP,33.6,907.2,Poultry Manure
mango,88.6,44.2,55.1,6.63,DAP,41.2,1112.4,Green Manure
banana,56.3,80.5,58.6,5.73,Urea,42.9,278.85,Green Manure
orange,26.7,46.9,37.3,5.83,Urea,106.3,690.95,Neem Cake
coconut,66.4,49.0,74.4,6.64,Urea,44.0,286.0,Poultry Manure
mungbean,46.2,78.0,38.4,7.02,Urea,69.7,453.05,Green Manure
blackgram,55.5,29.5,53.4,7.95,DAP,83.4,2251.8,Compost + Biofertilizer
lentil,68.9,31.2,68.5,5.85,DAP,60.4,1630.8,Poultry Manure
pigeonpeas,18.5,38.7,30.4,6.06,Urea,124.5,809.25,Farmyard Manure (FYM)
jute,84.4,58.1,46.6,6.67,MOP,32.3,549.1,Poultry Manure
mungbean,75.4,49.1,67.0,6.93,DAP,34.7,936.9,Neem Cake
mango,19.8,35.3,50.0,6.26,Urea,100.9,655.85,Compost + Biofertilizer
orange,90.2,9.8,34.6,6.37,DAP,84.7,2286.9,Farmyard Manure (FYM)
jute,46.4,87.0,26.1,7.29,MOP,76.6,1302.2,Farmyard Manure (FYM)
rice,39.8,32.8,38.0,6.99,Urea,100.7,654.55,Farmyard Manure (FYM)
blackgram,34.1,21.6,65.6,7.27,Urea,92.2,599.3,Compost + Biofertilizer
apple,74.4,62.3,24.1,6.88,MOP,51.8,880.6,Neem Cake
lentil,57.8,64.8,46.5,6.02,Urea,43.8,284.7,Green Manure
banana,64.5,68.2,34.4,7.27,MOP,64.0,1088.0,Neem Cake
mango,79.2,40.6,35.4,5.28,MOP,54.7,929.9,Poultry Manure
grapes,49.8,19.5,52.6,6.56,DAP,97.4,2629.8,Vermicompost
pigeonpeas,87.5,82.7,62.0,6.16,NPK 19-19-19,21.3,511.2,Farmyard Manure (FYM)
cotton,76.4,33.0,56.1,7.0,DAP,58.8,1587.6,Poultry Manure
kidneybeans,37.3,48.9,54.3,6.74,Urea,70.4,457.6,Vermicompost
jute,38.5,27.6,44.3,6.37,Urea,104.4,678.6,Neem Cake
watermelon,25.5,26.2,81.8,6.14,Urea,99.3,645.45,Vermicompost
muskmelon,38.3,78.4,53.2,6.71,Urea,63.9,415.35,Green Manure
mungbean,66.3,61.3,51.3,5.85,Urea,49.0,318.5,Green Manure
apple,96.0,55.0,66.3,7.03,NPK 19-19-19,17.5,420.0,Green Manure
coffee,62.0,28.8,57.0,7.41,DAP,67.9,1833.3,Compost + Biofertilizer
kidneybeans,31.5,81.4,49.8,6.79,Urea,75.2,488.8,Neem Cake
orange,117.2,79.3,51.5,7.3,MOP,28.3,481.1,Poultry Manure
apple,35.8,63.6,52.3,5.64,Urea,69.2,449.8,Green Manure
mungbean,57.3,59.6,40.8,6.75,Urea,55.8,362.7,Compost + Biofertilizer
mungbean,42.0,71.8,48.1,7.52,Urea,72.1,468.65,Farmyard Manure (FYM)
kidneybeans,72.7,43.5,28.5,6.56,MOP,73.2,1244.4,Farmyard Manure (FYM)
mango,40.8,19.5,61.1,6.18,DAP,88.6,2392.2,Green Manure
papaya,75.5,24.8,51.9,6.76,DAP,62.3,1682.1,Neem Cake
pomegranate,51.7,64.4,73.7,7.03,Urea,44.7,290.55,Compost + Biofertilizer
lentil,67.7,11.1,51.7,6.52,DAP,73.1,1973.7,Compost + Biofertilizer
pigeonpeas,72.5,42.1,43.1,5.43,DAP,49.2,1328.4,Vermicompost
rice,62.5,54.7,30.4,5.99,MOP,71.7,1218.9,Vermicompost
orange,67.3,76.3,23.8,6.23,MOP,54.4,924.8,Poultry Manure
mothbeans,56.3,34.5,46.4,6.03,DAP,82.8,2235.6,Compost + Biofertilizer
muskmelon,7.6,0.0,59.5,5.9,Urea,129.7,843.05,Poultry Manure
mungbean,51.1,46.7,0.0,6.97,MOP,112.4,1910.8,Neem Cake
kidneybeans,41.9,11.2,29.9,7.47,DAP,126.7,3420.9,Compost + Biofertilizer
orange,17.7,60.8,47.8,6.45,Urea,90.3,586.95,Green Manure
papaya,39.4,64.0,23.3,7.11,Urea,89.9,584.35,Vermicompost
orange,61.2,37.2,43.1,6.91,DAP,75.9,2049.3,Compost + Biofertilizer
pomegranate,39.6,67.0,61.4,5.95,Urea,55.7,362.05,Poultry Manure
coconut,8.7,66.5,50.6,5.61,Urea,96.6,627.9,Vermicompost
coffee,23.3,74.8,38.3,6.33,Urea,103.2,670.8,Vermicompost
pomegranate,57.3,31.2,62.8,7.43,DAP,64.2,1733.4,Vermicompost
watermelon,77.4,45.4,12.3,7.07,MOP,80.2,1363.4,Green Manure
pigeonpeas,70.8,67.2,81.7,5.7,Urea,23.1,150.15,Green Manure
muskmelon,47.3,57.5,15.4,5.97,MOP,103.8,1764.6,Farmyard Manure (FYM)
jute,43.3,47.4,64.9,7.09,Urea,62.0,403.0,Compost + Biofertilizer
maize,54.9,61.4,45.9,5.15,Urea,49.3,320.45,Farmyard Manure (FYM)
mango,138.6,32.9,61.4,7.54,DAP,45.9,1239.3,Green Manure
coffee,77.1,6.8,83.8,6.81,DAP,79.8,2154.6,Neem Cake
watermelon,48.8,28.3,49.8,6.45,DAP,78.9,2130.3,Poultry Manure
kidneybeans,51.4,34.2,47.4,5.89,Urea,80.4,522.6,Farmyard Manure (FYM)
maize,41.2,88.4,32.2,6.96,Urea,72.1,468.65,Neem Cake
maize,102.3,25.2,74.2,7.52,DAP,48.7,1314.9,Green Manure
coffee,57.7,56.8,59.2,6.46,Urea,43.3,281.45,Farmyard Manure (FYM)
rice,45.8,43.5,49.0,5.98,Urea,70.6,458.9,Vermicompost
coconut,113.7,9.7,55.2,6.8,DAP,66.0,1782.0,Poultry Manure
lentil,63.6,32.9,30.8,5.84,MOP,89.8,1526.6,Farmyard Manure (FYM)
coconut,51.6,48.4,84.3,6.6,Urea,54.0,351.0,Compost + Biofertilizer
mothbeans,54.7,56.8,32.3,5.85,MOP,64.6,1098.2,Vermicompost
apple,44.4,36.1,30.9,6.18,Urea,102.6,666.9,Green Manure
lentil,110.0,46.6,33.3,5.76,MOP,51.6,877.2,Compost + Biofertilizer
mango,82.6,28.2,52.9,6.86,DAP,50.3,1358.1,Compost + Biofertilizer
cotton,29.9,70.3,56.4,5.38,Urea,67.8,440.7,Poultry Manure
maize,28.2,45.8,36.1,6.5,Urea,103.6,673.4,Farmyard Manure (FYM)
papaya,58.6,0.0,59.7,6.46,DAP,90.9,2454.3,Vermicompost
cotton,44.3,57.1,60.7,6.7,Urea,49.2,319.8,Neem Cake
grapes,48.3,27.4,30.4,7.05,DAP,102.1,2756.7,Green Manure
maize,33.5,2.2,80.6,5.87,DAP,112.7,3042.9,Farmyard Manure (FYM)
banana,98.2,29.4,62.7,8.46,DAP,39.6,1069.2,Vermicompost
mothbeans,47.6,67.5,60.9,6.67,Urea,43.3,281.45,Vermicompost
blackgram,43.8,21.3,66.6,5.73,DAP,93.0,2511.0,Vermicompost
apple,69.9,35.2,50.5,6.44,DAP,58.1,1568.7,Neem Cake
maize,69.7,44.9,35.1,5.6,MOP,66.8,1135.6,Farmyard Manure (FYM)
kidneybeans,65.2,13.4,17.5,6.89,DAP,113.1,3053.7,Poultry Manure
kidneybeans,81.4,56.8,89.2,8.0,NPK 10-26-26,15.0,345.0,Vermicompost
maize,78.1,53.6,53.6,6.77,DAP,31.9,861.3,Neem Cake
maize,34.7,37.0,29.4,6.34,Urea,109.7,713.05,Neem Cake
chickpea,57.6,11.6,38.4,6.1,DAP,105.2,2840.4,Poultry Manure
lentil,50.4,31.0,60.1,6.05,Urea,74.8,486.2,Neem Cake
pigeonpeas,76.6,53.3,73.0,6.68,DAP,32.3,872.1,Farmyard Manure (FYM)
papaya,80.7,59.3,45.0,5.74,MOP,32.8,557.6,Farmyard Manure (FYM)
kidneybeans,71.9,49.2,53.8,6.74,DAP,46.1,1244.7,Vermicompost
coconut,34.6,77.8,48.3,6.37,Urea,68.0,442.0,Neem Cake
lentil,79.2,69.1,13.8,5.56,MOP,63.5,1079.5,Vermicompost
coffee,73.0,46.5,49.4,6.85,DAP,47.5,1282.5,Farmyard Manure (FYM)
apple,81.8,49.2,28.9,7.04,MOP,56.0,952.0,Compost + Biofertilizer
mothbeans,62.0,81.1,24.6,4.73,MOP,59.0,1003.0,Compost + Biofertilizer
papaya,93.8,44.1,56.2,6.89,DAP,40.1,1082.7,Poultry Manure
blackgram,65.2,49.9,21.5,6.19,MOP,79.0,1343.0,Green Manure
kidneybeans,63.5,57.3,36.3,5.79,MOP,60.4,1026.8,Vermicompost
maize,39.5,36.5,100.6,7.04,Urea,73.3,476.45,Neem Cake
banana,76.3,39.7,16.7,5.66,MOP,81.8,1390.6,Green Manure
chickpea,74.8,35.0,14.9,6.27,MOP,85.2,1448.4,Green Manure
muskmelon,59.3,50.4,60.9,6.97,Urea,53.3,346.45,Poultry Manure
kidneybeans,46.7,36.5,79.5,5.69,Urea,59.2,384.8,Farmyard Manure (FYM)
maize,45.9,28.4,102.3,6.92,Urea,77.7,505.05,Compost + Biofertilizer
papaya,58.3,21.3,72.6,7.77,DAP,77.6,2095.2,Farmyard Manure (FYM)
grapes,46.1,54.0,9.1,5.45,MOP,111.2,1890.4,Farmyard Manure (FYM)
pigeonpeas,84.2,19.9,29.1,5.54,DAP,76.7,2070.9,Poultry Manure
mungbean,88.8,51.4,50.6,6.5,MOP,40.5,688.5,Poultry Manure
coffee,65.2,34.2,12.5,5.89,MOP,94.6,1608.2,Compost + Biofertilizer
rice,80.1,35.8,55.3,7.36,DAP,44.4,1198.8,Vermicompost
muskmelon,34.0,48.9,15.7,6.41,Urea,105.8,687.7,Neem Cake
grapes,81.6,25.5,79.4,6.68,DAP,53.4,1441.8,Farmyard Manure (FYM)
apple,71.3,48.5,17.4,7.18,MOP,84.3,1433.1,Compost + Biofertilizer
pigeonpeas,85.2,40.4,91.8,6.75,DAP,43.5,1174.5,Vermicompost
watermelon,33.6,17.5,67.1,6.5,Urea,93.6,608.4,Farmyard Manure (FYM)
mothbeans,79.4,33.5,26.0,6.74,MOP,81.0,1377.0,Poultry Manure
apple,65.0,24.6,51.9,7.05,DAP,81.6,2203.2,Poultry Manure
mango,40.5,38.7,79.1,6.01,Urea,71.7,466.05,Farmyard Manure (FYM)
apple,78.8,42.1,49.2,7.14,DAP,46.4,1252.8,Neem Cake
rice,68.1,43.0,41.4,7.03,MOP,69.3,1178.1,Green Manure
maize,52.6,20.2,0.0,7.79,MOP,140.1,2381.7,Farmyard Manure (FYM)
coconut,48.2,25.2,46.5,6.62,DAP,80.8,2181.6,Green Manure
rice,42.0,27.0,21.2,5.52,MOP,117.6,1999.2,Farmyard Manure (FYM)
watermelon,35.2,73.2,59.8,6.64,Urea,62.4,405.6,Farmyard Manure (FYM)
grapes,84.2,63.9,56.9,7.33,NPK 10-26-26,21.7,499.1,Farmyard Manure (FYM)
mothbeans,90.8,0.0,50.4,6.87,DAP,77.8,2100.6,Compost + Biofertilizer
grapes,54.2,85.4,93.5,6.77,Urea,41.4,269.1,Neem Cake
orange,52.8,46.7,31.5,6.56,MOP,77.5,1317.5,Green Manure
pigeonpeas,77.7,28.2,66.8,7.14,DAP,49.4,1333.8,Neem Cake
pomegranate,44.3,54.3,22.2,5.61,MOP,88.0,1496.0,Green Manure
mango,57.5,52.2,37.0,6.81,MOP,73.7,1252.9,Neem Cake
orange,68.4,43.2,41.6,7.13,MOP,65.0,1105.0,Green Manure
muskmelon,56.1,28.2,11.1,5.92,MOP,111.1,1888.7,Neem Cake
mothbeans,65.3,43.3,69.2,5.92,DAP,53.5,1444.5,Vermicompost
coconut,33.3,66.9,69.7,6.71,Urea,58.9,382.85,Vermicompost
coconut,39.4,57.0,81.9,6.18,Urea,61.4,399.1,Poultry Manure
chickpea,31.2,70.9,71.8,5.4,Urea,63.6,413.4,Green Manure
coffee,96.2,55.0,23.3,6.86,MOP,60.4,1026.8,Farmyard Manure (FYM)
mungbean,51.4,25.4,26.6,7.51,DAP,108.4,2926.8,Poultry Manure
maize,23.0,51.5,17.6,7.77,Urea,115.4,750.1,Compost + Biofertilizer
watermelon,101.0,59.6,44.7,6.97,MOP,38.8,659.6,Compost + Biofertilizer
pigeonpeas,3.7,19.8,29.9,6.49,Urea,149.7,973.05,Poultry Manure
banana,99.7,64.4,84.0,6.42,NPK 10-26-26,20.5,471.5,Green Manure
jute,46.7,41.1,66.5,6.19,Urea,65.0,422.5,Compost + Biofertilizer
cotton,33.3,0.0,22.1,5.65,DAP,150.3,4058.1,Farmyard Manure (FYM)
mango,113.9,37.6,30.5,6.21,MOP,64.4,1094.8,Farmyard Manure (FYM)
papaya,12.2,76.2,0.0,5.65,Urea,135.3,879.45,Vermicompost
kidneybeans,84.1,33.9,21.2,7.51,MOP,74.8,1271.6,Farmyard Manure (FYM)
kidneybeans,84.3,50.5,18.2,7.11,MOP,63.1,1072.7,Vermicompost
mungbean,85.9,49.6,102.2,6.03,DAP,33.0,891.0,Compost + Biofertilizer
jute,45.3,53.1,47.8,5.34,Urea,66.7,433.55,Farmyard Manure (FYM)
grapes,26.8,44.8,22.3,5.81,Urea,111.6,725.4,Vermicompost
rice,57.9,43.0,26.6,5.76,MOP,87.9,1494.3,Poultry Manure
apple,51.2,25.2,38.6,6.59,DAP,96.2,2597.4,Compost + Biofertilizer
chickpea,56.3,68.4,56.4,6.99,Urea,43.7,284.05,Farmyard Manure (FYM)
maize,72.3,9.8,23.5,6.16,DAP,111.6,3013.2,Farmyard Manure (FYM)
maize,32.1,7.6,47.8,5.17,DAP,125.9,3399.3,Farmyard Manure (FYM)
cotton,79.7,51.7,41.9,7.14,MOP,49.9,848.3,Vermicompost
coffee,60.3,48.9,43.1,6.27,Urea,57.7,375.05,Poultry Manure
papaya,41.2,31.0,17.8,6.25,MOP,114.8,1951.6,Compost + Biofertilizer
blackgram,64.1,35.6,64.5,6.25,DAP,56.9,1536.3,Vermicompost
maize,96.1,48.0,56.1,6.71,DAP,38.9,1050.3,Compost + Biofertilizer
kidneybeans,79.1,26.4,68.6,6.7,DAP,44.6,1204.2,Poultry Manure
pigeonpeas,71.0,55.3,52.6,5.7,Urea,35.1,228.15,Neem Cake
coffee,52.7,96.4,36.4,6.01,Urea,66.4,431.6,Farmyard Manure (FYM)
muskmelon,80.4,14.0,39.0,6.35,DAP,78.0,2106.0,Neem Cake
rice,62.5,55.2,16.6,6.11,MOP,70.7,1201.9,Compost + Biofertilizer
mungbean,71.1,29.6,70.2,7.16,DAP,50.4,1360.8,Farmyard Manure (FYM)
coffee,59.9,37.9,18.6,7.12,MOP,97.7,1660.9,Poultry Manure
apple,44.0,60.8,33.9,6.49,Urea,71.5,464.75,Neem Cake
orange,91.4,49.0,65.7,5.57,DAP,30.7,828.9,Compost + Biofertilizer
coffee,55.0,53.5,77.2,7.4,Urea,53.0,344.5,Green Manure
pigeonpeas,31.5,52.2,82.6,5.51,Urea,73.1,475.15,Neem Cake
banana,47.1,56.9,104.0,6.86,Urea,61.5,399.75,Neem Cake
apple,27.3,40.8,49.3,7.55,Urea,98.4,639.6,Compost + Biofertilizer
mothbeans,109.3,25.7,22.9,6.74,MOP,84.5,1436.5,Farmyard Manure (FYM)
coffee,18.9,37.5,21.6,5.99,Urea,133.1,865.15,Farmyard Manure (FYM)
watermelon,57.4,29.8,23.3,6.66,MOP,105.0,1785.0,Farmyard Manure (FYM)
banana,91.8,45.2,18.1,5.22,MOP,71.7,1218.9,Vermicompost
mungbean,21.1,52.4,55.5,6.69,Urea,72.1,468.65,Farmyard Manure (FYM)
blackgram,59.8,61.6,67.9,7.49,Urea,40.3,261.95,Neem Cake
coffee,59.4,26.0,32.3,6.95,DAP,95.2,2570.4,Vermicompost
coconut,90.6,51.5,52.4,6.31,DAP,29.6,799.2,Poultry Manure
blackgram,43.0,41.9,36.4,7.11,Urea,87.8,570.7,Farmyard Manure (FYM)
maize,39.8,32.1,57.9,6.32,Urea,83.0,539.5,Neem Cake
rice,32.5,61.0,43.1,5.27,Urea,85.4,555.1,Vermicompost
apple,34.6,34.7,78.4,7.2,Urea,87.2,566.8,Farmyard Manure (FYM)
mothbeans,46.7,60.5,32.4,6.96,Urea,69.8,453.7,Poultry Manure
rice,0.0,38.9,54.9,7.24,Urea,123.8,804.7,Compost + Biofertilizer
mungbean,52.9,55.6,26.4,5.74,MOP,76.3,1297.1,Neem Cake
apple,30.7,74.4,56.9,6.24,Urea,68.9,447.85,Green Manure
papaya,92.6,51.1,0.0,6.43,MOP,77.8,1322.6,Poultry Manure
orange,34.9,37.4,44.7,6.57,Urea,101.7,661.05,Green Manure
watermelon,32.8,32.9,41.3,6.51,Urea,95.0,617.5,Neem Cake
grapes,85.0,59.9,19.5,7.04,MOP,63.4,1077.8,Green Manure
watermelon,44.6,56.1,59.0,7.26,Urea,58.0,377.0,Vermicompost
coffee,79.8,33.9,83.9,5.77,DAP,45.5,1228.5,Vermicompost
banana,28.0,46.4,43.2,7.54,Urea,104.8,681.2,Neem Cake
mango,35.6,12.4,67.9,5.63,DAP,97.4,2629.8,Compost + Biofertilizer
grapes,72.6,62.8,56.0,6.3,Urea,29.6,192.4,Neem Cake
rice,60.0,59.1,49.2,6.03,Urea,45.9,298.35,Green Manure
apple,74.3,32.6,50.1,7.02,DAP,56.6,1528.2,Compost + Biofertilizer
mungbean,53.9,46.4,54.7,6.74,Urea,56.5,367.25,Vermicompost
rice,107.4,27.6,27.6,6.67,DAP,85.6,2311.2,Poultry Manure
rice,63.5,42.0,5.3,7.69,MOP,98.2,1669.4,Neem Cake
coconut,77.5,51.5,50.1,6.25,MOP,37.0,629.0,Green Manure
apple,63.2,26.7,9.3,6.18,MOP,108.2,1839.4,Farmyard Manure (FYM)
coffee,69.0,37.6,65.3,6.77,DAP,49.0,1323.0,Poultry Manure
coconut,30.8,0.2,17.9,6.38,DAP,152.1,4106.7,Neem Cake
rice,65.9,42.9,44.6,7.57,DAP,72.9,1968.3,Neem Cake
papaya,122.0,60.9,10.7,6.34,MOP,67.3,1144.1,Vermicompost
coconut,52.6,55.5,65.4,5.99,Urea,54.9,356.85,Vermicompost
pigeonpeas,16.5,37.1,48.5,5.24,Urea,105.0,682.5,Green Manure
rice,48.1,46.7,47.5,6.4,Urea,73.0,474.5,Compost + Biofertilizer
mothbeans,37.9,47.1,24.3,7.34,Urea,97.9,636.35,Farmyard Manure (FYM)
jute,50.8,42.9,52.9,5.71,Urea,62.9,408.85,Neem Cake
pigeonpeas,28.5,16.7,63.0,5.76,Urea,114.3,742.95,Farmyard Manure (FYM)
coconut,46.2,20.0,76.3,5.67,DAP,72.5,1957.5,Poultry Manure
grapes,27.0,23.1,61.4,6.91,Urea,96.0,624.0,Neem Cake
pomegranate,43.4,40.9,26.1,5.9,Urea,105.7,687.05,Neem Cake
mungbean,40.5,56.9,46.9,6.36,Urea,73.8,479.7,Farmyard Manure (FYM)
apple,56.0,31.5,33.7,7.95,DAP,90.3,2438.1,Neem Cake
rice,71.2,89.0,35.4,6.06,MOP,51.3,872.1,Poultry Manure
pomegranate,59.2,51.3,57.9,5.8,Urea,44.8,291.2,Poultry Manure
chickpea,67.9,53.9,107.5,7.15,Urea,42.3,274.95,Farmyard Manure (FYM)
cotton,47.4,65.8,68.8,5.13,Urea,45.1,293.15,Farmyard Manure (FYM)
coconut,59.8,22.8,27.6,6.04,DAP,105.5,2848.5,Green Manure
apple,78.1,15.4,38.1,6.7,DAP,81.3,2195.1,Green Manure
coconut,39.5,77.0,58.5,6.29,Urea,53.9,350.35,Farmyard Manure (FYM)
apple,104.4,45.3,21.9,6.53,MOP,58.8,999.6,Compost + Biofertilizer
muskmelon,89.4,46.8,21.8,6.12,MOP,62.4,1060.8,Compost + Biofertilizer
blackgram,76.2,11.9,51.7,5.71,DAP,71.9,1941.3,Compost + Biofertilizer
apple,9.8,44.8,28.0,6.61,Urea,125.0,812.5,Vermicompost
coffee,55.1,7.9,57.6,6.48,DAP,94.9,2562.3,Green Manure
kidneybeans,50.5,41.2,14.1,5.42,MOP,109.4,1859.8,Farmyard Manure (FYM)
apple,63.5,30.0,91.5,5.97,DAP,65.9,1779.3,Compost + Biofertilizer
blackgram,65.6,19.4,58.6,6.17,DAP,66.8,1803.6,Poultry Manure
coconut,56.2,25.4,71.9,7.23,DAP,68.7,1854.9,Green Manure
muskmelon,53.0,15.0,29.6,6.49,DAP,118.3,3194.1,Vermicompost
coconut,57.1,46.5,47.4,6.77,Urea,60.0,390.0,Neem Cake
maize,114.1,68.2,52.5,5.4,MOP,30.0,510.0,Farmyard Manure (FYM)
kidneybeans,94.3,53.5,69.1,5.86,DAP,28.9,780.3,Green Manure
mango,89.0,23.1,29.9,6.15,DAP,76.4,2062.8,Vermicompost
mango,117.4,52.2,21.7,6.3,MOP,64.6,1098.2,Vermicompost
papaya,64.5,22.8,47.4,6.83,DAP,74.1,2000.7,Farmyard Manure (FYM)
rice,89.5,74.6,55.4,5.24,NPK 10-26-26,29.0,667.0,Neem Cake
mothbeans,35.8,80.3,48.9,6.82,Urea,63.1,410.15,Compost + Biofertilizer
cotton,75.2,49.3,56.7,6.61,DAP,35.4,955.8,Vermicompost
grapes,83.4,19.4,48.8,6.8,DAP,69.6,1879.2,Neem Cake
grapes,74.3,11.7,28.3,6.17,DAP,101.9,2751.3,Poultry Manure
rice,67.0,70.2,58.6,5.64,Urea,33.9,220.35,Vermicompost
pigeonpeas,25.7,32.0,78.5,5.99,Urea,91.7,596.05,Vermicompost
mango,76.6,48.9,55.3,5.97,DAP,32.0,864.0,Poultry Manure
apple,30.4,42.1,21.9,6.18,Urea,112.8,733.2,Compost + Biofertilizer
lentil,88.4,33.2,29.7,7.74,MOP,71.4,1213.8,Poultry Manure
mothbeans,46.4,23.3,41.5,5.95,DAP,96.6,2608.2,Poultry Manure
coconut,7.0,34.9,46.4,5.31,Urea,121.4,789.1,Vermicompost
rice,62.5,83.4,46.5,5.57,Urea,51.4,334.1,Vermicompost
rice,82.3,69.3,33.7,6.75,MOP,38.2,649.4,Vermicompost
coffee,49.5,72.3,35.9,6.26,Urea,75.0,487.5,Farmyard Manure (FYM)
mungbean,68.5,43.2,56.5,6.94,DAP,53.2,1436.4,Poultry Manure
muskmelon,37.9,75.5,89.2,6.5,Urea,64.2,417.3,Poultry Manure
kidneybeans,44.0,73.2,64.9,6.29,Urea,48.3,313.95,Vermicompost
grapes,5.5,47.9,63.9,6.62,Urea,98.7,641.55,Poultry Manure
orange,61.2,41.8,85.8,7.61,Urea,56.8,369.2,Vermicompost
mungbean,85.0,3.1,64.3,5.92,DAP,77.5,2092.5,Neem Cake
lentil,41.8,23.5,77.7,6.59,Urea,92.5,601.25,Green Manure
jute,56.3,38.0,91.3,6.55,Urea,64.9,421.85,Compost + Biofertilizer
rice,56.3,67.4,50.2,7.27,Urea,56.1,364.65,Poultry Manure
mungbean,88.7,53.8,57.7,6.25,DAP,25.9,699.3,Poultry Manure
apple,47.5,49.6,52.9,6.22,Urea,66.4,431.6,Compost + Biofertilizer
cotton,39.1,49.7,84.2,6.47,Urea,59.3,385.45,Green Manure
kidneybeans,74.2,14.3,9.3,6.83,MOP,118.5,2014.5,Farmyard Manure (FYM)
papaya,51.2,45.5,45.8,6.03,Urea,72.1,468.65,Compost + Biofertilizer
watermelon,77.2,78.2,43.6,7.27,MOP,35.5,603.5,Poultry Manure
grapes,65.3,54.8,52.7,6.88,Urea,45.1,293.15,Green Manure
cotton,42.6,71.1,5.7,7.04,MOP,99.3,1688.1,Poultry Manure
blackgram,44.6,54.6,12.9,6.16,MOP,95.6,1625.2,Vermicompost
grapes,40.3,55.7,46.9,5.14,Urea,74.9,486.85,Green Manure
maize,76.8,23.4,71.2,4.19,DAP,63.4,1711.8,Green Manure
grapes,73.8,61.9,130.1,7.48,Urea,19.6,127.4,Neem Cake
lentil,72.1,31.6,39.4,6.47,DAP,67.1,1811.7,Poultry Manure
blackgram,67.2,44.9,27.2,7.0,MOP,72.6,1234.2,Poultry Manure
banana,43.7,24.9,60.4,6.4,Urea,82.5,536.25,Poultry Manure
chickpea,43.4,35.8,45.4,5.94,Urea,90.0,585.0,Farmyard Manure (FYM)
rice,41.4,31.8,15.7,6.19,MOP,121.7,2068.9,Neem Cake
kidneybeans,54.6,42.1,73.1,7.9,Urea,62.0,403.0,Green Manure
coconut,52.7,38.5,33.3,7.01,Urea,78.8,512.2,Neem Cake
muskmelon,43.9,36.9,80.6,6.83,Urea,76.7,498.55,Poultry Manure
orange,44.2,41.2,14.5,5.99,MOP,113.3,1926.1,Poultry Manure
pomegranate,36.9,59.0,32.0,6.18,Urea,85.0,552.5,Neem Cake
papaya,47.3,13.0,43.0,5.94,DAP,103.7,2799.9,Farmyard Manure (FYM)
orange,15.3,0.0,40.9,5.42,Urea,158.0,1027.0,Compost + Biofertilizer
blackgram,27.4,53.2,36.0,7.0,Urea,97.5,633.75,Green Manure
chickpea,63.2,65.3,80.7,6.7,Urea,40.6,263.9,Vermicompost
mungbean,43.8,57.7,29.4,6.84,Urea,84.5,549.25,Neem Cake
watermelon,38.8,77.9,48.1,6.12,Urea,69.6,452.4,Vermicompost
muskmelon,0.0,28.2,29.3,6.52,Urea,148.1,962.65,Farmyard Manure (FYM)
blackgram,65.4,73.8,30.2,7.18,MOP,54.5,926.5,Compost + Biofertilizer
watermelon,50.3,61.3,94.7,6.2,Urea,45.3,294.45,Compost + Biofertilizer
cotton,82.8,47.7,56.8,7.47,DAP,41.4,1117.8,Poultry Manure
grapes,1.0,68.7,66.8,6.77,Urea,82.1,533.65,Vermicompost
rice,61.5,37.0,0.0,6.93,MOP,115.2,1958.4,Green Manure
mothbeans,54.0,40.4,39.1,6.99,Urea,77.2,501.8,Vermicompost
pomegranate,66.3,83.6,62.3,5.95,Urea,36.1,234.65,Farmyard Manure (FYM)
papaya,35.1,34.9,36.4,6.42,Urea,100.8,655.2,Vermicompost
pomegranate,79.0,53.6,64.6,5.46,DAP,34.2,923.4,Farmyard Manure (FYM)
watermelon,71.8,33.0,66.6,6.86,DAP,49.9,1347.3,Neem Cake
grapes,94.2,50.1,39.4,6.9,MOP,49.2,836.4,Poultry Manure
rice,96.4,42.1,51.3,5.75,DAP,46.8,1263.6,Neem Cake
coconut,51.0,55.5,17.6,7.48,MOP,88.8,1509.6,Neem Cake
papaya,39.2,28.3,58.2,4.55,Urea,90.6,588.9,Compost + Biofertilizer
mango,6.1,69.0,53.5,6.1,Urea,90.0,585.0,Farmyard Manure (FYM)
watermelon,72.3,19.3,70.5,6.36,DAP,64.2,1733.4,Poultry Manure
pomegranate,50.6,54.4,61.8,5.91,Urea,57.8,375.7,Vermicompost
maize,40.2,35.8,120.4,6.86,Urea,81.1,527.15,Compost + Biofertilizer
papaya,3.3,21.5,35.4,6.5,Urea,141.2,917.8,Vermicompost
lentil,63.2,8.2,70.4,7.53,DAP,72.4,1954.8,Poultry Manure
mango,85.3,48.0,51.9,6.3,DAP,47.8,1290.6,Neem Cake
muskmelon,105.3,86.7,44.1,7.03,MOP,37.8,642.6,Vermicompost
mothbeans,112.3,36.3,35.0,6.91,MOP,62.5,1062.5,Green Manure
blackgram,34.7,37.5,45.6,5.74,Urea,91.6,595.4,Green Manure
coffee,99.2,31.3,54.4,6.77,DAP,52.9,1428.3,Poultry Manure
muskmelon,71.0,75.1,30.9,6.44,MOP,52.1,885.7,Farmyard Manure (FYM)
mothbeans,62.9,44.9,44.5,6.25,Urea,57.1,371.15,Farmyard Manure (FYM)
maize,92.9,21.4,39.9,7.17,DAP,70.9,1914.3,Green Manure
mango,62.8,38.2,44.0,6.7,DAP,78.6,2122.2,Neem Cake
chickpea,72.9,15.9,65.6,6.47,DAP,72.4,1954.8,Compost + Biofertilizer
mango,40.0,52.9,49.3,6.52,Urea,74.2,482.3,Farmyard Manure (FYM)
muskmelon,100.7,92.6,53.5,6.38,MOP,25.7,436.9,Poultry Manure
watermelon,63.2,9.7,46.1,5.63,DAP,95.5,2578.5,Poultry Manure
papaya,35.2,63.9,55.9,6.44,Urea,59.1,384.15,Neem Cake
grapes,19.7,56.7,22.9,6.24,Urea,114.5,744.25,Neem Cake
kidneybeans,18.4,8.2,2.5,6.93,Urea,167.1,1086.15,Neem Cake
jute,76.9,47.7,20.2,7.96,MOP,72.2,1227.4,Poultry Manure
coffee,57.6,97.0,64.4,5.91,Urea,39.7,258.05,Neem Cake
pomegranate,74.1,53.4,32.1,6.18,MOP,55.1,936.7,Compost + Biofertilizer
mango,34.6,64.3,31.3,6.6,Urea,91.1,592.15,Compost + Biofertilizer
muskmelon,68.7,38.0,38.8,5.66,DAP,66.1,1784.7,Poultry Manure
grapes,65.4,63.7,95.6,6.9,Urea,29.7,193.05,Green Manure
chickpea,40.8,41.5,23.5,7.62,Urea,104.0,676.0,Farmyard Manure (FYM)
mothbeans,88.5,59.0,34.4,6.16,MOP,43.5,739.5,Compost + Biofertilizer
mungbean,25.4,31.8,57.6,6.92,Urea,93.6,608.4,Green Manure
jute,100.6,61.8,68.8,5.67,NPK 10-26-26,28.0,644.0,Poultry Manure
cotton,79.2,35.1,7.6,5.77,MOP,92.6,1574.2,Poultry Manure
jute,85.6,39.2,22.1,6.65,MOP,77.0,1309.0,Poultry Manure
lentil,64.8,62.9,54.3,6.82,Urea,37.2,241.8,Poultry Manure
grapes,52.3,44.2,55.7,5.98,Urea,60.2,391.3,Green Manure
coffee,70.5,33.0,0.0,7.28,MOP,110.8,1883.6,Neem Cake
muskmelon,40.3,29.7,76.1,6.77,Urea,84.2,547.3,Poultry Manure
kidneybeans,80.9,71.7,47.8,6.88,MOP,33.7,572.9,Compost + Biofertilizer
jute,32.7,27.6,51.4,5.83,Urea,92.7,602.55,Poultry Manure
mothbeans,66.2,47.9,36.1,5.84,MOP,67.7,1150.9,Poultry Manure
pigeonpeas,28.6,18.8,60.5,7.0,Urea,100.5,653.25,Vermicompost
coffee,96.1,38.3,0.0,6.96,MOP,99.4,1689.8,Neem Cake
banana,66.4,41.8,69.2,7.1,DAP,43.3,1169.1,Farmyard Manure (FYM)
mungbean,28.7,33.9,68.5,5.91,Urea,88.4,574.6,Vermicompost
cotton,64.6,26.3,57.7,6.76,DAP,69.3,1871.1,Farmyard Manure (FYM)
watermelon,36.9,39.3,50.0,7.12,Urea,84.0,546.0,Neem Cake
jute,68.9,26.1,61.9,6.24,DAP,56.0,1512.0,Green Manure
kidneybeans,77.0,24.5,41.2,6.13,DAP,70.1,1892.7,Neem Cake
jute,98.2,31.9,28.7,6.47,MOP,70.0,1190.0,Farmyard Manure (FYM)
watermelon,52.4,55.7,43.5,6.52,Urea,61.3,398.45,Green Manure
kidneybeans,34.5,47.7,37.2,6.21,Urea,85.6,556.4,Green Manure
apple,42.3,46.8,49.9,7.6,Urea,83.8,544.7,Farmyard Manure (FYM)
lentil,58.6,19.9,4.9,6.7,MOP,123.5,2099.5,Neem Cake
cotton,44.1,29.5,44.4,6.97,Urea,86.4,561.6,Green Manure
grapes,55.5,35.2,56.7,6.08,DAP,65.7,1773.9,Farmyard Manure (FYM)
lentil,59.6,43.0,62.9,8.37,Urea,50.0,325.0,Farmyard Manure (FYM)
chickpea,84.3,39.8,57.5,5.35,DAP,41.8,1128.6,Poultry Manure
rice,98.9,39.4,18.1,5.03,MOP,75.2,1278.4,Green Manure
coffee,38.3,50.6,95.8,4.72,Urea,56.2,365.3,Compost + Biofertilizer
mothbeans,44.5,70.5,83.3,6.68,Urea,48.0,312.0,Farmyard Manure (FYM)
jute,39.3,62.7,80.0,6.45,Urea,47.7,310.05,Neem Cake
kidneybeans,26.4,57.4,91.2,7.78,Urea,53.4,347.1,Farmyard Manure (FYM)
apple,80.4,31.5,11.1,6.28,MOP,87.5,1487.5,Neem Cake
orange,79.2,55.2,80.7,7.33,NPK 19-19-19,25.3,607.2,Neem Cake
coffee,16.9,25.5,27.9,5.78,Urea,133.9,870.35,Green Manure
watermelon,53.8,60.2,34.9,6.8,Urea,66.4,431.6,Green Manure
pomegranate,57.8,9.9,30.1,6.31,DAP,118.0,3186.0,Vermicompost
coconut,24.4,51.8,73.4,5.01,Urea,81.4,529.1,Green Manure
kidneybeans,64.7,58.6,25.4,6.79,MOP,63.0,1071.0,Farmyard Manure (FYM)
maize,54.3,41.3,34.8,6.59,Urea,86.1,559.65,Green Manure
lentil,48.2,39.3,62.5,5.57,Urea,67.1,436.15,Compost + Biofertilizer
lentil,46.2,67.7,11.6,5.95,MOP,94.2,1601.4,Compost + Biofertilizer
pigeonpeas,56.6,36.5,61.5,7.86,DAP,66.1,1784.7,Neem Cake
kidneybeans,72.9,76.0,7.8,6.89,MOP,75.8,1288.6,Neem Cake
cotton,66.6,43.9,49.5,6.84,DAP,62.0,1674.0,Compost + Biofertilizer
kidneybeans,73.5,64.4,50.4,5.89,MOP,32.4,550.8,Farmyard Manure (FYM)
banana,85.9,86.3,71.2,5.57,NPK 19-19-19,15.0,360.0,Green Manure
rice,65.2,17.8,75.2,6.87,DAP,66.8,1803.6,Farmyard Manure (FYM)
rice,40.7,22.7,51.6,6.21,Urea,95.6,621.4,Compost + Biofertilizer
mungbean,39.5,54.1,16.0,6.69,MOP,99.6,1693.2,Vermicompost
maize,29.8,52.6,57.5,7.05,Urea,70.8,460.2,Poultry Manure
papaya,34.3,2.8,50.7,7.83,DAP,120.5,3253.5,Vermicompost
mango,109.1,61.7,67.8,8.01,NPK 10-26-26,26.7,614.1,Neem Cake
cotton,55.3,38.4,47.6,6.9,Urea,69.5,451.75,Neem Cake
coffee,23.1,55.4,32.0,8.13,Urea,96.2,625.3,Poultry Manure
mothbeans,84.0,73.8,35.0,7.35,MOP,47.8,812.6,Compost + Biofertilizer
watermelon,42.5,34.8,46.0,6.14,Urea,97.1,631.15,Farmyard Manure (FYM)
pigeonpeas,80.4,48.7,52.4,5.91,DAP,36.0,972.0,Compost + Biofertilizer
jute,83.9,22.3,39.2,6.45,DAP,68.7,1854.9,Compost + Biofertilizer
orange,47.9,71.9,48.8,7.25,Urea,61.9,402.35,Farmyard Manure (FYM)
apple,68.1,31.1,85.0,7.2,DAP,57.8,1560.6,Neem Cake
mothbeans,80.3,45.5,73.2,6.11,DAP,32.8,885.6,Neem Cake
coconut,40.6,45.3,38.4,6.61,Urea,84.2,547.3,Vermicompost
jute,53.4,51.2,27.5,5.8,MOP,79.7,1354.9,Vermicompost
orange,35.2,52.5,66.4,6.8,Urea,66.0,429.0,Farmyard Manure (FYM)
cotton,55.4,52.3,60.4,6.9,Urea,48.9,317.85,Vermicompost
coconut,68.9,62.8,19.4,7.34,MOP,65.0,1105.0,Compost + Biofertilizer
muskmelon,77.5,69.1,26.3,7.73,MOP,48.3,821.1,Neem Cake
muskmelon,38.2,19.6,64.3,5.32,Urea,100.2,651.3,Vermicompost
jute,74.7,61.3,49.3,6.37,MOP,42.7,725.9,Poultry Manure
watermelon,59.1,14.0,81.4,5.7,DAP,83.0,2241.0,Farmyard Manure (FYM)
maize,69.5,16.4,64.3,6.7,DAP,65.7,1773.9,Neem Cake
blackgram,25.9,31.9,61.6,6.45,Urea,91.1,592.15,Farmyard Manure (FYM)
banana,34.3,42.9,38.9,5.97,Urea,92.8,603.2,Green Manure
lentil,24.8,74.7,23.1,7.0,Urea,95.8,622.7,Neem Cake
lentil,123.9,17.9,48.9,7.35,DAP,64.3,1736.1,Vermicompost
lentil,36.4,43.4,60.1,8.03,Urea,78.4,509.6,Compost + Biofertilizer
jute,66.3,29.5,71.5,7.02,DAP,63.3,1709.1,Vermicompost
maize,41.2,49.9,34.0,6.9,Urea,86.0,559.0,Poultry Manure
kidneybeans,53.9,56.2,62.9,5.54,Urea,46.7,303.55,Vermicompost
watermelon,70.5,44.5,13.2,6.98,MOP,91.1,1548.7,Green Manure
jute,21.5,45.7,92.8,4.85,Urea,85.1,553.15,Vermicompost
apple,32.3,4.5,46.6,7.16,DAP,129.7,3501.9,Farmyard Manure (FYM)
mothbeans,36.0,12.1,31.9,8.0,DAP,120.5,3253.5,Farmyard Manure (FYM)
cotton,58.6,70.5,26.9,6.66,MOP,71.9,1222.3,Compost + Biofertilizer
apple,71.4,0.0,73.3,6.64,DAP,75.0,2025.0,Vermicompost
papaya,22.0,36.7,60.9,5.71,Urea,95.8,622.7,Poultry Manure
pomegranate,99.6,67.7,50.3,7.34,MOP,26.3,447.1,Compost + Biofertilizer
papaya,47.3,46.2,35.8,6.71,Urea,81.1,527.15,Neem Cake
apple,54.9,44.4,47.7,5.94,Urea,64.9,421.85,Vermicompost
pomegranate,105.5,38.4,38.7,5.0,DAP,53.6,1447.2,Neem Cake
lentil,44.3,33.0,32.6,5.57,Urea,98.2,638.3,Compost + Biofertilizer
papaya,52.0,71.1,19.2,8.42,MOP,80.4,1366.8,Compost + Biofertilizer
mungbean,92.4,39.4,61.5,6.49,DAP,29.7,801.9,Compost + Biofertilizer
kidneybeans,56.8,45.1,45.1,6.28,Urea,64.1,416.65,Poultry Manure
kidneybeans,44.3,11.1,58.7,6.23,DAP,98.3,2654.1,Compost + Biofertilizer
orange,66.2,47.7,60.9,6.15,Urea,40.5,263.25,Farmyard Manure (FYM)
papaya,47.9,8.5,65.6,6.87,DAP,97.0,2619.0,Neem Cake
rice,69.3,11.5,60.1,6.66,DAP,70.1,1892.7,Poultry Manure
grapes,28.5,26.1,73.3,6.51,Urea,93.0,604.5,Poultry Manure
muskmelon,49.9,40.4,6.9,6.1,MOP,102.3,1739.1,Poultry Manure
pigeonpeas,27.1,61.3,59.0,7.37,Urea,70.9,460.85,Compost + Biofertilizer
muskmelon,128.2,48.0,69.4,6.06,DAP,29.0,783.0,Poultry Manure
pomegranate,53.8,64.5,32.9,4.99,MOP,70.3,1195.1,Compost + Biofertilizer
watermelon,102.4,48.7,41.9,6.58,MOP,47.3,804.1,Green Manure
kidneybeans,50.6,49.5,25.3,6.77,MOP,85.7,1456.9,Neem Cake
jute,92.5,52.4,0.0,7.27,MOP,82.9,1409.3,Compost + Biofertilizer
apple,86.3,45.2,64.3,6.29,DAP,31.3,845.1,Compost + Biofertilizer
maize,46.0,21.4,70.2,7.79,DAP,77.9,2103.3,Green Manure
coffee,39.9,49.0,62.8,5.67,Urea,57.1,371.15,Farmyard Manure (FYM)
cotton,51.9,41.3,10.3,6.44,MOP,105.7,1796.9,Farmyard Manure (FYM)
banana,60.2,39.2,33.6,6.55,MOP,75.9,1290.3,Farmyard Manure (FYM)
mango,91.7,21.2,67.0,6.18,DAP,68.5,1849.5,Neem Cake
pomegranate,58.4,62.0,42.8,7.21,Urea,50.8,330.2,Vermicompost
muskmelon,72.4,67.0,85.9,5.99,Urea,26.1,169.65,Green Manure
kidneybeans,54.0,55.8,53.0,7.84,Urea,60.7,394.55,Vermicompost
pigeonpeas,43.2,29.3,49.4,4.98,Urea,95.6,621.4,Neem Cake
cotton,52.7,43.7,32.3,5.72,MOP,85.2,1448.4,Compost + Biofertilizer
pomegranate,96.2,56.2,56.2,7.11,NPK 10-26-26,19.4,446.2,Farmyard Manure (FYM)
pigeonpeas,61.7,53.3,21.2,6.96,MOP,68.6,1166.2,Neem Cake
watermelon,56.1,28.9,70.3,5.23,DAP,61.8,1668.6,Farmyard Manure (FYM)
blackgram,49.9,51.9,30.3,6.11,Urea,81.8,531.7,Farmyard Manure (FYM)
coconut,111.5,91.7,16.8,7.45,MOP,58.8,999.6,Farmyard Manure (FYM)
blackgram,77.4,52.7,53.7,5.84,DAP,34.9,942.3,Compost + Biofertilizer
maize,78.0,29.0,71.8,6.24,DAP,51.2,1382.4,Neem Cake
orange,51.0,59.2,54.8,5.76,Urea,49.4,321.1,Compost + Biofertilizer
chickpea,73.9,41.1,29.9,7.07,MOP,58.4,992.8,Green Manure
muskmelon,82.0,16.1,36.7,5.97,DAP,84.2,2273.4,Neem Cake
pigeonpeas,102.6,25.4,40.9,7.04,DAP,62.9,1698.3,Compost + Biofertilizer
jute,47.3,38.9,49.5,6.99,Urea,81.7,531.05,Neem Cake
pomegranate,21.8,26.0,52.0,6.91,Urea,115.2,748.8,Green Manure
mango,25.5,56.9,52.6,6.65,Urea,77.8,505.7,Vermicompost
apple,37.8,60.5,23.5,7.04,Urea,93.0,604.5,Poultry Manure
lentil,48.0,27.9,56.8,6.17,DAP,88.1,2378.7,Compost + Biofertilizer
papaya,74.0,49.1,42.5,6.46,MOP,48.2,819.4,Vermicompost
coconut,43.1,66.7,35.8,5.24,Urea,69.5,451.75,Farmyard Manure (FYM)
jute,39.3,35.7,8.2,5.75,MOP,132.3,2249.1,Farmyard Manure (FYM)
apple,73.7,46.0,30.6,7.11,MOP,66.2,1125.4,Green Manure
jute,54.2,0.0,51.8,6.67,DAP,99.9,2697.3,Green Manure
coffee,123.8,53.5,70.6,5.99,DAP,32.6,880.2,Neem Cake
cotton,57.8,63.2,45.1,7.17,Urea,57.4,373.1,Neem Cake
maize,82.3,31.4,40.4,6.78,DAP,61.7,1665.9,Vermicompost
cotton,56.0,19.6,111.2,7.76,DAP,84.2,2273.4,Farmyard Manure (FYM)
jute,77.2,23.1,30.4,7.09,DAP,71.6,1933.2,Vermicompost
chickpea,120.1,44.4,17.7,6.63,MOP,68.2,1159.4,Poultry Manure
jute,94.3,29.9,7.2,6.91,MOP,85.8,1458.6,Vermicompost
apple,59.0,33.6,50.6,5.94,DAP,71.8,1938.6,Compost + Biofertilizer
rice,49.5,30.6,42.1,6.45,Urea,93.5,607.75,Green Manure
mothbeans,78.6,72.4,73.6,6.02,NPK 10-26-26,18.8,432.4,Green Manure
apple,13.8,47.7,31.8,5.57,Urea,117.2,761.8,Farmyard Manure (FYM)
mango,103.3,57.1,38.2,6.54,MOP,47.5,807.5,Neem Cake
papaya,37.6,38.0,47.7,6.69,Urea,92.3,599.95,Compost + Biofertilizer
lentil,24.1,57.2,12.3,6.07,Urea,115.4,750.1,Neem Cake
cotton,72.8,22.0,28.4,6.0,DAP,95.9,2589.3,Farmyard Manure (FYM)
grapes,45.6,49.3,69.3,5.96,Urea,55.8,362.7,Farmyard Manure (FYM)
watermelon,80.4,0.0,30.2,5.34,DAP,106.8,2883.6,Poultry Manure
mothbeans,63.6,61.0,34.0,6.52,MOP,61.5,1045.5,Compost + Biofertilizer
blackgram,69.8,54.0,76.7,6.49,Urea,35.9,233.35,Green Manure
muskmelon,45.7,35.5,48.6,6.84,Urea,91.4,594.1,Compost + Biofertilizer
apple,62.9,82.9,42.7,6.55,MOP,52.6,894.2,Poultry Manure
grapes,93.4,51.1,45.8,5.65,MOP,43.5,739.5,Farmyard Manure (FYM)
blackgram,71.1,49.8,46.9,7.52,MOP,59.0,1003.0,Vermicompost
orange,58.2,76.7,60.7,6.62,Urea,41.8,271.7,Poultry Manure
muskmelon,82.9,43.3,52.1,7.98,DAP,40.9,1104.3,Compost + Biofertilizer
muskmelon,72.1,48.6,71.8,5.83,DAP,35.0,945.0,Poultry Manure
apple,40.9,0.0,24.3,7.44,DAP,138.8,3747.6,Poultry Manure
cotton,61.5,59.9,22.1,6.74,MOP,73.7,1252.9,Compost + Biofertilizer
muskmelon,36.7,44.8,71.7,7.13,Urea,68.5,445.25,Neem Cake
chickpea,51.1,48.8,0.0,6.83,MOP,110.2,1873.4,Vermicompost
watermelon,38.8,58.4,74.3,7.18,Urea,73.1,475.15,Farmyard Manure (FYM)
cotton,56.6,30.3,34.1,6.61,DAP,85.8,2316.6,Compost + Biofertilizer
rice,46.5,34.0,42.5,5.93,Urea,86.1,559.65,Green Manure
orange,70.4,49.5,90.7,6.32,DAP,42.9,1158.3,Poultry Manure
grapes,68.7,76.9,8.2,7.7,MOP,64.0,1088.0,Farmyard Manure (FYM)
apple,50.2,63.0,19.0,4.3,MOP,81.3,1382.1,Compost + Biofertilizer
mango,42.1,29.4,58.1,6.76,Urea,79.8,518.7,Poultry Manure
kidneybeans,65.0,25.1,65.5,6.21,DAP,69.4,1873.8,Neem Cake
blackgram,40.5,46.3,46.1,5.56,Urea,86.4,561.6,Poultry Manure
pigeonpeas,49.1,73.0,0.0,8.13,MOP,97.8,1662.6,Compost + Biofertilizer
muskmelon,93.6,40.2,74.5,6.61,DAP,34.2,923.4,Neem Cake
coffee,55.5,77.5,35.8,6.57,Urea,68.0,442.0,Neem Cake
pomegranate,38.6,41.8,77.3,6.36,Urea,74.3,482.95,Compost + Biofertilizer
jute,26.6,70.4,50.9,5.85,Urea,70.4,457.6,Green Manure
banana,18.8,54.2,43.5,6.23,Urea,103.5,672.75,Farmyard Manure (FYM)
maize,43.5,35.9,23.8,6.19,Urea,113.2,735.8,Compost + Biofertilizer
banana,59.6,12.7,59.1,5.93,DAP,75.5,2038.5,Neem Cake
maize,69.3,59.5,29.7,7.09,MOP,52.4,890.8,Vermicompost
kidneybeans,40.8,68.6,31.8,6.67,Urea,74.8,486.2,Farmyard Manure (FYM)
watermelon,71.0,31.2,82.7,6.75,DAP,52.6,1420.2,Vermicompost
coconut,42.3,31.5,75.8,5.73,Urea,81.4,529.1,Poultry Manure
coffee,80.7,57.9,0.0,5.83,MOP,79.8,1356.6,Vermicompost
muskmelon,47.1,84.4,30.6,7.41,Urea,65.1,423.15,Farmyard Manure (FYM)
papaya,26.8,49.2,22.7,7.4,Urea,114.7,745.55,Vermicompost
pomegranate,76.6,35.6,78.0,6.43,DAP,42.5,1147.5,Neem Cake
blackgram,60.5,51.5,78.3,6.03,Urea,44.6,289.9,Vermicompost
kidneybeans,65.0,51.5,16.9,4.95,MOP,89.4,1519.8,Compost + Biofertilizer
coffee,17.3,68.6,27.7,7.74,Urea,101.3,658.45,Vermicompost
mango,57.7,27.5,27.3,6.2,MOP,99.9,1698.3,Green Manure
rice,62.9,51.9,93.8,5.84,Urea,50.4,327.6,Vermicompost
orange,35.8,74.6,32.0,5.89,Urea,85.1,553.15,Neem Cake
grapes,71.6,70.8,82.6,6.48,Urea,31.7,206.05,Farmyard Manure (FYM)
banana,62.2,34.0,34.6,6.91,DAP,82.3,2222.1,Neem Cake
coconut,40.7,35.1,35.8,7.39,Urea,93.7,609.05,Green Manure
cotton,31.4,18.3,38.6,6.28,Urea,118.3,768.95,Vermicompost
muskmelon,38.0,68.8,47.6,6.77,Urea,68.3,443.95,Vermicompost
grapes,69.6,18.4,70.0,6.62,DAP,60.8,1641.6,Green Manure
grapes,62.3,65.3,59.3,7.56,Urea,40.4,262.6,Neem Cake
lentil,56.1,39.5,21.6,7.09,MOP,96.6,1642.2,Poultry Manure
lentil,58.1,55.0,69.5,6.9,Urea,44.7,290.55,Vermicompost
mango,63.0,34.3,54.0,7.68,DAP,64.2,1733.4,Green Manure
pomegranate,36.3,37.5,22.8,6.29,Urea,112.3,729.95,Poultry Manure
banana,93.7,31.6,4.7,6.41,MOP,96.3,1637.1,Poultry Manure
pigeonpeas,61.4,40.1,42.9,5.78,DAP,80.0,2160.0,Vermicompost
watermelon,62.7,48.1,75.3,6.12,Urea,41.0,266.5,Green Manure
pigeonpeas,76.8,50.3,58.8,6.58,DAP,15.0,405.0,Green Manure
mango,83.7,62.0,51.9,5.72,MOP,26.8,455.6,Neem Cake
pomegranate,9.2,62.4,79.4,4.82,Urea,83.7,544.05,Compost + Biofertilizer
maize,71.9,36.4,34.9,6.37,MOP,66.8,1135.6,Green Manure
pigeonpeas,60.8,31.0,56.3,6.53,DAP,73.8,1992.6,Green Manure
mothbeans,37.5,30.5,25.2,7.04,Urea,125.2,813.8,Neem Cake
chickpea,0.0,36.7,16.0,5.77,Urea,157.6,1024.4,Green Manure
lentil,37.3,40.8,71.4,4.86,Urea,71.1,462.15,Green Manure
mothbeans,30.6,28.9,31.3,6.69,Urea,115.2,748.8,Compost + Biofertilizer
mango,64.5,28.2,49.3,7.36,DAP,72.0,1944.0,Farmyard Manure (FYM)
coffee,86.1,49.8,41.2,7.04,MOP,52.5,892.5,Compost + Biofertilizer
lentil,65.4,16.4,9.4,7.23,MOP,127.9,2174.3,Green Manure
watermelon,56.8,45.6,47.6,7.06,Urea,69.2,449.8,Vermicompost
papaya,84.0,35.3,54.4,7.06,DAP,45.2,1220.4,Green Manure
pomegranate,52.7,50.9,38.0,7.2,Urea,72.6,471.9,Compost + Biofertilizer
orange,73.0,43.3,49.5,5.4,DAP,46.6,1258.2,Neem Cake
lentil,71.3,50.3,57.2,6.59,DAP,40.9,1104.3,Compost + Biofertilizer
papaya,60.4,31.6,72.6,7.27,DAP,67.3,1817.1,Poultry Manure
watermelon,95.0,51.5,77.9,6.21,DAP,25.1,677.7,Green Manure
mothbeans,67.6,55.4,37.8,7.33,MOP,50.0,850.0,Neem Cake
pomegranate,15.8,0.0,47.1,5.96,Urea,150.1,975.65,Farmyard Manure (FYM)
mango,47.1,26.1,57.2,6.16,DAP,82.7,2232.9,Poultry Manure
pigeonpeas,39.5,53.9,92.4,6.6,Urea,61.8,401.7,Farmyard Manure (FYM)
pomegranate,31.0,64.6,9.7,6.52,MOP,108.7,1847.9,Green Manure
orange,70.6,35.0,8.8,5.45,MOP,93.2,1584.4,Compost + Biofertilizer
apple,45.6,13.9,57.4,6.98,DAP,86.2,2327.4,Vermicompost
mothbeans,80.9,48.9,92.2,6.13,DAP,20.1,542.7,Poultry Manure
lentil,83.9,45.3,33.9,6.48,MOP,61.7,1048.9,Compost + Biofertilizer
banana,71.9,42.7,34.3,6.0,MOP,67.2,1142.4,Vermicompost
banana,89.8,48.2,15.8,6.38,MOP,70.1,1191.7,Farmyard Manure (FYM)
pomegranate,25.5,36.8,18.6,6.16,Urea,124.3,807.95,Farmyard Manure (FYM)
pigeonpeas,63.0,57.6,43.5,6.96,Urea,47.2,306.8,Poultry Manure
coffee,90.5,27.1,36.5,6.0,DAP,65.0,1755.0,Compost + Biofertilizer
coconut,37.8,32.9,17.9,8.0,Urea,124.7,810.55,Vermicompost
mango,45.5,66.8,79.3,6.13,Urea,45.2,293.8,Green Manure
rice,74.9,19.6,38.9,6.98,DAP,87.5,2362.5,Neem Cake
grapes,90.9,65.8,24.9,6.63,MOP,46.0,782.0,Vermicompost
mothbeans,43.4,7.8,78.8,6.57,DAP,101.5,2740.5,Farmyard Manure (FYM)
coffee,58.3,63.4,77.4,6.49,Urea,34.5,224.25,Compost + Biofertilizer
kidneybeans,64.2,60.6,38.2,6.95,MOP,58.4,992.8,Poultry Manure
orange,39.7,0.0,56.2,6.5,DAP,117.5,3172.5,Neem Cake
coffee,101.5,21.0,17.9,7.43,MOP,98.4,1672.8,Farmyard Manure (FYM)
grapes,78.3,34.3,81.1,5.73,DAP,41.0,1107.0,Neem Cake
muskmelon,68.6,52.7,12.0,7.37,MOP,76.6,1302.2,Vermicompost
mango,102.9,38.4,58.3,7.4,DAP,48.8,1317.6,Neem Cake
coffee,76.4,106.8,39.5,7.12,MOP,38.7,657.9,Green Manure
mango,0.0,17.8,93.3,6.73,Urea,137.3,892.45,Vermicompost
apple,72.8,70.3,76.6,6.81,Urea,36.7,238.55,Compost + Biofertilizer
maize,67.9,56.3,35.6,6.41,MOP,56.3,957.1,Poultry Manure
lentil,58.8,55.0,60.9,6.28,Urea,35.0,227.5,Farmyard Manure (FYM)
cotton,65.4,35.8,31.8,7.24,MOP,82.2,1397.4,Neem Cake
jute,117.7,53.7,58.4,6.94,DAP,19.5,526.5,Compost + Biofertilizer
papaya,75.3,44.1,29.3,6.81,MOP,70.3,1195.1,Compost + Biofertilizer
mungbean,66.3,24.5,47.9,7.48,DAP,76.8,2073.6,Neem Cake
pigeonpeas,108.2,55.4,49.9,6.31,MOP,32.4,550.8,Farmyard Manure (FYM)
apple,55.8,68.8,21.4,4.77,MOP,73.2,1244.4,Farmyard Manure (FYM)
apple,0.0,33.9,34.1,7.35,Urea,139.7,908.05,Compost + Biofertilizer
coffee,79.7,0.0,44.6,5.76,DAP,91.4,2467.8,Poultry Manure
grapes,44.4,78.3,16.7,6.23,MOP,94.9,1613.3,Compost + Biofertilizer
lentil,82.9,58.2,52.4,5.73,MOP,24.7,419.9,Green Manure
coffee,84.8,27.4,60.6,7.64,DAP,50.5,1363.5,Compost + Biofertilizer
cotton,42.5,37.4,69.5,6.83,Urea,84.5,549.25,Poultry Manure
banana,64.3,36.0,60.9,6.77,DAP,50.4,1360.8,Compost + Biofertilizer
mothbeans,45.4,49.8,33.3,6.15,Urea,71.2,462.8,Farmyard Manure (FYM)
maize,51.2,39.8,50.1,6.45,Urea,73.4,477.1,Neem Cake
blackgram,50.8,71.3,46.0,6.32,Urea,56.5,367.25,Compost + Biofertilizer
orange,19.7,68.3,0.0,6.93,Urea,124.0,806.0,Green Manure
lentil,69.2,33.0,92.6,6.48,DAP,54.6,1474.2,Vermicompost
pomegranate,46.8,39.8,54.6,6.75,Urea,69.4,451.1,Compost + Biofertilizer
blackgram,46.8,40.5,14.6,6.89,MOP,113.1,1922.7,Poultry Manure
maize,75.6,85.5,58.9,5.88,NPK 10-26-26,31.3,719.9,Poultry Manure
cotton,70.9,34.0,0.0,5.56,MOP,111.1,1888.7,Vermicompost
lentil,43.9,28.7,14.6,6.07,MOP,112.6,1914.2,Vermicompost
kidneybeans,87.9,62.0,41.5,6.3,MOP,37.5,637.5,Green Manure
orange,24.9,36.7,15.1,7.3,Urea,129.6,842.4,Vermicompost
lentil,76.5,30.8,56.8,8.13,DAP,56.2,1517.4,Neem Cake
coconut,30.5,22.0,46.8,7.85,Urea,116.0,754.0,Green Manure
lentil,35.1,27.5,65.1,5.5,Urea,96.9,629.85,Farmyard Manure (FYM)
blackgram,57.8,13.6,65.9,7.28,DAP,86.1,2324.7,Farmyard Manure (FYM)
mungbean,52.5,19.3,38.3,7.3,DAP,103.0,2781.0,Neem Cake
cotton,71.2,50.4,0.0,5.85,MOP,101.3,1722.1,Farmyard Manure (FYM)
coconut,74.2,57.0,32.9,6.91,MOP,52.3,889.1,Compost + Biofertilizer
rice,45.4,23.8,74.1,7.15,DAP,81.5,2200.5,Neem Cake
kidneybeans,98.1,44.9,36.0,6.3,MOP,55.9,950.3,Green Manure
cotton,56.2,47.2,39.9,6.9,Urea,67.3,437.45,Vermicompost
pigeonpeas,73.5,32.1,37.0,6.88,DAP,75.3,2033.1,Neem Cake
grapes,78.6,24.2,96.9,5.64,DAP,55.7,1503.9,Neem Cake
kidneybeans,44.3,41.6,50.3,6.75,Urea,77.5,503.75,Poultry Manure
coconut,110.2,68.9,93.8,5.64,NPK 10-26-26,21.8,501.4,Poultry Manure
mango,78.5,39.4,37.7,6.12,MOP,55.5,943.5,Neem Cake
grapes,56.2,49.9,47.7,6.01,Urea,63.8,414.7,Neem Cake
rice,77.8,45.2,58.2,5.22,DAP,32.4,874.8,Vermicompost
chickpea,60.3,7.2,70.7,7.86,DAP,83.2,2246.4,Compost + Biofertilizer
rice,40.3,51.1,35.0,6.25,Urea,78.6,510.9,Poultry Manure
coconut,74.6,47.2,29.5,7.41,MOP,62.7,1065.9,Farmyard Manure (FYM)
chickpea,75.3,57.1,21.1,6.85,MOP,68.7,1167.9,Compost + Biofertilizer
rice,35.4,33.5,37.9,6.23,Urea,97.4,633.1,Neem Cake
kidneybeans,55.3,26.8,69.6,5.88,DAP,69.5,1876.5,Poultry Manure
mango,50.7,14.7,39.6,7.22,DAP,92.6,2500.2,Green Manure
pigeonpeas,2.4,55.9,38.1,5.62,Urea,109.7,713.05,Poultry Manure
mango,55.2,14.4,75.8,7.83,DAP,85.4,2305.8,Compost + Biofertilizer
maize,56.9,34.7,36.2,7.17,DAP,89.9,2427.3,Neem Cake
mothbeans,53.6,84.5,58.0,7.07,Urea,40.3,261.95,Poultry Manure
grapes,55.8,70.7,37.4,6.42,Urea,71.0,461.5,Compost + Biofertilizer
orange,64.2,55.2,33.8,5.71,MOP,66.1,1123.7,Farmyard Manure (FYM)
banana,52.1,43.0,21.0,6.3,MOP,80.9,1375.3,Vermicompost
apple,26.7,62.7,31.2,5.48,Urea,90.7,589.55,Vermicompost
muskmelon,101.3,37.0,61.4,7.01,DAP,39.0,1053.0,Neem Cake
mango,128.5,35.2,18.8,6.91,MOP,79.4,1349.8,Poultry Manure
mungbean,70.1,34.8,83.9,6.75,DAP,52.5,1417.5,Vermicompost
coffee,45.3,52.8,37.8,5.86,Urea,80.8,525.2,Compost + Biofertilizer
banana,28.5,80.7,62.6,7.73,Urea,57.3,372.45,Poultry Manure
mango,63.6,85.7,20.6,6.86,MOP,64.1,1089.7,Poultry Manure
jute,31.5,22.3,31.4,6.53,Urea,122.0,793.0,Vermicompost
mothbeans,44.1,42.6,45.3,7.96,Urea,81.1,527.15,Poultry Manure
muskmelon,94.0,26.2,80.5,5.41,DAP,53.4,1441.8,Poultry Manure
orange,90.2,60.2,88.9,7.1,NPK 10-26-26,17.1,393.3,Poultry Manure
jute,67.2,53.8,38.0,7.45,MOP,60.2,1023.4,Neem Cake
banana,29.7,63.0,90.0,5.89,Urea,61.6,400.4,Green Manure
lentil,28.7,43.9,48.8,6.34,Urea,96.7,628.55,Poultry Manure
apple,68.8,42.5,63.0,6.19,DAP,50.9,1374.3,Compost + Biofertilizer
blackgram,34.2,27.8,46.9,7.08,Urea,101.5,659.75,Vermicompost
mango,66.2,12.9,37.4,6.36,DAP,98.8,2667.6,Neem Cake
jute,57.7,52.2,47.0,6.87,Urea,58.5,380.25,Neem Cake
banana,95.9,66.8,35.5,6.39,MOP,44.2,751.4,Poultry Manure
papaya,40.6,35.8,0.0,5.28,MOP,134.4,2284.8,Compost + Biofertilizer
mungbean,73.9,57.0,48.0,5.95,MOP,34.3,583.1,Green Manure
coconut,86.6,76.6,55.3,6.0,NPK 19-19-19,20.7,496.8,Farmyard Manure (FYM)
pomegranate,45.9,61.4,39.0,7.0,Urea,71.7,466.05,Vermicompost
mothbeans,74.3,49.4,67.5,5.19,DAP,33.1,893.7,Neem Cake
cotton,63.6,56.5,49.3,6.6,Urea,37.0,240.5,Compost + Biofertilizer
maize,46.5,32.4,12.5,6.77,MOP,120.3,2045.1,Poultry Manure
rice,51.9,45.8,61.5,6.48,Urea,68.5,445.25,Poultry Manure
mungbean,42.1,24.2,33.9,6.72,Urea,108.6,705.9,Vermicompost
muskmelon,52.3,30.1,23.6,5.35,MOP,101.4,1723.8,Poultry Manure
apple,81.3,53.5,51.0,7.23,MOP,33.3,566.1,Compost + Biofertilizer
rice,72.6,28.8,11.0,7.36,MOP,105.5,1793.5,Farmyard Manure (FYM)
mothbeans,82.2,51.8,24.7,5.4,MOP,66.9,1137.3,Compost + Biofertilizer
lentil,72.5,42.7,47.9,6.56,DAP,55.8,1506.6,Poultry Manure
cotton,40.5,66.0,39.4,6.03,Urea,77.0,500.5,Neem Cake
cotton,5.5,38.5,33.6,7.19,Urea,131.7,856.05,Farmyard Manure (FYM)
pomegranate,49.3,0.0,44.2,7.63,DAP,119.0,3213.0,Green Manure
watermelon,35.6,9.7,97.4,6.53,DAP,103.1,2783.7,Poultry Manure
cotton,15.9,20.1,26.9,6.11,Urea,144.9,941.85,Green Manure
muskmelon,24.6,32.1,48.8,6.65,Urea,110.6,718.9,Poultry Manure
cotton,74.2,31.5,41.5,7.32,DAP,56.6,1528.2,Farmyard Manure (FYM)
grapes,41.6,17.0,48.9,6.08,DAP,100.9,2724.3,Compost + Biofertilizer
kidneybeans,16.8,49.7,67.1,5.93,Urea,82.9,538.85,Neem Cake
blackgram,62.8,39.9,21.8,7.11,MOP,95.4,1621.8,Farmyard Manure (FYM)
maize,89.1,55.6,46.3,5.63,MOP,45.8,778.6,Vermicompost
muskmelon,34.8,30.3,4.8,7.19,MOP,138.1,2347.7,Vermicompost
pomegranate,90.0,48.5,52.1,5.8,DAP,43.5,1174.5,Neem Cake
papaya,62.0,61.0,3.5,6.93,MOP,89.0,1513.0,Green Manure
chickpea,79.7,77.3,22.4,6.21,MOP,61.7,1048.9,Green Manure
rice,111.8,57.2,68.7,7.18,NPK 10-26-26,25.7,591.1,Farmyard Manure (FYM)
chickpea,66.5,38.4,39.3,5.75,DAP,71.1,1919.7,Farmyard Manure (FYM)
maize,55.4,57.7,46.2,6.67,Urea,51.9,337.35,Green Manure
grapes,81.2,60.4,47.4,5.98,MOP,29.6,503.2,Poultry Manure
mothbeans,56.9,40.0,43.0,6.31,Urea,65.1,423.15,Green Manure
lentil,29.9,6.1,36.7,7.26,DAP,124.7,3366.9,Green Manure
apple,92.7,34.6,13.4,5.86,MOP,87.8,1492.6,Neem Cake
coconut,81.9,55.4,50.3,7.08,MOP,32.8,557.6,Green Manure
grapes,60.7,42.7,31.2,6.8,MOP,80.6,1370.2,Green Manure
coconut,102.2,28.6,41.9,6.52,DAP,53.7,1449.9,Green Manure
pomegranate,74.1,71.4,52.3,7.02,MOP,30.1,511.7,Compost + Biofertilizer
pomegranate,31.0,76.6,0.0,7.5,MOP,113.8,1934.6,Poultry Manure
pomegranate,50.4,6.1,39.9,6.52,DAP,108.0,2916.0,Compost + Biofertilizer
blackgram,21.0,21.4,70.3,7.02,Urea,103.4,672.1,Green Manure
lentil,41.9,56.2,35.5,6.5,Urea,76.7,498.55,Neem Cake
cotton,49.4,48.0,23.3,5.82,MOP,89.1,1514.7,Poultry Manure
watermelon,68.1,47.2,76.9,6.65,DAP,35.1,947.7,Poultry Manure
banana,73.0,34.5,58.1,5.69,DAP,55.3,1493.1,Neem Cake
chickpea,57.7,5.0,30.2,8.09,DAP,115.9,3129.3,Vermicompost
orange,59.0,61.8,67.4,6.85,Urea,38.0,247.0,Poultry Manure
watermelon,70.2,27.3,54.9,6.35,DAP,59.9,1617.3,Compost + Biofertilizer
coconut,98.8,71.0,24.0,5.29,MOP,56.9,967.3,Compost + Biofertilizer
lentil,58.3,32.4,66.1,7.47,DAP,58.6,1582.2,Vermicompost
chickpea,70.5,45.8,42.2,6.49,MOP,54.1,919.7,Vermicompost
coconut,86.2,28.4,64.5,6.2,DAP,51.7,1395.9,Vermicompost
chickpea,91.4,55.6,40.0,7.14,MOP,43.2,734.4,Farmyard Manure (FYM)
cotton,83.1,50.5,85.5,6.71,DAP,24.9,672.3,Poultry Manure
lentil,89.6,49.5,35.4,6.36,MOP,48.3,821.1,Compost + Biofertilizer
muskmelon,95.1,17.7,17.3,6.25,MOP,87.0,1479.0,Compost + Biofertilizer
maize,76.0,28.3,41.2,6.87,DAP,68.4,1846.8,Compost + Biofertilizer
blackgram,69.9,29.8,17.9,7.32,MOP,96.3,1637.1,Compost + Biofertilizer
grapes,46.7,43.9,75.5,7.44,Urea,68.7,446.55,Compost + Biofertilizer
kidneybeans,50.2,45.4,28.0,5.36,MOP,84.3,1433.1,Compost + Biofertilizer
coffee,72.5,70.3,28.7,7.38,MOP,55.5,943.5,Farmyard Manure (FYM)
kidneybeans,47.5,38.1,58.0,6.25,Urea,73.1,475.15,Farmyard Manure (FYM)
lentil,14.6,11.0,11.3,6.2,Urea,159.0,1033.5,Green Manure
papaya,48.8,20.4,38.1,6.04,DAP,100.7,2718.9,Farmyard Manure (FYM)
orange,68.7,41.3,34.0,7.42,MOP,73.5,1249.5,Green Manure
papaya,97.0,52.8,72.2,5.55,DAP,24.8,669.6,Neem Cake
orange,93.0,59.2,23.1,6.6,MOP,49.6,843.2,Vermicompost
coconut,83.9,24.3,43.9,6.07,DAP,67.0,1809.0,Poultry Manure
mango,59.1,35.3,78.9,7.36,DAP,63.1,1703.7,Vermicompost
coconut,62.4,83.9,75.5,8.45,Urea,36.9,239.85,Farmyard Manure (FYM)
watermelon,62.0,51.1,65.8,6.99,Urea,48.3,313.95,Green Manure
apple,79.1,39.9,42.6,6.96,DAP,52.0,1404.0,Poultry Manure
grapes,5.8,39.8,27.5,6.91,Urea,136.6,887.9,Vermicompost
apple,89.8,39.8,18.4,8.08,MOP,71.4,1213.8,Farmyard Manure (FYM)
rice,37.9,55.8,60.3,6.24,Urea,55.2,358.8,Farmyard Manure (FYM)
pomegranate,42.8,70.8,26.0,7.02,Urea,87.5,568.75,Green Manure
pomegranate,81.0,73.2,55.8,6.19,NPK 10-26-26,28.9,664.7,Compost + Biofertilizer
watermelon,51.1,6.5,87.4,6.44,DAP,90.0,2430.0,Neem Cake
cotton,24.0,43.3,82.9,7.03,Urea,86.4,561.6,Farmyard Manure (FYM)
coconut,54.7,47.5,4.7,5.86,MOP,101.4,1723.8,Neem Cake
coconut,49.4,31.7,63.0,5.94,Urea,74.9,486.85,Compost + Biofertilizer
mothbeans,74.2,39.3,14.1,7.61,MOP,87.2,1482.4,Neem Cake
lentil,55.8,35.0,74.7,6.24,DAP,67.8,1830.6,Compost + Biofertilizer
banana,62.1,7.2,49.5,6.42,DAP,87.0,2349.0,Farmyard Manure (FYM)
mothbeans,38.6,25.7,39.9,6.48,Urea,95.8,622.7,Poultry Manure
mothbeans,60.6,56.7,87.0,7.26,Urea,50.1,325.65,Poultry Manure
pomegranate,67.6,46.2,85.7,5.88,DAP,38.9,1050.3,Vermicompost
pomegranate,103.4,29.6,46.1,7.14,DAP,66.2,1787.4,Compost + Biofertilizer
papaya,17.5,53.3,48.5,6.32,Urea,80.6,523.9,Compost + Biofertilizer
mothbeans,34.7,27.4,65.7,6.52,Urea,86.4,561.6,Neem Cake
muskmelon,97.3,74.6,80.7,6.49,NPK 10-26-26,15.0,345.0,Neem Cake
muskmelon,67.8,43.3,69.6,6.81,DAP,47.1,1271.7,Compost + Biofertilizer
grapes,42.1,74.3,18.8,5.53,MOP,85.5,1453.5,Compost + Biofertilizer
lentil,4.0,35.0,30.1,5.85,Urea,135.6,881.4,Neem Cake
watermelon,54.1,73.7,15.4,6.43,MOP,78.0,1326.0,Compost + Biofertilizer
maize,66.3,35.5,36.9,6.65,DAP,68.9,1860.3,Compost + Biofertilizer
maize,44.8,55.1,55.7,6.66,Urea,53.4,347.1,Green Manure
pigeonpeas,52.9,32.6,59.9,6.28,DAP,73.8,1992.6,Green Manure
lentil,63.2,18.8,40.3,7.1,DAP,81.2,2192.4,Vermicompost
coconut,46.2,27.3,62.1,6.08,Urea,80.3,521.95,Farmyard Manure (FYM)
papaya,42.4,17.1,44.3,6.91,DAP,115.2,3110.4,Green Manure
kidneybeans,60.7,50.6,37.1,6.42,MOP,67.4,1145.8,Vermicompost
pomegranate,81.5,20.3,0.0,6.42,MOP,105.4,1791.8,Farmyard Manure (FYM)
chickpea,55.9,55.0,47.2,7.15,Urea,62.9,408.85,Compost + Biofertilizer
maize,47.6,45.8,29.5,7.53,Urea,82.9,538.85,Vermicompost
mungbean,67.7,13.0,55.0,6.46,DAP,80.5,2173.5,Green Manure
muskmelon,73.1,22.1,28.7,6.79,DAP,84.5,2281.5,Vermicompost
pomegranate,87.2,52.5,25.4,6.94,MOP,57.7,980.9,Green Manure
blackgram,78.6,63.9,3.8,6.55,MOP,69.9,1188.3,Farmyard Manure (FYM)
kidneybeans,6.6,63.2,63.1,5.74,Urea,89.3,580.45,Neem Cake
jute,53.1,73.7,47.1,6.34,Urea,55.7,362.05,Neem Cake
lentil,29.9,62.7,55.7,6.02,Urea,61.4,399.1,Vermicompost
coconut,103.5,52.4,26.1,7.15,MOP,63.6,1081.2,Compost + Biofertilizer
mango,111.4,28.9,4.0,6.67,MOP,96.2,1635.4,Vermicompost
cotton,34.1,45.4,75.4,6.88,Urea,75.8,492.7,Poultry Manure
mungbean,80.4,60.7,29.2,6.68,MOP,49.6,843.2,Neem Cake
blackgram,33.3,68.6,42.5,7.07,Urea,76.8,499.2,Compost + Biofertilizer
mango,56.5,46.2,59.7,6.24,Urea,44.3,287.95,Farmyard Manure (FYM)
lentil,39.5,44.9,57.6,6.72,Urea,74.9,486.85,Neem Cake
maize,78.2,67.5,54.6,6.26,MOP,15.0,255.0,Green Manure
maize,60.2,21.1,55.7,7.35,DAP,83.4,2251.8,Vermicompost
cotton,0.0,50.2,70.1,7.68,Urea,103.2,670.8,Neem Cake
pomegranate,57.6,18.4,88.1,6.47,DAP,85.8,2316.6,Neem Cake
blackgram,37.3,39.7,70.7,7.09,Urea,79.5,516.75,Poultry Manure
jute,61.2,58.3,45.9,7.78,Urea,44.8,291.2,Poultry Manure
papaya,73.3,44.9,48.1,6.47,DAP,45.9,1239.3,Compost + Biofertilizer
coconut,38.5,29.3,58.5,5.54,Urea,91.1,592.15,Farmyard Manure (FYM)
rice,62.1,35.2,19.2,6.66,MOP,105.5,1793.5,Neem Cake
pomegranate,67.7,41.3,14.0,6.52,MOP,82.7,1405.9,Green Manure
watermelon,59.8,56.2,57.2,6.42,Urea,39.7,258.05,Compost + Biofertilizer
blackgram,54.7,55.9,38.6,6.02,Urea,69.5,451.75,Neem Cake
jute,59.8,56.7,64.5,6.51,Urea,41.4,269.1,Poultry Manure
kidneybeans,35.3,33.2,33.6,5.71,Urea,96.3,625.95,Neem Cake
grapes,84.2,41.6,58.4,7.81,DAP,31.1,839.7,Poultry Manure
rice,108.4,52.5,27.7,6.62,MOP,61.0,1037.0,Green Manure
lentil,49.4,44.2,70.1,6.12,Urea,62.7,407.55,Farmyard Manure (FYM)
blackgram,119.9,59.0,73.8,7.13,NPK 19-19-19,15.0,360.0,Farmyard Manure (FYM)
maize,99.3,38.8,38.6,6.48,MOP,64.8,1101.6,Vermicompost
cotton,54.4,8.3,22.8,7.27,DAP,118.7,3204.9,Farmyard Manure (FYM)
mungbean,0.0,64.6,65.9,6.18,Urea,96.6,627.9,Vermicompost
grapes,39.1,54.3,57.6,7.58,Urea,70.0,455.0,Green Manure
pigeonpeas,30.8,27.7,38.8,6.31,Urea,118.2,768.3,Poultry Manure
cotton,58.6,18.8,66.8,6.28,DAP,82.1,2216.7,Green Manure
banana,58.0,44.5,68.7,4.46,Urea,50.0,325.0,Poultry Manure
orange,109.2,60.9,16.4,6.26,MOP,59.1,1004.7,Neem Cake
papaya,35.9,29.0,19.7,6.32,Urea,119.6,777.4,Neem Cake
grapes,32.9,63.9,48.3,6.37,Urea,78.0,507.0,Neem Cake
chickpea,47.5,51.5,56.0,7.31,Urea,56.8,369.2,Compost + Biofertilizer
mango,61.3,40.9,66.4,6.49,DAP,52.8,1425.6,Farmyard Manure (FYM)
cotton,89.2,52.5,73.8,6.7,DAP,26.7,720.9,Farmyard Manure (FYM)
jute,32.5,16.1,10.9,7.09,MOP,151.8,2580.6,Compost + Biofertilizer
pigeonpeas,80.9,41.6,67.5,6.33,DAP,39.2,1058.4,Farmyard Manure (FYM)
cotton,27.8,37.7,45.5,6.23,Urea,97.6,634.4,Farmyard Manure (FYM)
chickpea,104.7,58.3,17.4,6.04,MOP,56.8,965.6,Neem Cake
watermelon,49.4,33.9,34.0,6.91,Urea,92.1,598.65,Farmyard Manure (FYM)
maize,50.7,34.1,41.3,6.87,Urea,95.9,623.35,Compost + Biofertilizer
grapes,85.8,53.3,3.6,6.12,MOP,77.4,1315.8,Neem Cake
grapes,69.1,32.0,96.3,6.17,DAP,61.2,1652.4,Poultry Manure
mothbeans,45.6,40.5,62.6,6.48,Urea,65.8,427.7,Vermicompost
chickpea,84.8,30.1,46.4,5.69,DAP,62.8,1695.6,Green Manure
mango,52.4,51.4,78.5,6.58,Urea,52.1,338.65,Farmyard Manure (FYM)
muskmelon,75.1,46.6,68.9,6.6,DAP,34.9,942.3,Vermicompost
apple,82.1,64.0,40.8,6.94,MOP,35.4,601.8,Green Manure
mungbean,61.4,78.3,64.5,6.61,Urea,42.4,275.6,Green Manure
apple,47.5,19.8,85.7,6.85,DAP,89.9,2427.3,Neem Cake
cotton,37.2,45.1,53.0,7.42,Urea,80.5,523.25,Green Manure
muskmelon,49.7,37.1,41.5,5.85,Urea,84.6,549.9,Neem Cake
mothbeans,110.2,15.6,79.7,6.09,DAP,58.6,1582.2,Farmyard Manure (FYM)
apple,56.9,32.4,23.8,6.75,MOP,92.2,1567.4,Vermicompost
mothbeans,75.3,41.7,53.1,6.69,DAP,57.0,1539.0,Farmyard Manure (FYM)
coffee,70.0,82.6,37.2,6.96,MOP,45.4,771.8,Green Manure
coconut,58.9,20.7,50.2,6.64,DAP,78.3,2114.1,Farmyard Manure (FYM)
muskmelon,55.6,70.2,66.1,6.64,Urea,32.6,211.9,Vermicompost
grapes,85.4,52.2,17.0,4.72,MOP,60.6,1030.2,Compost + Biofertilizer
coconut,85.2,33.8,57.5,6.88,DAP,45.2,1220.4,Vermicompost
lentil,72.3,28.5,53.1,5.81,DAP,55.3,1493.1,Neem Cake
coffee,96.4,63.8,34.8,5.94,MOP,50.8,863.6,Green Manure
pomegranate,80.5,27.7,53.2,6.79,DAP,57.5,1552.5,Poultry Manure
rice,58.0,5.9,88.3,6.25,DAP,86.3,2330.1,Poultry Manure
pigeonpeas,63.1,42.9,55.8,7.21,DAP,56.7,1530.9,Farmyard Manure (FYM)
kidneybeans,82.6,75.8,28.5,7.56,MOP,52.5,892.5,Compost + Biofertilizer
coffee,27.9,60.0,21.6,6.7,Urea,104.7,680.55,Vermicompost
mungbean,64.8,50.2,70.1,5.65,Urea,40.8,265.2,Neem Cake
mothbeans,39.9,34.3,66.7,6.9,Urea,85.7,557.05,Neem Cake
chickpea,44.9,74.9,48.2,6.88,Urea,60.9,395.85,Green Manure
coconut,2.9,16.7,45.9,7.61,Urea,140.5,913.25,Compost + Biofertilizer
lentil,51.5,35.3,47.3,6.76,Urea,72.6,471.9,Poultry Manure
watermelon,85.9,44.1,47.6,6.5,DAP,47.9,1293.3,Neem Cake
lentil,36.4,84.1,50.0,5.61,Urea,67.1,436.15,Farmyard Manure (FYM)
mungbean,49.0,73.0,34.3,6.25,Urea,71.1,462.15,Neem Cake
kidneybeans,82.6,50.3,51.0,7.03,DAP,26.2,707.4,Neem Cake
maize,78.8,89.6,8.3,7.05,MOP,68.3,1161.1,Farmyard Manure (FYM)
jute,88.3,40.7,90.5,6.57,DAP,35.3,953.1,Poultry Manure
orange,68.9,52.8,47.5,5.82,MOP,49.1,834.7,Vermicompost
jute,44.4,43.4,58.2,5.35,Urea,65.8,427.7,Poultry Manure
coconut,31.3,98.4,59.4,6.66,Urea,68.4,444.6,Compost + Biofertilizer
apple,54.9,43.7,38.7,7.5,Urea,76.7,498.55,Vermicompost
papaya,63.8,27.4,51.3,6.96,DAP,78.6,2122.2,Neem Cake
apple,72.4,51.6,17.8,6.08,MOP,71.8,1220.6,Poultry Manure
kidneybeans,77.3,70.4,66.2,5.86,NPK 19-19-19,25.4,609.6,Green Manure
coconut,75.5,35.6,54.1,5.21,DAP,52.7,1422.9,Compost + Biofertilizer
pomegranate,36.9,52.6,44.5,7.17,Urea,88.8,577.2,Compost + Biofertilizer
grapes,90.8,25.2,37.6,7.2,DAP,74.5,2011.5,Compost + Biofertilizer
blackgram,27.5,71.1,60.6,5.9,Urea,82.9,538.85,Farmyard Manure (FYM)
apple,60.4,52.7,81.4,6.32,Urea,41.0,266.5,Compost + Biofertilizer
watermelon,72.8,80.6,7.2,6.29,MOP,72.6,1234.2,Farmyard Manure (FYM)
blackgram,94.2,45.2,64.2,6.65,DAP,41.1,1109.7,Vermicompost
mothbeans,51.5,57.7,32.5,5.77,Urea,76.3,495.95,Compost + Biofertilizer
mothbeans,40.9,53.1,60.5,6.74,Urea,55.9,363.35,Green Manure
coconut,65.6,75.2,36.9,6.33,MOP,58.4,992.8,Farmyard Manure (FYM)
chickpea,71.1,68.4,11.5,6.35,MOP,83.6,1421.2,Vermicompost
blackgram,96.2,23.8,37.3,6.43,DAP,76.5,2065.5,Neem Cake
chickpea,58.1,19.6,46.7,6.26,DAP,82.7,2232.9,Poultry Manure
cotton,71.1,55.3,70.8,6.89,Urea,34.1,221.65,Vermicompost
lentil,77.8,66.0,38.5,6.96,MOP,36.7,623.9,Green Manure
mungbean,83.8,65.1,40.3,6.08,MOP,30.9,525.3,Vermicompost
orange,68.4,54.2,68.9,6.28,Urea,33.1,215.15,Poultry Manure
banana,56.9,25.2,33.5,7.61,DAP,99.1,2675.7,Neem Cake
muskmelon,33.8,70.9,46.0,5.86,Urea,84.1,546.65,Poultry Manure
mungbean,86.3,31.5,22.3,6.22,MOP,74.2,1261.4,Farmyard Manure (FYM)
mothbeans,24.0,18.7,33.1,6.19,Urea,131.5,854.75,Farmyard Manure (FYM)
mango,67.0,32.2,34.6,7.92,DAP,84.8,2289.6,Vermicompost
watermelon,77.5,59.3,42.7,7.11,MOP,42.9,729.3,Neem Cake
mothbeans,46.9,45.6,54.7,7.05,Urea,75.4,490.1,Vermicompost
mungbean,37.4,69.3,56.9,6.12,Urea,56.7,368.55,Farmyard Manure (FYM)
muskmelon,55.4,34.4,81.2,5.76,DAP,68.8,1857.6,Vermicompost
muskmelon,76.1,46.1,47.3,6.55,DAP,48.5,1309.5,Vermicompost
mango,60.6,92.2,31.7,6.38,MOP,57.8,982.6,Neem Cake
pigeonpeas,85.5,38.4,95.3,6.75,DAP,39.3,1061.1,Neem Cake
coconut,51.0,36.0,37.6,7.07,Urea,83.9,545.35,Neem Cake
kidneybeans,50.4,41.4,13.0,5.9,MOP,98.5,1674.5,Green Manure
mothbeans,49.4,28.2,65.9,6.82,DAP,75.1,2027.7,Poultry Manure
muskmelon,72.9,78.6,29.6,6.35,MOP,56.3,957.1,Green Manure
grapes,85.8,88.1,41.8,6.61,MOP,25.6,435.2,Vermicompost
pomegranate,68.3,22.3,13.1,6.76,MOP,113.2,1924.4,Farmyard Manure (FYM)
pigeonpeas,54.0,53.2,30.8,6.6,MOP,75.1,1276.7,Vermicompost
mango,56.0,49.5,54.2,5.35,Urea,57.2,371.8,Green Manure
mothbeans,54.9,14.3,36.4,7.6,DAP,101.9,2751.3,Compost + Biofertilizer
muskmelon,13.7,5.3,29.7,7.45,Urea,157.3,1022.45,Neem Cake
apple,77.3,51.4,33.4,6.51,MOP,59.8,1016.6,Compost + Biofertilizer
grapes,44.1,20.5,57.4,5.45,DAP,89.3,2411.1,Green Manure
cotton,70.9,37.0,22.0,6.57,MOP,87.8,1492.6,Farmyard Manure (FYM)
watermelon,63.2,84.5,58.4,6.18,Urea,44.3,287.95,Poultry Manure
rice,76.1,62.9,91.9,5.91,NPK 10-26-26,27.7,637.1,Farmyard Manure (FYM)
apple,65.4,4.6,28.0,6.68,DAP,117.1,3161.7,Compost + Biofertilizer
grapes,57.6,55.1,31.4,5.94,MOP,60.9,1035.3,Compost + Biofertilizer
kidneybeans,109.6,14.2,34.5,5.41,DAP,88.9,2400.3,Compost + Biofertilizer
blackgram,29.9,42.6,67.6,6.89,Urea,86.1,559.65,Farmyard Manure (FYM)
banana,76.7,63.9,65.7,6.69,NPK 19-19-19,25.0,600.0,Vermicompost
coconut,31.5,58.2,22.0,7.67,Urea,93.1,605.15,Poultry Manure
coconut,56.1,44.1,67.2,5.18,Urea,67.8,440.7,Poultry Manure
maize,57.1,61.2,12.2,6.06,MOP,84.1,1429.7,Poultry Manure
coffee,55.3,45.2,49.8,7.43,Urea,65.6,426.4,Vermicompost
cotton,46.9,23.8,58.6,6.75,DAP,83.7,2259.9,Farmyard Manure (FYM)
mothbeans,70.2,6.4,0.8,5.2,MOP,123.4,2097.8,Poultry Manure
jute,50.3,72.4,79.2,7.41,Urea,40.5,263.25,Compost + Biofertilizer
chickpea,63.7,59.6,47.0,7.29,Urea,52.5,341.25,Farmyard Manure (FYM)
papaya,37.0,58.5,23.5,6.7,Urea,98.8,642.2,Compost + Biofertilizer
grapes,99.9,41.0,25.0,6.24,MOP,77.3,1314.1,Green Manure
banana,83.7,5.7,80.9,6.77,DAP,68.3,1844.1,Poultry Manure
orange,61.0,54.0,17.2,6.93,MOP,89.8,1526.6,Green Manure
muskmelon,25.4,32.7,34.2,6.0,Urea,111.1,722.15,Green Manure
orange,61.1,45.6,23.6,5.21,MOP,78.3,1331.1,Vermicompost
papaya,72.2,39.9,62.3,6.32,DAP,46.2,1247.4,Vermicompost
jute,60.0,72.0,69.5,5.99,Urea,42.2,274.3,Farmyard Manure (FYM)
pomegranate,23.8,49.6,0.3,6.02,MOP,137.6,2339.2,Neem Cake
mungbean,60.5,54.9,72.0,6.5,Urea,48.0,312.0,Farmyard Manure (FYM)
papaya,40.4,0.0,38.2,6.98,DAP,131.3,3545.1,Neem Cake
pigeonpeas,45.2,45.2,47.0,6.94,Urea,64.6,419.9,Neem Cake
grapes,19.8,49.0,56.4,6.21,Urea,83.9,545.35,Neem Cake
grapes,83.7,39.6,49.3,6.63,DAP,49.6,1339.2,Neem Cake
banana,64.0,50.7,60.6,7.16,Urea,38.0,247.0,Vermicompost
apple,35.6,61.1,40.1,6.36,Urea,75.9,493.35,Farmyard Manure (FYM)
chickpea,70.8,83.1,87.0,6.26,Urea,26.9,174.85,Vermicompost
grapes,37.2,37.5,51.6,6.82,Urea,92.4,600.6,Vermicompost
muskmelon,89.8,54.3,83.8,7.26,DAP,26.1,704.7,Vermicompost
kidneybeans,47.2,44.3,3.2,7.17,MOP,107.9,1834.3,Poultry Manure
maize,94.6,36.7,27.5,5.25,MOP,74.9,1273.3,Green Manure
watermelon,56.9,63.3,42.8,5.76,Urea,50.5,328.25,Farmyard Manure (FYM)
mungbean,39.8,64.4,3.9,7.23,MOP,99.5,1691.5,Vermicompost
kidneybeans,75.2,36.9,74.8,7.7,DAP,41.0,1107.0,Poultry Manure
muskmelon,83.3,55.3,65.2,7.39,NPK 19-19-19,21.1,506.4,Vermicompost
papaya,54.7,68.6,65.5,5.95,Urea,38.4,249.6,Green Manure
chickpea,27.2,42.6,28.4,7.28,Urea,112.6,731.9,Green Manure
rice,89.1,57.1,61.9,6.92,NPK 19-19-19,25.4,609.6,Vermicompost
maize,31.1,34.6,60.6,7.51,Urea,81.7,531.05,Poultry Manure
watermelon,59.5,32.5,42.3,5.51,DAP,80.0,2160.0,Vermicompost
blackgram,67.5,57.7,21.3,6.14,MOP,58.7,997.9,Compost + Biofertilizer
coffee,94.8,59.3,91.3,7.11,NPK 19-19-19,26.9,645.6,Farmyard Manure (FYM)
coconut,50.3,66.6,54.4,6.52,Urea,42.2,274.3,Green Manure
grapes,79.1,48.8,37.6,5.71,MOP,57.2,972.4,Neem Cake
jute,64.4,56.5,65.0,6.89,Urea,37.6,244.4,Compost + Biofertilizer
pomegranate,51.2,29.3,60.7,6.86,DAP,68.8,1857.6,Compost + Biofertilizer
kidneybeans,64.6,53.0,30.7,5.57,MOP,65.4,1111.8,Poultry Manure
mango,71.8,49.4,4.6,7.05,MOP,83.9,1426.3,Poultry Manure
papaya,42.6,32.2,43.2,6.37,Urea,89.5,581.75,Neem Cake
muskmelon,60.3,51.0,57.9,8.08,Urea,44.7,290.55,Poultry Manure
papaya,51.1,24.3,45.0,5.64,DAP,101.1,2729.7,Poultry Manure
banana,47.1,9.0,24.2,7.11,DAP,124.1,3350.7,Vermicompost
cotton,66.6,48.4,62.8,7.54,Urea,44.0,286.0,Compost + Biofertilizer
pigeonpeas,37.0,58.9,28.0,7.94,Urea,86.0,559.0,Vermicompost
papaya,75.9,20.9,46.8,7.26,DAP,63.9,1725.3,Compost + Biofertilizer
apple,87.2,8.2,56.6,7.17,DAP,67.2,1814.4,Farmyard Manure (FYM)
mango,66.0,47.0,64.8,7.18,Urea,51.2,332.8,Poultry Manure
papaya,74.4,25.3,19.2,6.47,MOP,96.9,1647.3,Compost + Biofertilizer
mungbean,106.1,61.6,24.8,6.76,MOP,44.2,751.4,Poultry Manure
banana,45.6,51.9,39.7,7.29,Urea,69.5,451.75,Neem Cake
orange,16.2,71.4,45.2,7.04,Urea,77.5,503.75,Neem Cake
jute,18.6,18.3,47.0,7.82,Urea,121.8,791.7,Poultry Manure
blackgram,74.3,0.0,30.0,6.62,DAP,107.5,2902.5,Green Manure
kidneybeans,65.4,3.5,44.9,7.12,DAP,90.9,2454.3,Neem Cake
apple,70.6,50.7,47.5,6.61,MOP,51.2,870.4,Compost + Biofertilizer
kidneybeans,45.7,59.9,90.3,6.48,Urea,38.8,252.2,Vermicompost
cotton,66.0,78.2,62.2,7.18,Urea,29.2,189.8,Green Manure
maize,60.1,45.9,0.0,7.13,MOP,106.8,1815.6,Vermicompost
grapes,96.2,67.6,49.3,6.34,MOP,27.8,472.6,Poultry Manure
watermelon,86.2,47.9,29.0,6.29,MOP,60.3,1025.1,Farmyard Manure (FYM)
jute,108.6,74.7,31.9,6.4,MOP,41.8,710.6,Compost + Biofertilizer
mothbeans,8.2,14.6,59.2,5.36,Urea,125.2,813.8,Neem Cake
pigeonpeas,53.6,11.6,93.1,6.14,DAP,80.3,2168.1,Compost + Biofertilizer
grapes,79.0,75.5,43.2,6.71,MOP,36.4,618.8,Compost + Biofertilizer
blackgram,71.6,63.7,50.3,5.87,MOP,42.1,715.7,Farmyard Manure (FYM)
banana,74.0,42.7,63.2,5.76,DAP,42.0,1134.0,Farmyard Manure (FYM)
orange,53.9,54.0,46.5,7.01,Urea,53.4,347.1,Compost + Biofertilizer
muskmelon,70.8,11.4,103.1,7.55,DAP,84.5,2281.5,Neem Cake
jute,53.1,16.7,71.7,7.4,DAP,82.5,2227.5,Vermicompost
pomegranate,43.6,54.5,67.2,7.51,Urea,53.5,347.75,Vermicompost
cotton,83.2,67.4,28.9,6.01,MOP,51.3,872.1,Poultry Manure
coffee,79.7,80.1,20.1,5.7,MOP,63.9,1086.3,Farmyard Manure (FYM)
blackgram,72.8,65.2,3.7,5.94,MOP,76.7,1303.9,Neem Cake
jute,88.7,36.5,31.1,6.84,MOP,76.9,1307.3,Neem Cake
banana,51.3,26.9,60.1,6.36,DAP,79.2,2138.4,Green Manure
pomegranate,43.7,54.0,47.7,7.28,Urea,71.9,467.35,Green Manure
grapes,33.7,30.3,59.8,5.29,Urea,94.2,612.3,Green Manure
jute,31.5,58.3,53.6,7.22,Urea,66.5,432.25,Green Manure
watermelon,50.2,35.3,22.7,7.24,MOP,98.2,1669.4,Compost + Biofertilizer
pomegranate,36.9,41.4,10.4,5.41,MOP,116.2,1975.4,Farmyard Manure (FYM)
watermelon,30.5,40.2,63.9,5.99,Urea,85.7,557.05,Green Manure
jute,58.6,98.4,74.7,6.28,Urea,37.9,246.35,Green Manure
papaya,66.4,69.4,0.0,8.07,MOP,82.0,1394.0,Neem Cake
muskmelon,83.4,27.5,76.6,5.35,DAP,50.2,1355.4,Vermicompost
mango,49.1,74.8,75.1,7.5,Urea,52.6,341.9,Farmyard Manure (FYM)
apple,74.4,47.8,44.1,6.82,MOP,55.4,941.8,Neem Cake
blackgram,53.5,50.9,54.5,6.13,Urea,59.8,388.7,Vermicompost
coconut,72.6,72.3,54.5,6.51,Urea,34.7,225.55,Poultry Manure
watermelon,52.2,41.2,71.4,6.3,Urea,54.1,351.65,Green Manure
pomegranate,28.0,40.0,69.6,6.01,Urea,84.5,549.25,Green Manure
chickpea,70.1,83.7,51.9,6.89,Urea,39.7,258.05,Vermicompost
mungbean,44.4,39.8,101.9,6.57,Urea,62.4,405.6,Vermicompost
papaya,30.1,48.5,30.0,7.58,Urea,102.4,665.6,Farmyard Manure (FYM)
muskmelon,73.7,25.5,85.2,6.73,DAP,55.4,1495.8,Neem Cake
cotton,59.6,24.2,54.8,7.0,DAP,64.0,1728.0,Vermicompost
apple,102.1,26.7,63.5,5.67,DAP,51.3,1385.1,Green Manure
chickpea,74.7,31.8,62.0,5.73,DAP,51.4,1387.8,Neem Cake
grapes,97.1,41.8,63.4,6.48,DAP,34.6,934.2,Compost + Biofertilizer
chickpea,17.7,40.6,51.2,6.0,Urea,99.1,644.15,Poultry Manure
pigeonpeas,95.9,62.5,45.3,5.06,MOP,34.7,589.9,Farmyard Manure (FYM)
blackgram,86.5,22.9,39.4,5.67,DAP,72.6,1960.2,Neem Cake
pigeonpeas,55.9,43.8,58.0,7.07,Urea,60.5,393.25,Neem Cake
lentil,22.9,57.8,59.7,6.29,Urea,73.6,478.4,Neem Cake
mothbeans,90.6,41.4,56.9,5.53,DAP,37.9,1023.3,Neem Cake
grapes,107.9,44.2,74.2,6.17,DAP,42.7,1152.9,Green Manure
rice,51.9,65.7,66.4,5.59,Urea,49.0,318.5,Neem Cake
kidneybeans,56.1,61.9,22.6,7.01,MOP,70.2,1193.4,Compost + Biofertilizer
coffee,52.5,57.4,45.6,6.39,Urea,48.1,312.65,Compost + Biofertilizer
apple,57.5,80.7,44.1,7.25,Urea,51.0,331.5,Poultry Manure
kidneybeans,58.8,75.8,70.0,7.61,Urea,39.3,255.45,Green Manure
rice,91.2,46.0,71.2,6.39,DAP,38.3,1034.1,Vermicompost
coffee,109.7,35.2,16.3,7.97,MOP,83.2,1414.4,Farmyard Manure (FYM)
jute,76.5,83.0,53.6,5.92,MOP,23.4,397.8,Green Manure
chickpea,45.2,27.2,13.7,6.25,MOP,118.2,2009.4,Compost + Biofertilizer
cotton,53.4,13.5,42.5,6.11,DAP,101.0,2727.0,Poultry Manure
coconut,15.1,51.3,45.3,6.42,Urea,94.9,616.85,Neem Cake
coconut,0.0,46.6,38.4,7.55,Urea,127.0,825.5,Neem Cake
pigeonpeas,79.0,36.2,78.1,7.02,DAP,46.9,1266.3,Compost + Biofertilizer
kidneybeans,17.4,69.7,50.1,7.18,Urea,84.0,546.0,Neem Cake
rice,76.4,18.2,81.9,6.02,DAP,64.9,1752.3,Vermicompost
watermelon,85.7,19.8,63.0,7.25,DAP,57.5,1552.5,Green Manure
watermelon,46.2,17.1,50.1,6.59,DAP,96.7,2610.9,Farmyard Manure (FYM)
mango,62.2,38.1,73.0,5.81,DAP,57.9,1563.3,Poultry Manure
banana,17.3,66.3,82.4,5.85,Urea,82.0,533.0,Neem Cake
orange,46.5,15.1,73.8,5.88,DAP,98.6,2662.2,Poultry Manure
blackgram,66.1,62.4,44.7,6.07,MOP,42.9,729.3,Compost + Biofertilizer
pigeonpeas,75.6,40.1,68.0,6.4,DAP,43.6,1177.2,Green Manure
muskmelon,43.2,36.8,43.9,7.1,Urea,88.2,573.3,Green Manure
chickpea,53.8,59.7,71.7,6.39,Urea,42.8,278.2,Poultry Manure
orange,69.9,18.5,62.6,6.35,DAP,63.6,1717.2,Poultry Manure
orange,97.4,0.0,75.5,6.06,DAP,83.0,2241.0,Poultry Manure
coconut,15.5,22.0,51.5,6.78,Urea,119.7,778.05,Green Manure
kidneybeans,89.4,34.3,39.7,7.44,DAP,56.4,1522.8,Compost + Biofertilizer
lentil,32.5,22.1,38.8,6.74,Urea,119.0,773.5,Vermicompost
grapes,70.2,30.4,58.0,7.11,DAP,55.3,1493.1,Farmyard Manure (FYM)
mothbeans,65.1,47.1,72.0,7.58,Urea,38.9,252.85,Compost + Biofertilizer
pigeonpeas,75.8,50.1,48.5,6.15,MOP,47.4,805.8,Poultry Manure
mango,9.4,68.8,49.0,6.86,Urea,93.5,607.75,Poultry Manure
cotton,69.2,91.7,49.5,6.91,Urea,35.0,227.5,Compost + Biofertilizer
orange,50.1,34.2,101.9,5.59,Urea,74.7,485.55,Neem Cake
banana,78.4,85.7,63.3,6.33,NPK 19-19-19,18.3,439.2,Green Manure
papaya,71.4,45.4,41.4,6.12,MOP,63.5,1079.5,Poultry Manure
papaya,0.0,12.6,65.6,5.84,Urea,140.4,912.6,Poultry Manure
grapes,108.0,74.0,94.9,7.66,NPK 19-19-19,19.3,463.2,Neem Cake
chickpea,64.0,44.8,39.0,6.53,MOP,64.9,1103.3,Farmyard Manure (FYM)
banana,58.2,36.0,22.2,5.08,MOP,101.8,1730.6,Compost + Biofertilizer
lentil,95.2,36.5,28.1,6.49,MOP,68.0,1156.0,Vermicompost
chickpea,22.2,40.2,1.3,6.08,MOP,138.5,2354.5,Neem Cake
grapes,89.5,45.5,29.3,6.68,MOP,57.4,975.8,Compost + Biofertilizer
coconut,42.8,106.1,67.6,6.55,Urea,52.2,339.3,Poultry Manure
watermelon,39.5,4.8,46.2,5.69,DAP,111.9,3021.3,Farmyard Manure (FYM)
kidneybeans,58.2,37.0,61.3,5.49,DAP,57.4,1549.8,Vermicompost
papaya,18.0,49.8,29.1,6.53,Urea,107.6,699.4,Compost + Biofertilizer
mungbean,68.4,40.6,41.8,7.95,DAP,63.2,1706.4,Poultry Manure
mango,76.4,77.6,50.8,6.03,MOP,31.3,532.1,Farmyard Manure (FYM)
rice,80.7,58.2,40.1,5.94,MOP,46.1,783.7,Poultry Manure
watermelon,51.9,37.1,64.7,5.96,Urea,66.3,430.95,Poultry Manure
blackgram,53.0,71.8,71.0,6.88,Urea,43.9,285.35,Neem Cake
grapes,89.3,36.7,32.2,7.1,MOP,74.1,1259.7,Vermicompost
coffee,24.1,68.1,55.7,6.19,Urea,75.8,492.7,Poultry Manure
jute,126.2,53.4,64.6,6.59,DAP,18.6,502.2,Vermicompost
orange,48.9,34.2,39.6,6.3,Urea,89.9,584.35,Compost + Biofertilizer
mango,62.1,54.3,66.1,6.88,Urea,37.7,245.05,Poultry Manure
lentil,63.7,32.7,80.2,5.54,DAP,79.6,2149.2,Vermicompost
chickpea,53.8,75.6,20.4,6.26,MOP,87.7,1490.9,Green Manure
blackgram,51.7,22.9,37.5,5.9,DAP,93.1,2513.7,Neem Cake
lentil,16.0,42.5,24.8,6.35,Urea,118.7,771.55,Neem Cake
rice,111.8,37.9,70.5,6.75,DAP,31.5,850.5,Compost + Biofertilizer
muskmelon,54.7,73.5,17.1,7.41,MOP,78.7,1337.9,Poultry Manure
muskmelon,34.3,25.7,37.6,7.01,Urea,116.7,758.55,Farmyard Manure (FYM)
coffee,60.6,73.5,36.2,7.07,MOP,56.4,958.8,Farmyard Manure (FYM)
grapes,48.0,27.8,32.7,7.47,DAP,113.3,3059.1,Poultry Manure
pigeonpeas,55.7,41.1,48.9,5.1,Urea,73.0,474.5,Neem Cake
banana,67.7,45.4,49.4,6.38,DAP,58.0,1566.0,Neem Cake
rice,41.6,56.6,54.8,6.3,Urea,54.2,352.3,Green Manure
pigeonpeas,55.8,29.8,65.8,6.86,DAP,78.7,2124.9,Poultry Manure
kidneybeans,46.3,53.5,57.7,6.98,Urea,53.6,348.4,Poultry Manure
coffee,114.2,17.4,44.7,5.69,DAP,71.2,1922.4,Green Manure
chickpea,96.1,83.5,53.2,6.21,MOP,19.4,329.8,Farmyard Manure (FYM)
coconut,84.6,41.4,49.6,5.89,DAP,50.6,1366.2,Vermicompost
maize,53.7,19.6,29.4,6.27,DAP,111.4,3007.8,Compost + Biofertilizer
muskmelon,51.2,45.3,47.1,5.82,Urea,72.4,470.6,Farmyard Manure (FYM)
coffee,52.8,74.1,36.1,7.39,Urea,57.3,372.45,Neem Cake
pigeonpeas,95.8,44.2,30.8,5.87,MOP,66.3,1127.1,Green Manure
mango,75.4,34.6,51.4,5.96,DAP,50.8,1371.6,Poultry Manure
coffee,56.7,27.0,42.1,5.1,DAP,86.9,2346.3,Farmyard Manure (FYM)
pigeonpeas,63.8,29.3,56.2,5.25,DAP,60.1,1622.7,Compost + Biofertilizer
banana,39.1,16.3,0.0,6.31,MOP,148.4,2522.8,Poultry Manure
pomegranate,24.7,35.0,60.3,6.13,Urea,90.4,587.6,Farmyard Manure (FYM)
mothbeans,54.0,15.6,46.0,6.2,DAP,100.8,2721.6,Neem Cake
rice,89.6,12.3,34.5,6.88,DAP,95.4,2575.8,Farmyard Manure (FYM)
watermelon,55.1,46.5,53.6,6.56,Urea,60.5,393.25,Compost + Biofertilizer
jute,40.2,67.3,36.6,5.98,Urea,74.1,481.65,Compost + Biofertilizer
jute,58.4,58.6,27.9,6.47,MOP,65.6,1115.2,Green Manure
kidneybeans,43.5,45.5,64.2,6.55,Urea,75.7,492.05,Compost + Biofertilizer
watermelon,54.0,61.4,84.5,7.19,Urea,34.8,226.2,Neem Cake
coffee,27.7,48.7,28.3,7.38,Urea,106.3,690.95,Compost + Biofertilizer
pigeonpeas,83.2,15.9,72.1,6.06,DAP,47.3,1277.1,Vermicompost
rice,45.0,26.1,41.6,7.21,Urea,98.7,641.55,Poultry Manure
muskmelon,19.6,42.7,35.0,6.52,Urea,109.5,711.75,Compost + Biofertilizer
banana,35.3,41.8,38.7,6.44,Urea,88.6,575.9,Vermicompost
chickpea,87.2,65.2,66.0,6.46,NPK 19-19-19,23.8,571.2,Vermicompost
muskmelon,49.5,15.3,36.2,7.2,DAP,107.1,2891.7,Compost + Biofertilizer
blackgram,67.2,40.5,36.2,6.59,MOP,70.9,1205.3,Compost + Biofertilizer
pigeonpeas,74.3,36.5,40.8,7.25,DAP,68.5,1849.5,Compost + Biofertilizer
muskmelon,42.9,49.8,64.4,7.04,Urea,62.0,403.0,Compost + Biofertilizer
cotton,53.3,21.8,42.0,6.88,DAP,94.6,2554.2,Poultry Manure
pigeonpeas,39.0,40.9,56.8,6.57,Urea,86.1,559.65,Farmyard Manure (FYM)
coffee,26.0,12.2,50.2,7.27,Urea,125.3,814.45,Farmyard Manure (FYM)
mango,42.6,23.1,27.7,6.37,Urea,113.1,735.15,Green Manure
coffee,98.1,93.2,79.2,6.08,NPK 19-19-19,22.0,528.0,Green Manure
jute,19.0,10.9,66.0,6.12,Urea,120.4,782.6,Green Manure
coffee,14.9,58.1,50.7,6.2,Urea,86.7,563.55,Poultry Manure
mothbeans,59.6,39.6,62.9,5.97,DAP,63.1,1703.7,Farmyard Manure (FYM)
mungbean,71.2,14.1,57.9,6.3,DAP,71.9,1941.3,Compost + Biofertilizer
papaya,50.4,56.5,33.2,5.85,Urea,82.2,534.3,Vermicompost
mothbeans,32.2,19.2,44.3,5.53,Urea,122.0,793.0,Poultry Manure
coffee,0.0,38.6,51.6,6.12,Urea,123.8,804.7,Poultry Manure
rice,70.4,41.5,33.2,6.38,MOP,68.5,1164.5,Green Manure
papaya,53.7,38.8,53.4,7.91,Urea,58.6,380.9,Farmyard Manure (FYM)
pigeonpeas,56.6,0.3,77.7,6.56,DAP,92.5,2497.5,Green Manure
orange,45.0,34.3,31.8,6.62,Urea,99.2,644.8,Neem Cake
muskmelon,75.5,49.1,22.2,7.48,MOP,70.3,1195.1,Compost + Biofertilizer
grapes,114.0,0.0,38.2,6.62,DAP,92.0,2484.0,Compost + Biofertilizer
orange,44.3,0.0,19.9,5.42,DAP,141.9,3831.3,Farmyard Manure (FYM)
cotton,55.5,45.0,71.1,7.88,Urea,62.1,403.65,Farmyard Manure (FYM)
grapes,63.2,37.4,82.8,6.33,DAP,62.6,1690.2,Green Manure
pomegranate,74.4,24.4,56.1,5.96,DAP,60.9,1644.3,Vermicompost
rice,42.6,43.5,58.6,7.75,Urea,68.4,444.6,Green Manure
mango,64.8,1.1,74.5,7.02,DAP,88.4,2386.8,Green Manure
watermelon,87.0,26.2,33.5,7.67,DAP,76.0,2052.0,Vermicompost
maize,40.0,60.6,69.4,5.13,Urea,53.5,347.75,Neem Cake
papaya,38.2,1.2,51.3,6.01,DAP,116.0,3132.0,Compost + Biofertilizer
coconut,45.0,72.5,7.9,6.48,MOP,90.0,1530.0,Neem Cake
mungbean,39.2,36.8,23.0,6.15,Urea,109.9,714.35,Green Manure
blackgram,46.3,55.4,59.3,7.15,Urea,55.1,358.15,Neem Cake
jute,39.6,48.2,74.7,7.39,Urea,54.0,351.0,Green Manure
jute,20.7,12.3,3.9,7.24,Urea,167.4,1088.1,Green Manure
papaya,87.0,46.4,48.0,7.98,DAP,46.5,1255.5,Green Manure
blackgram,80.0,52.9,51.3,5.68,MOP,30.0,510.0,Compost + Biofertilizer
watermelon,66.9,47.0,39.3,6.58,MOP,61.7,1048.9,Vermicompost
cotton,64.1,88.3,54.8,7.15,Urea,40.5,263.25,Neem Cake
mothbeans,88.6,61.3,38.9,6.42,MOP,31.7,538.9,Compost + Biofertilizer
pomegranate,37.5,86.7,45.0,6.58,Urea,70.1,455.65,Compost + Biofertilizer
blackgram,51.4,43.8,99.5,6.15,Urea,67.2,436.8,Poultry Manure
watermelon,76.2,27.5,34.9,6.5,DAP,65.6,1771.2,Farmyard Manure (FYM)
lentil,73.6,32.0,24.6,6.74,MOP,89.4,1519.8,Neem Cake
papaya,2.5,62.0,30.5,6.67,Urea,107.9,701.35,Vermicompost
watermelon,53.8,59.9,34.3,5.25,Urea,61.5,399.75,Vermicompost
cotton,39.5,35.5,12.8,6.32,MOP,114.9,1953.3,Green Manure
orange,66.3,48.5,24.9,6.05,MOP,79.0,1343.0,Compost + Biofertilizer
lentil,37.6,52.7,51.5,7.95,Urea,72.1,468.65,Farmyard Manure (FYM)
apple,93.7,48.8,59.8,6.87,DAP,29.0,783.0,Neem Cake
coffee,87.9,30.2,74.9,6.57,DAP,54.2,1463.4,Green Manure
chickpea,75.2,0.0,67.3,6.35,DAP,72.6,1960.2,Vermicompost
maize,69.6,5.3,34.6,6.98,DAP,100.9,2724.3,Poultry Manure
muskmelon,35.2,39.2,70.5,6.9,Urea,86.2,560.3,Farmyard Manure (FYM)
papaya,48.8,39.6,47.6,6.48,Urea,70.3,456.95,Green Manure
blackgram,64.5,56.5,20.3,6.86,MOP,65.3,1110.1,Neem Cake
jute,56.3,38.5,32.9,7.37,MOP,91.6,1557.2,Farmyard Manure (FYM)
coffee,63.0,38.7,61.5,5.87,DAP,56.2,1517.4,Neem Cake
banana,13.9,33.4,38.6,6.8,Urea,125.9,818.35,Poultry Manure
lentil,23.5,32.3,61.5,7.45,Urea,101.1,657.15,Vermicompost
grapes,78.1,26.2,35.0,6.81,DAP,62.8,1695.6,Compost + Biofertilizer
chickpea,56.4,38.0,32.0,6.44,MOP,79.7,1354.9,Green Manure
lentil,35.0,20.2,24.4,6.64,Urea,131.7,856.05,Poultry Manure
blackgram,125.6,25.3,56.4,6.61,DAP,58.8,1587.6,Neem Cake
grapes,69.3,86.7,47.0,6.61,MOP,41.8,710.6,Poultry Manure
watermelon,82.2,52.2,4.2,6.88,MOP,72.4,1230.8,Farmyard Manure (FYM)
rice,17.3,39.2,46.7,6.81,Urea,107.9,701.35,Poultry Manure
lentil,45.3,66.5,56.6,6.35,Urea,56.5,367.25,Farmyard Manure (FYM)
mothbeans,0.0,34.4,16.5,7.41,Urea,148.7,966.55,Poultry Manure
grapes,30.4,68.7,35.7,6.41,Urea,88.7,576.55,Farmyard Manure (FYM)
chickpea,40.9,18.5,58.6,7.41,DAP,90.3,2438.1,Vermicompost
blackgram,0.0,41.6,80.7,6.78,Urea,110.6,718.9,Farmyard Manure (FYM)
banana,109.2,40.8,71.2,6.84,DAP,35.3,953.1,Vermicompost
muskmelon,84.3,39.9,39.4,7.11,MOP,62.3,1059.1,Compost + Biofertilizer
coconut,24.7,43.5,71.3,7.39,Urea,90.0,585.0,Vermicompost
pigeonpeas,73.5,20.6,69.9,6.01,DAP,63.2,1706.4,Farmyard Manure (FYM)
muskmelon,40.8,59.9,0.0,6.15,MOP,102.4,1740.8,Green Manure
chickpea,28.7,18.2,33.4,6.68,Urea,132.8,863.2,Neem Cake
apple,71.7,27.8,13.6,6.85,MOP,101.0,1717.0,Compost + Biofertilizer
lentil,80.1,64.3,39.7,6.48,MOP,46.6,792.2,Green Manure
rice,47.5,23.7,81.4,5.9,DAP,76.4,2062.8,Neem Cake
grapes,78.2,43.1,45.3,6.89,DAP,46.7,1260.9,Vermicompost
banana,69.1,35.4,31.0,7.55,MOP,70.7,1201.9,Neem Cake
cotton,48.4,71.7,67.4,7.1,Urea,47.2,306.8,Green Manure
kidneybeans,92.5,53.3,59.4,7.07,DAP,21.6,583.2,Green Manure
cotton,61.9,26.1,77.4,6.41,DAP,72.3,1952.1,Green Manure
coconut,47.0,8.4,57.3,6.0,DAP,99.3,2681.1,Farmyard Manure (FYM)
muskmelon,76.7,41.3,71.5,7.54,DAP,38.4,1036.8,Compost + Biofertilizer
rice,112.4,47.8,33.2,6.38,MOP,57.9,984.3,Compost + Biofertilizer
apple,89.1,48.2,30.4,6.45,MOP,50.5,858.5,Farmyard Manure (FYM)
blackgram,79.3,85.3,18.2,8.19,MOP,62.9,1069.3,Poultry Manure
grapes,56.5,47.5,32.1,5.78,MOP,72.9,1239.3,Neem Cake
blackgram,51.7,23.7,64.8,6.71,DAP,82.1,2216.7,Poultry Manure
apple,118.8,51.4,95.9,6.24,DAP,31.3,845.1,Compost + Biofertilizer
kidneybeans,47.6,47.7,81.5,5.66,Urea,56.8,369.2,Compost + Biofertilizer
jute,76.0,85.9,19.1,6.35,MOP,58.7,997.9,Neem Cake
papaya,45.6,51.0,85.0,6.23,Urea,62.1,403.65,Neem Cake
pomegranate,23.8,44.3,55.0,6.67,Urea,88.7,576.55,Green Manure
kidneybeans,63.0,9.5,5.0,5.86,MOP,122.3,2079.1,Compost + Biofertilizer
coffee,75.9,41.1,54.9,6.3,DAP,54.8,1479.6,Farmyard Manure (FYM)
watermelon,60.8,39.7,35.2,6.41,MOP,73.9,1256.3,Green Manure
orange,65.6,14.3,68.2,6.91,DAP,65.8,1776.6,Neem Cake
blackgram,112.4,25.5,32.4,6.2,DAP,72.2,1949.4,Compost + Biofertilizer
apple,21.8,64.1,46.8,6.01,Urea,76.0,494.0,Compost + Biofertilizer
apple,100.7,84.5,46.0,7.27,MOP,36.5,620.5,Green Manure
mothbeans,54.5,5.4,45.2,6.98,DAP,103.3,2789.1,Compost + Biofertilizer
jute,37.6,47.0,45.4,7.55,Urea,79.2,514.8,Vermicompost
lentil,75.4,68.5,22.0,7.17,MOP,58.3,991.1,Vermicompost
orange,24.7,43.5,31.2,5.6,Urea,103.4,672.1,Poultry Manure
muskmelon,61.2,54.8,62.3,6.74,Urea,47.7,310.05,Farmyard Manure (FYM)
coffee,103.1,34.6,11.3,6.38,MOP,83.9,1426.3,Vermicompost
orange,39.8,58.8,78.2,7.35,Urea,58.3,378.95,Compost + Biofertilizer
muskmelon,93.0,77.0,88.9,7.46,NPK 10-26-26,21.2,487.6,Green Manure
lentil,71.1,67.9,37.1,6.18,MOP,51.8,880.6,Green Manure
chickpea,116.0,65.8,40.1,6.34,MOP,47.4,805.8,Vermicompost
jute,78.6,22.4,79.8,5.86,DAP,59.4,1603.8,Vermicompost
orange,28.4,45.5,76.9,7.27,Urea,80.6,523.9,Vermicompost
cotton,49.1,57.6,31.9,6.22,Urea,70.8,460.2,Farmyard Manure (FYM)
jute,56.0,47.8,64.6,6.54,Urea,54.0,351.0,Poultry Manure
kidneybeans,52.8,1.0,31.9,6.19,DAP,121.3,3275.1,Neem Cake
mothbeans,90.4,70.9,51.7,6.96,MOP,26.5,450.5,Poultry Manure
mango,47.8,58.6,37.9,6.08,Urea,74.9,486.85,Poultry Manure
papaya,61.2,25.3,43.2,7.35,DAP,78.8,2127.6,Compost + Biofertilizer
mothbeans,34.8,64.8,29.8,6.61,Urea,94.2,612.3,Poultry Manure
pomegranate,37.3,53.9,43.4,6.57,Urea,77.7,505.05,Vermicompost
muskmelon,80.3,41.2,39.8,6.02,MOP,54.8,931.6,Neem Cake
lentil,55.5,25.6,64.2,6.4,DAP,71.9,1941.3,Farmyard Manure (FYM)
mungbean,107.4,44.6,36.7,6.18,MOP,57.0,969.0,Compost + Biofertilizer
blackgram,38.7,24.9,56.4,6.97,Urea,92.6,601.9,Green Manure
coffee,72.8,36.7,43.8,6.59,DAP,69.3,1871.1,Vermicompost
coffee,45.7,48.2,63.8,7.54,Urea,60.1,390.65,Poultry Manure
apple,53.3,8.3,53.5,7.43,DAP,91.7,2475.9,Vermicompost
coffee,99.6,0.0,18.9,6.62,DAP,112.4,3034.8,Vermicompost
mango,47.3,49.0,30.5,5.17,Urea,83.7,544.05,Compost + Biofertilizer
watermelon,59.2,51.3,13.6,7.04,MOP,93.4,1587.8,Compost + Biofertilizer
mungbean,76.8,75.9,54.7,6.16,MOP,35.0,595.0,Poultry Manure
mango,132.9,9.4,16.3,7.16,DAP,108.1,2918.7,Farmyard Manure (FYM)
mango,92.4,37.0,10.1,6.62,MOP,82.3,1399.1,Vermicompost
watermelon,84.4,66.1,55.3,7.04,NPK 19-19-19,26.9,645.6,Farmyard Manure (FYM)
muskmelon,52.8,0.0,39.1,7.05,DAP,124.3,3356.1,Green Manure
blackgram,59.5,41.9,44.1,6.84,Urea,63.8,414.7,Green Manure
pigeonpeas,62.1,81.2,44.7,5.48,Urea,57.2,371.8,Vermicompost
jute,38.3,25.5,73.7,6.63,Urea,78.3,508.95,Vermicompost
muskmelon,62.7,17.2,41.5,5.61,DAP,95.0,2565.0,Neem Cake
blackgram,30.0,52.3,0.0,5.83,MOP,133.0,2261.0,Green Manure
blackgram,72.3,60.0,51.3,7.31,MOP,36.2,615.4,Green Manure
coconut,34.3,59.6,38.1,5.74,Urea,80.2,521.3,Compost + Biofertilizer
chickpea,65.4,43.9,53.9,5.23,DAP,62.4,1684.8,Farmyard Manure (FYM)
grapes,48.9,24.1,19.4,6.28,MOP,122.6,2084.2,Neem Cake
kidneybeans,34.1,29.0,54.4,6.19,Urea,94.7,615.55,Poultry Manure
mungbean,74.2,48.5,52.0,6.81,DAP,34.3,926.1,Green Manure
rice,100.4,76.0,8.5,7.67,MOP,66.8,1135.6,Vermicompost
cotton,68.5,26.3,48.9,5.96,DAP,67.0,1809.0,Vermicompost
kidneybeans,44.2,22.9,41.7,7.73,DAP,99.4,2683.8,Poultry Manure
cotton,44.1,18.8,62.8,7.13,DAP,87.6,2365.2,Neem Cake
chickpea,12.3,71.6,75.7,6.5,Urea,83.0,539.5,Poultry Manure
pigeonpeas,72.5,56.3,42.7,6.42,MOP,45.1,766.7,Poultry Manure
orange,17.6,37.8,61.5,6.55,Urea,101.9,662.35,Compost + Biofertilizer
mango,55.5,39.9,25.9,6.93,MOP,85.7,1456.9,Green Manure
mungbean,0.0,76.2,33.5,6.57,Urea,127.1,826.15,Farmyard Manure (FYM)
grapes,43.9,6.9,17.0,5.97,DAP,142.4,3844.8,Green Manure
mango,74.3,71.7,46.9,7.07,MOP,35.8,608.6,Vermicompost
kidneybeans,80.8,45.9,30.7,5.69,MOP,55.2,938.4,Compost + Biofertilizer
apple,62.3,40.2,52.0,7.27,DAP,68.6,1852.2,Vermicompost
banana,80.8,47.7,54.4,7.84,DAP,31.9,861.3,Vermicompost
cotton,57.7,65.8,68.0,6.22,Urea,31.0,201.5,Compost + Biofertilizer
watermelon,42.4,87.0,53.5,6.44,Urea,61.0,396.5,Neem Cake
coffee,29.2,30.9,67.9,6.34,Urea,101.3,658.45,Farmyard Manure (FYM)
rice,43.2,14.3,47.6,5.99,DAP,105.6,2851.2,Vermicompost
watermelon,85.3,41.8,3.0,7.67,MOP,94.5,1606.5,Neem Cake
pomegranate,10.1,33.6,61.1,6.85,Urea,105.6,686.4,Farmyard Manure (FYM)
apple,79.8,22.7,54.7,6.53,DAP,51.9,1401.3,Neem Cake
cotton,65.6,35.8,13.3,5.66,MOP,91.5,1555.5,Green Manure
cotton,58.1,39.4,51.3,6.02,Urea,61.8,401.7,Green Manure
maize,115.9,25.8,58.2,5.98,DAP,51.6,1393.2,Farmyard Manure (FYM)
mungbean,37.5,59.7,68.8,6.73,Urea,58.8,382.2,Farmyard Manure (FYM)
mango,43.5,25.4,38.7,6.29,Urea,104.7,680.55,Farmyard Manure (FYM)
lentil,36.2,41.5,35.6,5.48,Urea,87.4,568.1,Neem Cake
mango,102.7,12.5,16.2,6.2,DAP,95.3,2573.1,Poultry Manure
rice,65.3,45.6,51.0,5.86,Urea,48.9,317.85,Vermicompost
orange,59.3,43.3,52.3,6.34,Urea,62.4,405.6,Green Manure
lentil,111.3,81.6,67.7,7.33,NPK 10-26-26,17.8,409.4,Neem Cake
chickpea,39.1,36.6,75.0,7.24,Urea,74.8,486.2,Poultry Manure
maize,55.5,46.5,15.7,7.74,MOP,92.2,1567.4,Poultry Manure
coffee,44.3,56.3,42.3,6.84,Urea,78.6,510.9,Neem Cake
papaya,35.4,30.8,62.8,5.55,Urea,84.0,546.0,Vermicompost
coffee,52.4,19.4,74.3,5.96,DAP,81.0,2187.0,Vermicompost
pigeonpeas,30.9,29.8,65.4,7.28,Urea,92.7,602.55,Farmyard Manure (FYM)
kidneybeans,74.1,22.8,20.5,7.34,MOP,83.4,1417.8,Neem Cake
maize,61.3,61.4,19.2,4.91,MOP,67.2,1142.4,Green Manure
pigeonpeas,62.8,65.2,75.2,6.03,Urea,35.0,227.5,Compost + Biofertilizer
mothbeans,28.4,54.8,71.0,6.73,Urea,63.3,411.45,Green Manure
orange,73.8,32.9,96.6,6.63,DAP,64.1,1730.7,Green Manure
cotton,91.1,34.9,24.9,7.15,MOP,76.8,1305.6,Farmyard Manure (FYM)
muskmelon,29.0,90.6,21.7,5.73,Urea,102.0,663.0,Farmyard Manure (FYM)
coffee,8.8,75.4,52.1,6.95,Urea,93.9,610.35,Poultry Manure
pigeonpeas,102.2,90.5,51.2,6.3,MOP,25.9,440.3,Farmyard Manure (FYM)
lentil,82.7,81.5,68.2,4.55,NPK 19-19-19,16.2,388.8,Vermicompost
coconut,56.7,41.0,33.9,6.96,MOP,77.7,1320.9,Compost + Biofertilizer
rice,61.9,16.8,25.4,7.08,DAP,95.0,2565.0,Green Manure
jute,91.7,55.3,20.8,6.75,MOP,66.7,1133.9,Neem Cake
mungbean,59.8,67.6,36.1,7.92,MOP,61.4,1043.8,Farmyard Manure (FYM)
orange,58.9,68.0,50.4,6.19,Urea,45.1,293.15,Green Manure
mango,39.8,51.2,45.3,8.07,Urea,87.6,569.4,Green Manure
apple,66.6,78.3,50.7,5.85,Urea,41.1,267.15,Green Manure
pigeonpeas,37.5,69.6,56.2,5.89,Urea,65.3,424.45,Farmyard Manure (FYM)
watermelon,48.2,75.6,57.8,6.72,Urea,47.8,310.7,Neem Cake
papaya,47.7,55.4,48.6,6.01,Urea,70.0,455.0,Farmyard Manure (FYM)
mungbean,53.2,65.0,77.0,7.69,Urea,44.5,289.25,Vermicompost
lentil,77.5,17.1,42.4,7.31,DAP,69.2,1868.4,Poultry Manure
watermelon,17.4,54.5,27.6,5.6,Urea,105.0,682.5,Neem Cake
rice,60.5,41.6,44.6,5.95,Urea,69.9,454.35,Poultry Manure
papaya,56.0,48.5,54.8,6.69,Urea,55.9,363.35,Green Manure
kidneybeans,55.2,52.1,46.5,7.07,Urea,62.4,405.6,Green Manure
mango,74.0,32.8,45.1,7.78,DAP,71.7,1935.9,Farmyard Manure (FYM)
mungbean,50.1,92.2,11.1,5.66,MOP,96.7,1643.9,Compost + Biofertilizer
mothbeans,53.4,22.5,69.1,7.16,DAP,72.0,1944.0,Green Manure
mango,65.6,59.4,65.4,6.54,Urea,22.1,143.65,Green Manure
grapes,28.8,55.1,65.7,6.05,Urea,68.2,443.3,Neem Cake
lentil,65.5,82.8,68.0,7.4,Urea,26.5,172.25,Compost + Biofertilizer
maize,34.5,63.3,107.5,7.33,Urea,60.4,392.6,Farmyard Manure (FYM)
lentil,38.1,34.6,54.3,5.47,Urea,84.5,549.25,Poultry Manure
banana,60.6,42.5,74.5,6.7,Urea,51.7,336.05,Farmyard Manure (FYM)
chickpea,44.8,46.0,74.8,7.22,Urea,71.0,461.5,Green Manure
banana,25.9,59.8,21.9,6.25,Urea,104.6,679.9,Poultry Manure
grapes,93.9,24.2,40.6,7.99,DAP,70.2,1895.4,Farmyard Manure (FYM)
chickpea,56.6,33.0,39.6,6.56,DAP,80.1,2162.7,Poultry Manure
orange,26.4,61.6,74.0,6.07,Urea,65.0,422.5,Neem Cake
apple,37.7,44.9,50.3,7.1,Urea,71.9,467.35,Compost + Biofertilizer
watermelon,35.5,67.0,53.7,6.23,Urea,60.5,393.25,Poultry Manure
mungbean,68.1,50.6,79.2,6.52,Urea,40.1,260.65,Vermicompost
mothbeans,78.9,29.0,53.3,5.58,DAP,55.6,1501.2,Vermicompost
lentil,56.4,63.6,73.7,7.41,Urea,43.3,281.45,Compost + Biofertilizer
jute,92.8,21.2,54.1,6.71,DAP,55.3,1493.1,Green Manure
watermelon,68.0,33.4,27.8,6.02,MOP,77.1,1310.7,Vermicompost
mango,83.0,28.8,75.8,7.43,DAP,48.0,1296.0,Vermicompost
rice,82.1,9.7,24.2,5.63,DAP,106.5,2875.5,Green Manure
blackgram,77.4,59.6,11.9,6.81,MOP,62.8,1067.6,Poultry Manure
pigeonpeas,44.3,63.0,83.0,6.81,Urea,55.5,360.75,Compost + Biofertilizer
mango,71.5,49.7,0.0,5.75,MOP,89.5,1521.5,Compost + Biofertilizer
lentil,4.9,42.6,54.0,6.64,Urea,105.0,682.5,Poultry Manure
mango,44.9,46.3,80.2,6.75,Urea,77.0,500.5,Neem Cake
pigeonpeas,73.5,30.7,34.6,6.05,DAP,80.2,2165.4,Compost + Biofertilizer
chickpea,100.8,53.1,44.8,7.12,MOP,35.0,595.0,Farmyard Manure (FYM)
grapes,65.4,46.2,39.1,7.44,MOP,65.4,1111.8,Poultry Manure
coffee,64.8,17.8,69.4,5.78,DAP,63.0,1701.0,Farmyard Manure (FYM)
papaya,65.7,88.1,72.8,4.71,Urea,31.8,206.7,Green Manure
muskmelon,53.4,45.8,33.1,5.41,MOP,72.2,1227.4,Farmyard Manure (FYM)
cotton,61.3,48.4,26.0,7.19,MOP,86.5,1470.5,Farmyard Manure (FYM)
mothbeans,49.2,42.4,45.8,6.28,Urea,75.3,489.45,Compost + Biofertilizer
banana,48.4,58.4,29.7,6.6,Urea,77.4,503.1,Farmyard Manure (FYM)
banana,85.8,95.1,65.6,6.7,NPK 19-19-19,17.7,424.8,Poultry Manure
kidneybeans,71.2,35.4,59.1,6.13,DAP,50.5,1363.5,Poultry Manure
blackgram,68.7,42.9,66.4,6.06,DAP,51.2,1382.4,Poultry Manure
rice,77.9,30.2,38.7,7.03,DAP,72.3,1952.1,Compost + Biofertilizer
grapes,73.2,38.2,66.3,6.42,DAP,45.4,1225.8,Farmyard Manure (FYM)
watermelon,40.2,48.4,23.2,6.8,Urea,100.5,653.25,Poultry Manure
muskmelon,95.0,53.0,46.4,5.25,MOP,30.0,510.0,Vermicompost
cotton,45.9,42.9,59.4,4.06,Urea,68.6,445.9,Vermicompost
chickpea,0.0,31.7,21.5,7.15,Urea,151.7,986.05,Compost + Biofertilizer
watermelon,48.9,24.7,43.3,5.48,DAP,93.7,2529.9,Farmyard Manure (FYM)
orange,69.8,58.2,88.3,5.25,Urea,31.8,206.7,Neem Cake
kidneybeans,47.2,60.9,85.6,7.16,Urea,50.7,329.55,Green Manure
