crop,season,soil_moisture_pct,temperature,rainfall_forecast_mm,irrigation_needed,water_liters_per_sqm,irrigation_schedule
watermelon,Rabi,46.7,28.24,117.2,No,0.0,Every 4-6 days
orange,Rabi,45.2,31.26,76.4,No,0.0,Every 4-6 days
coconut,Zaid,56.4,31.05,37.9,Yes,10.12,Every 4-6 days
mothbeans,Zaid,50.9,37.12,35.2,Yes,12.55,Every 4-6 days
pomegranate,Kharif,56.9,23.92,31.8,Yes,9.39,Every 4-6 days
orange,Rabi,52.4,22.31,11.7,Yes,11.58,Every 4-6 days
coffee,Kharif,32.3,25.79,111.5,No,0.0,Every 4-6 days
apple,Rabi,49.8,27.52,32.6,Yes,10.53,Every 4-6 days
coconut,Zaid,34.0,29.6,55.7,No,0.0,Every 4-6 days
rice,Rabi,46.9,26.82,61.8,No,0.0,Every 1-3 days
blackgram,Rabi,54.2,26.61,135.7,No,0.0,Every 4-6 days
mango,Zaid,41.0,38.35,27.4,Yes,13.49,Every 4-6 days
muskmelon,Rabi,53.6,28.83,39.9,Yes,15.85,Every 1-3 days
jute,Kharif,35.8,24.7,76.6,No,0.0,Every 1-3 days
rice,Kharif,20.6,28.48,75.8,No,0.0,Every 1-3 days
lentil,Zaid,39.9,26.65,24.3,Yes,12.76,Every 4-6 days
lentil,Rabi,20.5,32.85,3.7,Yes,15.93,Every 1-3 days
rice,Zaid,29.6,31.23,76.5,No,0.0,Every 1-3 days
papaya,Zaid,69.0,31.04,28.9,Yes,10.52,Every 4-6 days
mungbean,Zaid,30.6,29.14,25.5,Yes,12.42,Every 4-6 days
rice,Kharif,24.3,25.17,50.7,No,0.0,Every 1-3 days
coconut,Kharif,32.5,22.24,37.7,Yes,10.39,Every 4-6 days
muskmelon,Rabi,49.9,32.72,39.8,Yes,15.0,Every 1-3 days
chickpea,Zaid,25.5,27.26,19.1,Yes,13.66,Every 4-6 days
apple,Zaid,62.1,23.37,31.5,Yes,8.77,Every 4-6 days
apple,Kharif,39.5,26.72,64.1,No,0.0,Every 4-6 days
jute,Kharif,40.4,33.92,5.2,Yes,18.61,Every 1-3 days
kidneybeans,Zaid,35.6,31.88,66.5,No,0.0,Every 4-6 days
chickpea,Rabi,44.8,23.43,193.0,No,0.0,Every 7-10 days
pigeonpeas,Rabi,52.5,20.52,18.3,Yes,9.87,Every 4-6 days
mango,Zaid,35.3,23.29,35.3,Yes,10.69,Every 4-6 days
mungbean,Rabi,26.6,29.9,80.4,No,0.0,Every 4-6 days
chickpea,Kharif,28.3,22.4,28.0,Yes,14.68,Every 4-6 days
pomegranate,Kharif,52.7,29.39,46.7,No,0.0,Every 4-6 days
apple,Rabi,47.6,33.24,60.8,No,0.0,Every 4-6 days
pomegranate,Kharif,17.9,19.19,46.9,No,0.0,Every 4-6 days
banana,Kharif,37.5,31.15,92.4,No,0.0,Every 1-3 days
lentil,Zaid,53.7,23.78,49.7,No,0.0,Every 4-6 days
maize,Zaid,38.9,29.0,2.3,Yes,13.79,Every 4-6 days
chickpea,Rabi,46.8,19.53,50.4,No,0.0,Every 4-6 days
mothbeans,Kharif,48.5,17.38,69.9,No,0.0,Every 4-6 days
rice,Kharif,33.6,35.45,35.6,Yes,19.58,Every 1-3 days
mungbean,Zaid,53.5,27.57,64.7,No,0.0,Every 4-6 days
muskmelon,Rabi,28.4,20.78,9.3,Yes,17.09,Every 1-3 days
kidneybeans,Zaid,59.7,37.53,91.5,No,0.0,Every 4-6 days
mungbean,Zaid,49.9,26.18,141.8,No,0.0,Every 4-6 days
muskmelon,Zaid,65.9,33.87,57.5,No,0.0,Every 1-3 days
apple,Rabi,57.2,30.25,3.3,Yes,12.2,Every 4-6 days
papaya,Rabi,69.7,20.17,69.4,No,0.0,Every 7-10 days
papaya,Zaid,45.1,33.74,51.7,No,0.0,Every 4-6 days
kidneybeans,Kharif,51.9,28.16,16.9,Yes,12.38,Every 4-6 days
lentil,Rabi,54.6,33.5,54.6,No,0.0,Every 4-6 days
orange,Zaid,64.3,18.77,78.6,No,0.0,Every 7-10 days
mothbeans,Rabi,12.3,29.45,54.4,No,0.0,Every 4-6 days
blackgram,Rabi,31.8,26.8,155.5,No,0.0,Every 4-6 days
orange,Zaid,34.3,29.11,40.8,No,0.0,Every 4-6 days
jute,Rabi,42.9,28.0,37.0,Yes,16.64,Every 1-3 days
apple,Zaid,5.0,25.83,75.6,No,0.0,Every 4-6 days
cotton,Rabi,60.2,32.99,11.4,Yes,10.96,Every 4-6 days
jute,Kharif,46.6,33.67,60.2,No,0.0,Every 1-3 days
pomegranate,Rabi,66.5,29.72,6.3,Yes,9.26,Every 4-6 days
mungbean,Rabi,36.9,23.34,27.9,Yes,10.29,Every 4-6 days
papaya,Rabi,43.4,24.89,6.7,Yes,10.4,Every 4-6 days
papaya,Rabi,56.1,17.57,12.2,Yes,9.85,Every 4-6 days
lentil,Rabi,53.5,26.1,83.1,No,0.0,Every 4-6 days
orange,Zaid,46.3,23.71,12.1,Yes,10.94,Every 4-6 days
grapes,Kharif,59.8,25.26,77.5,No,0.0,Every 4-6 days
grapes,Kharif,44.1,24.62,57.9,No,0.0,Every 4-6 days
jute,Kharif,39.3,29.44,21.0,Yes,18.23,Every 1-3 days
muskmelon,Kharif,63.1,27.88,25.4,Yes,15.17,Every 1-3 days
mothbeans,Kharif,32.2,35.11,32.8,Yes,14.49,Every 4-6 days
muskmelon,Zaid,52.8,23.79,8.4,Yes,15.42,Every 1-3 days
blackgram,Zaid,46.3,29.39,33.8,Yes,12.27,Every 4-6 days
mothbeans,Kharif,48.5,33.23,91.5,No,0.0,Every 4-6 days
blackgram,Kharif,8.8,25.8,113.2,No,0.0,Every 4-6 days
coconut,Kharif,66.0,30.84,110.9,No,0.0,Every 4-6 days
orange,Kharif,43.6,29.14,91.0,No,0.0,Every 4-6 days
watermelon,Kharif,32.1,37.79,57.8,No,0.0,Every 1-3 days
mothbeans,Rabi,65.1,26.03,28.5,Yes,9.38,Every 4-6 days
mango,Kharif,51.0,29.66,50.2,No,0.0,Every 4-6 days
muskmelon,Rabi,72.9,35.64,35.6,Yes,15.17,Every 1-3 days
maize,Kharif,55.5,23.94,39.9,Yes,8.87,Every 4-6 days
pomegranate,Rabi,43.0,26.22,101.2,No,0.0,Every 4-6 days
maize,Rabi,52.2,20.65,44.3,No,0.0,Every 4-6 days
mothbeans,Rabi,53.3,20.41,59.3,No,0.0,Every 4-6 days
lentil,Kharif,35.0,28.38,7.3,Yes,14.81,Every 4-6 days
lentil,Kharif,66.5,26.56,88.0,No,0.0,Every 4-6 days
mango,Zaid,44.8,23.53,87.7,No,0.0,Every 4-6 days
maize,Kharif,43.9,28.82,35.8,Yes,11.53,Every 4-6 days
muskmelon,Kharif,42.8,17.23,15.7,Yes,13.22,Every 1-3 days
grapes,Kharif,45.7,27.09,23.8,Yes,9.72,Every 4-6 days
pigeonpeas,Rabi,46.1,30.93,76.6,No,0.0,Every 4-6 days
rice,Zaid,34.3,31.49,173.9,No,0.0,Every 4-6 days
kidneybeans,Zaid,63.0,24.79,55.1,No,0.0,Every 4-6 days
papaya,Kharif,54.1,31.27,108.1,No,0.0,Every 4-6 days
orange,Rabi,19.2,34.01,27.5,Yes,13.47,Every 1-3 days
banana,Zaid,62.0,32.73,81.3,No,0.0,Every 4-6 days
kidneybeans,Zaid,63.7,31.56,31.1,Yes,11.89,Every 4-6 days
pomegranate,Kharif,57.2,29.35,36.4,Yes,11.01,Every 4-6 days
rice,Kharif,10.9,31.67,42.8,No,0.0,Every 1-3 days
chickpea,Zaid,42.6,28.27,50.9,No,0.0,Every 4-6 days
rice,Kharif,65.3,33.24,59.6,No,0.0,Every 1-3 days
banana,Zaid,77.3,30.59,32.5,Yes,12.8,Every 4-6 days
jute,Rabi,23.0,22.43,52.8,No,0.0,Every 1-3 days
watermelon,Zaid,16.7,33.55,31.2,Yes,18.04,Every 1-3 days
blackgram,Kharif,28.5,29.04,17.2,Yes,13.91,Every 4-6 days
watermelon,Zaid,31.7,30.56,47.9,No,0.0,Every 1-3 days
muskmelon,Kharif,54.3,22.22,23.0,Yes,15.65,Every 1-3 days
rice,Rabi,48.6,23.64,24.9,Yes,15.77,Every 1-3 days
blackgram,Zaid,73.0,23.35,73.1,No,0.0,Every 7-10 days
jute,Kharif,51.4,25.33,135.1,No,0.0,Every 4-6 days
coconut,Rabi,64.8,39.52,42.1,No,0.0,Every 4-6 days
coconut,Zaid,43.2,29.33,31.3,Yes,10.61,Every 4-6 days
orange,Zaid,27.0,32.91,115.3,No,0.0,Every 4-6 days
mango,Rabi,34.9,33.78,104.7,No,0.0,Every 4-6 days
apple,Rabi,85.7,29.28,21.3,Yes,8.82,Every 4-6 days
apple,Zaid,50.6,29.4,85.2,No,0.0,Every 4-6 days
apple,Kharif,36.2,25.86,67.9,No,0.0,Every 4-6 days
rice,Kharif,59.6,26.87,82.3,No,0.0,Every 4-6 days
mothbeans,Zaid,65.6,27.6,46.2,No,0.0,Every 4-6 days
mothbeans,Kharif,38.6,33.54,16.5,Yes,14.01,Every 4-6 days
mungbean,Rabi,48.1,26.9,69.9,No,0.0,Every 4-6 days
lentil,Zaid,26.5,28.96,75.9,No,0.0,Every 4-6 days
muskmelon,Zaid,57.0,27.77,7.4,Yes,18.29,Every 1-3 days
pigeonpeas,Kharif,44.7,25.75,19.5,Yes,11.47,Every 4-6 days
maize,Kharif,63.7,25.28,24.9,Yes,10.35,Every 4-6 days
pigeonpeas,Kharif,60.9,31.93,5.5,Yes,12.28,Every 4-6 days
coffee,Rabi,41.0,33.9,13.6,Yes,13.03,Every 4-6 days
mango,Kharif,58.7,22.56,67.0,No,0.0,Every 4-6 days
rice,Rabi,70.3,24.65,28.9,Yes,13.26,Every 4-6 days
chickpea,Zaid,27.8,33.76,16.3,Yes,12.89,Every 1-3 days
pomegranate,Rabi,54.8,22.27,215.0,No,0.0,Every 7-10 days
chickpea,Kharif,20.3,33.51,70.4,No,0.0,Every 4-6 days
papaya,Zaid,63.3,24.71,13.6,Yes,9.65,Every 4-6 days
orange,Kharif,72.2,19.47,7.6,Yes,9.3,Every 4-6 days
kidneybeans,Zaid,45.7,33.6,39.9,Yes,12.37,Every 4-6 days
kidneybeans,Kharif,23.9,34.1,71.2,No,0.0,Every 4-6 days
watermelon,Kharif,50.6,28.62,27.0,Yes,14.79,Every 1-3 days
orange,Kharif,40.9,25.74,46.4,No,0.0,Every 4-6 days
mango,Zaid,41.0,27.26,54.7,No,0.0,Every 4-6 days
coconut,Rabi,25.4,26.11,105.8,No,0.0,Every 4-6 days
mungbean,Zaid,72.8,23.87,42.3,No,0.0,Every 4-6 days
mungbean,Rabi,23.6,28.15,3.3,Yes,14.29,Every 1-3 days
grapes,Zaid,43.3,39.11,24.2,Yes,13.14,Every 4-6 days
mungbean,Kharif,46.9,30.07,34.4,Yes,13.0,Every 4-6 days
mothbeans,Kharif,35.8,38.19,130.5,No,0.0,Every 4-6 days
kidneybeans,Kharif,69.5,29.04,8.9,Yes,10.11,Every 4-6 days
coffee,Rabi,39.3,33.94,34.2,Yes,13.08,Every 4-6 days
chickpea,Kharif,42.6,34.44,64.9,No,0.0,Every 4-6 days
orange,Kharif,39.6,33.7,45.8,No,0.0,Every 4-6 days
lentil,Rabi,44.5,31.38,10.6,Yes,14.53,Every 4-6 days
jute,Kharif,63.3,25.42,77.4,No,0.0,Every 4-6 days
coffee,Rabi,56.0,27.12,20.9,Yes,10.79,Every 4-6 days
muskmelon,Kharif,28.4,27.75,122.7,No,0.0,Every 1-3 days
blackgram,Zaid,37.5,27.24,49.5,No,0.0,Every 4-6 days
cotton,Kharif,30.5,31.66,49.5,No,0.0,Every 4-6 days
rice,Rabi,52.8,29.25,48.4,No,0.0,Every 1-3 days
chickpea,Rabi,40.8,32.62,24.7,Yes,14.31,Every 4-6 days
papaya,Zaid,27.3,31.98,74.1,No,0.0,Every 4-6 days
pigeonpeas,Rabi,54.0,27.07,16.0,Yes,11.71,Every 4-6 days
coconut,Kharif,47.2,23.53,27.9,Yes,9.83,Every 4-6 days
lentil,Rabi,53.5,36.92,16.8,Yes,11.97,Every 4-6 days
cotton,Kharif,65.0,25.82,52.9,No,0.0,Every 4-6 days
coconut,Kharif,57.0,19.55,27.8,Yes,7.59,Every 4-6 days
watermelon,Zaid,16.3,35.71,63.3,No,0.0,Every 1-3 days
grapes,Kharif,29.3,32.81,38.6,Yes,13.34,Every 4-6 days
watermelon,Rabi,40.8,40.63,52.0,No,0.0,Every 1-3 days
pomegranate,Rabi,52.6,25.69,30.7,Yes,11.7,Every 4-6 days
cotton,Kharif,32.1,35.1,64.3,No,0.0,Every 4-6 days
jute,Zaid,5.0,27.62,106.2,No,0.0,Every 1-3 days
papaya,Kharif,43.9,25.83,40.2,No,0.0,Every 4-6 days
apple,Zaid,47.2,40.95,22.1,Yes,14.39,Every 4-6 days
pigeonpeas,Zaid,18.6,31.67,89.1,No,0.0,Every 4-6 days
mungbean,Kharif,44.7,24.96,25.1,Yes,13.06,Every 4-6 days
pigeonpeas,Rabi,52.3,27.95,21.2,Yes,10.42,Every 4-6 days
blackgram,Rabi,59.2,24.9,60.8,No,0.0,Every 4-6 days
lentil,Kharif,27.2,24.46,140.5,No,0.0,Every 4-6 days
papaya,Kharif,44.6,32.66,97.7,No,0.0,Every 4-6 days
banana,Zaid,62.1,35.34,14.4,Yes,14.8,Every 1-3 days
apple,Zaid,40.9,29.88,60.6,No,0.0,Every 4-6 days
mungbean,Kharif,42.6,23.75,154.6,No,0.0,Every 4-6 days
coffee,Zaid,17.6,27.09,2.2,Yes,14.21,Every 1-3 days
jute,Kharif,42.6,26.18,34.5,Yes,14.12,Every 1-3 days
cotton,Zaid,36.0,21.49,89.7,No,0.0,Every 4-6 days
jute,Rabi,38.8,24.48,29.7,Yes,16.59,Every 1-3 days
maize,Zaid,45.5,34.17,92.2,No,0.0,Every 4-6 days
mango,Zaid,35.5,19.9,32.0,Yes,10.3,Every 4-6 days
pigeonpeas,Zaid,30.7,27.32,30.6,Yes,11.85,Every 4-6 days
kidneybeans,Rabi,45.1,28.34,7.2,Yes,14.02,Every 4-6 days
papaya,Kharif,43.6,35.51,80.9,No,0.0,Every 4-6 days
maize,Rabi,54.8,30.38,59.6,No,0.0,Every 4-6 days
chickpea,Zaid,64.4,24.15,79.3,No,0.0,Every 4-6 days
chickpea,Kharif,52.8,32.48,11.0,Yes,12.65,Every 4-6 days
lentil,Rabi,52.6,20.45,102.5,No,0.0,Every 4-6 days
lentil,Zaid,65.5,26.72,19.1,Yes,11.25,Every 4-6 days
rice,Zaid,33.5,25.76,92.1,No,0.0,Every 1-3 days
watermelon,Rabi,56.1,25.06,15.9,Yes,14.69,Every 1-3 days
grapes,Kharif,41.8,26.95,15.5,Yes,12.52,Every 4-6 days
chickpea,Zaid,49.7,33.4,69.6,No,0.0,Every 4-6 days
apple,Kharif,61.6,22.94,118.9,No,0.0,Every 7-10 days
coconut,Kharif,61.3,30.77,40.8,No,0.0,Every 4-6 days
mothbeans,Zaid,32.8,27.06,5.0,Yes,12.93,Every 4-6 days
watermelon,Rabi,49.1,25.34,79.1,No,0.0,Every 4-6 days
rice,Kharif,18.6,24.81,56.5,No,0.0,Every 1-3 days
cotton,Rabi,65.8,31.73,46.3,No,0.0,Every 4-6 days
orange,Rabi,63.2,36.25,37.8,Yes,11.24,Every 4-6 days
banana,Rabi,62.6,16.06,58.1,No,0.0,Every 4-6 days
blackgram,Kharif,38.3,33.42,33.8,Yes,13.16,Every 4-6 days
rice,Rabi,49.7,28.58,74.2,No,0.0,Every 1-3 days
orange,Rabi,34.6,27.58,48.1,No,0.0,Every 4-6 days
maize,Kharif,31.9,29.6,50.2,No,0.0,Every 4-6 days
rice,Kharif,33.0,27.56,53.0,No,0.0,Every 1-3 days
mothbeans,Kharif,28.1,26.83,34.7,Yes,13.2,Every 4-6 days
lentil,Rabi,64.7,27.68,81.4,No,0.0,Every 4-6 days
papaya,Rabi,75.9,24.43,86.6,No,0.0,Every 7-10 days
cotton,Zaid,42.0,19.7,57.5,No,0.0,Every 4-6 days
chickpea,Kharif,37.3,39.04,9.8,Yes,15.34,Every 1-3 days
lentil,Kharif,49.9,26.25,24.2,Yes,11.49,Every 4-6 days
rice,Zaid,15.2,19.92,10.2,Yes,16.75,Every 1-3 days
coconut,Zaid,28.2,25.37,39.6,Yes,13.28,Every 4-6 days
mango,Kharif,47.9,21.74,7.7,Yes,11.26,Every 4-6 days
watermelon,Zaid,39.6,27.97,27.6,Yes,16.29,Every 1-3 days
grapes,Zaid,53.1,24.6,19.5,Yes,11.43,Every 4-6 days
orange,Rabi,68.3,25.15,90.3,No,0.0,Every 4-6 days
coconut,Rabi,26.5,35.24,39.7,Yes,14.14,Every 1-3 days
rice,Zaid,23.5,34.84,237.1,No,0.0,Every 4-6 days
mungbean,Rabi,41.1,26.82,54.1,No,0.0,Every 4-6 days
papaya,Kharif,86.6,28.53,85.9,No,0.0,Every 7-10 days
coffee,Kharif,56.0,22.65,15.0,Yes,8.57,Every 4-6 days
apple,Kharif,51.2,42.33,56.7,No,0.0,Every 4-6 days
cotton,Kharif,68.5,34.47,11.9,Yes,11.07,Every 4-6 days
kidneybeans,Kharif,7.0,34.95,128.9,No,0.0,Every 4-6 days
pomegranate,Rabi,37.1,31.17,11.8,Yes,13.23,Every 4-6 days
coconut,Rabi,47.1,30.85,18.1,Yes,14.53,Every 4-6 days
mango,Rabi,23.5,26.26,86.0,No,0.0,Every 4-6 days
orange,Kharif,48.6,28.24,21.1,Yes,11.14,Every 4-6 days
mango,Zaid,24.8,27.12,15.4,Yes,13.86,Every 4-6 days
apple,Rabi,40.8,33.7,11.3,Yes,13.7,Every 4-6 days
banana,Zaid,39.2,40.12,93.5,No,0.0,Every 1-3 days
coconut,Rabi,32.2,22.65,68.9,No,0.0,Every 4-6 days
pigeonpeas,Zaid,33.5,27.73,60.3,No,0.0,Every 4-6 days
papaya,Zaid,39.4,33.14,23.5,Yes,13.2,Every 4-6 days
jute,Kharif,40.4,30.78,10.0,Yes,17.7,Every 1-3 days
maize,Rabi,57.6,26.75,13.4,Yes,10.5,Every 4-6 days
mothbeans,Zaid,54.5,26.92,59.9,No,0.0,Every 4-6 days
kidneybeans,Kharif,56.0,26.46,12.7,Yes,12.26,Every 4-6 days
pomegranate,Zaid,29.1,30.82,70.0,No,0.0,Every 4-6 days
apple,Rabi,69.1,29.01,11.5,Yes,10.84,Every 4-6 days
chickpea,Rabi,85.3,27.51,74.8,No,0.0,Every 7-10 days
mungbean,Rabi,47.8,18.75,95.1,No,0.0,Every 4-6 days
coconut,Kharif,30.1,23.85,7.5,Yes,11.47,Every 4-6 days
maize,Kharif,51.8,24.49,7.1,Yes,10.55,Every 4-6 days
mungbean,Zaid,43.0,25.73,62.6,No,0.0,Every 4-6 days
rice,Rabi,64.7,24.6,91.1,No,0.0,Every 4-6 days
grapes,Rabi,52.3,28.3,93.9,No,0.0,Every 4-6 days
cotton,Rabi,31.1,37.44,67.4,No,0.0,Every 4-6 days
coconut,Zaid,33.7,24.57,14.8,Yes,11.34,Every 4-6 days
blackgram,Kharif,24.8,33.32,39.9,Yes,14.7,Every 4-6 days
watermelon,Zaid,24.8,27.13,35.3,Yes,17.98,Every 1-3 days
coconut,Rabi,65.1,25.76,17.9,Yes,10.82,Every 4-6 days
mango,Kharif,51.6,30.12,55.1,No,0.0,Every 4-6 days
pomegranate,Rabi,45.8,26.12,24.3,Yes,10.59,Every 4-6 days
watermelon,Kharif,39.6,21.72,156.6,No,0.0,Every 4-6 days
coconut,Kharif,48.7,26.81,23.8,Yes,11.14,Every 4-6 days
pomegranate,Rabi,42.4,24.92,61.7,No,0.0,Every 4-6 days
muskmelon,Rabi,47.1,23.63,16.0,Yes,17.81,Every 1-3 days
cotton,Zaid,47.1,30.48,32.6,Yes,13.37,Every 4-6 days
papaya,Kharif,35.4,21.54,34.7,Yes,10.7,Every 4-6 days
cotton,Kharif,67.2,31.47,12.2,Yes,10.42,Every 4-6 days
muskmelon,Rabi,59.9,32.42,20.8,Yes,17.13,Every 1-3 days
pomegranate,Zaid,44.3,26.71,194.6,No,0.0,Every 7-10 days
watermelon,Kharif,58.1,28.36,21.9,Yes,15.32,Every 1-3 days
blackgram,Rabi,46.8,31.39,3.6,Yes,12.48,Every 4-6 days
orange,Kharif,41.4,22.04,29.9,Yes,10.26,Every 4-6 days
blackgram,Kharif,29.2,26.42,22.3,Yes,13.53,Every 4-6 days
orange,Zaid,38.6,31.86,6.9,Yes,13.48,Every 4-6 days
chickpea,Zaid,30.1,30.03,51.1,No,0.0,Every 4-6 days
pomegranate,Rabi,65.9,32.11,43.9,No,0.0,Every 4-6 days
grapes,Rabi,46.0,26.72,39.4,Yes,10.47,Every 4-6 days
muskmelon,Rabi,34.0,24.35,21.2,Yes,18.28,Every 1-3 days
grapes,Zaid,56.1,25.22,83.8,No,0.0,Every 4-6 days
orange,Rabi,17.1,23.57,85.3,No,0.0,Every 4-6 days
cotton,Zaid,50.0,21.56,31.6,Yes,10.25,Every 4-6 days
muskmelon,Kharif,43.9,30.43,135.6,No,0.0,Every 4-6 days
mungbean,Kharif,37.2,33.76,65.8,No,0.0,Every 4-6 days
maize,Zaid,44.6,28.14,26.2,Yes,12.59,Every 4-6 days
maize,Rabi,48.1,28.83,16.3,Yes,12.05,Every 4-6 days
pigeonpeas,Rabi,58.9,24.24,4.9,Yes,10.32,Every 4-6 days
maize,Rabi,27.6,29.88,52.9,No,0.0,Every 4-6 days
apple,Zaid,59.1,32.45,45.0,No,0.0,Every 4-6 days
mothbeans,Rabi,60.6,28.18,38.2,Yes,9.51,Every 4-6 days
jute,Zaid,52.2,17.47,147.8,No,0.0,Every 4-6 days
grapes,Kharif,62.6,34.81,10.5,Yes,11.96,Every 4-6 days
lentil,Kharif,59.6,22.51,54.7,No,0.0,Every 4-6 days
apple,Kharif,44.1,27.97,10.1,Yes,13.85,Every 4-6 days
chickpea,Kharif,65.3,26.82,40.0,No,0.0,Every 4-6 days
mungbean,Rabi,27.4,27.03,39.3,Yes,12.82,Every 4-6 days
mungbean,Kharif,27.2,32.42,28.3,Yes,15.04,Every 4-6 days
lentil,Rabi,41.7,30.42,40.2,No,0.0,Every 4-6 days
muskmelon,Rabi,68.3,31.97,24.4,Yes,14.87,Every 1-3 days
blackgram,Kharif,35.2,21.42,40.5,No,0.0,Every 4-6 days
grapes,Rabi,51.3,27.27,61.8,No,0.0,Every 4-6 days
pigeonpeas,Zaid,43.1,21.43,50.9,No,0.0,Every 4-6 days
jute,Kharif,35.9,23.25,53.1,No,0.0,Every 1-3 days
mothbeans,Kharif,26.5,31.3,30.2,Yes,15.12,Every 4-6 days
pomegranate,Kharif,48.3,21.97,45.1,No,0.0,Every 4-6 days
kidneybeans,Kharif,50.3,27.57,5.1,Yes,13.34,Every 4-6 days
watermelon,Rabi,42.2,27.55,56.4,No,0.0,Every 1-3 days
lentil,Rabi,32.0,37.1,79.3,No,0.0,Every 4-6 days
mothbeans,Zaid,70.4,32.59,36.0,Yes,10.8,Every 4-6 days
kidneybeans,Zaid,41.9,28.18,117.6,No,0.0,Every 4-6 days
apple,Rabi,48.6,30.84,16.5,Yes,12.54,Every 4-6 days
chickpea,Rabi,34.7,32.25,36.4,Yes,14.18,Every 4-6 days
apple,Kharif,55.7,30.58,11.5,Yes,12.75,Every 4-6 days
mungbean,Kharif,58.2,27.09,33.4,Yes,11.25,Every 4-6 days
orange,Rabi,20.8,27.35,47.1,No,0.0,Every 4-6 days
mungbean,Kharif,6.9,22.91,16.9,Yes,13.85,Every 1-3 days
rice,Kharif,21.5,19.1,12.9,Yes,18.69,Every 1-3 days
watermelon,Zaid,68.8,26.46,8.5,Yes,15.84,Every 1-3 days
kidneybeans,Kharif,59.0,20.83,59.1,No,0.0,Every 4-6 days
banana,Rabi,50.7,35.65,83.5,No,0.0,Every 1-3 days
muskmelon,Rabi,37.6,18.79,50.2,No,0.0,Every 1-3 days
cotton,Zaid,37.2,27.74,78.9,No,0.0,Every 4-6 days
pigeonpeas,Zaid,46.8,25.34,39.0,Yes,10.9,Every 4-6 days
jute,Rabi,47.0,20.32,7.0,Yes,15.71,Every 1-3 days
apple,Kharif,14.3,25.58,58.2,No,0.0,Every 4-6 days
rice,Zaid,59.7,33.7,55.6,No,0.0,Every 1-3 days
rice,Rabi,22.2,29.42,8.6,Yes,19.83,Every 1-3 days
muskmelon,Kharif,57.1,31.04,171.2,No,0.0,Every 4-6 days
mungbean,Kharif,51.7,37.27,27.0,Yes,11.62,Every 4-6 days
chickpea,Kharif,57.7,34.49,81.1,No,0.0,Every 4-6 days
orange,Kharif,45.6,25.05,40.1,No,0.0,Every 4-6 days
mothbeans,Rabi,57.1,29.6,24.8,Yes,12.56,Every 4-6 days
papaya,Zaid,16.1,25.22,47.3,No,0.0,Every 4-6 days
orange,Kharif,43.6,32.22,80.8,No,0.0,Every 4-6 days
banana,Rabi,42.7,21.73,13.4,Yes,17.39,Every 1-3 days
kidneybeans,Zaid,53.8,23.44,11.0,Yes,9.06,Every 4-6 days
orange,Kharif,30.5,20.93,76.3,No,0.0,Every 4-6 days
muskmelon,Zaid,38.5,34.4,104.6,No,0.0,Every 1-3 days
lentil,Zaid,58.5,27.95,34.4,Yes,12.01,Every 4-6 days
watermelon,Kharif,58.5,23.55,26.4,Yes,13.87,Every 4-6 days
watermelon,Kharif,57.6,18.78,63.2,No,0.0,Every 4-6 days
lentil,Rabi,58.4,31.39,49.4,No,0.0,Every 4-6 days
cotton,Rabi,44.8,32.64,13.3,Yes,12.88,Every 4-6 days
orange,Rabi,56.2,28.91,61.1,No,0.0,Every 4-6 days
pomegranate,Zaid,44.1,31.72,21.4,Yes,10.97,Every 4-6 days
kidneybeans,Rabi,73.2,40.55,21.2,Yes,11.59,Every 4-6 days
chickpea,Zaid,62.6,32.24,82.8,No,0.0,Every 4-6 days
orange,Rabi,31.2,30.81,51.9,No,0.0,Every 4-6 days
chickpea,Zaid,53.7,16.65,56.8,No,0.0,Every 4-6 days
coffee,Kharif,46.8,28.69,12.5,Yes,11.29,Every 4-6 days
mothbeans,Rabi,55.3,37.08,10.7,Yes,13.09,Every 4-6 days
blackgram,Kharif,38.8,34.02,179.5,No,0.0,Every 4-6 days
mungbean,Rabi,40.8,30.56,8.0,Yes,13.85,Every 4-6 days
maize,Zaid,40.5,26.24,11.4,Yes,10.38,Every 4-6 days
muskmelon,Zaid,62.1,19.7,53.8,No,0.0,Every 4-6 days
apple,Zaid,48.8,28.12,14.5,Yes,11.45,Every 4-6 days
chickpea,Kharif,28.4,20.42,38.0,Yes,10.91,Every 4-6 days
mango,Zaid,48.5,36.79,50.6,No,0.0,Every 4-6 days
rice,Kharif,60.6,21.75,6.8,Yes,14.76,Every 1-3 days
kidneybeans,Zaid,64.7,24.85,58.0,No,0.0,Every 4-6 days
pomegranate,Rabi,44.3,25.3,28.2,Yes,11.88,Every 4-6 days
mungbean,Zaid,35.8,34.38,12.1,Yes,14.79,Every 4-6 days
orange,Kharif,44.3,24.87,59.2,No,0.0,Every 4-6 days
banana,Kharif,31.0,28.63,8.9,Yes,17.77,Every 1-3 days
jute,Zaid,39.5,26.5,75.1,No,0.0,Every 1-3 days
muskmelon,Kharif,40.9,25.52,20.4,Yes,15.64,Every 1-3 days
maize,Zaid,39.9,29.22,88.1,No,0.0,Every 4-6 days
kidneybeans,Kharif,42.1,36.5,83.0,No,0.0,Every 4-6 days
muskmelon,Zaid,44.0,29.28,14.5,Yes,17.63,Every 1-3 days
jute,Zaid,53.3,32.41,38.3,Yes,16.67,Every 1-3 days
watermelon,Zaid,62.7,26.31,31.3,Yes,14.88,Every 4-6 days
coffee,Zaid,27.4,22.18,4.3,Yes,12.48,Every 4-6 days
coconut,Kharif,41.8,22.49,24.0,Yes,12.06,Every 4-6 days
pigeonpeas,Zaid,41.0,32.69,50.7,No,0.0,Every 4-6 days
banana,Zaid,45.0,29.69,67.3,No,0.0,Every 1-3 days
mango,Zaid,39.6,20.03,25.5,Yes,9.93,Every 4-6 days
grapes,Kharif,44.9,25.15,95.8,No,0.0,Every 4-6 days
watermelon,Rabi,69.3,26.77,17.4,Yes,15.67,Every 4-6 days
coconut,Kharif,44.8,20.98,74.6,No,0.0,Every 4-6 days
coconut,Rabi,43.4,26.09,21.8,Yes,11.34,Every 4-6 days
watermelon,Zaid,64.2,16.35,64.3,No,0.0,Every 4-6 days
mango,Rabi,53.0,31.09,45.1,No,0.0,Every 4-6 days
mungbean,Rabi,48.0,35.21,69.0,No,0.0,Every 4-6 days
watermelon,Kharif,49.6,22.47,55.9,No,0.0,Every 4-6 days
papaya,Kharif,55.7,17.55,108.5,No,0.0,Every 7-10 days
coffee,Kharif,47.1,30.14,21.4,Yes,11.15,Every 4-6 days
grapes,Zaid,57.8,20.16,87.8,No,0.0,Every 4-6 days
maize,Zaid,47.6,21.86,99.7,No,0.0,Every 4-6 days
orange,Kharif,47.8,27.48,42.1,No,0.0,Every 4-6 days
grapes,Kharif,43.8,35.13,132.4,No,0.0,Every 4-6 days
coffee,Zaid,57.6,24.46,15.6,Yes,11.65,Every 4-6 days
cotton,Kharif,17.2,32.35,34.1,Yes,14.11,Every 1-3 days
papaya,Rabi,15.1,20.43,57.0,No,0.0,Every 4-6 days
banana,Kharif,73.8,15.07,64.3,No,0.0,Every 4-6 days
muskmelon,Kharif,52.8,23.83,65.0,No,0.0,Every 4-6 days
banana,Kharif,44.8,26.74,20.5,Yes,16.83,Every 1-3 days
muskmelon,Zaid,35.8,23.41,19.0,Yes,15.42,Every 1-3 days
jute,Zaid,39.8,27.64,15.4,Yes,16.71,Every 1-3 days
banana,Rabi,63.2,28.89,44.7,No,0.0,Every 4-6 days
mango,Rabi,66.1,29.65,77.4,No,0.0,Every 4-6 days
pomegranate,Kharif,56.6,16.81,38.9,Yes,7.06,Every 4-6 days
pomegranate,Zaid,54.3,26.78,25.7,Yes,10.06,Every 4-6 days
coconut,Rabi,49.0,28.93,15.7,Yes,12.48,Every 4-6 days
pigeonpeas,Kharif,40.8,24.37,11.7,Yes,12.06,Every 4-6 days
cotton,Kharif,60.4,25.92,19.2,Yes,10.24,Every 4-6 days
kidneybeans,Rabi,71.9,28.96,44.0,No,0.0,Every 4-6 days
grapes,Rabi,31.6,22.23,42.3,No,0.0,Every 4-6 days
chickpea,Kharif,58.6,37.91,15.0,Yes,12.14,Every 4-6 days
watermelon,Zaid,66.6,26.11,58.3,No,0.0,Every 4-6 days
coconut,Kharif,50.3,23.49,33.1,Yes,8.59,Every 4-6 days
lentil,Rabi,54.7,15.34,32.2,Yes,8.35,Every 4-6 days
lentil,Rabi,60.5,26.77,45.0,No,0.0,Every 4-6 days
mungbean,Zaid,53.7,25.67,31.2,Yes,9.83,Every 4-6 days
maize,Kharif,17.0,28.29,17.0,Yes,15.72,Every 1-3 days
grapes,Kharif,58.8,26.75,57.2,No,0.0,Every 4-6 days
mothbeans,Rabi,30.7,25.83,8.6,Yes,13.66,Every 4-6 days
maize,Kharif,44.8,28.68,83.6,No,0.0,Every 4-6 days
mango,Zaid,45.4,29.98,47.5,No,0.0,Every 4-6 days
coffee,Zaid,47.3,28.9,30.0,Yes,10.61,Every 4-6 days
chickpea,Rabi,55.3,28.5,20.0,Yes,10.87,Every 4-6 days
coconut,Rabi,15.3,26.15,49.8,No,0.0,Every 4-6 days
maize,Kharif,55.6,33.12,6.4,Yes,12.22,Every 4-6 days
mothbeans,Rabi,60.2,25.37,40.0,No,0.0,Every 4-6 days
chickpea,Kharif,66.5,26.15,75.1,No,0.0,Every 4-6 days
maize,Rabi,36.5,29.83,113.4,No,0.0,Every 4-6 days
chickpea,Kharif,54.6,29.0,58.5,No,0.0,Every 4-6 days
muskmelon,Zaid,41.3,24.92,27.7,Yes,14.36,Every 1-3 days
maize,Rabi,44.4,37.18,57.6,No,0.0,Every 4-6 days
coffee,Zaid,41.3,28.5,18.9,Yes,13.33,Every 4-6 days
maize,Zaid,33.5,24.21,13.6,Yes,12.64,Every 4-6 days
blackgram,Kharif,40.1,39.56,31.2,Yes,13.23,Every 4-6 days
pomegranate,Zaid,30.5,24.21,109.9,No,0.0,Every 4-6 days
rice,Kharif,40.3,37.66,26.9,Yes,16.52,Every 1-3 days
orange,Zaid,25.2,23.12,81.6,No,0.0,Every 4-6 days
kidneybeans,Kharif,41.6,28.7,36.4,Yes,12.14,Every 4-6 days
mothbeans,Rabi,32.5,24.07,69.6,No,0.0,Every 4-6 days
coffee,Rabi,80.2,30.21,3.8,Yes,9.42,Every 4-6 days
rice,Kharif,47.8,29.96,59.3,No,0.0,Every 1-3 days
pomegranate,Kharif,40.9,24.8,100.3,No,0.0,Every 4-6 days
orange,Rabi,41.1,28.39,48.4,No,0.0,Every 4-6 days
mango,Zaid,46.7,26.98,65.7,No,0.0,Every 4-6 days
lentil,Rabi,14.0,18.9,73.3,No,0.0,Every 4-6 days
papaya,Zaid,20.4,28.4,50.9,No,0.0,Every 4-6 days
apple,Rabi,41.8,24.05,17.3,Yes,11.72,Every 4-6 days
mungbean,Zaid,42.3,17.43,48.6,No,0.0,Every 4-6 days
coffee,Kharif,27.0,23.72,11.4,Yes,10.64,Every 4-6 days
orange,Zaid,57.2,23.71,26.5,Yes,11.06,Every 4-6 days
coconut,Kharif,62.2,30.02,28.8,Yes,11.75,Every 4-6 days
pomegranate,Kharif,30.5,24.19,28.2,Yes,12.4,Every 4-6 days
jute,Zaid,48.2,22.66,5.5,Yes,16.44,Every 1-3 days
mango,Rabi,32.5,34.94,42.9,No,0.0,Every 4-6 days
maize,Zaid,13.7,21.41,75.3,No,0.0,Every 4-6 days
cotton,Kharif,21.5,30.82,43.5,No,0.0,Every 4-6 days
coffee,Kharif,51.9,22.36,5.5,Yes,10.67,Every 4-6 days
mothbeans,Rabi,63.1,28.88,72.6,No,0.0,Every 4-6 days
jute,Rabi,14.9,28.36,45.7,No,0.0,Every 1-3 days
mango,Kharif,62.8,23.19,17.1,Yes,10.59,Every 4-6 days
cotton,Zaid,38.4,32.62,16.4,Yes,13.84,Every 4-6 days
coconut,Rabi,52.0,37.67,56.0,No,0.0,Every 4-6 days
mango,Kharif,44.0,30.46,45.8,No,0.0,Every 4-6 days
mothbeans,Kharif,5.7,29.17,97.9,No,0.0,Every 4-6 days
jute,Zaid,62.0,24.52,59.9,No,0.0,Every 4-6 days
maize,Zaid,60.3,29.44,89.8,No,0.0,Every 4-6 days
orange,Rabi,60.0,31.33,67.2,No,0.0,Every 4-6 days
pigeonpeas,Kharif,38.7,37.79,21.1,Yes,14.46,Every 4-6 days
pomegranate,Rabi,48.4,29.64,34.8,Yes,12.22,Every 4-6 days
pomegranate,Rabi,52.8,25.6,81.7,No,0.0,Every 4-6 days
mango,Zaid,60.0,29.25,34.5,Yes,9.57,Every 4-6 days
watermelon,Kharif,44.7,34.05,8.1,Yes,17.77,Every 1-3 days
rice,Zaid,69.8,27.6,55.4,No,0.0,Every 4-6 days
grapes,Kharif,39.3,25.76,191.3,No,0.0,Every 7-10 days
mango,Rabi,54.6,28.57,109.9,No,0.0,Every 4-6 days
watermelon,Zaid,16.0,29.65,70.6,No,0.0,Every 1-3 days
mungbean,Rabi,41.5,24.41,92.7,No,0.0,Every 4-6 days
banana,Rabi,39.0,26.38,34.5,Yes,14.46,Every 1-3 days
watermelon,Zaid,48.7,29.61,18.2,Yes,14.39,Every 1-3 days
blackgram,Rabi,29.3,31.67,24.1,Yes,14.85,Every 4-6 days
muskmelon,Rabi,54.2,24.51,81.3,No,0.0,Every 4-6 days
coconut,Zaid,56.0,29.56,123.7,No,0.0,Every 4-6 days
mungbean,Rabi,46.9,28.04,34.1,Yes,12.25,Every 4-6 days
orange,Rabi,38.5,25.58,44.7,No,0.0,Every 4-6 days
chickpea,Kharif,42.0,31.72,63.0,No,0.0,Every 4-6 days
kidneybeans,Rabi,51.2,24.1,45.4,No,0.0,Every 4-6 days
pigeonpeas,Kharif,48.0,28.11,134.9,No,0.0,Every 4-6 days
jute,Kharif,10.1,24.95,52.0,No,0.0,Every 1-3 days
blackgram,Rabi,61.0,22.72,38.9,Yes,9.44,Every 4-6 days
maize,Rabi,42.1,39.31,17.8,Yes,13.71,Every 1-3 days
lentil,Zaid,37.4,30.36,119.3,No,0.0,Every 4-6 days
coffee,Kharif,39.1,26.23,47.8,No,0.0,Every 4-6 days
mungbean,Rabi,56.2,25.73,37.8,Yes,10.34,Every 4-6 days
chickpea,Rabi,29.3,29.77,95.5,No,0.0,Every 4-6 days
mango,Kharif,27.5,21.85,17.4,Yes,12.36,Every 4-6 days
mothbeans,Kharif,48.9,33.6,21.2,Yes,13.83,Every 4-6 days
blackgram,Kharif,30.5,23.5,60.5,No,0.0,Every 4-6 days
mungbean,Rabi,12.8,28.94,36.7,Yes,14.75,Every 1-3 days
maize,Zaid,51.2,29.61,13.3,Yes,12.2,Every 4-6 days
apple,Zaid,69.1,22.0,29.6,Yes,7.28,Every 4-6 days
rice,Kharif,63.3,27.61,37.8,Yes,14.77,Every 4-6 days
apple,Rabi,53.8,35.58,17.2,Yes,13.91,Every 4-6 days
cotton,Zaid,28.8,26.47,3.5,Yes,14.18,Every 4-6 days
apple,Zaid,56.5,24.19,18.0,Yes,9.2,Every 4-6 days
mothbeans,Zaid,39.0,37.61,38.0,Yes,13.74,Every 4-6 days
papaya,Zaid,32.7,25.83,44.4,No,0.0,Every 4-6 days
coffee,Rabi,18.9,33.1,52.1,No,0.0,Every 4-6 days
mango,Zaid,49.0,36.0,18.2,Yes,12.7,Every 4-6 days
mothbeans,Zaid,42.0,26.85,25.3,Yes,12.68,Every 4-6 days
rice,Rabi,64.6,35.8,53.6,No,0.0,Every 1-3 days
grapes,Zaid,30.9,29.49,7.2,Yes,13.21,Every 4-6 days
orange,Zaid,46.7,25.85,28.0,Yes,10.59,Every 4-6 days
watermelon,Rabi,38.5,25.55,25.3,Yes,14.86,Every 1-3 days
kidneybeans,Rabi,61.7,25.96,63.0,No,0.0,Every 4-6 days
apple,Zaid,43.2,20.97,15.8,Yes,10.46,Every 4-6 days
mothbeans,Kharif,56.0,20.61,75.8,No,0.0,Every 4-6 days
pomegranate,Kharif,65.8,32.08,57.7,No,0.0,Every 4-6 days
lentil,Rabi,37.3,21.48,23.6,Yes,11.69,Every 4-6 days
pigeonpeas,Rabi,61.1,26.79,74.0,No,0.0,Every 4-6 days
watermelon,Zaid,37.0,17.11,40.4,No,0.0,Every 1-3 days
papaya,Rabi,49.4,17.76,3.8,Yes,10.8,Every 4-6 days
rice,Kharif,34.8,28.7,105.3,No,0.0,Every 1-3 days
coconut,Zaid,51.1,26.9,18.3,Yes,11.51,Every 4-6 days
kidneybeans,Rabi,42.9,33.16,165.8,No,0.0,Every 4-6 days
chickpea,Zaid,30.2,21.77,32.6,Yes,10.85,Every 4-6 days
blackgram,Zaid,27.6,28.29,32.5,Yes,12.43,Every 4-6 days
blackgram,Rabi,34.5,32.45,56.0,No,0.0,Every 4-6 days
mango,Zaid,64.2,38.68,73.6,No,0.0,Every 4-6 days
kidneybeans,Rabi,30.8,38.64,36.2,Yes,15.98,Every 1-3 days
chickpea,Zaid,35.6,24.14,70.8,No,0.0,Every 4-6 days
blackgram,Rabi,19.1,26.48,109.8,No,0.0,Every 4-6 days
banana,Rabi,59.0,41.05,128.1,No,0.0,Every 1-3 days
mungbean,Rabi,49.2,21.3,77.2,No,0.0,Every 4-6 days
lentil,Zaid,32.4,30.16,79.6,No,0.0,Every 4-6 days
jute,Zaid,53.8,28.47,43.6,No,0.0,Every 1-3 days
pigeonpeas,Rabi,36.8,27.84,19.9,Yes,14.11,Every 4-6 days
kidneybeans,Rabi,28.6,19.52,73.8,No,0.0,Every 4-6 days
cotton,Kharif,40.1,24.98,104.5,No,0.0,Every 4-6 days
kidneybeans,Zaid,41.2,29.75,69.3,No,0.0,Every 4-6 days
apple,Kharif,55.9,35.47,88.0,No,0.0,Every 4-6 days
mango,Rabi,43.2,38.86,39.9,Yes,13.93,Every 4-6 days
kidneybeans,Rabi,27.4,26.78,42.8,No,0.0,Every 4-6 days
cotton,Rabi,32.5,26.13,47.2,No,0.0,Every 4-6 days
rice,Rabi,68.4,27.73,34.7,Yes,14.86,Every 4-6 days
pomegranate,Rabi,52.0,25.2,29.5,Yes,11.52,Every 4-6 days
papaya,Kharif,59.0,26.97,41.0,No,0.0,Every 4-6 days
lentil,Kharif,40.2,27.9,6.7,Yes,13.24,Every 4-6 days
rice,Kharif,40.7,30.1,179.4,No,0.0,Every 4-6 days
rice,Kharif,58.8,23.62,105.3,No,0.0,Every 4-6 days
apple,Zaid,59.5,28.96,11.7,Yes,10.88,Every 4-6 days
maize,Kharif,39.3,27.56,57.4,No,0.0,Every 4-6 days
apple,Rabi,45.7,35.9,17.5,Yes,13.0,Every 4-6 days
mothbeans,Kharif,36.1,28.58,19.6,Yes,13.29,Every 4-6 days
kidneybeans,Zaid,35.3,20.15,68.3,No,0.0,Every 4-6 days
coffee,Rabi,29.3,28.7,40.4,No,0.0,Every 4-6 days
maize,Kharif,53.6,25.17,49.9,No,0.0,Every 4-6 days
grapes,Rabi,19.8,25.84,37.1,Yes,12.17,Every 4-6 days
orange,Rabi,45.0,26.15,38.5,Yes,11.84,Every 4-6 days
mungbean,Zaid,31.3,30.18,103.4,No,0.0,Every 4-6 days
rice,Kharif,36.6,33.41,35.2,Yes,17.62,Every 1-3 days
kidneybeans,Kharif,38.4,28.3,92.3,No,0.0,Every 4-6 days
rice,Kharif,59.0,25.17,36.0,Yes,14.15,Every 4-6 days
watermelon,Rabi,53.0,28.52,71.4,No,0.0,Every 1-3 days
jute,Zaid,48.1,32.02,31.2,Yes,16.37,Every 1-3 days
pomegranate,Zaid,57.0,30.01,82.9,No,0.0,Every 4-6 days
orange,Rabi,48.5,30.88,57.3,No,0.0,Every 4-6 days
grapes,Rabi,40.2,21.65,8.2,Yes,9.96,Every 4-6 days
grapes,Kharif,34.2,34.33,144.8,No,0.0,Every 4-6 days
kidneybeans,Rabi,22.8,33.38,38.0,Yes,14.33,Every 1-3 days
rice,Rabi,60.6,30.41,28.5,Yes,16.65,Every 1-3 days
orange,Zaid,57.2,23.66,54.8,No,0.0,Every 4-6 days
lentil,Zaid,30.7,28.25,30.9,Yes,11.11,Every 4-6 days
rice,Rabi,51.0,17.81,66.9,No,0.0,Every 4-6 days
chickpea,Rabi,65.2,32.83,26.7,Yes,10.03,Every 4-6 days
mango,Zaid,31.0,16.74,115.1,No,0.0,Every 4-6 days
orange,Rabi,86.4,28.52,19.4,Yes,8.17,Every 4-6 days
coconut,Zaid,46.7,37.7,13.3,Yes,14.86,Every 4-6 days
mango,Rabi,32.9,25.75,36.2,Yes,10.23,Every 4-6 days
kidneybeans,Zaid,48.4,27.05,58.5,No,0.0,Every 4-6 days
jute,Zaid,34.8,32.35,114.7,No,0.0,Every 1-3 days
papaya,Rabi,46.6,37.89,5.1,Yes,12.71,Every 4-6 days
pigeonpeas,Kharif,53.0,23.25,49.1,No,0.0,Every 4-6 days
maize,Zaid,23.4,21.25,7.6,Yes,11.02,Every 4-6 days
mothbeans,Zaid,59.1,33.72,26.1,Yes,10.93,Every 4-6 days
pomegranate,Rabi,63.4,29.09,3.3,Yes,11.71,Every 4-6 days
chickpea,Zaid,63.9,30.35,38.7,Yes,9.35,Every 4-6 days
blackgram,Rabi,30.4,35.32,75.4,No,0.0,Every 4-6 days
mothbeans,Rabi,59.4,23.07,112.7,No,0.0,Every 7-10 days
papaya,Zaid,34.1,25.2,108.8,No,0.0,Every 4-6 days
lentil,Kharif,58.8,27.38,50.0,No,0.0,Every 4-6 days
cotton,Kharif,55.8,32.9,58.7,No,0.0,Every 4-6 days
papaya,Zaid,50.0,30.04,92.0,No,0.0,Every 4-6 days
maize,Zaid,51.5,28.93,71.8,No,0.0,Every 4-6 days
mango,Zaid,60.4,38.94,23.5,Yes,12.15,Every 4-6 days
grapes,Zaid,61.3,24.11,5.3,Yes,8.32,Every 4-6 days
chickpea,Kharif,43.8,23.32,74.4,No,0.0,Every 4-6 days
blackgram,Zaid,45.6,22.66,69.0,No,0.0,Every 4-6 days
coffee,Rabi,24.5,23.65,25.3,Yes,11.11,Every 4-6 days
mungbean,Kharif,46.6,29.52,46.0,No,0.0,Every 4-6 days
pomegranate,Kharif,7.6,18.46,75.8,No,0.0,Every 4-6 days
papaya,Zaid,36.3,30.44,31.5,Yes,12.95,Every 4-6 days
blackgram,Rabi,49.1,38.69,163.2,No,0.0,Every 4-6 days
coconut,Kharif,57.7,30.75,32.7,Yes,10.78,Every 4-6 days
mango,Zaid,33.5,29.06,72.2,No,0.0,Every 4-6 days
maize,Rabi,14.0,31.5,36.2,Yes,14.96,Every 1-3 days
pigeonpeas,Zaid,61.3,23.65,23.9,Yes,11.96,Every 4-6 days
blackgram,Rabi,46.6,29.01,26.5,Yes,11.55,Every 4-6 days
grapes,Zaid,37.5,32.97,55.4,No,0.0,Every 4-6 days
grapes,Zaid,25.1,27.95,44.1,No,0.0,Every 4-6 days
watermelon,Zaid,63.0,21.73,91.5,No,0.0,Every 4-6 days
kidneybeans,Kharif,51.2,26.91,31.9,Yes,12.78,Every 4-6 days
banana,Kharif,31.3,20.93,35.5,Yes,14.61,Every 1-3 days
muskmelon,Kharif,62.1,31.16,15.5,Yes,14.73,Every 1-3 days
pigeonpeas,Kharif,22.4,25.8,121.4,No,0.0,Every 4-6 days
kidneybeans,Kharif,28.4,22.11,39.8,Yes,11.67,Every 4-6 days
banana,Kharif,37.2,29.0,73.5,No,0.0,Every 1-3 days
mungbean,Rabi,41.0,23.24,90.7,No,0.0,Every 4-6 days
cotton,Rabi,38.7,23.73,104.0,No,0.0,Every 4-6 days
coffee,Rabi,43.5,29.79,148.8,No,0.0,Every 4-6 days
jute,Rabi,17.6,19.36,29.1,Yes,17.77,Every 1-3 days
mungbean,Rabi,60.7,31.71,50.1,No,0.0,Every 4-6 days
blackgram,Rabi,60.7,29.56,98.0,No,0.0,Every 4-6 days
kidneybeans,Zaid,54.1,23.86,43.8,No,0.0,Every 4-6 days
papaya,Rabi,34.6,32.01,156.2,No,0.0,Every 4-6 days
pomegranate,Rabi,43.5,20.62,92.6,No,0.0,Every 4-6 days
blackgram,Zaid,51.3,29.03,31.8,Yes,10.32,Every 4-6 days
pomegranate,Rabi,41.7,34.1,115.7,No,0.0,Every 4-6 days
mungbean,Kharif,29.5,19.0,33.7,Yes,12.53,Every 4-6 days
mungbean,Kharif,41.5,31.31,47.7,No,0.0,Every 4-6 days
coconut,Zaid,66.9,36.26,9.2,Yes,12.56,Every 4-6 days
kidneybeans,Rabi,53.1,31.94,35.5,Yes,13.63,Every 4-6 days
cotton,Zaid,31.7,34.59,219.2,No,0.0,Every 4-6 days
orange,Rabi,89.3,27.62,40.7,No,0.0,Every 4-6 days
cotton,Rabi,59.2,32.63,39.5,Yes,11.09,Every 4-6 days
jute,Rabi,52.2,30.62,68.7,No,0.0,Every 1-3 days
pomegranate,Kharif,46.1,30.5,77.3,No,0.0,Every 4-6 days
rice,Zaid,71.4,32.72,143.1,No,0.0,Every 4-6 days
coffee,Zaid,54.4,26.23,34.9,Yes,9.93,Every 4-6 days
mothbeans,Kharif,49.0,26.17,32.8,Yes,11.96,Every 4-6 days
papaya,Rabi,56.8,27.12,30.9,Yes,8.92,Every 4-6 days
muskmelon,Zaid,38.7,23.78,28.9,Yes,15.14,Every 1-3 days
coffee,Zaid,63.0,25.0,107.1,No,0.0,Every 4-6 days
coconut,Zaid,56.6,18.26,42.9,No,0.0,Every 4-6 days
blackgram,Zaid,41.4,22.59,3.3,Yes,11.37,Every 4-6 days
pigeonpeas,Rabi,37.2,25.45,49.4,No,0.0,Every 4-6 days
pigeonpeas,Zaid,81.2,26.34,29.5,Yes,9.24,Every 4-6 days
grapes,Zaid,48.6,19.45,71.1,No,0.0,Every 4-6 days
pigeonpeas,Zaid,41.0,25.85,41.2,No,0.0,Every 4-6 days
papaya,Rabi,47.0,30.04,35.0,Yes,12.08,Every 4-6 days
coffee,Kharif,60.6,23.82,46.0,No,0.0,Every 4-6 days
kidneybeans,Rabi,49.2,37.29,8.9,Yes,13.84,Every 4-6 days
chickpea,Kharif,44.7,28.12,40.1,No,0.0,Every 4-6 days
orange,Rabi,19.6,21.6,34.3,Yes,12.45,Every 4-6 days
muskmelon,Rabi,53.2,29.36,9.7,Yes,16.33,Every 1-3 days
jute,Zaid,54.4,34.47,40.9,No,0.0,Every 1-3 days
watermelon,Zaid,33.3,29.06,76.1,No,0.0,Every 1-3 days
papaya,Zaid,28.2,22.22,38.6,Yes,12.52,Every 4-6 days
banana,Rabi,27.3,29.0,45.7,No,0.0,Every 1-3 days
coffee,Rabi,31.8,24.96,37.2,Yes,10.5,Every 4-6 days
kidneybeans,Zaid,60.7,28.35,54.7,No,0.0,Every 4-6 days
papaya,Kharif,63.0,30.44,23.5,Yes,10.08,Every 4-6 days
lentil,Zaid,37.7,27.75,16.3,Yes,10.88,Every 4-6 days
banana,Rabi,39.4,32.13,61.3,No,0.0,Every 1-3 days
watermelon,Kharif,33.6,26.7,88.7,No,0.0,Every 1-3 days
banana,Kharif,59.9,15.61,40.0,No,0.0,Every 4-6 days
orange,Kharif,41.6,26.89,41.0,No,0.0,Every 4-6 days
mothbeans,Zaid,55.7,24.22,53.8,No,0.0,Every 4-6 days
cotton,Kharif,62.3,18.69,58.3,No,0.0,Every 4-6 days
blackgram,Rabi,44.0,16.19,39.5,Yes,9.3,Every 4-6 days
pigeonpeas,Kharif,41.3,29.65,14.9,Yes,12.37,Every 4-6 days
orange,Kharif,46.3,30.16,34.7,Yes,14.1,Every 4-6 days
mothbeans,Zaid,57.5,18.15,75.0,No,0.0,Every 4-6 days
maize,Rabi,50.0,17.28,22.4,Yes,7.72,Every 4-6 days
jute,Kharif,35.2,27.21,91.3,No,0.0,Every 1-3 days
coconut,Zaid,45.3,32.83,44.4,No,0.0,Every 4-6 days
chickpea,Rabi,50.9,20.97,152.4,No,0.0,Every 7-10 days
coconut,Kharif,38.6,24.9,45.4,No,0.0,Every 4-6 days
maize,Zaid,7.6,35.54,16.2,Yes,16.63,Every 1-3 days
banana,Kharif,49.7,32.87,33.4,Yes,16.81,Every 1-3 days
banana,Rabi,38.0,18.37,21.3,Yes,15.52,Every 1-3 days
pomegranate,Kharif,90.0,33.12,26.8,Yes,6.71,Every 4-6 days
pigeonpeas,Rabi,59.9,25.11,38.4,Yes,12.59,Every 4-6 days
lentil,Zaid,41.2,28.18,34.8,Yes,11.38,Every 4-6 days
muskmelon,Kharif,27.9,25.12,24.8,Yes,18.35,Every 1-3 days
rice,Rabi,60.1,31.96,6.6,Yes,17.12,Every 1-3 days
watermelon,Rabi,50.0,32.15,84.1,No,0.0,Every 1-3 days
grapes,Kharif,49.2,22.93,51.0,No,0.0,Every 4-6 days
apple,Zaid,52.7,27.89,48.8,No,0.0,Every 4-6 days
blackgram,Zaid,38.0,17.65,29.1,Yes,8.83,Every 4-6 days
chickpea,Rabi,38.9,23.23,63.4,No,0.0,Every 4-6 days
coconut,Kharif,50.5,29.76,4.2,Yes,11.74,Every 4-6 days
watermelon,Rabi,60.3,27.81,63.1,No,0.0,Every 4-6 days
grapes,Zaid,33.7,22.63,50.6,No,0.0,Every 4-6 days
blackgram,Zaid,43.9,34.4,61.5,No,0.0,Every 4-6 days
mungbean,Zaid,23.6,33.02,6.9,Yes,13.14,Every 1-3 days
mungbean,Rabi,49.3,19.98,34.7,Yes,11.04,Every 4-6 days
maize,Kharif,32.3,20.8,108.5,No,0.0,Every 4-6 days
banana,Rabi,35.9,26.28,5.9,Yes,17.91,Every 1-3 days
jute,Rabi,32.8,30.37,70.6,No,0.0,Every 1-3 days
lentil,Rabi,39.9,31.38,34.0,Yes,12.55,Every 4-6 days
chickpea,Zaid,45.3,30.32,38.6,Yes,13.13,Every 4-6 days
chickpea,Zaid,54.9,22.08,40.2,No,0.0,Every 4-6 days
maize,Kharif,33.3,20.03,157.2,No,0.0,Every 4-6 days
apple,Zaid,57.0,26.13,15.8,Yes,9.79,Every 4-6 days
jute,Kharif,41.4,28.99,116.4,No,0.0,Every 4-6 days
apple,Kharif,37.6,27.54,9.3,Yes,13.47,Every 4-6 days
lentil,Rabi,6.9,35.53,16.5,Yes,16.01,Every 1-3 days
rice,Kharif,35.2,18.15,26.5,Yes,16.84,Every 1-3 days
apple,Kharif,74.1,30.83,53.1,No,0.0,Every 4-6 days
mango,Rabi,46.0,30.99,114.6,No,0.0,Every 4-6 days
apple,Zaid,69.5,36.63,15.7,Yes,10.39,Every 4-6 days
papaya,Kharif,33.5,27.03,19.7,Yes,13.42,Every 4-6 days
grapes,Rabi,41.2,26.69,37.7,Yes,9.68,Every 4-6 days
watermelon,Kharif,48.7,28.9,38.5,Yes,16.25,Every 1-3 days
blackgram,Rabi,25.0,19.36,52.8,No,0.0,Every 4-6 days
mango,Zaid,41.2,25.45,64.3,No,0.0,Every 4-6 days
papaya,Rabi,14.7,30.0,24.2,Yes,14.28,Every 1-3 days
jute,Rabi,44.8,36.0,90.7,No,0.0,Every 1-3 days
coconut,Kharif,29.9,24.15,69.7,No,0.0,Every 4-6 days
pomegranate,Zaid,58.7,15.2,31.8,Yes,7.92,Every 4-6 days
blackgram,Kharif,61.0,15.46,58.8,No,0.0,Every 4-6 days
rice,Rabi,30.5,28.31,47.8,No,0.0,Every 1-3 days
orange,Kharif,47.3,23.93,36.9,Yes,9.97,Every 4-6 days
cotton,Rabi,14.5,27.37,2.2,Yes,15.81,Every 1-3 days
jute,Rabi,29.3,29.86,24.5,Yes,17.22,Every 1-3 days
chickpea,Kharif,41.9,26.54,98.3,No,0.0,Every 4-6 days
watermelon,Zaid,49.7,25.61,21.8,Yes,15.07,Every 1-3 days
coffee,Rabi,60.8,22.03,21.0,Yes,7.7,Every 4-6 days
chickpea,Kharif,60.9,24.34,21.4,Yes,10.69,Every 4-6 days
jute,Rabi,60.3,36.41,123.0,No,0.0,Every 4-6 days
mungbean,Kharif,33.0,30.35,93.6,No,0.0,Every 4-6 days
jute,Zaid,47.0,33.14,4.3,Yes,16.63,Every 1-3 days
rice,Kharif,27.8,20.91,9.6,Yes,17.84,Every 1-3 days
kidneybeans,Zaid,50.5,36.42,16.4,Yes,12.91,Every 4-6 days
coconut,Kharif,14.4,27.31,84.9,No,0.0,Every 4-6 days
muskmelon,Zaid,40.6,33.16,127.7,No,0.0,Every 1-3 days
pomegranate,Kharif,52.6,31.02,13.2,Yes,12.88,Every 4-6 days
chickpea,Zaid,55.1,24.12,17.8,Yes,9.34,Every 4-6 days
muskmelon,Kharif,46.5,28.78,105.0,No,0.0,Every 4-6 days
banana,Kharif,39.7,22.57,25.1,Yes,15.67,Every 1-3 days
maize,Kharif,30.9,25.16,25.3,Yes,12.37,Every 4-6 days
blackgram,Kharif,40.9,16.41,74.6,No,0.0,Every 4-6 days
rice,Rabi,22.5,25.03,31.3,Yes,17.84,Every 1-3 days
cotton,Kharif,54.1,31.06,29.4,Yes,11.89,Every 4-6 days
mothbeans,Zaid,47.7,30.44,34.9,Yes,12.23,Every 4-6 days
grapes,Kharif,18.0,29.66,39.8,Yes,13.88,Every 4-6 days
blackgram,Kharif,33.0,23.44,27.8,Yes,12.73,Every 4-6 days
watermelon,Zaid,34.8,26.53,33.8,Yes,16.63,Every 1-3 days
mungbean,Zaid,15.7,20.59,21.8,Yes,13.67,Every 4-6 days
watermelon,Rabi,66.5,23.02,70.4,No,0.0,Every 4-6 days
coconut,Rabi,24.3,25.05,32.7,Yes,11.25,Every 4-6 days
watermelon,Rabi,28.5,29.28,28.7,Yes,17.9,Every 1-3 days
grapes,Rabi,37.2,34.68,42.0,No,0.0,Every 4-6 days
chickpea,Zaid,44.9,28.85,57.0,No,0.0,Every 4-6 days
apple,Zaid,45.6,17.89,102.8,No,0.0,Every 4-6 days
apple,Rabi,26.8,18.93,36.9,Yes,11.31,Every 4-6 days
papaya,Kharif,62.5,37.58,48.8,No,0.0,Every 4-6 days
cotton,Kharif,43.7,24.27,130.1,No,0.0,Every 4-6 days
rice,Zaid,41.7,34.12,69.6,No,0.0,Every 1-3 days
mungbean,Kharif,66.6,17.82,45.3,No,0.0,Every 4-6 days
papaya,Rabi,83.0,20.91,61.2,No,0.0,Every 7-10 days
mothbeans,Rabi,59.4,38.39,88.1,No,0.0,Every 4-6 days
coffee,Zaid,40.9,26.29,50.9,No,0.0,Every 4-6 days
grapes,Zaid,45.7,26.78,11.8,Yes,11.66,Every 4-6 days
coconut,Rabi,66.6,29.51,17.1,Yes,11.08,Every 4-6 days
rice,Zaid,42.4,30.55,81.5,No,0.0,Every 1-3 days
banana,Kharif,49.7,26.27,99.5,No,0.0,Every 4-6 days
lentil,Rabi,56.4,23.4,27.5,Yes,10.77,Every 4-6 days
cotton,Kharif,39.4,29.36,107.8,No,0.0,Every 4-6 days
rice,Zaid,82.2,31.83,80.9,No,0.0,Every 4-6 days
mothbeans,Zaid,37.2,24.48,43.9,No,0.0,Every 4-6 days
blackgram,Zaid,28.6,26.03,82.9,No,0.0,Every 4-6 days
chickpea,Zaid,57.8,29.21,7.5,Yes,11.8,Every 4-6 days
papaya,Rabi,49.2,17.58,80.7,No,0.0,Every 4-6 days
rice,Kharif,47.9,27.49,47.2,No,0.0,Every 1-3 days
muskmelon,Zaid,31.8,23.86,54.3,No,0.0,Every 1-3 days
orange,Zaid,69.1,26.69,41.8,No,0.0,Every 4-6 days
orange,Rabi,55.9,26.19,57.8,No,0.0,Every 4-6 days
blackgram,Rabi,71.6,33.86,27.1,Yes,11.18,Every 4-6 days
apple,Kharif,39.8,23.7,58.3,No,0.0,Every 4-6 days
maize,Kharif,67.8,30.36,31.0,Yes,11.45,Every 4-6 days
chickpea,Kharif,35.5,28.08,35.6,Yes,12.11,Every 4-6 days
papaya,Rabi,46.5,32.29,73.6,No,0.0,Every 4-6 days
jute,Zaid,41.6,27.38,25.8,Yes,16.97,Every 1-3 days
grapes,Kharif,64.6,29.07,66.5,No,0.0,Every 4-6 days
mungbean,Zaid,17.5,19.43,70.8,No,0.0,Every 4-6 days
rice,Rabi,44.1,22.9,72.8,No,0.0,Every 4-6 days
orange,Rabi,34.2,35.99,15.9,Yes,14.97,Every 1-3 days
muskmelon,Rabi,41.5,21.69,4.7,Yes,17.53,Every 1-3 days
pomegranate,Zaid,59.2,27.51,103.8,No,0.0,Every 4-6 days
orange,Kharif,61.1,27.6,16.0,Yes,12.46,Every 4-6 days
cotton,Rabi,25.4,31.92,40.1,No,0.0,Every 4-6 days
chickpea,Zaid,38.3,22.19,10.2,Yes,12.23,Every 4-6 days
mungbean,Zaid,44.4,28.19,50.2,No,0.0,Every 4-6 days
muskmelon,Rabi,57.7,26.75,23.6,Yes,13.81,Every 1-3 days
banana,Zaid,22.2,32.12,36.6,Yes,18.58,Every 1-3 days
kidneybeans,Kharif,44.9,32.51,30.9,Yes,13.43,Every 4-6 days
pomegranate,Kharif,13.2,27.3,113.9,No,0.0,Every 4-6 days
coconut,Zaid,60.5,26.89,36.2,Yes,9.55,Every 4-6 days
lentil,Rabi,46.9,24.23,35.7,Yes,11.43,Every 4-6 days
banana,Kharif,35.0,26.74,45.3,No,0.0,Every 1-3 days
jute,Zaid,64.9,23.43,40.8,No,0.0,Every 4-6 days
kidneybeans,Kharif,61.1,24.91,41.3,No,0.0,Every 4-6 days
coffee,Zaid,50.0,20.91,39.6,Yes,9.47,Every 4-6 days
pomegranate,Kharif,41.1,29.71,11.2,Yes,14.97,Every 4-6 days
banana,Rabi,32.5,27.65,38.6,Yes,16.23,Every 1-3 days
muskmelon,Kharif,45.1,28.19,100.9,No,0.0,Every 4-6 days
papaya,Kharif,30.7,25.33,32.2,Yes,12.75,Every 4-6 days
chickpea,Rabi,53.3,31.88,39.9,Yes,9.84,Every 4-6 days
orange,Kharif,51.2,28.87,88.4,No,0.0,Every 4-6 days
pomegranate,Zaid,39.4,29.58,50.8,No,0.0,Every 4-6 days
watermelon,Rabi,53.4,31.16,135.7,No,0.0,Every 4-6 days
apple,Zaid,81.9,31.91,14.0,Yes,9.4,Every 4-6 days
maize,Kharif,64.0,21.72,24.1,Yes,9.15,Every 4-6 days
apple,Kharif,74.0,24.69,18.5,Yes,8.71,Every 4-6 days
pigeonpeas,Kharif,44.7,28.83,20.6,Yes,12.03,Every 4-6 days
maize,Kharif,74.8,20.65,5.1,Yes,9.18,Every 4-6 days
banana,Rabi,24.5,31.61,67.7,No,0.0,Every 1-3 days
chickpea,Kharif,24.1,27.33,55.1,No,0.0,Every 4-6 days
papaya,Zaid,40.3,30.25,38.4,Yes,12.78,Every 4-6 days
mango,Rabi,34.8,15.95,76.8,No,0.0,Every 4-6 days
coffee,Rabi,22.2,16.8,27.4,Yes,11.82,Every 4-6 days
jute,Zaid,46.6,23.14,126.6,No,0.0,Every 4-6 days
chickpea,Rabi,37.0,25.51,42.0,No,0.0,Every 4-6 days
lentil,Kharif,65.7,29.72,8.0,Yes,10.37,Every 4-6 days
chickpea,Rabi,67.7,31.19,18.9,Yes,10.49,Every 4-6 days
pigeonpeas,Rabi,71.7,33.04,61.2,No,0.0,Every 4-6 days
banana,Kharif,31.4,26.1,110.6,No,0.0,Every 1-3 days
muskmelon,Zaid,16.9,28.38,38.6,Yes,19.14,Every 1-3 days
orange,Zaid,39.7,21.75,35.1,Yes,10.49,Every 4-6 days
coffee,Rabi,39.0,27.41,55.3,No,0.0,Every 4-6 days
lentil,Kharif,27.2,24.62,74.3,No,0.0,Every 4-6 days
pigeonpeas,Zaid,34.1,25.61,60.6,No,0.0,Every 4-6 days
maize,Rabi,48.8,30.23,23.7,Yes,11.76,Every 4-6 days
pigeonpeas,Zaid,33.2,30.9,92.7,No,0.0,Every 4-6 days
cotton,Zaid,57.5,28.32,47.2,No,0.0,Every 4-6 days
banana,Kharif,33.9,26.18,63.5,No,0.0,Every 1-3 days
cotton,Rabi,53.9,23.55,3.8,Yes,10.81,Every 4-6 days
orange,Kharif,47.1,33.38,101.1,No,0.0,Every 4-6 days
cotton,Zaid,43.2,21.27,70.0,No,0.0,Every 4-6 days
lentil,Rabi,54.6,30.88,38.7,Yes,9.55,Every 4-6 days
watermelon,Kharif,52.5,30.94,32.9,Yes,16.5,Every 1-3 days
rice,Kharif,58.7,34.59,53.8,No,0.0,Every 1-3 days
kidneybeans,Zaid,41.7,34.4,23.0,Yes,13.17,Every 4-6 days
coconut,Zaid,22.4,22.07,10.2,Yes,13.41,Every 4-6 days
mango,Zaid,26.3,26.19,12.8,Yes,13.73,Every 4-6 days
pigeonpeas,Zaid,29.6,12.42,32.3,Yes,9.01,Every 4-6 days
mungbean,Rabi,84.4,35.3,25.0,Yes,8.36,Every 4-6 days
pigeonpeas,Zaid,44.8,19.76,85.2,No,0.0,Every 4-6 days
mothbeans,Zaid,83.8,28.33,105.2,No,0.0,Every 7-10 days
grapes,Rabi,38.0,24.31,18.2,Yes,11.12,Every 4-6 days
maize,Zaid,48.1,26.16,48.7,No,0.0,Every 4-6 days
jute,Zaid,60.3,33.42,103.2,No,0.0,Every 4-6 days
pigeonpeas,Kharif,61.0,26.84,22.7,Yes,9.47,Every 4-6 days
kidneybeans,Zaid,61.3,30.05,22.9,Yes,8.85,Every 4-6 days
coffee,Rabi,44.8,25.59,51.4,No,0.0,Every 4-6 days
maize,Kharif,60.8,26.28,76.8,No,0.0,Every 4-6 days
apple,Rabi,41.7,28.13,29.6,Yes,12.44,Every 4-6 days
apple,Kharif,62.0,31.76,67.7,No,0.0,Every 4-6 days
orange,Kharif,59.1,25.81,126.5,No,0.0,Every 4-6 days
mango,Rabi,38.9,32.6,26.3,Yes,14.29,Every 4-6 days
papaya,Zaid,32.2,30.18,68.7,No,0.0,Every 4-6 days
coconut,Kharif,27.5,26.43,31.9,Yes,14.48,Every 4-6 days
orange,Kharif,41.3,18.83,111.4,No,0.0,Every 4-6 days
lentil,Zaid,59.0,25.05,31.4,Yes,9.85,Every 4-6 days
coffee,Kharif,45.0,24.02,2.0,Yes,10.41,Every 4-6 days
mango,Zaid,36.5,24.32,57.6,No,0.0,Every 4-6 days
cotton,Rabi,45.1,32.88,19.0,Yes,14.1,Every 4-6 days
watermelon,Zaid,54.8,23.55,24.0,Yes,14.86,Every 1-3 days
kidneybeans,Kharif,85.3,31.61,48.4,No,0.0,Every 4-6 days
coconut,Zaid,41.0,26.43,114.0,No,0.0,Every 4-6 days
kidneybeans,Kharif,61.4,43.58,28.3,Yes,12.78,Every 4-6 days
lentil,Rabi,37.2,17.96,74.8,No,0.0,Every 4-6 days
grapes,Zaid,70.0,15.47,49.0,No,0.0,Every 7-10 days
rice,Rabi,37.2,25.45,26.5,Yes,18.34,Every 1-3 days
pigeonpeas,Kharif,52.6,24.63,38.0,Yes,8.59,Every 4-6 days
grapes,Kharif,56.2,34.52,48.9,No,0.0,Every 4-6 days
cotton,Kharif,9.6,22.75,53.1,No,0.0,Every 4-6 days
rice,Zaid,44.6,26.96,54.0,No,0.0,Every 1-3 days
grapes,Zaid,36.9,16.73,7.3,Yes,9.61,Every 4-6 days
coconut,Zaid,39.9,29.41,38.7,Yes,12.31,Every 4-6 days
orange,Zaid,66.3,35.68,24.0,Yes,12.25,Every 4-6 days
grapes,Zaid,27.6,25.18,15.3,Yes,12.8,Every 4-6 days
mungbean,Kharif,27.9,24.73,44.1,No,0.0,Every 4-6 days
blackgram,Rabi,36.5,25.3,58.2,No,0.0,Every 4-6 days
papaya,Rabi,67.1,36.87,32.5,Yes,10.87,Every 4-6 days
cotton,Rabi,39.0,30.54,18.1,Yes,11.93,Every 4-6 days
blackgram,Rabi,57.5,26.18,58.7,No,0.0,Every 4-6 days
banana,Zaid,23.1,36.0,52.3,No,0.0,Every 1-3 days
watermelon,Kharif,42.7,29.32,17.7,Yes,17.64,Every 1-3 days
banana,Kharif,48.6,30.16,34.9,Yes,15.78,Every 1-3 days
papaya,Rabi,24.0,29.45,106.7,No,0.0,Every 4-6 days
maize,Rabi,47.6,24.9,12.9,Yes,11.5,Every 4-6 days
papaya,Rabi,32.8,25.8,79.5,No,0.0,Every 4-6 days
blackgram,Rabi,64.0,25.48,53.2,No,0.0,Every 4-6 days
mothbeans,Zaid,56.9,30.27,16.7,Yes,10.58,Every 4-6 days
blackgram,Rabi,39.9,19.6,90.9,No,0.0,Every 4-6 days
blackgram,Kharif,56.6,24.73,120.6,No,0.0,Every 4-6 days
mothbeans,Zaid,39.4,29.75,4.4,Yes,14.18,Every 4-6 days
watermelon,Zaid,43.1,28.73,54.7,No,0.0,Every 1-3 days
coffee,Kharif,66.9,37.3,34.1,Yes,10.72,Every 4-6 days
pomegranate,Kharif,66.2,30.24,23.7,Yes,9.79,Every 4-6 days
blackgram,Rabi,39.2,31.35,87.5,No,0.0,Every 4-6 days
mango,Kharif,53.4,32.28,59.5,No,0.0,Every 4-6 days
blackgram,Rabi,17.2,22.45,42.2,No,0.0,Every 4-6 days
mango,Kharif,50.9,38.98,38.7,Yes,14.16,Every 4-6 days
mothbeans,Zaid,45.5,27.08,13.1,Yes,13.4,Every 4-6 days
jute,Kharif,34.2,37.03,58.7,No,0.0,Every 1-3 days
jute,Zaid,50.1,28.02,33.9,Yes,16.83,Every 1-3 days
blackgram,Rabi,38.9,31.53,44.2,No,0.0,Every 4-6 days
jute,Rabi,55.7,26.25,57.4,No,0.0,Every 4-6 days
apple,Zaid,56.6,31.04,18.7,Yes,10.76,Every 4-6 days
papaya,Kharif,32.4,24.39,82.2,No,0.0,Every 4-6 days
banana,Rabi,32.4,33.73,4.4,Yes,19.72,Every 1-3 days
rice,Rabi,28.7,33.0,14.4,Yes,17.8,Every 1-3 days
pigeonpeas,Zaid,39.8,27.04,23.7,Yes,11.35,Every 4-6 days
jute,Rabi,52.7,32.48,75.2,No,0.0,Every 1-3 days
mungbean,Kharif,33.1,19.98,28.2,Yes,12.75,Every 4-6 days
pomegranate,Zaid,50.9,26.67,44.2,No,0.0,Every 4-6 days
maize,Zaid,63.7,17.85,14.9,Yes,9.54,Every 4-6 days
orange,Kharif,44.5,33.36,11.9,Yes,11.71,Every 4-6 days
pigeonpeas,Zaid,28.9,22.27,44.4,No,0.0,Every 4-6 days
jute,Kharif,35.2,28.04,41.8,No,0.0,Every 1-3 days
pigeonpeas,Rabi,49.3,37.06,54.7,No,0.0,Every 4-6 days
kidneybeans,Zaid,5.7,20.54,97.4,No,0.0,Every 4-6 days
muskmelon,Rabi,50.6,27.55,11.5,Yes,14.81,Every 1-3 days
grapes,Kharif,43.0,32.87,52.7,No,0.0,Every 4-6 days
muskmelon,Rabi,43.2,39.0,117.6,No,0.0,Every 1-3 days
watermelon,Rabi,16.5,25.08,15.2,Yes,19.0,Every 1-3 days
maize,Rabi,34.1,29.49,118.1,No,0.0,Every 4-6 days
watermelon,Kharif,23.4,32.0,19.5,Yes,18.56,Every 1-3 days
kidneybeans,Zaid,36.1,27.13,92.6,No,0.0,Every 4-6 days
maize,Zaid,46.0,30.45,21.4,Yes,12.33,Every 4-6 days
blackgram,Kharif,36.6,33.52,46.2,No,0.0,Every 4-6 days
coffee,Kharif,36.9,26.93,15.6,Yes,11.32,Every 4-6 days
jute,Rabi,61.8,26.78,11.3,Yes,15.12,Every 1-3 days
orange,Kharif,31.1,19.0,48.9,No,0.0,Every 4-6 days
jute,Zaid,66.8,23.47,74.6,No,0.0,Every 4-6 days
coffee,Zaid,34.6,28.25,9.0,Yes,11.59,Every 4-6 days
rice,Zaid,10.6,32.7,133.2,No,0.0,Every 1-3 days
blackgram,Zaid,39.9,28.56,50.9,No,0.0,Every 4-6 days
coconut,Zaid,52.6,24.09,70.7,No,0.0,Every 4-6 days
pigeonpeas,Zaid,20.4,28.02,48.8,No,0.0,Every 4-6 days
rice,Rabi,57.7,28.78,37.6,Yes,15.99,Every 1-3 days
mungbean,Zaid,56.7,24.74,96.1,No,0.0,Every 4-6 days
maize,Kharif,44.2,33.79,19.8,Yes,12.89,Every 4-6 days
orange,Kharif,15.0,25.37,78.6,No,0.0,Every 4-6 days
apple,Kharif,60.2,30.36,41.8,No,0.0,Every 4-6 days
watermelon,Kharif,56.8,15.33,44.4,No,0.0,Every 4-6 days
cotton,Zaid,30.3,32.58,38.8,Yes,13.76,Every 4-6 days
orange,Kharif,34.2,23.93,112.5,No,0.0,Every 4-6 days
coffee,Rabi,20.9,26.73,60.2,No,0.0,Every 4-6 days
jute,Rabi,58.5,32.7,127.1,No,0.0,Every 4-6 days
papaya,Zaid,34.3,33.2,52.8,No,0.0,Every 4-6 days
jute,Zaid,41.6,24.59,32.0,Yes,16.04,Every 1-3 days
kidneybeans,Kharif,12.2,25.68,78.6,No,0.0,Every 4-6 days
watermelon,Kharif,20.7,24.07,78.0,No,0.0,Every 1-3 days
pomegranate,Rabi,33.7,33.38,52.0,No,0.0,Every 4-6 days
orange,Kharif,38.4,21.15,109.6,No,0.0,Every 4-6 days
cotton,Zaid,41.6,17.97,17.9,Yes,11.25,Every 4-6 days
chickpea,Rabi,40.0,31.53,33.9,Yes,10.67,Every 4-6 days
rice,Zaid,40.1,32.88,28.0,Yes,17.58,Every 1-3 days
papaya,Kharif,47.2,31.15,18.3,Yes,12.36,Every 4-6 days
apple,Kharif,34.6,30.3,71.4,No,0.0,Every 4-6 days
pigeonpeas,Rabi,52.1,22.83,13.3,Yes,11.52,Every 4-6 days
banana,Kharif,21.1,34.94,39.6,Yes,20.53,Every 1-3 days
pomegranate,Zaid,50.0,20.78,14.1,Yes,10.84,Every 4-6 days
papaya,Rabi,35.3,25.14,28.6,Yes,11.49,Every 4-6 days
blackgram,Kharif,27.4,26.32,24.5,Yes,12.18,Every 4-6 days
pigeonpeas,Rabi,53.6,41.04,126.9,No,0.0,Every 4-6 days
cotton,Zaid,66.7,27.32,48.7,No,0.0,Every 4-6 days
mothbeans,Kharif,62.6,30.09,11.9,Yes,10.15,Every 4-6 days
blackgram,Zaid,32.6,20.46,19.9,Yes,11.87,Every 4-6 days
mungbean,Rabi,35.9,30.43,143.8,No,0.0,Every 4-6 days
muskmelon,Kharif,59.1,25.16,58.5,No,0.0,Every 4-6 days
chickpea,Zaid,42.2,35.91,28.5,Yes,12.87,Every 4-6 days
coconut,Rabi,38.8,23.29,41.9,No,0.0,Every 4-6 days
lentil,Zaid,62.5,36.36,29.1,Yes,10.78,Every 4-6 days
orange,Zaid,44.3,26.92,22.5,Yes,13.28,Every 4-6 days
chickpea,Kharif,35.1,20.81,93.8,No,0.0,Every 4-6 days
lentil,Rabi,21.2,27.65,24.3,Yes,13.47,Every 4-6 days
papaya,Rabi,60.4,35.74,27.2,Yes,12.51,Every 4-6 days
coffee,Rabi,41.3,29.32,49.3,No,0.0,Every 4-6 days
orange,Zaid,52.5,29.64,62.8,No,0.0,Every 4-6 days
mothbeans,Kharif,37.5,31.76,20.6,Yes,13.58,Every 4-6 days
coffee,Rabi,42.9,22.54,30.8,Yes,9.13,Every 4-6 days
watermelon,Zaid,38.7,19.56,36.8,Yes,14.29,Every 1-3 days
pomegranate,Zaid,48.0,34.1,152.8,No,0.0,Every 4-6 days
orange,Kharif,48.2,22.22,37.8,Yes,9.31,Every 4-6 days
apple,Kharif,56.4,23.38,18.3,Yes,11.05,Every 4-6 days
mothbeans,Zaid,63.2,24.19,107.2,No,0.0,Every 7-10 days
kidneybeans,Kharif,57.9,34.24,25.6,Yes,10.9,Every 4-6 days
muskmelon,Kharif,18.5,27.37,65.1,No,0.0,Every 1-3 days
grapes,Zaid,47.3,26.96,21.0,Yes,12.96,Every 4-6 days
apple,Zaid,58.2,22.26,70.2,No,0.0,Every 4-6 days
mothbeans,Rabi,30.7,35.74,27.5,Yes,14.47,Every 1-3 days
pigeonpeas,Rabi,49.9,26.46,52.0,No,0.0,Every 4-6 days
banana,Rabi,34.7,30.28,103.1,No,0.0,Every 1-3 days
rice,Kharif,44.0,25.72,55.2,No,0.0,Every 1-3 days
muskmelon,Kharif,57.7,28.82,11.9,Yes,14.08,Every 1-3 days
pigeonpeas,Kharif,75.0,28.63,80.3,No,0.0,Every 4-6 days
kidneybeans,Kharif,79.0,21.28,59.6,No,0.0,Every 7-10 days
mothbeans,Kharif,46.5,28.7,67.1,No,0.0,Every 4-6 days
lentil,Zaid,51.8,29.96,77.0,No,0.0,Every 4-6 days
pomegranate,Kharif,54.0,35.52,75.9,No,0.0,Every 4-6 days
watermelon,Rabi,38.7,32.26,174.2,No,0.0,Every 4-6 days
blackgram,Rabi,46.7,33.28,46.8,No,0.0,Every 4-6 days
lentil,Kharif,38.1,28.61,49.2,No,0.0,Every 4-6 days
pomegranate,Kharif,53.1,17.06,30.1,Yes,10.98,Every 4-6 days
mango,Kharif,51.9,32.38,9.8,Yes,12.28,Every 4-6 days
pigeonpeas,Rabi,56.5,12.46,43.8,No,0.0,Every 4-6 days
rice,Zaid,60.4,25.47,45.0,No,0.0,Every 4-6 days
pigeonpeas,Rabi,53.2,26.2,30.9,Yes,10.89,Every 4-6 days
blackgram,Zaid,41.9,32.6,221.0,No,0.0,Every 7-10 days
orange,Zaid,14.0,27.85,21.7,Yes,14.7,Every 1-3 days
kidneybeans,Kharif,71.7,24.26,16.0,Yes,7.42,Every 4-6 days
muskmelon,Zaid,45.5,25.01,62.3,No,0.0,Every 1-3 days
banana,Rabi,36.2,20.32,15.7,Yes,15.88,Every 1-3 days
mungbean,Kharif,28.0,24.36,51.8,No,0.0,Every 4-6 days
coconut,Kharif,46.0,31.04,37.6,Yes,11.09,Every 4-6 days
kidneybeans,Kharif,36.1,20.88,33.3,Yes,11.0,Every 4-6 days
apple,Kharif,57.3,31.73,81.5,No,0.0,Every 4-6 days
rice,Rabi,23.3,21.39,49.6,No,0.0,Every 1-3 days
coconut,Kharif,27.5,24.23,51.5,No,0.0,Every 4-6 days
pomegranate,Zaid,39.3,29.7,62.7,No,0.0,Every 4-6 days
chickpea,Kharif,13.1,30.36,32.1,Yes,15.38,Every 1-3 days
blackgram,Rabi,40.1,17.84,28.9,Yes,12.74,Every 4-6 days
pigeonpeas,Rabi,33.8,23.17,3.5,Yes,13.35,Every 4-6 days
rice,Rabi,36.4,35.25,7.3,Yes,19.98,Every 1-3 days
cotton,Rabi,37.2,24.47,9.8,Yes,13.69,Every 4-6 days
grapes,Kharif,16.4,35.5,76.1,No,0.0,Every 4-6 days
chickpea,Kharif,48.3,32.1,5.4,Yes,12.88,Every 4-6 days
mango,Rabi,65.3,25.53,40.5,No,0.0,Every 4-6 days
chickpea,Kharif,30.8,29.08,35.0,Yes,15.07,Every 4-6 days
pomegranate,Kharif,42.6,28.9,75.8,No,0.0,Every 4-6 days
maize,Rabi,60.7,25.38,70.9,No,0.0,Every 4-6 days
muskmelon,Zaid,41.1,44.68,21.1,Yes,20.32,Every 1-3 days
watermelon,Rabi,41.8,25.57,77.1,No,0.0,Every 1-3 days
mango,Rabi,51.9,26.23,24.4,Yes,9.43,Every 4-6 days
coconut,Zaid,48.0,35.93,17.3,Yes,13.17,Every 4-6 days
lentil,Kharif,66.8,20.88,69.9,No,0.0,Every 4-6 days
mungbean,Zaid,66.3,25.96,47.2,No,0.0,Every 4-6 days
papaya,Rabi,33.3,22.39,40.8,No,0.0,Every 4-6 days
watermelon,Kharif,53.0,25.95,50.5,No,0.0,Every 1-3 days
muskmelon,Zaid,54.9,31.27,57.1,No,0.0,Every 1-3 days
papaya,Kharif,59.0,30.99,7.4,Yes,10.79,Every 4-6 days
jute,Rabi,13.2,27.11,150.9,No,0.0,Every 1-3 days
pigeonpeas,Rabi,35.1,19.43,238.7,No,0.0,Every 7-10 days
cotton,Kharif,63.2,25.53,24.2,Yes,10.7,Every 4-6 days
lentil,Rabi,32.3,26.1,47.6,No,0.0,Every 4-6 days
rice,Kharif,27.4,29.01,44.5,No,0.0,Every 1-3 days
orange,Kharif,50.4,27.34,61.5,No,0.0,Every 4-6 days
coconut,Zaid,63.4,32.7,74.9,No,0.0,Every 4-6 days
apple,Kharif,57.5,21.82,128.8,No,0.0,Every 7-10 days
coconut,Kharif,47.2,33.69,73.4,No,0.0,Every 4-6 days
cotton,Zaid,32.3,33.49,56.7,No,0.0,Every 4-6 days
muskmelon,Kharif,19.4,21.77,82.2,No,0.0,Every 1-3 days
mango,Zaid,55.7,27.47,16.5,Yes,12.4,Every 4-6 days
watermelon,Kharif,60.9,19.8,17.9,Yes,13.75,Every 4-6 days
pomegranate,Kharif,30.2,34.29,44.7,No,0.0,Every 4-6 days
apple,Rabi,12.1,22.85,45.6,No,0.0,Every 4-6 days
coconut,Kharif,60.9,23.51,52.4,No,0.0,Every 4-6 days
jute,Kharif,20.4,32.59,13.4,Yes,20.36,Every 1-3 days
mango,Zaid,35.0,25.73,93.4,No,0.0,Every 4-6 days
watermelon,Rabi,43.8,25.19,39.0,Yes,16.99,Every 1-3 days
mango,Rabi,42.0,26.93,85.5,No,0.0,Every 4-6 days
watermelon,Rabi,53.2,23.46,66.3,No,0.0,Every 4-6 days
mango,Kharif,48.2,20.96,82.0,No,0.0,Every 4-6 days
coffee,Rabi,66.5,29.22,3.3,Yes,11.38,Every 4-6 days
rice,Zaid,49.5,32.15,17.0,Yes,16.54,Every 1-3 days
banana,Zaid,28.1,26.85,39.4,Yes,15.67,Every 1-3 days
papaya,Zaid,31.6,18.87,38.7,Yes,10.52,Every 4-6 days
mothbeans,Zaid,52.5,24.34,12.1,Yes,10.69,Every 4-6 days
grapes,Kharif,65.0,26.23,12.9,Yes,10.35,Every 4-6 days
jute,Kharif,56.4,22.87,32.1,Yes,13.1,Every 4-6 days
coconut,Kharif,44.0,25.42,91.3,No,0.0,Every 4-6 days
blackgram,Rabi,75.4,30.14,30.8,Yes,7.6,Every 4-6 days
papaya,Kharif,61.3,38.93,100.2,No,0.0,Every 4-6 days
orange,Kharif,34.9,31.69,34.2,Yes,12.42,Every 4-6 days
mango,Rabi,44.9,24.99,134.4,No,0.0,Every 4-6 days
cotton,Rabi,55.0,22.44,42.5,No,0.0,Every 4-6 days
papaya,Rabi,59.3,27.1,20.4,Yes,9.42,Every 4-6 days
blackgram,Zaid,25.2,27.24,95.9,No,0.0,Every 4-6 days
rice,Rabi,24.5,30.73,9.3,Yes,19.23,Every 1-3 days
blackgram,Kharif,32.2,21.19,34.6,Yes,13.29,Every 4-6 days
blackgram,Rabi,20.6,28.25,71.5,No,0.0,Every 4-6 days
pigeonpeas,Rabi,35.4,30.87,49.6,No,0.0,Every 4-6 days
blackgram,Zaid,37.5,23.41,35.5,Yes,10.14,Every 4-6 days
mango,Rabi,45.1,31.69,101.8,No,0.0,Every 4-6 days
orange,Zaid,25.9,28.02,26.9,Yes,14.44,Every 4-6 days
pomegranate,Kharif,41.4,36.0,61.7,No,0.0,Every 4-6 days
lentil,Kharif,57.6,32.79,47.1,No,0.0,Every 4-6 days
pigeonpeas,Zaid,42.3,28.61,18.7,Yes,11.8,Every 4-6 days
watermelon,Zaid,39.5,13.07,30.3,Yes,13.47,Every 4-6 days
rice,Zaid,31.2,28.33,48.0,No,0.0,Every 1-3 days
coconut,Zaid,56.4,30.04,35.5,Yes,12.53,Every 4-6 days
jute,Kharif,51.7,19.94,16.0,Yes,13.05,Every 1-3 days
coconut,Rabi,49.9,31.65,147.0,No,0.0,Every 4-6 days
mungbean,Zaid,53.4,30.81,46.0,No,0.0,Every 4-6 days
mango,Kharif,45.8,25.97,54.4,No,0.0,Every 4-6 days
coffee,Kharif,42.4,27.03,99.9,No,0.0,Every 4-6 days
coconut,Kharif,44.3,34.33,41.7,No,0.0,Every 4-6 days
pigeonpeas,Kharif,49.5,26.62,20.5,Yes,10.65,Every 4-6 days
coffee,Rabi,35.7,30.65,77.4,No,0.0,Every 4-6 days
mungbean,Rabi,30.4,33.67,31.8,Yes,13.95,Every 4-6 days
orange,Rabi,29.6,31.91,19.9,Yes,15.63,Every 4-6 days
rice,Zaid,32.2,30.82,48.0,No,0.0,Every 1-3 days
pigeonpeas,Rabi,14.7,27.23,9.9,Yes,16.2,Every 1-3 days
coffee,Kharif,62.8,19.33,38.2,Yes,8.49,Every 4-6 days
lentil,Kharif,50.8,28.44,13.4,Yes,11.46,Every 4-6 days
cotton,Zaid,45.4,28.35,55.4,No,0.0,Every 4-6 days
maize,Kharif,36.4,26.13,103.1,No,0.0,Every 4-6 days
banana,Zaid,47.3,24.63,33.7,Yes,14.67,Every 1-3 days
blackgram,Zaid,58.0,31.44,73.1,No,0.0,Every 4-6 days
watermelon,Zaid,50.8,22.99,170.8,No,0.0,Every 4-6 days
grapes,Kharif,32.3,31.83,18.3,Yes,15.77,Every 4-6 days
chickpea,Rabi,27.0,27.29,3.5,Yes,14.68,Every 4-6 days
rice,Rabi,40.8,25.09,16.9,Yes,16.17,Every 1-3 days
coconut,Kharif,62.6,28.06,49.9,No,0.0,Every 4-6 days
cotton,Kharif,43.5,27.81,37.3,Yes,13.28,Every 4-6 days
cotton,Rabi,41.5,24.25,59.8,No,0.0,Every 4-6 days
maize,Zaid,34.6,26.64,6.5,Yes,14.12,Every 4-6 days
orange,Zaid,35.3,23.83,90.8,No,0.0,Every 4-6 days
lentil,Kharif,40.3,33.38,34.7,Yes,13.52,Every 4-6 days
pigeonpeas,Rabi,33.5,21.22,20.6,Yes,10.49,Every 4-6 days
kidneybeans,Kharif,48.4,25.4,12.8,Yes,10.64,Every 4-6 days
grapes,Rabi,32.0,24.3,8.1,Yes,12.99,Every 4-6 days
banana,Zaid,53.4,25.94,89.8,No,0.0,Every 4-6 days
rice,Rabi,50.6,21.88,157.1,No,0.0,Every 4-6 days
pigeonpeas,Zaid,50.9,24.81,42.8,No,0.0,Every 4-6 days
orange,Zaid,21.6,40.05,13.1,Yes,16.92,Every 1-3 days
chickpea,Rabi,54.5,27.5,29.9,Yes,9.67,Every 4-6 days
chickpea,Kharif,44.4,22.13,53.5,No,0.0,Every 4-6 days
pomegranate,Rabi,36.7,25.18,10.0,Yes,13.24,Every 4-6 days
jute,Rabi,33.1,33.42,26.3,Yes,19.52,Every 1-3 days
chickpea,Rabi,26.1,29.1,22.9,Yes,14.0,Every 4-6 days
rice,Rabi,44.3,22.15,12.9,Yes,15.84,Every 1-3 days
grapes,Kharif,51.2,32.9,55.7,No,0.0,Every 4-6 days
mothbeans,Kharif,50.8,25.04,71.2,No,0.0,Every 4-6 days
orange,Kharif,56.2,26.19,27.1,Yes,11.3,Every 4-6 days
coconut,Rabi,48.6,27.68,14.6,Yes,12.19,Every 4-6 days
maize,Rabi,27.5,26.26,34.3,Yes,12.02,Every 4-6 days
cotton,Rabi,37.9,27.77,31.1,Yes,11.35,Every 4-6 days
coconut,Kharif,28.7,32.31,36.5,Yes,14.71,Every 4-6 days
maize,Kharif,32.8,22.67,12.3,Yes,11.99,Every 4-6 days
maize,Rabi,38.1,22.35,5.2,Yes,12.04,Every 4-6 days
pigeonpeas,Zaid,51.1,29.05,18.9,Yes,12.14,Every 4-6 days
chickpea,Rabi,34.7,38.73,60.3,No,0.0,Every 4-6 days
apple,Kharif,28.5,28.05,72.2,No,0.0,Every 4-6 days
rice,Kharif,18.2,24.84,92.4,No,0.0,Every 1-3 days
pomegranate,Kharif,65.2,23.13,68.3,No,0.0,Every 4-6 days
papaya,Zaid,68.1,25.92,95.1,No,0.0,Every 4-6 days
mothbeans,Rabi,51.6,25.21,89.6,No,0.0,Every 4-6 days
maize,Zaid,48.4,30.09,14.7,Yes,12.78,Every 4-6 days
muskmelon,Zaid,22.9,24.79,67.6,No,0.0,Every 1-3 days
papaya,Kharif,23.3,25.86,27.6,Yes,12.09,Every 4-6 days
banana,Zaid,64.1,22.38,55.2,No,0.0,Every 4-6 days
orange,Zaid,61.3,28.03,26.5,Yes,9.85,Every 4-6 days
rice,Kharif,56.5,32.89,60.8,No,0.0,Every 1-3 days
watermelon,Kharif,32.9,20.67,81.5,No,0.0,Every 1-3 days
rice,Zaid,24.7,21.13,114.6,No,0.0,Every 4-6 days
mothbeans,Zaid,30.3,22.53,40.3,No,0.0,Every 4-6 days
chickpea,Rabi,45.2,30.6,52.4,No,0.0,Every 4-6 days
pomegranate,Zaid,34.0,41.49,13.5,Yes,16.74,Every 1-3 days
coffee,Rabi,40.1,26.7,71.2,No,0.0,Every 4-6 days
muskmelon,Rabi,61.3,24.88,162.5,No,0.0,Every 4-6 days
kidneybeans,Zaid,25.0,31.43,23.6,Yes,13.99,Every 1-3 days
muskmelon,Rabi,48.5,26.03,30.4,Yes,17.51,Every 1-3 days
chickpea,Zaid,58.3,29.85,17.6,Yes,11.35,Every 4-6 days
cotton,Kharif,27.9,28.72,5.7,Yes,14.58,Every 4-6 days
chickpea,Zaid,52.3,34.48,13.5,Yes,12.96,Every 4-6 days
mungbean,Zaid,49.4,23.6,51.0,No,0.0,Every 4-6 days
banana,Zaid,29.6,29.0,56.8,No,0.0,Every 1-3 days
rice,Kharif,52.9,32.04,145.7,No,0.0,Every 4-6 days
watermelon,Rabi,41.2,26.32,30.2,Yes,15.04,Every 1-3 days
blackgram,Zaid,61.8,25.6,84.5,No,0.0,Every 4-6 days
maize,Kharif,42.3,19.15,69.7,No,0.0,Every 4-6 days
watermelon,Rabi,69.3,30.75,6.4,Yes,12.98,Every 1-3 days
pomegranate,Kharif,38.1,32.43,61.3,No,0.0,Every 4-6 days
jute,Zaid,61.6,26.47,94.4,No,0.0,Every 4-6 days
jute,Rabi,35.0,26.34,103.3,No,0.0,Every 1-3 days
blackgram,Rabi,21.6,30.82,28.0,Yes,15.12,Every 1-3 days
cotton,Kharif,61.4,34.75,115.5,No,0.0,Every 4-6 days
chickpea,Rabi,50.4,30.94,124.2,No,0.0,Every 4-6 days
kidneybeans,Rabi,47.1,31.43,39.6,Yes,12.45,Every 4-6 days
mungbean,Kharif,26.5,29.25,19.7,Yes,13.75,Every 4-6 days
cotton,Rabi,33.5,30.47,22.0,Yes,15.67,Every 4-6 days
orange,Rabi,50.5,30.32,12.9,Yes,13.45,Every 4-6 days
lentil,Kharif,56.3,23.84,125.4,No,0.0,Every 7-10 days
cotton,Zaid,55.5,24.02,61.9,No,0.0,Every 4-6 days
maize,Rabi,52.5,22.7,48.8,No,0.0,Every 4-6 days
mothbeans,Kharif,45.3,31.34,39.3,Yes,12.89,Every 4-6 days
cotton,Zaid,51.4,26.63,102.8,No,0.0,Every 4-6 days
rice,Kharif,39.4,22.2,63.1,No,0.0,Every 1-3 days
pigeonpeas,Rabi,33.0,22.77,76.0,No,0.0,Every 4-6 days
grapes,Rabi,37.4,27.4,53.7,No,0.0,Every 4-6 days
banana,Zaid,38.8,26.44,24.2,Yes,16.34,Every 1-3 days
lentil,Kharif,59.4,23.6,81.6,No,0.0,Every 4-6 days
muskmelon,Rabi,56.4,23.59,108.8,No,0.0,Every 4-6 days
coffee,Zaid,45.8,27.87,34.8,Yes,10.54,Every 4-6 days
coconut,Zaid,78.2,22.56,41.1,No,0.0,Every 4-6 days
muskmelon,Zaid,41.0,27.57,72.5,No,0.0,Every 1-3 days
apple,Kharif,39.3,22.3,44.8,No,0.0,Every 4-6 days
coconut,Zaid,62.0,22.91,10.3,Yes,9.16,Every 4-6 days
jute,Rabi,36.3,29.1,90.6,No,0.0,Every 1-3 days
lentil,Kharif,46.5,32.08,51.0,No,0.0,Every 4-6 days
papaya,Rabi,16.3,30.59,22.6,Yes,16.36,Every 1-3 days
lentil,Rabi,43.6,26.89,40.0,Yes,10.27,Every 4-6 days
maize,Kharif,30.5,26.02,51.5,No,0.0,Every 4-6 days
chickpea,Rabi,50.1,27.34,13.2,Yes,12.05,Every 4-6 days
coconut,Rabi,39.0,33.54,39.3,Yes,12.41,Every 4-6 days
watermelon,Kharif,75.2,32.55,44.0,No,0.0,Every 4-6 days
mango,Zaid,15.8,23.0,35.6,Yes,14.31,Every 4-6 days
coconut,Rabi,56.2,23.96,98.9,No,0.0,Every 4-6 days
lentil,Zaid,45.6,26.19,70.8,No,0.0,Every 4-6 days
watermelon,Zaid,41.7,23.7,51.7,No,0.0,Every 1-3 days
mungbean,Rabi,48.4,26.0,125.7,No,0.0,Every 4-6 days
muskmelon,Kharif,58.6,27.15,21.0,Yes,16.38,Every 1-3 days
mungbean,Kharif,55.9,21.4,63.1,No,0.0,Every 4-6 days
jute,Kharif,27.5,20.61,5.3,Yes,17.36,Every 1-3 days
papaya,Zaid,65.7,30.99,74.2,No,0.0,Every 4-6 days
kidneybeans,Rabi,51.6,30.19,82.7,No,0.0,Every 4-6 days
banana,Rabi,82.0,23.9,60.2,No,0.0,Every 4-6 days
coconut,Rabi,45.5,28.76,42.1,No,0.0,Every 4-6 days
mungbean,Zaid,24.8,32.3,15.1,Yes,15.0,Every 1-3 days
kidneybeans,Zaid,31.9,31.74,79.6,No,0.0,Every 4-6 days
orange,Zaid,40.4,24.89,85.8,No,0.0,Every 4-6 days
mango,Zaid,18.6,26.14,20.6,Yes,14.52,Every 4-6 days
mothbeans,Zaid,24.1,26.6,49.9,No,0.0,Every 4-6 days
rice,Rabi,41.7,34.38,85.4,No,0.0,Every 1-3 days
lentil,Rabi,53.2,25.12,46.2,No,0.0,Every 4-6 days
muskmelon,Zaid,42.8,30.61,24.8,Yes,17.67,Every 1-3 days
mungbean,Kharif,44.5,26.55,36.8,Yes,10.92,Every 4-6 days
watermelon,Rabi,29.6,29.71,24.5,Yes,18.04,Every 1-3 days
coffee,Zaid,38.7,34.35,31.3,Yes,13.54,Every 4-6 days
jute,Zaid,55.6,23.03,66.1,No,0.0,Every 4-6 days
orange,Kharif,33.7,31.82,4.5,Yes,15.31,Every 4-6 days
pomegranate,Rabi,30.3,35.91,69.0,No,0.0,Every 4-6 days
jute,Rabi,35.7,13.8,78.1,No,0.0,Every 4-6 days
grapes,Kharif,44.1,30.85,78.3,No,0.0,Every 4-6 days
chickpea,Kharif,37.9,29.37,15.7,Yes,12.47,Every 4-6 days
watermelon,Rabi,34.9,23.8,14.1,Yes,15.41,Every 1-3 days
muskmelon,Rabi,59.5,33.47,96.6,No,0.0,Every 4-6 days
grapes,Kharif,49.4,37.09,54.0,No,0.0,Every 4-6 days
mothbeans,Kharif,15.1,26.91,13.0,Yes,15.3,Every 1-3 days
mango,Zaid,44.6,31.56,14.6,Yes,12.5,Every 4-6 days
blackgram,Rabi,47.4,33.03,83.1,No,0.0,Every 4-6 days
mungbean,Rabi,33.4,24.85,13.7,Yes,13.12,Every 4-6 days
orange,Rabi,48.4,25.55,17.0,Yes,10.79,Every 4-6 days
lentil,Rabi,48.9,16.31,51.4,No,0.0,Every 4-6 days
chickpea,Zaid,47.7,25.23,49.7,No,0.0,Every 4-6 days
lentil,Zaid,81.5,28.11,164.3,No,0.0,Every 7-10 days
watermelon,Kharif,27.0,30.9,59.8,No,0.0,Every 1-3 days
pomegranate,Zaid,11.6,25.85,20.3,Yes,16.85,Every 1-3 days
mango,Kharif,48.7,32.08,5.2,Yes,12.7,Every 4-6 days
pomegranate,Kharif,33.3,26.2,34.7,Yes,11.87,Every 4-6 days
jute,Zaid,39.2,24.24,44.2,No,0.0,Every 1-3 days
kidneybeans,Kharif,43.4,26.17,69.7,No,0.0,Every 4-6 days
apple,Rabi,42.0,22.22,38.3,Yes,8.96,Every 4-6 days
pigeonpeas,Rabi,45.5,32.63,70.1,No,0.0,Every 4-6 days
apple,Rabi,54.3,30.46,63.6,No,0.0,Every 4-6 days
maize,Zaid,49.8,23.15,22.6,Yes,9.69,Every 4-6 days
mothbeans,Zaid,60.9,30.57,76.4,No,0.0,Every 4-6 days
grapes,Rabi,47.2,32.99,57.1,No,0.0,Every 4-6 days
banana,Zaid,47.9,33.01,63.1,No,0.0,Every 1-3 days
orange,Zaid,36.8,24.27,11.4,Yes,13.33,Every 4-6 days
blackgram,Rabi,39.8,33.56,18.4,Yes,13.61,Every 4-6 days
lentil,Rabi,67.1,29.7,55.8,No,0.0,Every 4-6 days
coffee,Rabi,21.9,30.18,21.7,Yes,15.78,Every 1-3 days
orange,Kharif,57.2,28.6,59.4,No,0.0,Every 4-6 days
papaya,Zaid,41.0,29.39,64.4,No,0.0,Every 4-6 days
muskmelon,Zaid,44.2,27.46,27.6,Yes,15.53,Every 1-3 days
maize,Kharif,23.0,24.95,3.4,Yes,15.42,Every 4-6 days
mothbeans,Rabi,64.5,23.22,14.7,Yes,9.78,Every 4-6 days
grapes,Rabi,23.3,24.73,80.5,No,0.0,Every 4-6 days
coconut,Kharif,78.4,27.24,14.3,Yes,9.94,Every 4-6 days
mothbeans,Zaid,59.7,34.93,81.6,No,0.0,Every 4-6 days
orange,Zaid,53.3,29.21,23.0,Yes,11.96,Every 4-6 days
mango,Rabi,65.5,28.75,18.4,Yes,9.7,Every 4-6 days
pigeonpeas,Rabi,39.3,26.11,45.1,No,0.0,Every 4-6 days
cotton,Zaid,37.7,34.55,7.4,Yes,15.3,Every 4-6 days
coffee,Kharif,43.3,20.32,155.0,No,0.0,Every 7-10 days
mango,Zaid,48.2,30.31,20.9,Yes,11.71,Every 4-6 days
banana,Rabi,81.9,15.98,36.8,Yes,9.8,Every 4-6 days
muskmelon,Rabi,14.7,35.41,154.4,No,0.0,Every 1-3 days
mungbean,Kharif,38.3,25.17,97.1,No,0.0,Every 4-6 days
maize,Zaid,49.3,36.04,13.0,Yes,13.19,Every 4-6 days
pomegranate,Kharif,49.5,23.62,145.2,No,0.0,Every 7-10 days
maize,Rabi,34.0,34.01,69.3,No,0.0,Every 4-6 days
blackgram,Rabi,42.0,29.11,75.7,No,0.0,Every 4-6 days
coffee,Rabi,37.7,27.17,7.6,Yes,13.96,Every 4-6 days
watermelon,Kharif,29.7,29.06,30.6,Yes,18.12,Every 1-3 days
rice,Zaid,32.3,20.01,57.2,No,0.0,Every 1-3 days
mango,Rabi,33.3,37.06,43.4,No,0.0,Every 4-6 days
pigeonpeas,Zaid,37.9,28.53,56.6,No,0.0,Every 4-6 days
maize,Kharif,28.1,26.98,51.9,No,0.0,Every 4-6 days
muskmelon,Kharif,19.3,24.65,24.3,Yes,16.1,Every 1-3 days
maize,Zaid,37.7,23.25,129.6,No,0.0,Every 4-6 days
jute,Zaid,47.6,34.27,30.7,Yes,18.55,Every 1-3 days
watermelon,Rabi,62.4,23.21,41.5,No,0.0,Every 4-6 days
jute,Zaid,33.1,27.76,53.7,No,0.0,Every 1-3 days
jute,Rabi,34.5,23.09,54.0,No,0.0,Every 1-3 days
mothbeans,Kharif,55.7,23.72,18.8,Yes,9.87,Every 4-6 days
muskmelon,Rabi,56.5,29.76,68.4,No,0.0,Every 1-3 days
grapes,Rabi,36.4,29.43,45.9,No,0.0,Every 4-6 days
apple,Zaid,19.9,34.4,3.1,Yes,15.96,Every 1-3 days
muskmelon,Rabi,54.7,29.84,42.9,No,0.0,Every 1-3 days
coffee,Kharif,41.5,24.36,34.0,Yes,11.62,Every 4-6 days
grapes,Kharif,20.8,26.91,55.0,No,0.0,Every 4-6 days
chickpea,Kharif,47.5,25.83,16.3,Yes,12.42,Every 4-6 days
kidneybeans,Zaid,64.1,32.02,42.2,No,0.0,Every 4-6 days
orange,Zaid,47.3,18.19,107.6,No,0.0,Every 4-6 days
pomegranate,Kharif,66.0,26.78,38.8,Yes,9.53,Every 4-6 days
lentil,Kharif,33.9,24.45,43.8,No,0.0,Every 4-6 days
jute,Zaid,13.6,33.69,33.9,Yes,20.81,Every 1-3 days
blackgram,Zaid,53.6,25.17,13.0,Yes,11.38,Every 4-6 days
chickpea,Kharif,49.6,27.05,41.1,No,0.0,Every 4-6 days
mango,Zaid,58.8,25.9,12.8,Yes,11.77,Every 4-6 days
rice,Rabi,58.8,28.83,14.9,Yes,14.7,Every 1-3 days
coffee,Rabi,18.3,24.67,37.9,Yes,13.4,Every 4-6 days
mothbeans,Kharif,27.3,24.39,48.1,No,0.0,Every 4-6 days
pigeonpeas,Rabi,27.9,20.67,25.3,Yes,11.91,Every 4-6 days
lentil,Kharif,25.5,32.87,49.7,No,0.0,Every 4-6 days
orange,Kharif,60.5,25.31,72.3,No,0.0,Every 4-6 days
muskmelon,Rabi,50.0,22.64,34.3,Yes,14.08,Every 1-3 days
jute,Zaid,48.2,32.02,13.6,Yes,18.08,Every 1-3 days
maize,Zaid,35.7,28.42,14.2,Yes,12.0,Every 4-6 days
orange,Kharif,6.5,24.85,42.0,No,0.0,Every 4-6 days
papaya,Rabi,72.2,27.88,115.2,No,0.0,Every 7-10 days
grapes,Kharif,40.0,34.44,25.9,Yes,13.4,Every 4-6 days
pomegranate,Zaid,40.3,30.99,28.3,Yes,12.58,Every 4-6 days
grapes,Rabi,53.1,28.98,28.6,Yes,12.08,Every 4-6 days
muskmelon,Kharif,49.4,26.19,41.6,No,0.0,Every 1-3 days
pomegranate,Rabi,33.5,27.24,90.8,No,0.0,Every 4-6 days
blackgram,Rabi,49.3,32.49,69.8,No,0.0,Every 4-6 days
watermelon,Kharif,44.2,25.84,21.1,Yes,15.58,Every 1-3 days
pigeonpeas,Rabi,43.3,22.43,91.7,No,0.0,Every 4-6 days
mango,Kharif,38.8,19.1,18.9,Yes,11.57,Every 4-6 days
blackgram,Zaid,51.2,30.08,49.4,No,0.0,Every 4-6 days
papaya,Rabi,55.4,25.82,19.8,Yes,10.75,Every 4-6 days
papaya,Zaid,26.6,29.87,12.7,Yes,13.16,Every 4-6 days
rice,Rabi,34.1,27.04,23.0,Yes,14.05,Every 1-3 days
papaya,Rabi,37.9,33.56,82.9,No,0.0,Every 4-6 days
banana,Zaid,38.5,34.57,31.1,Yes,19.35,Every 1-3 days
chickpea,Kharif,37.0,31.88,51.4,No,0.0,Every 4-6 days
chickpea,Rabi,55.6,27.86,6.4,Yes,11.27,Every 4-6 days
jute,Kharif,34.4,32.86,19.0,Yes,20.37,Every 1-3 days
banana,Zaid,28.0,28.86,54.5,No,0.0,Every 1-3 days
pigeonpeas,Zaid,32.4,23.17,100.5,No,0.0,Every 4-6 days
muskmelon,Zaid,59.2,27.13,44.9,No,0.0,Every 1-3 days
coconut,Kharif,61.5,29.59,19.2,Yes,12.95,Every 4-6 days
coconut,Kharif,44.4,28.3,22.0,Yes,11.77,Every 4-6 days
jute,Rabi,31.8,31.9,34.4,Yes,18.13,Every 1-3 days
maize,Kharif,33.2,27.33,38.4,Yes,12.49,Every 4-6 days
blackgram,Kharif,78.9,20.75,41.5,No,0.0,Every 7-10 days
orange,Rabi,37.8,22.94,17.7,Yes,12.5,Every 4-6 days
jute,Zaid,60.2,38.29,69.3,No,0.0,Every 1-3 days
chickpea,Kharif,37.6,23.77,83.4,No,0.0,Every 4-6 days
watermelon,Rabi,35.7,32.19,90.8,No,0.0,Every 1-3 days
banana,Zaid,52.9,27.7,100.4,No,0.0,Every 4-6 days
jute,Kharif,17.8,28.47,48.3,No,0.0,Every 1-3 days
coffee,Zaid,48.4,31.94,59.8,No,0.0,Every 4-6 days
orange,Rabi,59.0,30.42,212.3,No,0.0,Every 7-10 days
blackgram,Zaid,44.3,23.64,2.5,Yes,12.5,Every 4-6 days
grapes,Zaid,57.7,26.37,22.5,Yes,9.27,Every 4-6 days
kidneybeans,Kharif,43.1,21.59,39.3,Yes,11.27,Every 4-6 days
chickpea,Zaid,49.6,29.01,48.0,No,0.0,Every 4-6 days
orange,Kharif,45.0,31.59,55.4,No,0.0,Every 4-6 days
rice,Kharif,38.4,34.36,22.4,Yes,18.41,Every 1-3 days
watermelon,Rabi,31.6,28.28,11.6,Yes,17.44,Every 1-3 days
mothbeans,Rabi,39.3,29.85,38.8,Yes,13.32,Every 4-6 days
kidneybeans,Zaid,51.1,30.91,77.0,No,0.0,Every 4-6 days
orange,Zaid,19.3,32.73,62.7,No,0.0,Every 4-6 days
banana,Kharif,42.5,20.46,46.8,No,0.0,Every 1-3 days
grapes,Rabi,59.4,29.45,48.2,No,0.0,Every 4-6 days
mango,Zaid,40.6,29.05,50.3,No,0.0,Every 4-6 days
kidneybeans,Zaid,59.1,44.45,37.9,Yes,13.16,Every 4-6 days
jute,Rabi,12.7,30.6,37.8,Yes,19.66,Every 1-3 days
jute,Zaid,40.7,22.0,21.1,Yes,16.42,Every 1-3 days
rice,Kharif,52.4,18.64,11.6,Yes,13.7,Every 1-3 days
kidneybeans,Kharif,40.1,20.75,64.4,No,0.0,Every 4-6 days
muskmelon,Rabi,37.0,30.56,22.0,Yes,18.9,Every 1-3 days
banana,Zaid,53.4,28.66,72.6,No,0.0,Every 4-6 days
maize,Rabi,51.5,27.76,45.9,No,0.0,Every 4-6 days
rice,Zaid,20.0,31.59,40.4,No,0.0,Every 1-3 days
chickpea,Rabi,75.5,30.42,96.4,No,0.0,Every 4-6 days
pomegranate,Zaid,57.9,31.85,68.9,No,0.0,Every 4-6 days
orange,Zaid,31.5,16.47,143.8,No,0.0,Every 4-6 days
mango,Zaid,34.7,34.88,17.1,Yes,13.93,Every 4-6 days
chickpea,Zaid,68.1,37.04,86.4,No,0.0,Every 4-6 days
mungbean,Kharif,49.0,26.33,21.8,Yes,11.09,Every 4-6 days
papaya,Kharif,27.7,21.23,77.0,No,0.0,Every 4-6 days
apple,Rabi,48.6,27.3,43.5,No,0.0,Every 4-6 days
mothbeans,Kharif,62.7,33.39,102.9,No,0.0,Every 4-6 days
pomegranate,Kharif,52.5,22.25,103.6,No,0.0,Every 4-6 days
banana,Zaid,69.9,28.51,7.7,Yes,14.04,Every 1-3 days
blackgram,Rabi,40.6,29.18,22.7,Yes,11.66,Every 4-6 days
pomegranate,Kharif,34.7,27.19,16.6,Yes,14.59,Every 4-6 days
lentil,Rabi,50.1,31.11,38.7,Yes,12.34,Every 4-6 days
banana,Kharif,13.9,35.91,36.6,Yes,19.03,Every 1-3 days
chickpea,Zaid,30.9,16.13,29.4,Yes,9.41,Every 4-6 days
orange,Zaid,48.0,31.79,49.3,No,0.0,Every 4-6 days
coconut,Zaid,7.7,27.75,47.0,No,0.0,Every 1-3 days
lentil,Rabi,47.6,32.73,19.3,Yes,12.53,Every 4-6 days
mungbean,Rabi,76.3,24.76,36.3,Yes,8.54,Every 4-6 days
mungbean,Kharif,26.3,33.97,40.1,No,0.0,Every 4-6 days
mungbean,Zaid,52.2,34.51,68.0,No,0.0,Every 4-6 days
coffee,Kharif,54.0,16.01,32.8,Yes,9.12,Every 4-6 days
apple,Rabi,32.6,27.82,26.8,Yes,11.33,Every 4-6 days
coconut,Kharif,50.6,32.01,59.1,No,0.0,Every 4-6 days
muskmelon,Kharif,32.8,29.72,12.4,Yes,18.49,Every 1-3 days
watermelon,Rabi,39.7,23.19,80.2,No,0.0,Every 4-6 days
muskmelon,Zaid,48.7,27.12,195.2,No,0.0,Every 4-6 days
mothbeans,Kharif,50.9,24.51,25.4,Yes,10.18,Every 4-6 days
coffee,Zaid,39.1,32.84,9.7,Yes,14.23,Every 4-6 days
maize,Rabi,53.1,30.64,53.1,No,0.0,Every 4-6 days
pigeonpeas,Kharif,60.0,22.62,93.6,No,0.0,Every 4-6 days
muskmelon,Rabi,64.4,40.31,22.9,Yes,17.97,Every 1-3 days
papaya,Zaid,37.1,28.71,45.8,No,0.0,Every 4-6 days
grapes,Kharif,33.5,24.34,50.5,No,0.0,Every 4-6 days
mungbean,Zaid,47.2,21.0,69.1,No,0.0,Every 4-6 days
orange,Zaid,76.8,20.71,143.1,No,0.0,Every 7-10 days
mothbeans,Zaid,47.1,23.1,72.9,No,0.0,Every 4-6 days
chickpea,Zaid,59.3,34.71,43.6,No,0.0,Every 4-6 days
coffee,Kharif,64.5,27.06,30.6,Yes,9.1,Every 4-6 days
papaya,Zaid,71.9,32.44,88.2,No,0.0,Every 4-6 days
mothbeans,Zaid,47.6,32.28,31.6,Yes,12.71,Every 4-6 days
maize,Rabi,26.6,22.37,87.6,No,0.0,Every 4-6 days
chickpea,Kharif,64.6,27.32,25.3,Yes,10.75,Every 4-6 days
kidneybeans,Zaid,49.9,42.31,91.3,No,0.0,Every 4-6 days
mango,Zaid,43.5,32.39,34.1,Yes,12.8,Every 4-6 days
pigeonpeas,Kharif,50.2,35.57,53.4,No,0.0,Every 4-6 days
muskmelon,Zaid,33.5,34.4,62.6,No,0.0,Every 1-3 days
jute,Zaid,31.0,29.76,67.8,No,0.0,Every 1-3 days
lentil,Zaid,33.4,22.48,28.0,Yes,10.77,Every 4-6 days
mango,Zaid,34.9,32.55,26.9,Yes,14.48,Every 4-6 days
lentil,Zaid,69.3,25.33,39.4,Yes,9.25,Every 4-6 days
blackgram,Kharif,43.4,30.58,69.7,No,0.0,Every 4-6 days
muskmelon,Zaid,57.0,34.27,44.3,No,0.0,Every 1-3 days
coffee,Zaid,41.3,12.85,34.4,Yes,10.58,Every 4-6 days
mango,Rabi,32.0,23.26,43.7,No,0.0,Every 4-6 days
watermelon,Rabi,45.4,25.56,39.0,Yes,17.11,Every 1-3 days
pigeonpeas,Kharif,41.7,22.26,73.1,No,0.0,Every 4-6 days
cotton,Zaid,24.7,26.48,19.1,Yes,12.99,Every 4-6 days
watermelon,Kharif,32.8,28.23,4.3,Yes,17.75,Every 1-3 days
pomegranate,Kharif,60.3,24.14,8.7,Yes,9.38,Every 4-6 days
mungbean,Kharif,37.6,29.67,34.7,Yes,12.33,Every 4-6 days
coconut,Zaid,43.3,26.2,42.2,No,0.0,Every 4-6 days
kidneybeans,Kharif,50.8,24.84,2.1,Yes,11.72,Every 4-6 days
grapes,Rabi,21.4,24.27,156.0,No,0.0,Every 4-6 days
pigeonpeas,Rabi,44.3,32.21,32.8,Yes,11.87,Every 4-6 days
papaya,Kharif,46.9,26.85,45.4,No,0.0,Every 4-6 days
papaya,Zaid,38.7,24.43,137.6,No,0.0,Every 4-6 days
lentil,Zaid,54.9,25.92,91.3,No,0.0,Every 4-6 days
mango,Kharif,79.3,23.78,13.9,Yes,9.37,Every 4-6 days
watermelon,Kharif,37.9,41.25,53.9,No,0.0,Every 1-3 days
banana,Kharif,43.9,24.29,86.4,No,0.0,Every 4-6 days
papaya,Kharif,27.7,23.26,54.5,No,0.0,Every 4-6 days
papaya,Rabi,45.2,27.0,39.3,Yes,10.55,Every 4-6 days
cotton,Zaid,33.9,23.68,80.3,No,0.0,Every 4-6 days
rice,Rabi,45.6,29.43,96.1,No,0.0,Every 1-3 days
blackgram,Zaid,33.7,36.79,15.3,Yes,15.39,Every 1-3 days
coconut,Zaid,48.0,26.33,36.0,Yes,10.72,Every 4-6 days
mungbean,Rabi,44.5,34.02,14.2,Yes,13.17,Every 4-6 days
cotton,Rabi,74.1,30.85,33.9,Yes,9.26,Every 4-6 days
rice,Kharif,54.9,27.39,14.5,Yes,14.65,Every 1-3 days
papaya,Zaid,55.0,28.41,123.7,No,0.0,Every 4-6 days
orange,Kharif,59.5,23.18,33.9,Yes,9.57,Every 4-6 days
mungbean,Kharif,36.2,32.56,94.7,No,0.0,Every 4-6 days
kidneybeans,Rabi,80.7,29.77,40.1,No,0.0,Every 4-6 days
mango,Zaid,56.2,27.0,30.5,Yes,10.03,Every 4-6 days
pomegranate,Rabi,31.2,21.97,38.4,Yes,11.56,Every 4-6 days
pomegranate,Rabi,64.1,32.19,79.8,No,0.0,Every 4-6 days
pigeonpeas,Kharif,62.1,24.02,106.6,No,0.0,Every 4-6 days
muskmelon,Zaid,44.5,26.69,57.6,No,0.0,Every 1-3 days
lentil,Rabi,25.7,29.08,66.3,No,0.0,Every 4-6 days
banana,Rabi,49.8,25.26,138.9,No,0.0,Every 4-6 days
chickpea,Kharif,46.3,22.88,62.5,No,0.0,Every 4-6 days
coffee,Kharif,38.1,31.31,9.7,Yes,13.0,Every 4-6 days
jute,Kharif,18.9,19.03,86.7,No,0.0,Every 1-3 days
orange,Rabi,51.5,24.94,94.8,No,0.0,Every 4-6 days
chickpea,Kharif,60.8,30.94,28.5,Yes,10.76,Every 4-6 days
pomegranate,Kharif,31.8,28.57,12.5,Yes,14.01,Every 4-6 days
cotton,Zaid,35.2,30.56,74.1,No,0.0,Every 4-6 days
mothbeans,Kharif,79.2,24.3,66.3,No,0.0,Every 7-10 days
kidneybeans,Kharif,48.3,28.9,81.1,No,0.0,Every 4-6 days
coffee,Rabi,41.7,28.71,61.9,No,0.0,Every 4-6 days
muskmelon,Rabi,36.8,30.19,82.7,No,0.0,Every 1-3 days
cotton,Zaid,65.1,28.57,82.7,No,0.0,Every 4-6 days
kidneybeans,Kharif,36.0,31.48,58.5,No,0.0,Every 4-6 days
papaya,Rabi,37.8,20.6,79.3,No,0.0,Every 4-6 days
coconut,Rabi,50.9,31.29,18.0,Yes,12.22,Every 4-6 days
rice,Zaid,45.8,29.88,57.8,No,0.0,Every 1-3 days
maize,Kharif,43.8,24.32,13.4,Yes,12.54,Every 4-6 days
pigeonpeas,Zaid,49.7,20.9,24.6,Yes,9.67,Every 4-6 days
pomegranate,Zaid,24.7,19.59,22.3,Yes,12.62,Every 4-6 days
watermelon,Kharif,52.9,26.4,44.6,No,0.0,Every 1-3 days
mothbeans,Zaid,60.5,23.86,26.4,Yes,9.65,Every 4-6 days
pigeonpeas,Rabi,41.1,23.69,111.8,No,0.0,Every 4-6 days
banana,Rabi,47.4,34.28,101.0,No,0.0,Every 1-3 days
jute,Kharif,41.4,27.25,61.5,No,0.0,Every 1-3 days
mango,Rabi,21.6,29.97,10.8,Yes,14.67,Every 1-3 days
maize,Zaid,47.4,32.93,38.5,Yes,10.65,Every 4-6 days
coffee,Kharif,25.3,31.54,44.4,No,0.0,Every 4-6 days
mungbean,Kharif,41.7,22.81,16.4,Yes,10.46,Every 4-6 days
jute,Rabi,19.0,29.75,81.9,No,0.0,Every 1-3 days
mungbean,Kharif,25.7,22.73,46.0,No,0.0,Every 4-6 days
cotton,Zaid,61.0,31.84,74.2,No,0.0,Every 4-6 days
grapes,Kharif,43.6,33.41,41.9,No,0.0,Every 4-6 days
watermelon,Rabi,60.9,28.09,5.1,Yes,15.15,Every 1-3 days
mothbeans,Rabi,83.9,16.2,14.4,Yes,5.05,Every 7-10 days
maize,Zaid,63.0,28.56,72.9,No,0.0,Every 4-6 days
grapes,Zaid,42.5,27.74,25.0,Yes,13.04,Every 4-6 days
mango,Zaid,58.9,25.33,115.5,No,0.0,Every 4-6 days
coffee,Zaid,62.7,22.42,94.6,No,0.0,Every 4-6 days
cotton,Zaid,50.7,35.9,30.5,Yes,14.55,Every 4-6 days
mango,Kharif,55.8,26.79,36.2,Yes,8.21,Every 4-6 days
rice,Rabi,30.4,30.42,59.0,No,0.0,Every 1-3 days
coconut,Kharif,20.2,30.89,61.4,No,0.0,Every 4-6 days
coffee,Zaid,46.4,36.41,87.3,No,0.0,Every 4-6 days
pomegranate,Kharif,52.6,23.72,70.5,No,0.0,Every 4-6 days
banana,Rabi,47.8,31.68,15.0,Yes,16.64,Every 1-3 days
grapes,Zaid,68.1,26.54,11.7,Yes,11.05,Every 4-6 days
banana,Rabi,32.6,24.08,10.9,Yes,17.31,Every 1-3 days
mungbean,Zaid,54.7,21.29,7.9,Yes,9.43,Every 4-6 days
mungbean,Kharif,65.3,20.14,36.7,Yes,6.8,Every 4-6 days
pigeonpeas,Zaid,54.0,30.03,101.1,No,0.0,Every 4-6 days
pigeonpeas,Zaid,61.9,39.94,19.4,Yes,12.24,Every 4-6 days
mungbean,Kharif,43.2,26.23,21.2,Yes,11.73,Every 4-6 days
chickpea,Rabi,53.6,29.92,46.7,No,0.0,Every 4-6 days
pigeonpeas,Kharif,36.4,31.35,14.8,Yes,12.51,Every 4-6 days
muskmelon,Zaid,25.4,35.67,31.2,Yes,20.91,Every 1-3 days
lentil,Rabi,41.8,35.3,47.0,No,0.0,Every 4-6 days
rice,Kharif,14.9,35.26,35.6,Yes,20.26,Every 1-3 days
kidneybeans,Kharif,43.1,35.83,70.3,No,0.0,Every 4-6 days
papaya,Zaid,51.4,23.38,76.9,No,0.0,Every 4-6 days
apple,Zaid,51.6,23.14,76.4,No,0.0,Every 4-6 days
papaya,Kharif,65.9,26.95,99.0,No,0.0,Every 4-6 days
mungbean,Zaid,78.8,32.56,40.8,No,0.0,Every 4-6 days
mango,Zaid,52.2,24.46,7.9,Yes,11.78,Every 4-6 days
maize,Zaid,66.5,23.68,81.0,No,0.0,Every 4-6 days
banana,Kharif,54.5,35.78,30.3,Yes,18.39,Every 1-3 days
kidneybeans,Rabi,26.6,21.42,33.3,Yes,9.77,Every 4-6 days
coconut,Kharif,44.0,28.22,112.6,No,0.0,Every 4-6 days
coconut,Rabi,18.4,21.34,26.1,Yes,10.96,Every 4-6 days
cotton,Kharif,18.5,25.5,79.3,No,0.0,Every 4-6 days
coconut,Zaid,27.6,25.14,56.3,No,0.0,Every 4-6 days
banana,Zaid,8.8,26.05,22.4,Yes,18.78,Every 1-3 days
pomegranate,Kharif,24.9,27.14,6.8,Yes,15.06,Every 4-6 days
mothbeans,Kharif,41.7,41.65,43.1,No,0.0,Every 4-6 days
kidneybeans,Zaid,68.8,22.82,44.7,No,0.0,Every 4-6 days
papaya,Kharif,69.5,33.5,32.8,Yes,10.97,Every 4-6 days
coconut,Zaid,35.3,27.45,48.4,No,0.0,Every 4-6 days
papaya,Kharif,25.0,35.28,44.1,No,0.0,Every 1-3 days
chickpea,Zaid,53.1,32.65,43.0,No,0.0,Every 4-6 days
muskmelon,Rabi,47.7,28.49,13.0,Yes,18.54,Every 1-3 days
rice,Zaid,37.0,33.88,70.2,No,0.0,Every 1-3 days
blackgram,Zaid,52.3,26.93,98.3,No,0.0,Every 4-6 days
mungbean,Rabi,50.1,29.66,108.7,No,0.0,Every 4-6 days
pomegranate,Kharif,52.1,28.91,98.9,No,0.0,Every 4-6 days
maize,Kharif,32.9,12.01,9.3,Yes,11.38,Every 4-6 days
banana,Zaid,48.1,17.49,47.5,No,0.0,Every 4-6 days
muskmelon,Rabi,46.5,28.38,39.1,Yes,16.91,Every 1-3 days
cotton,Rabi,45.6,23.25,20.5,Yes,11.18,Every 4-6 days
coffee,Kharif,48.9,24.5,18.3,Yes,10.65,Every 4-6 days
lentil,Rabi,55.9,30.99,26.3,Yes,11.43,Every 4-6 days
lentil,Zaid,29.9,17.09,61.4,No,0.0,Every 4-6 days
cotton,Kharif,66.8,27.77,57.2,No,0.0,Every 4-6 days
mungbean,Kharif,67.9,24.62,8.6,Yes,9.13,Every 4-6 days
cotton,Rabi,24.6,36.49,52.2,No,0.0,Every 1-3 days
pigeonpeas,Kharif,83.9,27.27,62.6,No,0.0,Every 7-10 days
pomegranate,Zaid,58.8,28.08,97.0,No,0.0,Every 4-6 days
rice,Zaid,48.7,32.27,83.7,No,0.0,Every 1-3 days
banana,Rabi,50.6,24.33,86.9,No,0.0,Every 4-6 days
mungbean,Rabi,44.5,26.63,5.9,Yes,11.08,Every 4-6 days
coconut,Zaid,46.3,26.33,97.8,No,0.0,Every 4-6 days
mothbeans,Kharif,39.5,26.97,96.3,No,0.0,Every 4-6 days
coffee,Zaid,23.1,22.5,17.9,Yes,12.53,Every 4-6 days
coffee,Zaid,25.4,25.7,7.8,Yes,14.71,Every 4-6 days
maize,Rabi,56.9,24.42,11.6,Yes,10.74,Every 4-6 days
papaya,Zaid,36.5,32.26,16.6,Yes,12.86,Every 4-6 days
mungbean,Zaid,45.3,24.83,114.5,No,0.0,Every 4-6 days
coffee,Kharif,67.7,25.15,62.9,No,0.0,Every 4-6 days
kidneybeans,Zaid,53.0,19.68,6.8,Yes,10.14,Every 4-6 days
mothbeans,Kharif,40.3,31.29,75.1,No,0.0,Every 4-6 days
mungbean,Zaid,32.1,36.06,80.3,No,0.0,Every 4-6 days
pomegranate,Kharif,56.7,26.84,22.5,Yes,10.86,Every 4-6 days
banana,Zaid,89.9,28.79,36.0,Yes,13.31,Every 4-6 days
blackgram,Zaid,87.0,20.78,5.7,Yes,7.75,Every 4-6 days
banana,Zaid,32.3,36.41,12.4,Yes,20.43,Every 1-3 days
maize,Rabi,51.4,26.86,7.5,Yes,14.23,Every 4-6 days
lentil,Rabi,57.8,33.28,46.8,No,0.0,Every 4-6 days
blackgram,Rabi,51.0,28.15,26.9,Yes,11.94,Every 4-6 days
mothbeans,Rabi,40.7,21.33,59.7,No,0.0,Every 4-6 days
muskmelon,Kharif,43.7,22.94,91.1,No,0.0,Every 4-6 days
chickpea,Zaid,29.9,26.18,26.2,Yes,14.18,Every 4-6 days
jute,Kharif,38.7,23.65,21.0,Yes,16.1,Every 1-3 days
mango,Rabi,12.9,30.64,41.6,No,0.0,Every 1-3 days
blackgram,Zaid,35.7,26.07,54.9,No,0.0,Every 4-6 days
orange,Zaid,38.0,27.37,199.9,No,0.0,Every 4-6 days
blackgram,Rabi,40.7,25.72,60.5,No,0.0,Every 4-6 days
orange,Rabi,70.0,24.93,23.8,Yes,8.59,Every 4-6 days
mothbeans,Rabi,67.6,25.8,32.1,Yes,9.62,Every 4-6 days
pigeonpeas,Rabi,24.7,40.19,21.3,Yes,15.29,Every 1-3 days
lentil,Kharif,47.2,37.74,55.0,No,0.0,Every 4-6 days
banana,Zaid,48.1,26.37,28.2,Yes,15.3,Every 1-3 days
blackgram,Kharif,66.1,30.37,85.9,No,0.0,Every 4-6 days
mothbeans,Rabi,27.6,31.12,23.5,Yes,13.81,Every 4-6 days
cotton,Rabi,38.2,27.76,3.8,Yes,14.22,Every 4-6 days
rice,Zaid,65.1,26.07,54.6,No,0.0,Every 4-6 days
papaya,Kharif,49.9,31.44,74.2,No,0.0,Every 4-6 days
maize,Zaid,66.4,21.27,91.2,No,0.0,Every 7-10 days
mungbean,Kharif,40.1,29.3,59.0,No,0.0,Every 4-6 days
lentil,Zaid,57.2,28.87,2.1,Yes,11.48,Every 4-6 days
mothbeans,Rabi,22.8,30.94,57.1,No,0.0,Every 4-6 days
banana,Kharif,58.4,30.76,9.6,Yes,16.66,Every 1-3 days
rice,Rabi,37.4,21.6,14.2,Yes,17.59,Every 1-3 days
mothbeans,Rabi,49.4,45.0,35.6,Yes,12.83,Every 4-6 days
kidneybeans,Zaid,31.8,28.81,39.5,Yes,12.94,Every 4-6 days
coconut,Kharif,56.8,32.63,14.8,Yes,11.82,Every 4-6 days
papaya,Zaid,44.3,23.17,103.4,No,0.0,Every 4-6 days
blackgram,Rabi,47.2,34.24,50.7,No,0.0,Every 4-6 days
coconut,Kharif,38.3,31.17,41.2,No,0.0,Every 4-6 days
banana,Kharif,5.8,24.91,45.7,No,0.0,Every 1-3 days
maize,Zaid,40.2,25.22,73.3,No,0.0,Every 4-6 days
banana,Kharif,61.6,30.2,18.2,Yes,13.98,Every 1-3 days
mungbean,Zaid,73.4,33.39,45.1,No,0.0,Every 4-6 days
chickpea,Zaid,36.1,30.58,31.2,Yes,13.42,Every 4-6 days
banana,Rabi,74.8,26.62,65.1,No,0.0,Every 4-6 days
muskmelon,Kharif,32.4,23.75,49.8,No,0.0,Every 1-3 days
chickpea,Rabi,44.5,31.21,38.7,Yes,13.78,Every 4-6 days
orange,Rabi,40.5,35.11,39.5,Yes,13.57,Every 4-6 days
grapes,Zaid,36.9,33.97,79.6,No,0.0,Every 4-6 days
maize,Kharif,43.3,26.75,38.2,Yes,11.18,Every 4-6 days
banana,Zaid,68.8,27.4,30.8,Yes,12.69,Every 4-6 days
papaya,Kharif,45.1,27.56,54.0,No,0.0,Every 4-6 days
banana,Zaid,34.2,27.73,87.5,No,0.0,Every 1-3 days
apple,Zaid,43.6,30.29,53.6,No,0.0,Every 4-6 days
coffee,Zaid,7.9,33.66,59.7,No,0.0,Every 1-3 days
apple,Zaid,47.4,25.25,43.6,No,0.0,Every 4-6 days
mungbean,Kharif,51.8,26.06,65.9,No,0.0,Every 4-6 days
mango,Zaid,65.9,32.82,19.0,Yes,10.43,Every 4-6 days
pomegranate,Kharif,44.2,24.73,47.4,No,0.0,Every 4-6 days
kidneybeans,Kharif,26.0,30.94,80.8,No,0.0,Every 4-6 days
coffee,Zaid,46.5,24.71,27.7,Yes,11.23,Every 4-6 days
maize,Rabi,39.1,29.7,13.0,Yes,13.56,Every 4-6 days
banana,Zaid,33.7,27.72,50.0,No,0.0,Every 1-3 days
jute,Kharif,41.1,25.2,19.2,Yes,16.7,Every 1-3 days
mango,Zaid,38.7,30.32,20.3,Yes,11.77,Every 4-6 days
cotton,Zaid,42.5,33.85,118.8,No,0.0,Every 4-6 days
pigeonpeas,Zaid,54.7,27.33,17.2,Yes,12.16,Every 4-6 days
grapes,Zaid,36.2,23.97,46.2,No,0.0,Every 4-6 days
mango,Rabi,51.0,25.44,39.7,Yes,9.71,Every 4-6 days
banana,Zaid,36.5,27.44,34.4,Yes,16.65,Every 1-3 days
coconut,Zaid,49.9,30.66,48.1,No,0.0,Every 4-6 days
cotton,Rabi,54.0,21.99,178.9,No,0.0,Every 7-10 days
papaya,Rabi,39.8,31.81,6.8,Yes,13.89,Every 4-6 days
apple,Rabi,34.1,34.83,18.1,Yes,14.64,Every 4-6 days
mungbean,Rabi,30.2,19.92,51.7,No,0.0,Every 4-6 days
chickpea,Zaid,46.1,28.2,15.9,Yes,11.68,Every 4-6 days
cotton,Rabi,41.5,34.23,39.6,Yes,12.65,Every 4-6 days
cotton,Rabi,44.0,27.14,18.0,Yes,11.73,Every 4-6 days
apple,Rabi,57.1,30.32,17.7,Yes,11.3,Every 4-6 days
banana,Zaid,46.7,29.55,67.2,No,0.0,Every 1-3 days
orange,Zaid,41.5,26.37,69.7,No,0.0,Every 4-6 days
watermelon,Zaid,42.8,26.14,148.2,No,0.0,Every 4-6 days
watermelon,Kharif,58.4,22.37,55.7,No,0.0,Every 4-6 days
blackgram,Rabi,52.0,24.32,29.5,Yes,9.78,Every 4-6 days
apple,Kharif,58.2,34.61,88.6,No,0.0,Every 4-6 days
banana,Rabi,46.0,30.37,52.9,No,0.0,Every 1-3 days
pomegranate,Kharif,29.2,27.35,46.1,No,0.0,Every 4-6 days
pigeonpeas,Zaid,69.6,32.02,80.7,No,0.0,Every 4-6 days
banana,Zaid,45.5,20.18,38.7,Yes,15.88,Every 1-3 days
coffee,Zaid,21.8,30.35,131.5,No,0.0,Every 4-6 days
apple,Kharif,48.9,33.67,41.1,No,0.0,Every 4-6 days
jute,Zaid,60.1,32.15,91.2,No,0.0,Every 4-6 days
pomegranate,Zaid,36.3,33.32,48.7,No,0.0,Every 4-6 days
chickpea,Zaid,43.9,27.62,79.1,No,0.0,Every 4-6 days
papaya,Kharif,46.5,29.14,34.9,Yes,12.7,Every 4-6 days
mango,Rabi,68.8,26.21,50.4,No,0.0,Every 4-6 days
pomegranate,Zaid,53.0,27.09,27.4,Yes,10.73,Every 4-6 days
coconut,Zaid,51.5,25.6,75.5,No,0.0,Every 4-6 days
pomegranate,Kharif,52.1,23.62,136.8,No,0.0,Every 7-10 days
pigeonpeas,Kharif,54.2,37.55,61.1,No,0.0,Every 4-6 days
chickpea,Rabi,46.6,29.54,57.2,No,0.0,Every 4-6 days
coffee,Kharif,36.1,32.3,48.2,No,0.0,Every 4-6 days
mothbeans,Kharif,47.2,20.68,41.8,No,0.0,Every 4-6 days
pomegranate,Rabi,58.4,29.74,29.2,Yes,12.64,Every 4-6 days
muskmelon,Zaid,55.1,23.38,87.2,No,0.0,Every 4-6 days
mango,Zaid,42.9,29.53,65.7,No,0.0,Every 4-6 days
mungbean,Kharif,51.9,25.91,66.1,No,0.0,Every 4-6 days
blackgram,Kharif,42.2,31.73,91.2,No,0.0,Every 4-6 days
blackgram,Rabi,55.2,25.87,56.7,No,0.0,Every 4-6 days
maize,Rabi,45.1,23.38,57.1,No,0.0,Every 4-6 days
mothbeans,Kharif,66.0,25.51,88.9,No,0.0,Every 4-6 days
cotton,Zaid,33.6,25.48,59.1,No,0.0,Every 4-6 days
maize,Rabi,39.1,29.92,40.0,Yes,12.63,Every 4-6 days
watermelon,Zaid,58.5,24.63,75.9,No,0.0,Every 4-6 days
pigeonpeas,Rabi,43.1,18.59,32.9,Yes,9.78,Every 4-6 days
rice,Kharif,29.6,25.57,66.2,No,0.0,Every 1-3 days
banana,Rabi,40.4,26.43,107.5,No,0.0,Every 4-6 days
mango,Rabi,23.0,33.33,8.9,Yes,15.15,Every 1-3 days
pomegranate,Rabi,51.1,35.34,53.2,No,0.0,Every 4-6 days
grapes,Kharif,37.6,25.48,19.4,Yes,12.38,Every 4-6 days
watermelon,Zaid,82.5,27.73,82.1,No,0.0,Every 4-6 days
watermelon,Zaid,29.3,26.7,20.2,Yes,16.57,Every 1-3 days
muskmelon,Kharif,81.4,20.98,31.3,Yes,12.97,Every 4-6 days
papaya,Kharif,53.1,21.56,87.0,No,0.0,Every 4-6 days
banana,Rabi,33.8,31.18,55.6,No,0.0,Every 1-3 days
pomegranate,Kharif,32.1,34.63,46.1,No,0.0,Every 4-6 days
muskmelon,Zaid,33.2,25.93,54.6,No,0.0,Every 1-3 days
banana,Kharif,59.4,29.98,128.1,No,0.0,Every 4-6 days
mothbeans,Rabi,67.8,35.13,60.2,No,0.0,Every 4-6 days
rice,Zaid,37.1,25.97,56.3,No,0.0,Every 1-3 days
mango,Zaid,30.8,29.95,17.3,Yes,15.68,Every 4-6 days
maize,Kharif,14.9,17.23,13.5,Yes,12.79,Every 4-6 days
chickpea,Kharif,32.9,26.21,19.8,Yes,15.54,Every 4-6 days
pomegranate,Kharif,29.8,41.93,27.0,Yes,15.17,Every 1-3 days
coffee,Kharif,64.3,29.9,88.2,No,0.0,Every 4-6 days
blackgram,Rabi,35.5,18.67,12.1,Yes,12.27,Every 4-6 days
kidneybeans,Zaid,62.0,28.09,17.3,Yes,11.91,Every 4-6 days
mango,Rabi,39.1,29.76,51.0,No,0.0,Every 4-6 days
kidneybeans,Kharif,48.9,30.07,92.4,No,0.0,Every 4-6 days
pomegranate,Zaid,46.8,27.91,15.1,Yes,11.13,Every 4-6 days
grapes,Kharif,39.4,29.16,32.5,Yes,13.73,Every 4-6 days
papaya,Rabi,49.3,24.6,59.5,No,0.0,Every 4-6 days
blackgram,Rabi,38.8,38.85,6.4,Yes,13.41,Every 1-3 days
cotton,Kharif,56.5,19.92,30.7,Yes,6.94,Every 4-6 days
mungbean,Zaid,42.8,34.68,103.7,No,0.0,Every 4-6 days
kidneybeans,Zaid,41.2,21.63,59.3,No,0.0,Every 4-6 days
maize,Kharif,52.7,22.89,48.0,No,0.0,Every 4-6 days
rice,Rabi,55.1,22.81,89.1,No,0.0,Every 4-6 days
maize,Zaid,32.0,28.94,19.8,Yes,12.63,Every 4-6 days
mungbean,Rabi,65.4,24.12,28.2,Yes,9.18,Every 4-6 days
pigeonpeas,Kharif,52.0,19.29,33.1,Yes,11.21,Every 4-6 days
maize,Zaid,64.6,21.84,71.9,No,0.0,Every 4-6 days
pigeonpeas,Kharif,58.3,27.93,18.3,Yes,11.97,Every 4-6 days
banana,Rabi,57.2,21.41,20.8,Yes,14.5,Every 4-6 days
orange,Rabi,41.1,31.95,32.1,Yes,12.64,Every 4-6 days
kidneybeans,Rabi,62.1,32.34,29.9,Yes,11.14,Every 4-6 days
blackgram,Kharif,24.6,32.41,93.2,No,0.0,Every 4-6 days
coffee,Kharif,57.2,24.13,136.3,No,0.0,Every 7-10 days
orange,Kharif,40.9,26.11,14.0,Yes,13.87,Every 4-6 days
coconut,Kharif,33.1,19.67,55.3,No,0.0,Every 4-6 days
banana,Kharif,37.1,22.65,57.8,No,0.0,Every 1-3 days
kidneybeans,Zaid,54.1,31.36,39.9,Yes,10.99,Every 4-6 days
coffee,Kharif,60.5,29.07,61.5,No,0.0,Every 4-6 days
pomegranate,Rabi,47.4,24.16,1.9,Yes,12.8,Every 4-6 days
mungbean,Zaid,49.5,23.48,21.4,Yes,10.16,Every 4-6 days
pomegranate,Rabi,34.7,36.18,59.6,No,0.0,Every 4-6 days
orange,Kharif,18.1,26.97,12.4,Yes,14.07,Every 1-3 days
cotton,Kharif,67.5,24.97,11.4,Yes,9.29,Every 4-6 days
papaya,Zaid,59.7,23.7,27.2,Yes,9.64,Every 4-6 days
mungbean,Rabi,48.3,27.35,15.5,Yes,12.56,Every 4-6 days
mothbeans,Zaid,35.2,31.91,81.2,No,0.0,Every 4-6 days
coconut,Zaid,69.8,35.48,49.3,No,0.0,Every 4-6 days
coffee,Kharif,32.0,24.37,109.4,No,0.0,Every 4-6 days
papaya,Zaid,55.9,34.97,33.1,Yes,13.34,Every 4-6 days
apple,Zaid,49.4,27.13,71.7,No,0.0,Every 4-6 days
rice,Rabi,35.6,25.24,37.0,Yes,17.33,Every 1-3 days
grapes,Kharif,53.0,30.88,2.7,Yes,13.62,Every 4-6 days
coffee,Zaid,69.6,25.92,38.6,Yes,10.55,Every 4-6 days
lentil,Rabi,64.5,19.89,77.5,No,0.0,Every 7-10 days
rice,Kharif,36.2,31.14,90.9,No,0.0,Every 1-3 days
rice,Rabi,74.3,29.18,64.6,No,0.0,Every 4-6 days
kidneybeans,Kharif,41.8,23.07,109.7,No,0.0,Every 4-6 days
maize,Zaid,17.7,29.55,77.1,No,0.0,Every 4-6 days
coffee,Rabi,35.3,23.01,113.0,No,0.0,Every 4-6 days
kidneybeans,Zaid,65.4,24.87,16.1,Yes,9.62,Every 4-6 days
pomegranate,Zaid,60.1,31.1,18.1,Yes,13.04,Every 4-6 days
pomegranate,Kharif,32.7,25.57,28.7,Yes,11.08,Every 4-6 days
lentil,Rabi,63.7,26.83,27.6,Yes,9.81,Every 4-6 days
coffee,Zaid,34.8,25.81,136.2,No,0.0,Every 4-6 days
coconut,Kharif,44.6,27.48,17.4,Yes,13.56,Every 4-6 days
apple,Zaid,41.8,24.95,16.8,Yes,12.73,Every 4-6 days
muskmelon,Kharif,46.1,22.18,22.3,Yes,15.51,Every 1-3 days
apple,Rabi,58.8,26.52,41.2,No,0.0,Every 4-6 days
rice,Rabi,42.5,25.29,13.8,Yes,15.78,Every 1-3 days
mango,Rabi,55.0,33.92,15.6,Yes,12.41,Every 4-6 days
orange,Zaid,48.9,25.77,24.1,Yes,11.08,Every 4-6 days
jute,Kharif,10.6,24.48,38.5,Yes,17.74,Every 1-3 days
kidneybeans,Kharif,47.6,27.48,43.7,No,0.0,Every 4-6 days
rice,Zaid,48.5,26.27,78.8,No,0.0,Every 4-6 days
lentil,Zaid,33.5,28.84,118.5,No,0.0,Every 4-6 days
mungbean,Rabi,54.3,26.73,42.0,No,0.0,Every 4-6 days
mothbeans,Kharif,44.1,25.3,84.7,No,0.0,Every 4-6 days
apple,Zaid,23.4,35.87,117.7,No,0.0,Every 4-6 days
apple,Kharif,45.1,25.25,44.3,No,0.0,Every 4-6 days
apple,Zaid,59.4,29.54,8.1,Yes,12.0,Every 4-6 days
mothbeans,Rabi,23.4,28.87,101.5,No,0.0,Every 4-6 days
jute,Kharif,35.1,25.63,10.5,Yes,17.5,Every 1-3 days
apple,Kharif,44.5,30.88,42.5,No,0.0,Every 4-6 days
orange,Zaid,53.6,23.26,43.0,No,0.0,Every 4-6 days
pomegranate,Zaid,41.9,19.62,41.9,No,0.0,Every 4-6 days
maize,Zaid,65.8,29.24,25.4,Yes,10.54,Every 4-6 days
papaya,Zaid,44.3,27.71,34.0,Yes,12.18,Every 4-6 days
grapes,Rabi,46.9,21.33,17.2,Yes,10.3,Every 4-6 days
pigeonpeas,Kharif,24.4,33.68,30.5,Yes,13.29,Every 1-3 days
banana,Rabi,35.1,31.94,37.2,Yes,16.83,Every 1-3 days
pomegranate,Rabi,32.5,22.42,69.9,No,0.0,Every 4-6 days
jute,Zaid,59.0,21.18,72.9,No,0.0,Every 4-6 days
mungbean,Zaid,54.2,22.21,25.0,Yes,9.31,Every 4-6 days
coffee,Kharif,40.1,26.7,65.6,No,0.0,Every 4-6 days
banana,Zaid,57.5,28.24,39.1,Yes,14.41,Every 1-3 days
mungbean,Rabi,32.2,24.18,27.6,Yes,12.41,Every 4-6 days
mothbeans,Kharif,49.9,18.86,40.0,Yes,8.66,Every 4-6 days
orange,Zaid,38.4,21.61,47.2,No,0.0,Every 4-6 days
apple,Zaid,52.3,22.99,19.7,Yes,12.22,Every 4-6 days
cotton,Zaid,45.7,20.77,26.8,Yes,9.53,Every 4-6 days
apple,Zaid,68.0,36.03,47.3,No,0.0,Every 4-6 days
muskmelon,Rabi,73.5,26.39,71.9,No,0.0,Every 4-6 days
maize,Zaid,77.7,25.39,27.1,Yes,9.97,Every 4-6 days
watermelon,Zaid,25.1,24.7,31.5,Yes,15.74,Every 1-3 days
banana,Kharif,66.6,27.63,130.5,No,0.0,Every 4-6 days
lentil,Zaid,62.0,21.72,37.7,Yes,8.18,Every 4-6 days
muskmelon,Zaid,30.1,24.09,63.2,No,0.0,Every 1-3 days
papaya,Kharif,57.4,33.46,82.9,No,0.0,Every 4-6 days
mungbean,Rabi,31.2,21.54,82.1,No,0.0,Every 4-6 days
mungbean,Rabi,21.5,35.53,41.8,No,0.0,Every 1-3 days
pigeonpeas,Zaid,33.2,22.89,166.6,No,0.0,Every 4-6 days
pomegranate,Rabi,34.2,30.29,80.8,No,0.0,Every 4-6 days
cotton,Zaid,51.6,23.88,29.3,Yes,9.74,Every 4-6 days
apple,Zaid,27.3,35.1,50.8,No,0.0,Every 4-6 days
mungbean,Kharif,25.7,23.76,51.7,No,0.0,Every 4-6 days
mothbeans,Rabi,59.1,31.69,35.6,Yes,11.57,Every 4-6 days
grapes,Kharif,42.9,27.38,142.7,No,0.0,Every 4-6 days
pomegranate,Kharif,36.3,29.07,9.9,Yes,12.78,Every 4-6 days
banana,Kharif,27.8,28.92,15.7,Yes,18.18,Every 1-3 days
orange,Rabi,47.8,35.1,47.8,No,0.0,Every 4-6 days
mothbeans,Kharif,40.6,21.12,20.2,Yes,10.74,Every 4-6 days
papaya,Kharif,49.9,25.89,34.4,Yes,9.65,Every 4-6 days
apple,Kharif,51.4,35.07,56.7,No,0.0,Every 4-6 days
maize,Zaid,43.3,23.45,33.9,Yes,11.66,Every 4-6 days
coffee,Rabi,51.8,25.57,30.4,Yes,10.42,Every 4-6 days
rice,Zaid,39.9,24.94,9.4,Yes,16.08,Every 1-3 days
pigeonpeas,Rabi,41.0,22.82,48.1,No,0.0,Every 4-6 days
blackgram,Kharif,30.3,27.47,106.7,No,0.0,Every 4-6 days
maize,Rabi,19.9,22.98,56.1,No,0.0,Every 4-6 days
mothbeans,Zaid,13.7,15.49,72.0,No,0.0,Every 4-6 days
chickpea,Zaid,49.8,12.84,21.1,Yes,10.43,Every 4-6 days
lentil,Rabi,35.8,15.51,160.3,No,0.0,Every 7-10 days
jute,Zaid,42.9,19.93,95.2,No,0.0,Every 4-6 days
mango,Kharif,45.2,31.59,35.0,Yes,13.23,Every 4-6 days
orange,Kharif,37.9,29.94,25.6,Yes,13.21,Every 4-6 days
jute,Zaid,52.8,26.63,29.5,Yes,15.44,Every 1-3 days
pomegranate,Kharif,48.3,21.81,163.9,No,0.0,Every 7-10 days
mango,Zaid,49.2,20.58,64.2,No,0.0,Every 4-6 days
banana,Kharif,50.2,35.79,81.2,No,0.0,Every 1-3 days
pigeonpeas,Kharif,53.5,30.63,32.3,Yes,10.44,Every 4-6 days
pomegranate,Kharif,33.2,27.05,30.8,Yes,14.3,Every 4-6 days
coffee,Kharif,55.6,21.87,26.8,Yes,10.23,Every 4-6 days
grapes,Kharif,44.2,23.15,89.3,No,0.0,Every 4-6 days
mango,Zaid,34.2,30.33,13.5,Yes,13.82,Every 4-6 days
rice,Rabi,47.4,27.03,25.5,Yes,16.96,Every 1-3 days
mungbean,Zaid,46.6,30.23,66.8,No,0.0,Every 4-6 days
coffee,Kharif,45.4,22.58,38.6,Yes,14.19,Every 4-6 days
pomegranate,Kharif,32.8,19.31,40.3,No,0.0,Every 4-6 days
mothbeans,Kharif,70.6,27.19,178.0,No,0.0,Every 7-10 days
grapes,Zaid,31.3,24.76,60.6,No,0.0,Every 4-6 days
blackgram,Kharif,42.2,32.22,11.6,Yes,12.91,Every 4-6 days
coconut,Kharif,65.4,24.26,9.2,Yes,9.99,Every 4-6 days
watermelon,Zaid,63.2,30.66,32.6,Yes,16.94,Every 1-3 days
grapes,Kharif,22.6,30.45,64.9,No,0.0,Every 4-6 days
coconut,Zaid,47.9,15.43,61.0,No,0.0,Every 4-6 days
coffee,Rabi,32.7,27.63,45.2,No,0.0,Every 4-6 days
lentil,Zaid,58.2,31.38,20.3,Yes,12.1,Every 4-6 days
pigeonpeas,Rabi,52.0,38.29,215.6,No,0.0,Every 4-6 days
mungbean,Zaid,27.3,23.63,7.2,Yes,12.67,Every 4-6 days
maize,Zaid,48.2,28.93,79.5,No,0.0,Every 4-6 days
cotton,Zaid,11.0,25.23,54.5,No,0.0,Every 4-6 days
pomegranate,Zaid,62.0,35.39,78.1,No,0.0,Every 4-6 days
cotton,Zaid,58.7,35.32,56.6,No,0.0,Every 4-6 days
banana,Zaid,47.2,30.23,20.8,Yes,18.04,Every 1-3 days
mothbeans,Zaid,61.3,20.45,69.9,No,0.0,Every 4-6 days
mango,Kharif,40.0,25.53,60.4,No,0.0,Every 4-6 days
rice,Rabi,37.6,29.79,53.2,No,0.0,Every 1-3 days
jute,Zaid,35.0,23.8,50.1,No,0.0,Every 1-3 days
apple,Zaid,73.9,17.08,29.8,Yes,7.29,Every 4-6 days
chickpea,Zaid,60.1,29.44,86.2,No,0.0,Every 4-6 days
mothbeans,Zaid,23.9,31.32,50.5,No,0.0,Every 4-6 days
apple,Rabi,42.8,26.14,42.1,No,0.0,Every 4-6 days
banana,Kharif,31.1,23.6,33.1,Yes,15.65,Every 1-3 days
mango,Zaid,32.0,22.4,93.0,No,0.0,Every 4-6 days
mothbeans,Rabi,60.0,27.75,24.5,Yes,10.27,Every 4-6 days
coffee,Rabi,90.3,37.25,36.0,Yes,9.07,Every 4-6 days
banana,Rabi,49.0,23.73,16.7,Yes,15.22,Every 1-3 days
maize,Kharif,37.7,26.84,57.3,No,0.0,Every 4-6 days
maize,Kharif,54.0,29.16,14.5,Yes,12.41,Every 4-6 days
pigeonpeas,Kharif,59.4,33.18,11.3,Yes,10.77,Every 4-6 days
maize,Rabi,54.3,26.61,81.0,No,0.0,Every 4-6 days
maize,Zaid,63.4,29.97,32.9,Yes,9.73,Every 4-6 days
banana,Rabi,56.1,23.89,2.0,Yes,13.52,Every 1-3 days
maize,Zaid,59.5,29.54,44.1,No,0.0,Every 4-6 days
apple,Rabi,23.7,30.32,36.6,Yes,13.82,Every 4-6 days
watermelon,Rabi,34.5,22.94,24.4,Yes,16.78,Every 1-3 days
jute,Rabi,50.2,19.47,18.2,Yes,15.97,Every 1-3 days
banana,Kharif,27.3,24.64,19.5,Yes,17.2,Every 1-3 days
coffee,Zaid,41.5,27.6,86.3,No,0.0,Every 4-6 days
apple,Kharif,31.8,28.64,25.8,Yes,11.17,Every 4-6 days
banana,Kharif,45.0,20.6,46.0,No,0.0,Every 1-3 days
cotton,Rabi,11.3,24.51,22.2,Yes,14.89,Every 1-3 days
mungbean,Kharif,36.2,25.64,55.2,No,0.0,Every 4-6 days
lentil,Rabi,39.4,26.5,11.4,Yes,15.0,Every 4-6 days
mungbean,Rabi,11.6,31.72,27.7,Yes,15.65,Every 1-3 days
kidneybeans,Kharif,48.9,26.76,30.3,Yes,11.94,Every 4-6 days
banana,Rabi,66.2,22.48,39.8,Yes,12.37,Every 4-6 days
mango,Zaid,41.0,25.4,10.0,Yes,13.29,Every 4-6 days
rice,Zaid,8.0,30.41,42.0,No,0.0,Every 1-3 days
papaya,Rabi,21.1,34.47,37.8,Yes,14.69,Every 1-3 days
mothbeans,Rabi,43.9,20.35,7.0,Yes,9.65,Every 4-6 days
coffee,Zaid,65.9,24.85,49.5,No,0.0,Every 4-6 days
lentil,Rabi,37.9,36.19,85.2,No,0.0,Every 4-6 days
maize,Kharif,66.9,29.25,40.0,No,0.0,Every 4-6 days
cotton,Zaid,46.2,23.59,84.1,No,0.0,Every 4-6 days
mango,Zaid,24.7,32.84,49.2,No,0.0,Every 4-6 days
blackgram,Rabi,23.5,21.46,90.0,No,0.0,Every 4-6 days
pigeonpeas,Kharif,41.0,27.85,73.6,No,0.0,Every 4-6 days
blackgram,Kharif,7.6,38.76,90.0,No,0.0,Every 1-3 days
pomegranate,Zaid,50.4,22.47,61.4,No,0.0,Every 4-6 days
chickpea,Kharif,50.2,37.36,5.7,Yes,12.74,Every 4-6 days
banana,Kharif,48.5,30.16,140.2,No,0.0,Every 4-6 days
papaya,Zaid,5.7,30.23,3.0,Yes,17.66,Every 1-3 days
maize,Zaid,45.6,32.58,38.4,Yes,13.34,Every 4-6 days
blackgram,Zaid,18.7,32.47,88.3,No,0.0,Every 4-6 days
banana,Kharif,37.4,26.78,86.9,No,0.0,Every 1-3 days
grapes,Kharif,60.6,28.47,105.2,No,0.0,Every 4-6 days
muskmelon,Rabi,43.2,25.71,79.4,No,0.0,Every 1-3 days
maize,Kharif,37.3,21.35,4.6,Yes,11.78,Every 4-6 days
blackgram,Rabi,45.6,18.62,4.6,Yes,13.46,Every 4-6 days
lentil,Kharif,54.5,37.1,33.9,Yes,10.71,Every 4-6 days
coffee,Zaid,57.9,30.49,32.6,Yes,9.14,Every 4-6 days
muskmelon,Kharif,36.3,36.0,44.2,No,0.0,Every 1-3 days
coffee,Rabi,9.2,33.98,56.1,No,0.0,Every 1-3 days
coconut,Rabi,34.3,33.99,98.1,No,0.0,Every 4-6 days
coffee,Zaid,80.1,24.76,40.1,No,0.0,Every 4-6 days
orange,Kharif,58.2,33.73,37.7,Yes,12.76,Every 4-6 days
pomegranate,Kharif,39.7,29.67,86.8,No,0.0,Every 4-6 days
mango,Kharif,48.1,24.08,6.8,Yes,12.15,Every 4-6 days
apple,Kharif,29.0,29.87,76.6,No,0.0,Every 4-6 days
lentil,Zaid,54.7,26.06,63.4,No,0.0,Every 4-6 days
apple,Zaid,52.9,27.45,55.5,No,0.0,Every 4-6 days
lentil,Kharif,26.1,28.09,15.8,Yes,13.58,Every 4-6 days
apple,Kharif,37.0,36.79,113.8,No,0.0,Every 4-6 days
maize,Rabi,29.9,40.41,83.3,No,0.0,Every 4-6 days
watermelon,Zaid,58.9,27.58,121.9,No,0.0,Every 4-6 days
jute,Kharif,57.6,26.04,88.6,No,0.0,Every 4-6 days
mothbeans,Kharif,37.7,26.57,45.0,No,0.0,Every 4-6 days
rice,Zaid,51.0,24.55,47.4,No,0.0,Every 1-3 days
cotton,Zaid,61.9,28.19,25.7,Yes,10.98,Every 4-6 days
mothbeans,Zaid,45.7,27.42,65.2,No,0.0,Every 4-6 days
cotton,Rabi,36.9,25.42,5.6,Yes,12.35,Every 4-6 days
mungbean,Zaid,39.2,27.71,52.7,No,0.0,Every 4-6 days
muskmelon,Zaid,65.2,29.42,20.8,Yes,16.02,Every 1-3 days
banana,Kharif,56.4,26.67,46.9,No,0.0,Every 1-3 days
rice,Zaid,48.9,22.88,48.6,No,0.0,Every 1-3 days
grapes,Kharif,18.2,22.95,86.0,No,0.0,Every 4-6 days
cotton,Rabi,52.7,32.43,37.9,Yes,9.23,Every 4-6 days
lentil,Rabi,28.3,35.63,29.3,Yes,12.58,Every 1-3 days
mothbeans,Rabi,41.2,31.61,79.6,No,0.0,Every 4-6 days
grapes,Rabi,21.2,30.42,30.8,Yes,14.87,Every 4-6 days
cotton,Zaid,53.0,32.56,6.4,Yes,12.03,Every 4-6 days
banana,Zaid,20.1,34.54,36.6,Yes,19.51,Every 1-3 days
muskmelon,Rabi,78.4,26.92,23.5,Yes,12.04,Every 4-6 days
grapes,Rabi,52.7,17.08,20.6,Yes,8.54,Every 4-6 days
coffee,Kharif,38.4,33.19,156.6,No,0.0,Every 4-6 days
muskmelon,Zaid,48.8,30.23,54.7,No,0.0,Every 1-3 days
jute,Zaid,50.6,26.25,93.8,No,0.0,Every 4-6 days
blackgram,Kharif,39.1,20.0,52.7,No,0.0,Every 4-6 days
cotton,Zaid,48.4,29.21,16.4,Yes,11.32,Every 4-6 days
rice,Rabi,62.4,31.67,115.9,No,0.0,Every 4-6 days
mungbean,Rabi,50.0,24.47,17.0,Yes,10.48,Every 4-6 days
cotton,Zaid,81.1,28.51,21.8,Yes,9.96,Every 4-6 days
coconut,Rabi,28.5,20.57,15.7,Yes,13.75,Every 4-6 days
mothbeans,Zaid,61.8,30.19,52.4,No,0.0,Every 4-6 days
apple,Rabi,64.4,33.57,36.5,Yes,11.49,Every 4-6 days
apple,Kharif,55.0,14.0,28.3,Yes,8.66,Every 4-6 days
pomegranate,Kharif,34.8,26.02,25.1,Yes,12.49,Every 4-6 days
apple,Zaid,50.3,30.33,8.8,Yes,12.1,Every 4-6 days
coconut,Zaid,42.4,30.06,24.3,Yes,12.51,Every 4-6 days
maize,Zaid,44.5,23.77,67.6,No,0.0,Every 4-6 days
jute,Rabi,42.0,30.89,18.8,Yes,15.79,Every 1-3 days
pigeonpeas,Zaid,61.8,27.38,234.4,No,0.0,Every 7-10 days
papaya,Rabi,72.1,30.28,39.8,Yes,9.89,Every 4-6 days
banana,Kharif,45.3,25.23,54.4,No,0.0,Every 1-3 days
apple,Rabi,59.7,30.33,18.9,Yes,13.34,Every 4-6 days
kidneybeans,Kharif,49.3,28.55,32.7,Yes,11.98,Every 4-6 days
blackgram,Zaid,56.4,26.31,35.0,Yes,10.68,Every 4-6 days
coffee,Kharif,45.9,31.4,34.9,Yes,12.96,Every 4-6 days
mungbean,Zaid,53.7,24.63,80.2,No,0.0,Every 4-6 days
watermelon,Rabi,91.1,28.86,58.6,No,0.0,Every 4-6 days
kidneybeans,Kharif,46.6,26.79,76.1,No,0.0,Every 4-6 days
mungbean,Kharif,38.4,25.4,111.1,No,0.0,Every 4-6 days
papaya,Kharif,7.3,26.8,39.3,Yes,14.49,Every 1-3 days
blackgram,Rabi,61.6,27.74,52.2,No,0.0,Every 4-6 days
jute,Kharif,54.6,31.86,43.2,No,0.0,Every 1-3 days
maize,Zaid,34.0,25.83,77.4,No,0.0,Every 4-6 days
grapes,Kharif,17.9,30.3,19.1,Yes,14.69,Every 1-3 days
papaya,Rabi,55.0,30.58,20.5,Yes,11.37,Every 4-6 days
grapes,Kharif,73.8,30.45,23.0,Yes,8.21,Every 4-6 days
apple,Kharif,81.6,20.82,13.9,Yes,8.83,Every 4-6 days
banana,Rabi,42.3,42.14,59.0,No,0.0,Every 1-3 days
cotton,Rabi,47.0,28.08,8.7,Yes,11.91,Every 4-6 days
blackgram,Rabi,73.9,27.33,22.5,Yes,7.98,Every 4-6 days
watermelon,Kharif,45.4,22.13,28.1,Yes,15.06,Every 1-3 days
banana,Zaid,55.6,26.2,34.5,Yes,16.12,Every 1-3 days
banana,Zaid,66.0,26.21,14.6,Yes,15.21,Every 1-3 days
kidneybeans,Rabi,41.2,24.82,12.0,Yes,12.18,Every 4-6 days
watermelon,Zaid,41.0,35.3,82.6,No,0.0,Every 1-3 days
muskmelon,Zaid,56.8,28.67,90.8,No,0.0,Every 4-6 days
chickpea,Kharif,42.9,26.16,63.4,No,0.0,Every 4-6 days
mothbeans,Zaid,28.9,22.38,48.5,No,0.0,Every 4-6 days
mothbeans,Rabi,29.9,30.6,3.5,Yes,14.82,Every 1-3 days
grapes,Kharif,76.5,32.6,86.9,No,0.0,Every 4-6 days
orange,Zaid,57.3,32.71,131.7,No,0.0,Every 4-6 days
rice,Kharif,61.7,28.12,22.5,Yes,15.47,Every 1-3 days
banana,Rabi,25.2,32.56,53.1,No,0.0,Every 1-3 days
kidneybeans,Zaid,25.8,35.32,49.3,No,0.0,Every 4-6 days
chickpea,Kharif,36.6,26.38,37.0,Yes,12.49,Every 4-6 days
orange,Zaid,28.3,29.95,31.4,Yes,13.31,Every 4-6 days
watermelon,Zaid,29.7,29.51,24.5,Yes,16.34,Every 1-3 days
coffee,Rabi,59.4,21.02,34.7,Yes,6.8,Every 4-6 days
kidneybeans,Zaid,80.7,31.74,48.6,No,0.0,Every 4-6 days
mungbean,Rabi,47.6,29.4,27.2,Yes,12.45,Every 4-6 days
coconut,Rabi,42.1,28.93,81.2,No,0.0,Every 4-6 days
pomegranate,Rabi,47.3,24.02,84.4,No,0.0,Every 4-6 days
banana,Zaid,47.6,26.08,18.1,Yes,17.81,Every 1-3 days
kidneybeans,Rabi,61.0,29.75,119.2,No,0.0,Every 4-6 days
kidneybeans,Kharif,56.5,23.78,14.2,Yes,8.96,Every 4-6 days
blackgram,Kharif,41.2,21.06,39.9,Yes,11.98,Every 4-6 days
rice,Rabi,33.3,23.33,32.9,Yes,16.05,Every 1-3 days
grapes,Zaid,52.2,25.65,33.3,Yes,9.23,Every 4-6 days
watermelon,Zaid,30.8,28.18,30.1,Yes,18.06,Every 1-3 days
banana,Rabi,58.2,24.9,24.8,Yes,14.67,Every 1-3 days
coffee,Zaid,49.2,31.96,36.6,Yes,10.81,Every 4-6 days
mungbean,Rabi,26.4,22.17,8.5,Yes,12.12,Every 4-6 days
grapes,Zaid,57.6,22.62,86.1,No,0.0,Every 4-6 days
pomegranate,Kharif,52.6,37.55,40.3,No,0.0,Every 4-6 days
kidneybeans,Kharif,43.8,31.84,26.2,Yes,11.64,Every 4-6 days
grapes,Kharif,56.3,17.99,59.0,No,0.0,Every 4-6 days
mango,Kharif,16.3,29.97,13.6,Yes,15.47,Every 1-3 days
cotton,Kharif,62.4,26.06,5.3,Yes,9.34,Every 4-6 days
lentil,Zaid,24.2,21.94,22.2,Yes,14.43,Every 4-6 days
blackgram,Kharif,37.4,30.07,40.5,No,0.0,Every 4-6 days
mango,Rabi,46.7,26.49,17.0,Yes,12.4,Every 4-6 days
muskmelon,Rabi,46.5,31.58,14.3,Yes,17.16,Every 1-3 days
coffee,Rabi,64.2,31.43,6.2,Yes,11.92,Every 4-6 days
lentil,Kharif,50.3,27.18,12.6,Yes,14.01,Every 4-6 days
pigeonpeas,Kharif,61.6,31.08,40.9,No,0.0,Every 4-6 days
muskmelon,Zaid,5.0,31.82,24.7,Yes,19.87,Every 1-3 days
papaya,Kharif,63.0,22.26,22.5,Yes,8.56,Every 4-6 days
cotton,Rabi,17.3,25.78,53.9,No,0.0,Every 4-6 days
mothbeans,Rabi,35.2,24.34,10.7,Yes,12.63,Every 4-6 days
papaya,Kharif,25.3,29.33,50.3,No,0.0,Every 4-6 days
rice,Rabi,68.8,37.37,81.0,No,0.0,Every 4-6 days
mungbean,Rabi,49.2,26.97,28.4,Yes,12.54,Every 4-6 days
chickpea,Kharif,44.9,24.3,15.9,Yes,10.28,Every 4-6 days
mungbean,Kharif,5.9,20.89,87.1,No,0.0,Every 4-6 days
orange,Rabi,44.9,26.39,21.9,Yes,12.0,Every 4-6 days
coffee,Rabi,79.1,23.78,68.5,No,0.0,Every 7-10 days
lentil,Zaid,69.9,25.82,67.7,No,0.0,Every 4-6 days
rice,Rabi,48.3,22.21,74.9,No,0.0,Every 4-6 days
rice,Rabi,42.7,26.52,1.3,Yes,16.56,Every 1-3 days
cotton,Kharif,46.5,26.61,64.5,No,0.0,Every 4-6 days
papaya,Kharif,58.8,36.94,4.1,Yes,12.99,Every 4-6 days
mango,Kharif,10.6,34.1,52.1,No,0.0,Every 1-3 days
mango,Zaid,54.9,24.75,21.9,Yes,10.82,Every 4-6 days
muskmelon,Rabi,57.4,32.2,1.4,Yes,16.65,Every 1-3 days
chickpea,Zaid,50.7,21.55,87.1,No,0.0,Every 4-6 days
lentil,Kharif,51.2,35.52,24.0,Yes,12.3,Every 4-6 days
muskmelon,Kharif,36.3,32.98,6.5,Yes,17.56,Every 1-3 days
jute,Rabi,64.9,34.07,55.9,No,0.0,Every 1-3 days
maize,Zaid,40.6,26.23,70.6,No,0.0,Every 4-6 days
mango,Rabi,44.3,33.5,54.2,No,0.0,Every 4-6 days
kidneybeans,Kharif,49.9,20.4,43.5,No,0.0,Every 4-6 days
orange,Kharif,26.2,22.26,62.3,No,0.0,Every 4-6 days
pigeonpeas,Rabi,36.3,29.9,101.0,No,0.0,Every 4-6 days
pomegranate,Kharif,39.0,24.75,7.6,Yes,13.14,Every 4-6 days
watermelon,Kharif,90.9,23.49,9.9,Yes,11.64,Every 4-6 days
lentil,Kharif,30.3,20.12,42.3,No,0.0,Every 4-6 days
watermelon,Zaid,55.3,22.38,100.4,No,0.0,Every 4-6 days
muskmelon,Kharif,56.3,31.36,49.8,No,0.0,Every 1-3 days
mothbeans,Kharif,49.1,32.15,21.5,Yes,12.9,Every 4-6 days
jute,Kharif,63.0,31.31,72.3,No,0.0,Every 4-6 days
jute,Kharif,76.8,27.99,65.3,No,0.0,Every 4-6 days
chickpea,Rabi,61.0,22.04,37.5,Yes,11.78,Every 4-6 days
papaya,Zaid,39.7,28.8,99.8,No,0.0,Every 4-6 days
coconut,Rabi,35.7,32.34,38.0,Yes,12.78,Every 4-6 days
coconut,Kharif,48.6,23.87,59.5,No,0.0,Every 4-6 days
papaya,Kharif,19.0,25.78,4.9,Yes,14.65,Every 1-3 days
pomegranate,Kharif,36.2,31.55,20.0,Yes,13.23,Every 4-6 days
watermelon,Zaid,32.0,25.07,31.4,Yes,18.19,Every 1-3 days
orange,Kharif,24.0,30.83,117.8,No,0.0,Every 4-6 days
orange,Zaid,50.0,27.51,8.2,Yes,12.41,Every 4-6 days
muskmelon,Kharif,42.7,21.29,72.2,No,0.0,Every 4-6 days
mothbeans,Zaid,44.0,23.87,76.8,No,0.0,Every 4-6 days
watermelon,Kharif,23.0,32.61,45.0,No,0.0,Every 1-3 days
blackgram,Rabi,41.6,23.44,41.0,No,0.0,Every 4-6 days
watermelon,Kharif,48.1,28.44,17.1,Yes,16.25,Every 1-3 days
papaya,Kharif,62.3,26.86,8.1,Yes,11.5,Every 4-6 days
rice,Kharif,59.4,25.45,5.5,Yes,15.19,Every 1-3 days
mango,Zaid,44.0,26.8,81.7,No,0.0,Every 4-6 days
banana,Zaid,60.3,23.45,33.7,Yes,15.4,Every 4-6 days
coffee,Rabi,15.0,24.44,79.2,No,0.0,Every 4-6 days
kidneybeans,Zaid,24.6,35.91,30.9,Yes,16.75,Every 1-3 days
mothbeans,Zaid,53.0,27.25,24.1,Yes,13.66,Every 4-6 days
papaya,Kharif,48.8,24.35,28.6,Yes,12.02,Every 4-6 days
pomegranate,Zaid,61.2,30.05,16.8,Yes,11.81,Every 4-6 days
cotton,Zaid,9.9,32.76,120.7,No,0.0,Every 4-6 days
cotton,Rabi,35.5,32.72,21.4,Yes,12.82,Every 4-6 days
coconut,Zaid,40.4,16.03,51.7,No,0.0,Every 4-6 days
muskmelon,Rabi,46.1,34.79,17.5,Yes,17.92,Every 1-3 days
pigeonpeas,Zaid,46.3,32.84,32.7,Yes,12.08,Every 4-6 days
maize,Kharif,17.8,33.89,50.0,No,0.0,Every 1-3 days
papaya,Rabi,44.4,24.3,63.6,No,0.0,Every 4-6 days
coconut,Rabi,46.9,32.66,58.3,No,0.0,Every 4-6 days
grapes,Rabi,20.2,29.25,51.7,No,0.0,Every 4-6 days
mungbean,Zaid,40.2,26.96,18.0,Yes,12.02,Every 4-6 days
blackgram,Kharif,34.8,30.75,43.9,No,0.0,Every 4-6 days
pigeonpeas,Zaid,29.5,26.84,4.5,Yes,14.43,Every 4-6 days
mothbeans,Kharif,57.5,36.94,19.5,Yes,13.67,Every 4-6 days
banana,Kharif,49.0,25.49,43.1,No,0.0,Every 1-3 days
rice,Zaid,57.7,28.92,34.1,Yes,15.18,Every 1-3 days
orange,Zaid,52.8,25.25,22.5,Yes,11.02,Every 4-6 days
cotton,Zaid,29.3,32.19,47.9,No,0.0,Every 4-6 days
orange,Rabi,57.9,29.46,22.5,Yes,11.01,Every 4-6 days
orange,Zaid,47.2,28.5,22.3,Yes,12.1,Every 4-6 days
orange,Rabi,56.2,21.07,69.4,No,0.0,Every 4-6 days
maize,Zaid,27.2,20.49,66.4,No,0.0,Every 4-6 days
cotton,Zaid,45.0,25.08,17.8,Yes,12.33,Every 4-6 days
lentil,Rabi,38.2,28.11,46.8,No,0.0,Every 4-6 days
cotton,Zaid,47.0,25.48,29.5,Yes,8.97,Every 4-6 days
cotton,Zaid,60.5,36.5,33.8,Yes,11.26,Every 4-6 days
watermelon,Zaid,70.0,29.03,74.4,No,0.0,Every 4-6 days
mungbean,Zaid,16.5,31.44,44.7,No,0.0,Every 1-3 days
muskmelon,Zaid,42.4,21.9,27.9,Yes,16.19,Every 1-3 days
kidneybeans,Rabi,83.7,32.7,16.0,Yes,10.1,Every 4-6 days
chickpea,Rabi,33.6,19.65,27.7,Yes,12.86,Every 4-6 days
rice,Rabi,38.9,28.68,128.3,No,0.0,Every 4-6 days
mothbeans,Rabi,39.0,22.51,79.8,No,0.0,Every 4-6 days
jute,Kharif,47.4,30.56,11.3,Yes,16.28,Every 1-3 days
pomegranate,Zaid,62.1,26.26,44.2,No,0.0,Every 4-6 days
pigeonpeas,Kharif,33.4,16.67,18.7,Yes,11.46,Every 4-6 days
grapes,Zaid,50.7,33.27,33.4,Yes,11.72,Every 4-6 days
blackgram,Rabi,53.4,19.89,60.9,No,0.0,Every 4-6 days
mango,Rabi,55.0,26.86,16.7,Yes,11.62,Every 4-6 days
chickpea,Rabi,30.5,29.55,18.1,Yes,13.67,Every 4-6 days
watermelon,Rabi,56.0,22.32,25.5,Yes,12.99,Every 1-3 days
lentil,Kharif,60.3,32.06,35.2,Yes,10.47,Every 4-6 days
pigeonpeas,Kharif,33.8,26.79,3.5,Yes,11.37,Every 4-6 days
banana,Zaid,49.4,27.88,29.1,Yes,16.37,Every 1-3 days
chickpea,Zaid,45.2,30.05,42.0,No,0.0,Every 4-6 days
blackgram,Kharif,45.7,15.8,9.2,Yes,8.73,Every 4-6 days
watermelon,Zaid,69.4,31.74,111.5,No,0.0,Every 4-6 days
cotton,Rabi,43.3,30.08,77.4,No,0.0,Every 4-6 days
papaya,Rabi,48.7,29.41,34.9,Yes,10.72,Every 4-6 days
mungbean,Zaid,70.1,27.08,46.5,No,0.0,Every 4-6 days
chickpea,Zaid,64.1,26.58,92.6,No,0.0,Every 4-6 days
coffee,Rabi,49.4,31.35,15.0,Yes,12.94,Every 4-6 days
pigeonpeas,Zaid,51.5,29.47,26.3,Yes,10.87,Every 4-6 days
coconut,Kharif,64.7,32.89,35.6,Yes,11.73,Every 4-6 days
mango,Kharif,37.3,26.67,5.6,Yes,13.87,Every 4-6 days
blackgram,Rabi,78.8,26.28,24.3,Yes,7.97,Every 4-6 days
cotton,Zaid,55.5,31.59,86.2,No,0.0,Every 4-6 days
mango,Zaid,23.7,40.16,92.4,No,0.0,Every 4-6 days
rice,Rabi,37.0,29.24,45.5,No,0.0,Every 1-3 days
watermelon,Rabi,23.7,32.83,61.6,No,0.0,Every 1-3 days
coffee,Zaid,13.1,32.42,29.5,Yes,15.45,Every 1-3 days
pigeonpeas,Kharif,56.9,27.93,21.9,Yes,9.94,Every 4-6 days
mango,Zaid,31.1,36.81,37.7,Yes,12.64,Every 1-3 days
coconut,Rabi,52.5,36.23,31.9,Yes,11.77,Every 4-6 days
maize,Kharif,63.9,33.95,72.8,No,0.0,Every 4-6 days
pigeonpeas,Zaid,45.7,20.87,77.6,No,0.0,Every 4-6 days
mango,Zaid,52.7,19.63,48.4,No,0.0,Every 4-6 days
banana,Kharif,76.9,29.79,22.4,Yes,11.85,Every 4-6 days
apple,Rabi,47.7,32.23,13.4,Yes,11.36,Every 4-6 days
banana,Rabi,35.5,32.46,62.7,No,0.0,Every 1-3 days
muskmelon,Rabi,39.5,29.15,15.1,Yes,18.65,Every 1-3 days
pigeonpeas,Kharif,51.2,23.52,14.0,Yes,10.3,Every 4-6 days
papaya,Kharif,62.5,23.36,24.6,Yes,9.68,Every 4-6 days
jute,Rabi,41.3,25.4,40.8,No,0.0,Every 1-3 days
blackgram,Rabi,76.6,35.24,23.1,Yes,8.72,Every 4-6 days
jute,Zaid,36.7,28.83,78.5,No,0.0,Every 1-3 days
watermelon,Zaid,65.1,24.66,17.4,Yes,15.95,Every 4-6 days
grapes,Zaid,42.0,19.63,59.2,No,0.0,Every 4-6 days
grapes,Rabi,67.9,25.42,20.1,Yes,10.81,Every 4-6 days
pigeonpeas,Rabi,37.6,27.86,8.8,Yes,13.27,Every 4-6 days
watermelon,Zaid,18.4,22.77,20.1,Yes,17.63,Every 1-3 days
pomegranate,Kharif,41.6,24.28,38.1,Yes,11.49,Every 4-6 days
coffee,Kharif,29.7,33.38,7.3,Yes,17.63,Every 1-3 days
coffee,Zaid,80.1,24.94,72.6,No,0.0,Every 7-10 days
pigeonpeas,Zaid,42.5,29.71,65.7,No,0.0,Every 4-6 days
mango,Kharif,56.9,26.3,89.4,No,0.0,Every 4-6 days
jute,Zaid,82.8,39.73,31.1,Yes,15.16,Every 1-3 days
muskmelon,Zaid,40.6,27.6,70.7,No,0.0,Every 1-3 days
watermelon,Kharif,46.4,34.02,78.2,No,0.0,Every 1-3 days
apple,Rabi,37.5,37.36,42.3,No,0.0,Every 4-6 days
papaya,Rabi,44.8,38.45,48.3,No,0.0,Every 4-6 days
mungbean,Kharif,60.5,33.0,13.3,Yes,11.75,Every 4-6 days
mungbean,Kharif,20.4,36.17,93.0,No,0.0,Every 4-6 days
maize,Rabi,70.5,32.21,7.5,Yes,10.18,Every 4-6 days
banana,Zaid,43.6,33.99,22.8,Yes,17.19,Every 1-3 days
pigeonpeas,Kharif,52.1,23.7,13.4,Yes,11.74,Every 4-6 days
watermelon,Kharif,40.9,23.63,21.8,Yes,15.14,Every 1-3 days
pomegranate,Rabi,42.6,20.07,10.8,Yes,10.23,Every 4-6 days
mango,Kharif,46.6,26.41,94.6,No,0.0,Every 4-6 days
maize,Zaid,23.7,33.2,65.1,No,0.0,Every 4-6 days
orange,Kharif,28.1,27.08,37.6,Yes,12.47,Every 4-6 days
blackgram,Kharif,28.5,27.83,37.9,Yes,13.84,Every 4-6 days
coffee,Zaid,32.5,29.21,52.4,No,0.0,Every 4-6 days
grapes,Rabi,57.3,26.02,46.0,No,0.0,Every 4-6 days
pigeonpeas,Zaid,58.7,21.4,75.0,No,0.0,Every 4-6 days
apple,Zaid,53.7,14.34,13.8,Yes,7.46,Every 4-6 days
maize,Zaid,57.8,27.59,46.5,No,0.0,Every 4-6 days
chickpea,Rabi,35.2,30.99,97.7,No,0.0,Every 4-6 days
grapes,Rabi,47.9,22.89,66.2,No,0.0,Every 4-6 days
lentil,Rabi,63.4,13.58,32.2,Yes,7.66,Every 4-6 days
watermelon,Rabi,40.6,30.43,2.8,Yes,19.7,Every 1-3 days
mothbeans,Rabi,56.6,20.46,43.1,No,0.0,Every 4-6 days
coffee,Rabi,63.6,25.81,12.2,Yes,11.26,Every 4-6 days
apple,Rabi,34.5,20.93,11.8,Yes,10.5,Every 4-6 days
coconut,Zaid,47.3,26.08,71.8,No,0.0,Every 4-6 days
jute,Rabi,51.4,24.04,74.6,No,0.0,Every 4-6 days
pomegranate,Zaid,47.0,27.91,51.9,No,0.0,Every 4-6 days
muskmelon,Zaid,61.0,26.87,39.3,Yes,15.02,Every 4-6 days
lentil,Rabi,44.3,24.86,46.2,No,0.0,Every 4-6 days
chickpea,Kharif,44.7,30.86,27.4,Yes,14.09,Every 4-6 days
papaya,Kharif,41.1,36.23,24.0,Yes,14.05,Every 4-6 days
apple,Kharif,27.3,31.99,120.5,No,0.0,Every 4-6 days
lentil,Zaid,27.6,25.71,22.8,Yes,12.98,Every 4-6 days
blackgram,Rabi,36.2,28.6,37.0,Yes,14.86,Every 4-6 days
banana,Kharif,57.2,34.05,47.1,No,0.0,Every 1-3 days
maize,Kharif,42.1,26.33,73.0,No,0.0,Every 4-6 days
kidneybeans,Zaid,24.7,35.88,88.1,No,0.0,Every 4-6 days
coconut,Rabi,46.9,31.93,73.5,No,0.0,Every 4-6 days
mothbeans,Rabi,30.7,31.96,57.9,No,0.0,Every 4-6 days
pigeonpeas,Zaid,35.5,32.72,11.8,Yes,12.79,Every 4-6 days
lentil,Zaid,35.6,34.45,60.7,No,0.0,Every 4-6 days
chickpea,Zaid,53.1,28.32,56.8,No,0.0,Every 4-6 days
papaya,Rabi,42.3,34.39,44.4,No,0.0,Every 4-6 days
chickpea,Rabi,37.5,26.62,70.9,No,0.0,Every 4-6 days
pomegranate,Rabi,49.0,22.14,9.2,Yes,11.81,Every 4-6 days
mothbeans,Rabi,17.0,26.69,48.4,No,0.0,Every 4-6 days
grapes,Rabi,33.1,27.57,21.3,Yes,13.29,Every 4-6 days
rice,Rabi,39.1,35.08,82.4,No,0.0,Every 1-3 days
muskmelon,Zaid,47.5,33.6,47.3,No,0.0,Every 1-3 days
muskmelon,Zaid,40.3,24.65,26.1,Yes,16.39,Every 1-3 days
mungbean,Kharif,54.7,26.16,66.7,No,0.0,Every 4-6 days
jute,Rabi,62.9,33.92,36.4,Yes,16.32,Every 1-3 days
blackgram,Rabi,20.5,25.39,42.3,No,0.0,Every 4-6 days
kidneybeans,Kharif,21.6,29.26,78.1,No,0.0,Every 4-6 days
pigeonpeas,Zaid,33.4,27.38,70.1,No,0.0,Every 4-6 days
coffee,Zaid,61.5,23.89,19.3,Yes,9.58,Every 4-6 days
banana,Kharif,73.2,34.89,57.3,No,0.0,Every 4-6 days
lentil,Kharif,48.6,29.48,40.9,No,0.0,Every 4-6 days
mothbeans,Rabi,55.5,34.66,41.7,No,0.0,Every 4-6 days
blackgram,Kharif,33.2,23.64,50.8,No,0.0,Every 4-6 days
jute,Rabi,35.7,23.58,22.1,Yes,16.77,Every 1-3 days
maize,Kharif,37.7,33.71,2.2,Yes,15.4,Every 4-6 days
kidneybeans,Zaid,40.1,22.89,82.9,No,0.0,Every 4-6 days
coffee,Kharif,60.7,22.75,20.9,Yes,9.86,Every 4-6 days
kidneybeans,Zaid,51.3,27.05,4.9,Yes,10.26,Every 4-6 days
blackgram,Kharif,13.7,29.46,12.8,Yes,15.75,Every 1-3 days
coconut,Zaid,43.7,31.91,64.2,No,0.0,Every 4-6 days
mango,Kharif,45.1,31.23,8.6,Yes,13.5,Every 4-6 days
coffee,Kharif,43.0,29.91,132.1,No,0.0,Every 4-6 days
cotton,Zaid,41.9,21.23,30.2,Yes,9.87,Every 4-6 days
kidneybeans,Kharif,61.5,25.87,68.0,No,0.0,Every 4-6 days
muskmelon,Rabi,38.6,29.58,6.0,Yes,17.69,Every 1-3 days
pigeonpeas,Kharif,13.8,29.82,46.9,No,0.0,Every 1-3 days
watermelon,Kharif,42.6,32.88,51.4,No,0.0,Every 1-3 days
chickpea,Kharif,53.6,41.34,22.0,Yes,13.36,Every 4-6 days
papaya,Kharif,45.4,31.69,24.1,Yes,13.05,Every 4-6 days
muskmelon,Rabi,24.0,28.54,70.0,No,0.0,Every 1-3 days
coconut,Zaid,46.4,29.99,66.8,No,0.0,Every 4-6 days
blackgram,Kharif,61.2,31.59,174.3,No,0.0,Every 7-10 days
chickpea,Zaid,52.4,33.84,9.7,Yes,12.77,Every 4-6 days
chickpea,Rabi,42.5,23.57,13.0,Yes,11.95,Every 4-6 days
apple,Kharif,60.4,36.67,32.6,Yes,13.65,Every 4-6 days
watermelon,Kharif,45.3,28.85,90.8,No,0.0,Every 1-3 days
maize,Rabi,54.7,25.92,43.4,No,0.0,Every 4-6 days
watermelon,Rabi,39.8,30.31,24.3,Yes,18.2,Every 1-3 days
orange,Zaid,44.0,25.89,56.3,No,0.0,Every 4-6 days
maize,Kharif,35.3,27.31,76.1,No,0.0,Every 4-6 days
lentil,Kharif,33.3,31.15,15.9,Yes,12.31,Every 4-6 days
orange,Rabi,40.5,30.67,65.1,No,0.0,Every 4-6 days
banana,Zaid,45.4,36.62,24.2,Yes,17.28,Every 1-3 days
lentil,Kharif,24.2,25.96,41.0,No,0.0,Every 4-6 days
mungbean,Kharif,39.2,31.5,63.9,No,0.0,Every 4-6 days
apple,Rabi,63.7,27.36,65.6,No,0.0,Every 4-6 days
grapes,Kharif,51.1,18.95,11.7,Yes,9.95,Every 4-6 days
mungbean,Rabi,55.6,30.58,46.1,No,0.0,Every 4-6 days
pigeonpeas,Zaid,77.2,25.53,58.0,No,0.0,Every 4-6 days
cotton,Rabi,58.9,23.58,40.2,No,0.0,Every 4-6 days
chickpea,Kharif,34.8,25.35,58.0,No,0.0,Every 4-6 days
rice,Kharif,38.9,23.49,12.6,Yes,17.52,Every 1-3 days
papaya,Zaid,56.0,28.02,86.9,No,0.0,Every 4-6 days
orange,Kharif,56.5,24.41,42.9,No,0.0,Every 4-6 days
coconut,Kharif,33.5,26.61,31.1,Yes,13.68,Every 4-6 days
chickpea,Kharif,74.7,30.46,117.8,No,0.0,Every 7-10 days
banana,Rabi,39.5,40.82,148.2,No,0.0,Every 1-3 days
orange,Kharif,55.3,36.78,42.4,No,0.0,Every 4-6 days
banana,Kharif,39.5,19.79,19.8,Yes,16.42,Every 1-3 days
apple,Kharif,51.5,26.15,55.9,No,0.0,Every 4-6 days
coffee,Kharif,47.1,23.94,70.3,No,0.0,Every 4-6 days
pomegranate,Kharif,28.2,23.48,24.4,Yes,12.82,Every 4-6 days
papaya,Zaid,45.6,25.47,29.2,Yes,9.42,Every 4-6 days
grapes,Rabi,29.3,22.44,8.2,Yes,11.24,Every 4-6 days
maize,Zaid,32.5,25.66,22.0,Yes,13.16,Every 4-6 days
kidneybeans,Zaid,55.7,23.77,35.9,Yes,8.59,Every 4-6 days
lentil,Zaid,30.4,30.71,80.8,No,0.0,Every 4-6 days
maize,Zaid,33.3,21.9,0.8,Yes,14.33,Every 4-6 days
apple,Kharif,52.5,27.81,22.5,Yes,10.06,Every 4-6 days
cotton,Zaid,51.5,21.87,27.3,Yes,11.5,Every 4-6 days
pigeonpeas,Rabi,56.5,28.42,27.0,Yes,9.05,Every 4-6 days
mango,Zaid,58.1,33.92,59.4,No,0.0,Every 4-6 days
papaya,Rabi,16.9,26.36,12.9,Yes,15.4,Every 1-3 days
mothbeans,Zaid,45.4,30.64,82.7,No,0.0,Every 4-6 days
pomegranate,Rabi,31.0,39.3,22.3,Yes,14.63,Every 1-3 days
jute,Zaid,41.8,32.61,41.2,No,0.0,Every 1-3 days
banana,Zaid,57.5,24.5,28.0,Yes,15.72,Every 1-3 days
muskmelon,Zaid,36.7,21.66,142.0,No,0.0,Every 4-6 days
orange,Kharif,40.1,28.54,19.6,Yes,11.92,Every 4-6 days
coffee,Zaid,39.9,34.71,53.3,No,0.0,Every 4-6 days
mothbeans,Zaid,45.7,28.28,62.6,No,0.0,Every 4-6 days
mango,Rabi,53.7,22.06,20.9,Yes,9.55,Every 4-6 days
orange,Zaid,31.6,25.69,20.5,Yes,12.79,Every 4-6 days
mungbean,Zaid,34.7,29.97,8.4,Yes,14.3,Every 4-6 days
apple,Rabi,33.2,33.03,114.0,No,0.0,Every 4-6 days
mango,Zaid,40.0,30.57,19.6,Yes,15.99,Every 4-6 days
coconut,Zaid,16.0,19.14,19.8,Yes,14.96,Every 4-6 days
mungbean,Kharif,5.0,32.56,8.1,Yes,16.02,Every 1-3 days
kidneybeans,Rabi,58.8,22.56,42.8,No,0.0,Every 4-6 days
pomegranate,Kharif,65.1,27.25,8.3,Yes,10.95,Every 4-6 days
banana,Kharif,50.0,27.59,61.5,No,0.0,Every 1-3 days
cotton,Rabi,40.4,29.42,27.1,Yes,11.23,Every 4-6 days
mothbeans,Rabi,64.9,29.58,37.7,Yes,10.42,Every 4-6 days
papaya,Rabi,21.3,30.7,50.2,No,0.0,Every 4-6 days
kidneybeans,Rabi,34.1,29.56,86.1,No,0.0,Every 4-6 days
orange,Rabi,5.0,29.57,29.4,Yes,14.93,Every 1-3 days
chickpea,Zaid,37.4,27.91,13.6,Yes,12.26,Every 4-6 days
rice,Rabi,37.0,37.06,60.7,No,0.0,Every 1-3 days
blackgram,Kharif,37.8,28.77,35.7,Yes,12.28,Every 4-6 days
lentil,Zaid,26.8,29.59,76.3,No,0.0,Every 4-6 days
kidneybeans,Rabi,70.9,28.93,95.6,No,0.0,Every 4-6 days
chickpea,Kharif,59.8,18.76,27.1,Yes,9.23,Every 4-6 days
watermelon,Rabi,51.7,24.6,33.5,Yes,14.55,Every 1-3 days
lentil,Kharif,69.0,31.79,16.9,Yes,9.84,Every 4-6 days
rice,Rabi,69.5,26.98,35.6,Yes,13.91,Every 4-6 days
muskmelon,Rabi,48.2,38.41,46.2,No,0.0,Every 1-3 days
cotton,Zaid,38.9,23.37,117.4,No,0.0,Every 4-6 days
cotton,Kharif,53.3,27.87,41.7,No,0.0,Every 4-6 days
chickpea,Zaid,31.7,31.76,21.2,Yes,14.67,Every 4-6 days
kidneybeans,Zaid,21.7,26.63,21.6,Yes,11.86,Every 4-6 days
mungbean,Rabi,50.8,37.68,81.1,No,0.0,Every 4-6 days
chickpea,Zaid,64.4,26.26,59.6,No,0.0,Every 4-6 days
muskmelon,Rabi,62.2,23.78,12.0,Yes,15.36,Every 1-3 days
jute,Kharif,72.7,19.18,36.3,Yes,11.35,Every 4-6 days
coconut,Zaid,54.0,25.6,55.1,No,0.0,Every 4-6 days
mango,Rabi,36.7,26.72,64.0,No,0.0,Every 4-6 days
coffee,Rabi,34.5,17.08,17.0,Yes,11.49,Every 4-6 days
mango,Kharif,54.8,27.7,3.2,Yes,13.06,Every 4-6 days
coffee,Zaid,47.5,37.71,15.9,Yes,12.65,Every 4-6 days
lentil,Zaid,46.9,11.1,34.4,Yes,8.09,Every 4-6 days
chickpea,Kharif,54.4,33.58,32.9,Yes,11.19,Every 4-6 days
watermelon,Zaid,69.8,27.33,35.2,Yes,13.44,Every 4-6 days
chickpea,Rabi,54.2,30.25,112.6,No,0.0,Every 4-6 days
apple,Rabi,77.2,33.07,39.9,Yes,10.73,Every 4-6 days
papaya,Kharif,50.1,29.66,89.3,No,0.0,Every 4-6 days
watermelon,Kharif,95.0,29.77,114.3,No,0.0,Every 4-6 days
pomegranate,Zaid,56.6,25.01,36.5,Yes,9.54,Every 4-6 days
jute,Zaid,62.0,26.37,44.2,No,0.0,Every 4-6 days
watermelon,Zaid,39.9,23.31,26.8,Yes,15.72,Every 1-3 days
orange,Rabi,67.9,27.98,27.7,Yes,9.31,Every 4-6 days
cotton,Kharif,29.1,38.56,54.8,No,0.0,Every 4-6 days
pigeonpeas,Zaid,56.1,27.33,36.7,Yes,8.46,Every 4-6 days
chickpea,Rabi,33.6,19.39,95.3,No,0.0,Every 4-6 days
orange,Zaid,32.5,28.31,50.5,No,0.0,Every 4-6 days
lentil,Kharif,57.7,20.07,61.0,No,0.0,Every 4-6 days
lentil,Zaid,44.9,31.59,28.1,Yes,12.1,Every 4-6 days
banana,Zaid,51.0,33.71,23.2,Yes,18.38,Every 1-3 days
lentil,Rabi,33.4,39.94,27.6,Yes,15.44,Every 1-3 days
blackgram,Rabi,28.9,26.77,45.3,No,0.0,Every 4-6 days
apple,Zaid,25.3,26.56,16.7,Yes,12.26,Every 4-6 days
coffee,Kharif,56.6,40.23,25.1,Yes,15.55,Every 4-6 days
pomegranate,Kharif,36.6,32.97,20.9,Yes,16.42,Every 4-6 days
cotton,Zaid,44.5,30.51,62.8,No,0.0,Every 4-6 days
apple,Zaid,31.0,25.79,67.9,No,0.0,Every 4-6 days
cotton,Rabi,52.2,32.42,6.8,Yes,12.27,Every 4-6 days
coffee,Rabi,72.8,21.62,91.1,No,0.0,Every 7-10 days
kidneybeans,Zaid,42.7,29.67,33.8,Yes,13.71,Every 4-6 days
chickpea,Rabi,40.7,25.41,97.3,No,0.0,Every 4-6 days
pomegranate,Zaid,54.3,32.53,104.3,No,0.0,Every 4-6 days
cotton,Kharif,80.6,16.93,7.2,Yes,5.33,Every 4-6 days
muskmelon,Zaid,46.0,25.1,5.0,Yes,16.57,Every 1-3 days
coconut,Kharif,49.8,27.53,103.7,No,0.0,Every 4-6 days
mungbean,Kharif,41.2,25.05,27.6,Yes,11.37,Every 4-6 days
coconut,Kharif,30.4,35.62,95.9,No,0.0,Every 4-6 days
mango,Zaid,27.1,23.05,17.7,Yes,13.66,Every 4-6 days
grapes,Rabi,46.2,29.99,108.4,No,0.0,Every 4-6 days
pigeonpeas,Rabi,53.5,29.58,151.6,No,0.0,Every 4-6 days
blackgram,Rabi,46.7,26.12,57.2,No,0.0,Every 4-6 days
coffee,Zaid,27.4,26.81,36.2,Yes,12.1,Every 4-6 days
mothbeans,Kharif,48.1,25.38,122.4,No,0.0,Every 4-6 days
watermelon,Rabi,46.3,30.86,59.7,No,0.0,Every 1-3 days
jute,Rabi,32.9,25.57,38.2,Yes,16.19,Every 1-3 days
blackgram,Zaid,25.2,32.29,49.2,No,0.0,Every 4-6 days
coconut,Rabi,41.4,24.97,89.8,No,0.0,Every 4-6 days
pigeonpeas,Zaid,33.4,27.24,44.9,No,0.0,Every 4-6 days
muskmelon,Zaid,45.9,21.52,72.9,No,0.0,Every 4-6 days
mothbeans,Kharif,63.5,29.37,35.0,Yes,10.92,Every 4-6 days
chickpea,Kharif,74.1,25.32,61.0,No,0.0,Every 4-6 days
apple,Zaid,36.9,31.9,67.9,No,0.0,Every 4-6 days
blackgram,Zaid,31.7,26.37,74.7,No,0.0,Every 4-6 days
jute,Zaid,47.2,35.46,122.2,No,0.0,Every 1-3 days
coconut,Zaid,35.5,27.37,53.8,No,0.0,Every 4-6 days
mango,Kharif,32.5,34.25,36.9,Yes,10.75,Every 4-6 days
mango,Zaid,58.4,22.09,59.1,No,0.0,Every 4-6 days
mango,Rabi,50.7,31.9,20.0,Yes,11.8,Every 4-6 days
mothbeans,Zaid,53.4,41.35,7.3,Yes,15.01,Every 4-6 days
kidneybeans,Kharif,60.8,31.97,15.4,Yes,10.99,Every 4-6 days
orange,Rabi,57.0,32.62,91.0,No,0.0,Every 4-6 days
mango,Rabi,64.0,31.21,8.6,Yes,10.04,Every 4-6 days
kidneybeans,Kharif,29.0,27.12,103.4,No,0.0,Every 4-6 days
pigeonpeas,Zaid,58.7,36.52,42.4,No,0.0,Every 4-6 days
pigeonpeas,Kharif,42.5,14.97,15.4,Yes,9.12,Every 4-6 days
mothbeans,Zaid,54.4,41.11,41.8,No,0.0,Every 4-6 days
chickpea,Zaid,34.0,26.48,6.9,Yes,12.36,Every 4-6 days
pigeonpeas,Zaid,38.9,35.53,128.1,No,0.0,Every 4-6 days
pigeonpeas,Kharif,77.4,23.36,37.3,Yes,8.35,Every 4-6 days
coffee,Rabi,38.7,37.7,86.7,No,0.0,Every 4-6 days
papaya,Kharif,60.1,39.03,97.7,No,0.0,Every 4-6 days
pomegranate,Rabi,56.3,27.84,57.5,No,0.0,Every 4-6 days
papaya,Rabi,43.0,29.94,10.7,Yes,12.28,Every 4-6 days
rice,Kharif,58.3,22.03,67.1,No,0.0,Every 4-6 days
grapes,Zaid,53.3,28.53,5.5,Yes,12.35,Every 4-6 days
lentil,Zaid,55.0,26.32,32.6,Yes,10.0,Every 4-6 days
coffee,Rabi,21.5,23.3,56.8,No,0.0,Every 4-6 days
coffee,Rabi,41.9,22.14,16.7,Yes,12.54,Every 4-6 days
pigeonpeas,Rabi,43.5,29.5,41.1,No,0.0,Every 4-6 days
cotton,Kharif,67.3,23.34,81.6,No,0.0,Every 4-6 days
orange,Rabi,46.7,29.03,37.4,Yes,10.54,Every 4-6 days
mango,Zaid,71.0,32.4,47.8,No,0.0,Every 4-6 days
pigeonpeas,Zaid,39.1,34.87,77.2,No,0.0,Every 4-6 days
pigeonpeas,Rabi,66.7,25.62,42.7,No,0.0,Every 4-6 days
rice,Rabi,42.2,21.15,54.9,No,0.0,Every 1-3 days
mango,Zaid,76.7,29.32,53.4,No,0.0,Every 4-6 days
pomegranate,Zaid,35.0,32.65,66.8,No,0.0,Every 4-6 days
pomegranate,Zaid,39.4,36.95,9.3,Yes,14.46,Every 1-3 days
coffee,Rabi,55.2,26.16,53.8,No,0.0,Every 4-6 days
lentil,Zaid,45.0,30.92,30.2,Yes,13.25,Every 4-6 days
mango,Rabi,53.4,31.22,28.2,Yes,12.83,Every 4-6 days
mungbean,Kharif,35.2,28.68,18.3,Yes,14.38,Every 4-6 days
papaya,Kharif,42.6,18.23,71.8,No,0.0,Every 4-6 days
rice,Zaid,47.3,24.07,30.3,Yes,14.2,Every 1-3 days
orange,Rabi,47.0,29.88,42.5,No,0.0,Every 4-6 days
lentil,Kharif,41.3,26.32,131.2,No,0.0,Every 4-6 days
watermelon,Rabi,27.6,31.0,81.5,No,0.0,Every 1-3 days
cotton,Kharif,51.8,31.73,32.3,Yes,12.8,Every 4-6 days
mungbean,Rabi,40.9,29.06,58.4,No,0.0,Every 4-6 days
pomegranate,Rabi,43.7,29.26,53.6,No,0.0,Every 4-6 days
kidneybeans,Rabi,21.3,37.71,57.1,No,0.0,Every 1-3 days
pigeonpeas,Kharif,35.8,30.37,21.3,Yes,12.54,Every 4-6 days
grapes,Rabi,63.3,21.75,40.4,No,0.0,Every 4-6 days
muskmelon,Kharif,53.8,37.63,10.7,Yes,16.43,Every 1-3 days
blackgram,Zaid,41.6,27.22,59.8,No,0.0,Every 4-6 days
orange,Rabi,25.3,28.97,65.9,No,0.0,Every 4-6 days
pigeonpeas,Zaid,86.7,24.24,62.5,No,0.0,Every 7-10 days
coconut,Rabi,59.2,26.82,16.4,Yes,12.17,Every 4-6 days
pomegranate,Kharif,23.5,38.46,80.0,No,0.0,Every 4-6 days
maize,Zaid,41.9,30.69,92.7,No,0.0,Every 4-6 days
pomegranate,Rabi,30.9,28.26,29.0,Yes,13.27,Every 4-6 days
mungbean,Rabi,55.3,24.97,39.1,Yes,10.73,Every 4-6 days
pigeonpeas,Rabi,44.7,32.03,26.2,Yes,12.11,Every 4-6 days
pomegranate,Kharif,44.4,31.36,15.4,Yes,12.09,Every 4-6 days
coconut,Zaid,50.9,28.05,8.1,Yes,11.63,Every 4-6 days
blackgram,Kharif,44.3,37.46,41.1,No,0.0,Every 4-6 days
watermelon,Kharif,44.5,27.36,48.2,No,0.0,Every 1-3 days
grapes,Kharif,59.6,30.77,106.1,No,0.0,Every 4-6 days
grapes,Kharif,53.8,25.1,55.5,No,0.0,Every 4-6 days
papaya,Rabi,42.7,23.34,82.7,No,0.0,Every 4-6 days
muskmelon,Kharif,40.5,27.18,25.1,Yes,15.47,Every 1-3 days
apple,Kharif,46.3,25.56,11.9,Yes,12.73,Every 4-6 days
mungbean,Zaid,49.3,20.49,54.4,No,0.0,Every 4-6 days
lentil,Rabi,24.3,26.18,26.0,Yes,13.22,Every 4-6 days
maize,Rabi,45.0,30.8,27.8,Yes,13.59,Every 4-6 days
banana,Rabi,34.7,19.45,31.9,Yes,15.59,Every 1-3 days
coconut,Kharif,54.0,27.94,24.2,Yes,10.9,Every 4-6 days
coffee,Zaid,58.5,29.31,77.5,No,0.0,Every 4-6 days
grapes,Rabi,44.0,32.82,1.7,Yes,13.08,Every 4-6 days
maize,Zaid,40.3,31.47,42.0,No,0.0,Every 4-6 days
pomegranate,Kharif,36.3,27.98,12.9,Yes,14.16,Every 4-6 days
pigeonpeas,Kharif,30.9,29.6,27.6,Yes,13.67,Every 4-6 days
papaya,Rabi,64.4,30.56,40.4,No,0.0,Every 4-6 days
pomegranate,Kharif,45.6,26.48,124.2,No,0.0,Every 4-6 days
blackgram,Rabi,46.4,31.56,39.6,Yes,10.53,Every 4-6 days
pigeonpeas,Kharif,39.6,20.08,26.2,Yes,11.64,Every 4-6 days
banana,Zaid,27.7,29.81,48.3,No,0.0,Every 1-3 days
rice,Zaid,95.0,25.82,33.6,Yes,11.31,Every 4-6 days
lentil,Rabi,34.7,27.93,35.6,Yes,12.88,Every 4-6 days
blackgram,Kharif,46.9,28.59,21.7,Yes,12.54,Every 4-6 days
mango,Zaid,42.2,27.82,14.0,Yes,13.22,Every 4-6 days
muskmelon,Rabi,32.9,34.14,56.7,No,0.0,Every 1-3 days
grapes,Rabi,20.7,25.65,19.7,Yes,13.45,Every 4-6 days
papaya,Zaid,17.0,31.23,21.4,Yes,16.29,Every 1-3 days
banana,Rabi,35.4,27.35,14.4,Yes,16.82,Every 1-3 days
banana,Rabi,28.8,23.78,37.6,Yes,15.67,Every 1-3 days
chickpea,Rabi,40.0,24.86,47.2,No,0.0,Every 4-6 days
pigeonpeas,Kharif,31.8,27.37,12.1,Yes,14.08,Every 4-6 days
rice,Zaid,48.3,24.26,56.1,No,0.0,Every 1-3 days
mungbean,Rabi,63.9,17.63,118.2,No,0.0,Every 7-10 days
cotton,Zaid,12.5,29.59,30.5,Yes,12.97,Every 1-3 days
maize,Kharif,55.8,27.6,57.5,No,0.0,Every 4-6 days
banana,Rabi,53.3,27.27,52.8,No,0.0,Every 1-3 days
chickpea,Zaid,57.5,31.67,24.6,Yes,10.53,Every 4-6 days
rice,Rabi,38.2,28.57,62.2,No,0.0,Every 1-3 days
mango,Zaid,36.3,29.93,41.7,No,0.0,Every 4-6 days
mothbeans,Zaid,83.9,37.97,12.8,Yes,9.25,Every 4-6 days
maize,Kharif,49.2,31.18,65.8,No,0.0,Every 4-6 days
jute,Kharif,53.0,37.79,79.6,No,0.0,Every 1-3 days
chickpea,Kharif,47.1,29.87,37.5,Yes,9.32,Every 4-6 days
coffee,Rabi,37.7,25.27,13.6,Yes,11.77,Every 4-6 days
pomegranate,Rabi,40.4,18.85,19.3,Yes,12.19,Every 4-6 days
coffee,Kharif,47.5,25.5,136.1,No,0.0,Every 4-6 days
pomegranate,Zaid,42.4,27.92,30.6,Yes,11.42,Every 4-6 days
chickpea,Zaid,57.8,28.48,17.8,Yes,10.83,Every 4-6 days
coffee,Kharif,18.6,25.42,62.4,No,0.0,Every 4-6 days
pomegranate,Rabi,51.5,39.67,31.1,Yes,14.52,Every 4-6 days
jute,Zaid,36.4,30.62,24.1,Yes,17.44,Every 1-3 days
cotton,Zaid,39.2,25.09,12.1,Yes,11.82,Every 4-6 days
mango,Zaid,32.4,25.34,25.2,Yes,13.25,Every 4-6 days
apple,Zaid,57.6,36.35,30.6,Yes,10.67,Every 4-6 days
kidneybeans,Zaid,39.9,29.4,17.4,Yes,14.46,Every 4-6 days
apple,Rabi,52.8,31.9,15.8,Yes,12.23,Every 4-6 days
cotton,Rabi,31.8,24.57,108.8,No,0.0,Every 4-6 days
jute,Zaid,44.3,36.39,45.5,No,0.0,Every 1-3 days
muskmelon,Zaid,61.3,28.3,14.1,Yes,15.77,Every 1-3 days
coffee,Kharif,56.7,22.97,67.7,No,0.0,Every 4-6 days
chickpea,Kharif,55.8,34.44,87.3,No,0.0,Every 4-6 days
muskmelon,Zaid,54.9,27.64,97.2,No,0.0,Every 4-6 days
grapes,Zaid,24.6,30.27,25.7,Yes,14.27,Every 4-6 days
cotton,Zaid,37.3,36.68,63.9,No,0.0,Every 4-6 days
pomegranate,Rabi,27.9,28.22,113.7,No,0.0,Every 4-6 days
jute,Rabi,18.5,34.75,57.6,No,0.0,Every 1-3 days
lentil,Zaid,59.0,32.93,64.1,No,0.0,Every 4-6 days
chickpea,Kharif,31.7,31.16,73.3,No,0.0,Every 4-6 days
blackgram,Kharif,33.1,23.72,32.2,Yes,13.35,Every 4-6 days
pomegranate,Rabi,47.3,28.14,70.6,No,0.0,Every 4-6 days
muskmelon,Zaid,39.9,37.52,121.2,No,0.0,Every 1-3 days
banana,Kharif,46.3,27.21,135.7,No,0.0,Every 4-6 days
kidneybeans,Kharif,53.1,30.93,12.0,Yes,11.19,Every 4-6 days
chickpea,Rabi,58.7,24.41,67.5,No,0.0,Every 4-6 days
chickpea,Kharif,62.3,22.61,39.1,Yes,8.33,Every 4-6 days
grapes,Rabi,40.1,19.72,14.0,Yes,12.48,Every 4-6 days
papaya,Rabi,67.6,30.41,17.8,Yes,9.97,Every 4-6 days
banana,Rabi,46.9,32.92,33.7,Yes,17.71,Every 1-3 days
pomegranate,Kharif,81.3,20.32,19.5,Yes,8.88,Every 4-6 days
apple,Zaid,64.4,24.24,56.9,No,0.0,Every 4-6 days
coconut,Rabi,52.8,27.93,29.3,Yes,10.33,Every 4-6 days
orange,Zaid,32.9,28.04,43.4,No,0.0,Every 4-6 days
grapes,Zaid,29.4,30.52,46.8,No,0.0,Every 4-6 days
mungbean,Kharif,31.2,25.45,106.6,No,0.0,Every 4-6 days
lentil,Rabi,35.2,31.81,90.3,No,0.0,Every 4-6 days
chickpea,Zaid,45.0,31.31,97.5,No,0.0,Every 4-6 days
grapes,Kharif,33.0,24.04,78.4,No,0.0,Every 4-6 days
watermelon,Rabi,65.0,31.31,41.0,No,0.0,Every 1-3 days
maize,Zaid,53.4,29.23,11.2,Yes,11.68,Every 4-6 days
cotton,Zaid,56.6,25.08,48.0,No,0.0,Every 4-6 days
rice,Zaid,54.2,16.31,71.2,No,0.0,Every 4-6 days
muskmelon,Kharif,27.1,25.79,16.4,Yes,18.83,Every 1-3 days
watermelon,Rabi,39.1,20.15,24.6,Yes,15.78,Every 1-3 days
pomegranate,Kharif,25.7,25.61,84.8,No,0.0,Every 4-6 days
apple,Kharif,66.4,32.87,127.9,No,0.0,Every 4-6 days
blackgram,Zaid,43.4,42.5,93.1,No,0.0,Every 4-6 days
grapes,Rabi,62.2,20.27,5.3,Yes,10.44,Every 4-6 days
pigeonpeas,Rabi,42.2,25.98,185.5,No,0.0,Every 7-10 days
banana,Zaid,62.8,24.89,37.4,Yes,13.62,Every 4-6 days
apple,Kharif,56.2,30.37,44.1,No,0.0,Every 4-6 days
grapes,Rabi,49.3,30.56,7.1,Yes,11.61,Every 4-6 days
coconut,Kharif,20.1,25.59,61.3,No,0.0,Every 4-6 days
watermelon,Zaid,40.1,32.98,111.1,No,0.0,Every 1-3 days
banana,Rabi,55.2,32.2,73.5,No,0.0,Every 1-3 days
jute,Kharif,63.5,24.78,38.7,Yes,12.22,Every 4-6 days
cotton,Kharif,33.5,30.56,54.0,No,0.0,Every 4-6 days
pomegranate,Zaid,45.2,27.53,116.6,No,0.0,Every 4-6 days
coffee,Rabi,66.5,32.12,79.6,No,0.0,Every 4-6 days
mango,Kharif,55.6,27.45,43.2,No,0.0,Every 4-6 days
lentil,Kharif,53.9,25.73,45.4,No,0.0,Every 4-6 days
coconut,Kharif,31.6,29.28,23.7,Yes,13.1,Every 4-6 days
kidneybeans,Kharif,47.2,21.59,51.8,No,0.0,Every 4-6 days
mothbeans,Zaid,48.3,25.36,37.3,Yes,12.48,Every 4-6 days
coffee,Rabi,69.6,32.02,92.2,No,0.0,Every 4-6 days
jute,Zaid,61.1,28.71,55.4,No,0.0,Every 4-6 days
mango,Kharif,37.7,28.38,60.2,No,0.0,Every 4-6 days
jute,Zaid,54.3,37.28,84.3,No,0.0,Every 1-3 days
mungbean,Rabi,39.4,29.64,37.4,Yes,11.35,Every 4-6 days
mothbeans,Zaid,71.1,30.18,6.6,Yes,10.32,Every 4-6 days
grapes,Kharif,59.3,28.28,51.6,No,0.0,Every 4-6 days
maize,Rabi,20.9,30.44,58.7,No,0.0,Every 4-6 days
blackgram,Zaid,29.2,28.98,67.1,No,0.0,Every 4-6 days
maize,Kharif,38.4,29.76,76.4,No,0.0,Every 4-6 days
jute,Rabi,45.4,29.6,87.6,No,0.0,Every 1-3 days
maize,Zaid,39.5,32.1,29.5,Yes,13.06,Every 4-6 days
coconut,Zaid,27.0,25.53,71.3,No,0.0,Every 4-6 days
rice,Rabi,39.7,35.17,9.8,Yes,17.71,Every 1-3 days
cotton,Zaid,33.0,29.04,29.6,Yes,12.45,Every 4-6 days
maize,Rabi,67.5,25.49,55.8,No,0.0,Every 4-6 days
pomegranate,Kharif,43.8,34.34,64.0,No,0.0,Every 4-6 days
rice,Kharif,65.6,31.49,7.7,Yes,14.49,Every 1-3 days
kidneybeans,Zaid,49.2,39.07,80.4,No,0.0,Every 4-6 days
pigeonpeas,Kharif,29.2,31.07,4.9,Yes,15.06,Every 1-3 days
papaya,Zaid,49.1,31.81,46.2,No,0.0,Every 4-6 days
cotton,Rabi,50.6,27.67,67.8,No,0.0,Every 4-6 days
apple,Zaid,59.5,35.19,69.7,No,0.0,Every 4-6 days
orange,Zaid,41.7,34.31,43.6,No,0.0,Every 4-6 days
mango,Rabi,54.6,26.4,8.7,Yes,12.3,Every 4-6 days
kidneybeans,Kharif,45.8,29.49,37.5,Yes,12.99,Every 4-6 days
rice,Zaid,43.9,22.18,45.2,No,0.0,Every 1-3 days
pomegranate,Kharif,64.1,25.69,30.9,Yes,9.67,Every 4-6 days
jute,Kharif,49.6,28.96,142.5,No,0.0,Every 4-6 days
orange,Kharif,34.3,28.41,32.6,Yes,10.29,Every 4-6 days
cotton,Rabi,71.5,33.28,27.0,Yes,10.9,Every 4-6 days
grapes,Kharif,54.4,26.06,49.1,No,0.0,Every 4-6 days
pomegranate,Rabi,51.8,21.88,20.6,Yes,10.45,Every 4-6 days
cotton,Zaid,82.2,30.96,18.8,Yes,9.85,Every 4-6 days
coconut,Kharif,71.0,28.74,100.0,No,0.0,Every 4-6 days
papaya,Zaid,31.4,33.3,3.2,Yes,15.37,Every 1-3 days
apple,Kharif,58.7,34.14,14.9,Yes,12.66,Every 4-6 days
pomegranate,Kharif,25.9,30.69,34.2,Yes,13.6,Every 4-6 days
maize,Rabi,43.5,29.4,59.1,No,0.0,Every 4-6 days
maize,Kharif,20.7,29.31,26.4,Yes,13.45,Every 4-6 days
jute,Kharif,72.8,32.85,62.1,No,0.0,Every 4-6 days
apple,Zaid,35.2,26.07,45.4,No,0.0,Every 4-6 days
rice,Zaid,37.5,36.14,99.8,No,0.0,Every 1-3 days
watermelon,Zaid,20.8,25.19,15.3,Yes,20.22,Every 1-3 days
mango,Zaid,58.7,29.51,44.8,No,0.0,Every 4-6 days
muskmelon,Kharif,38.4,30.51,7.7,Yes,19.08,Every 1-3 days
grapes,Zaid,25.1,27.83,69.2,No,0.0,Every 4-6 days
lentil,Kharif,32.4,27.13,94.6,No,0.0,Every 4-6 days
mungbean,Kharif,50.8,22.33,7.7,Yes,10.49,Every 4-6 days
jute,Kharif,52.5,33.14,91.8,No,0.0,Every 1-3 days
grapes,Zaid,38.6,32.04,42.7,No,0.0,Every 4-6 days
cotton,Kharif,24.6,17.68,29.3,Yes,13.17,Every 4-6 days
coffee,Kharif,40.9,33.93,27.7,Yes,13.23,Every 4-6 days
mungbean,Kharif,34.2,31.38,124.5,No,0.0,Every 4-6 days
orange,Kharif,48.9,26.97,32.6,Yes,11.72,Every 4-6 days
blackgram,Kharif,64.7,31.68,25.4,Yes,10.83,Every 4-6 days
jute,Rabi,45.3,22.98,16.8,Yes,14.72,Every 1-3 days
orange,Kharif,49.5,30.82,40.0,Yes,12.96,Every 4-6 days
cotton,Kharif,41.9,19.97,33.7,Yes,8.16,Every 4-6 days
blackgram,Zaid,35.9,32.6,10.4,Yes,13.91,Every 4-6 days
banana,Rabi,59.8,25.22,48.8,No,0.0,Every 4-6 days
lentil,Kharif,25.5,29.95,30.8,Yes,12.34,Every 4-6 days
kidneybeans,Zaid,42.4,27.37,40.3,No,0.0,Every 4-6 days
banana,Rabi,61.5,41.17,46.9,No,0.0,Every 1-3 days
watermelon,Zaid,77.7,24.43,118.7,No,0.0,Every 4-6 days
chickpea,Rabi,61.9,26.74,1.2,Yes,9.76,Every 4-6 days
chickpea,Zaid,29.0,24.91,144.7,No,0.0,Every 4-6 days
mango,Kharif,64.4,28.55,55.8,No,0.0,Every 4-6 days
cotton,Rabi,25.2,38.21,110.3,No,0.0,Every 4-6 days
rice,Zaid,38.4,21.03,14.7,Yes,16.15,Every 1-3 days
papaya,Kharif,48.1,39.57,23.0,Yes,14.94,Every 4-6 days
coffee,Zaid,71.9,32.12,68.4,No,0.0,Every 4-6 days
mango,Rabi,32.8,26.41,156.4,No,0.0,Every 4-6 days
jute,Rabi,43.4,31.4,108.4,No,0.0,Every 1-3 days
coconut,Zaid,30.4,36.25,34.3,Yes,14.65,Every 1-3 days
pomegranate,Kharif,41.4,32.68,49.9,No,0.0,Every 4-6 days
pomegranate,Rabi,37.3,25.4,59.8,No,0.0,Every 4-6 days
kidneybeans,Rabi,60.5,27.95,115.9,No,0.0,Every 4-6 days
mungbean,Rabi,44.2,33.01,104.5,No,0.0,Every 4-6 days
apple,Zaid,47.8,35.75,40.5,No,0.0,Every 4-6 days
kidneybeans,Rabi,61.2,23.7,38.8,Yes,10.11,Every 4-6 days
pomegranate,Rabi,56.8,27.37,18.8,Yes,11.19,Every 4-6 days
banana,Zaid,55.7,33.03,15.1,Yes,17.46,Every 1-3 days
mango,Kharif,43.8,28.81,23.3,Yes,12.17,Every 4-6 days
papaya,Rabi,52.4,25.62,50.1,No,0.0,Every 4-6 days
mothbeans,Zaid,44.7,29.89,48.2,No,0.0,Every 4-6 days
chickpea,Rabi,70.0,33.78,57.9,No,0.0,Every 4-6 days
coconut,Kharif,73.4,22.98,73.7,No,0.0,Every 7-10 days
grapes,Rabi,7.1,27.53,66.9,No,0.0,Every 4-6 days
coconut,Kharif,34.5,26.46,93.7,No,0.0,Every 4-6 days
muskmelon,Rabi,31.3,28.32,22.5,Yes,17.94,Every 1-3 days
mungbean,Kharif,46.8,28.22,157.1,No,0.0,Every 4-6 days
muskmelon,Zaid,35.5,27.57,26.1,Yes,19.78,Every 1-3 days
pomegranate,Zaid,56.2,31.84,85.8,No,0.0,Every 4-6 days
mango,Kharif,36.3,31.67,88.2,No,0.0,Every 4-6 days
orange,Rabi,53.5,26.56,75.8,No,0.0,Every 4-6 days
lentil,Kharif,70.7,18.49,77.9,No,0.0,Every 7-10 days
kidneybeans,Kharif,42.2,31.85,45.9,No,0.0,Every 4-6 days
coffee,Kharif,57.0,29.35,30.3,Yes,10.41,Every 4-6 days
orange,Zaid,19.1,34.73,19.9,Yes,15.15,Every 1-3 days
maize,Zaid,66.1,31.14,16.0,Yes,10.7,Every 4-6 days
rice,Zaid,68.3,34.81,18.4,Yes,14.87,Every 1-3 days
coconut,Zaid,56.2,20.86,59.7,No,0.0,Every 4-6 days
mango,Rabi,43.2,29.03,14.6,Yes,13.12,Every 4-6 days
kidneybeans,Kharif,53.4,31.09,3.1,Yes,13.52,Every 4-6 days
mungbean,Rabi,53.9,26.13,84.2,No,0.0,Every 4-6 days
mungbean,Rabi,48.9,26.65,89.3,No,0.0,Every 4-6 days
pomegranate,Zaid,29.9,31.64,55.7,No,0.0,Every 4-6 days
mungbean,Rabi,26.6,29.67,61.2,No,0.0,Every 4-6 days
blackgram,Rabi,55.4,24.59,17.1,Yes,10.16,Every 4-6 days
blackgram,Rabi,26.6,31.58,65.6,No,0.0,Every 4-6 days
coffee,Kharif,56.9,38.01,35.8,Yes,11.21,Every 4-6 days
maize,Kharif,36.2,27.01,60.4,No,0.0,Every 4-6 days
banana,Zaid,38.9,29.5,27.7,Yes,16.66,Every 1-3 days
kidneybeans,Rabi,29.7,36.01,90.8,No,0.0,Every 4-6 days
coffee,Zaid,50.2,20.57,109.6,No,0.0,Every 4-6 days
papaya,Kharif,46.5,22.19,29.9,Yes,10.22,Every 4-6 days
mothbeans,Kharif,43.9,25.42,33.6,Yes,12.81,Every 4-6 days
grapes,Kharif,59.0,31.51,42.6,No,0.0,Every 4-6 days
jute,Kharif,26.0,27.98,111.2,No,0.0,Every 1-3 days
pomegranate,Kharif,42.8,27.68,35.2,Yes,12.33,Every 4-6 days
pigeonpeas,Kharif,43.1,21.64,39.3,Yes,10.2,Every 4-6 days
maize,Rabi,45.5,26.67,95.0,No,0.0,Every 4-6 days
apple,Kharif,71.3,31.13,21.3,Yes,11.49,Every 4-6 days
pigeonpeas,Zaid,62.7,23.14,78.3,No,0.0,Every 4-6 days
lentil,Zaid,41.5,34.67,36.6,Yes,13.36,Every 4-6 days
coconut,Zaid,54.1,22.4,111.9,No,0.0,Every 4-6 days
chickpea,Zaid,58.5,31.49,13.6,Yes,11.78,Every 4-6 days
banana,Kharif,32.6,35.22,42.5,No,0.0,Every 1-3 days
chickpea,Rabi,35.9,29.54,44.8,No,0.0,Every 4-6 days
banana,Kharif,45.7,26.8,43.2,No,0.0,Every 1-3 days
lentil,Rabi,38.6,35.61,37.2,Yes,13.8,Every 4-6 days
jute,Zaid,40.3,21.35,27.6,Yes,16.21,Every 1-3 days
grapes,Zaid,38.8,21.23,117.6,No,0.0,Every 4-6 days
apple,Kharif,37.0,33.42,16.9,Yes,13.62,Every 4-6 days
mango,Rabi,36.7,43.08,75.0,No,0.0,Every 4-6 days
muskmelon,Kharif,78.3,30.89,41.1,No,0.0,Every 4-6 days
jute,Kharif,37.1,20.9,27.0,Yes,14.63,Every 1-3 days
watermelon,Kharif,40.6,27.47,26.9,Yes,16.41,Every 1-3 days
lentil,Zaid,38.6,27.04,7.0,Yes,13.62,Every 4-6 days
apple,Zaid,34.2,31.66,77.1,No,0.0,Every 4-6 days
maize,Kharif,50.3,22.89,7.5,Yes,10.04,Every 4-6 days
banana,Kharif,23.9,22.37,29.4,Yes,15.31,Every 1-3 days
apple,Kharif,34.8,23.79,30.8,Yes,12.9,Every 4-6 days
papaya,Kharif,47.1,30.03,27.8,Yes,10.74,Every 4-6 days
kidneybeans,Kharif,29.1,28.02,38.6,Yes,12.56,Every 4-6 days
chickpea,Kharif,56.5,31.37,44.2,No,0.0,Every 4-6 days
rice,Kharif,68.6,25.33,99.2,No,0.0,Every 4-6 days
jute,Rabi,48.0,33.18,54.7,No,0.0,Every 1-3 days
lentil,Zaid,39.6,34.4,27.5,Yes,14.23,Every 4-6 days
grapes,Rabi,52.3,27.98,89.2,No,0.0,Every 4-6 days
coconut,Rabi,72.3,28.4,31.7,Yes,8.79,Every 4-6 days
grapes,Kharif,66.0,28.9,101.3,No,0.0,Every 4-6 days
banana,Kharif,42.4,27.55,126.5,No,0.0,Every 4-6 days
blackgram,Kharif,91.7,35.01,43.2,No,0.0,Every 4-6 days
pigeonpeas,Rabi,36.3,33.53,56.4,No,0.0,Every 4-6 days
lentil,Zaid,13.5,26.27,29.4,Yes,14.77,Every 4-6 days
mango,Kharif,14.9,31.06,69.4,No,0.0,Every 4-6 days
grapes,Zaid,28.1,25.6,71.7,No,0.0,Every 4-6 days
maize,Zaid,36.3,25.93,144.9,No,0.0,Every 4-6 days
watermelon,Rabi,35.8,21.98,67.8,No,0.0,Every 1-3 days
orange,Rabi,38.0,24.51,25.2,Yes,12.79,Every 4-6 days
pigeonpeas,Rabi,42.0,27.83,32.4,Yes,12.79,Every 4-6 days
blackgram,Kharif,59.0,23.44,33.2,Yes,10.5,Every 4-6 days
coconut,Rabi,47.0,25.3,64.5,No,0.0,Every 4-6 days
rice,Zaid,63.2,23.6,19.4,Yes,14.14,Every 4-6 days
coffee,Rabi,60.1,24.67,48.0,No,0.0,Every 4-6 days
jute,Zaid,76.8,27.44,71.0,No,0.0,Every 4-6 days
muskmelon,Zaid,56.9,22.48,17.2,Yes,13.92,Every 1-3 days
apple,Kharif,29.7,25.0,61.4,No,0.0,Every 4-6 days
muskmelon,Rabi,61.0,16.84,29.3,Yes,14.04,Every 4-6 days
orange,Zaid,5.3,30.22,45.5,No,0.0,Every 1-3 days
papaya,Kharif,47.0,22.91,11.0,Yes,10.9,Every 4-6 days
blackgram,Rabi,28.6,23.52,16.0,Yes,12.15,Every 4-6 days
watermelon,Rabi,16.9,21.25,43.5,No,0.0,Every 1-3 days
jute,Rabi,42.7,29.17,32.2,Yes,16.69,Every 1-3 days
mungbean,Kharif,59.2,30.8,17.9,Yes,11.31,Every 4-6 days
orange,Zaid,49.7,23.8,41.3,No,0.0,Every 4-6 days
jute,Kharif,39.9,30.66,22.2,Yes,19.5,Every 1-3 days
apple,Rabi,71.8,32.45,182.1,No,0.0,Every 7-10 days
cotton,Rabi,5.0,17.59,12.4,Yes,12.16,Every 4-6 days
jute,Zaid,60.0,31.41,8.9,Yes,17.15,Every 1-3 days
grapes,Rabi,37.6,24.16,13.9,Yes,14.98,Every 4-6 days
mungbean,Zaid,44.3,26.43,50.7,No,0.0,Every 4-6 days
chickpea,Zaid,39.7,39.5,25.4,Yes,12.79,Every 1-3 days
mango,Rabi,43.8,30.23,45.8,No,0.0,Every 4-6 days
rice,Zaid,50.5,26.27,75.9,No,0.0,Every 4-6 days
chickpea,Kharif,32.6,35.16,31.7,Yes,14.53,Every 4-6 days
watermelon,Zaid,39.7,28.32,26.3,Yes,18.8,Every 1-3 days
watermelon,Rabi,54.9,27.78,17.6,Yes,16.61,Every 1-3 days
maize,Kharif,43.0,29.09,15.8,Yes,12.32,Every 4-6 days
mothbeans,Kharif,32.9,24.68,38.7,Yes,11.39,Every 4-6 days
jute,Kharif,64.2,28.86,74.5,No,0.0,Every 4-6 days
watermelon,Kharif,37.1,15.59,11.0,Yes,12.3,Every 1-3 days
orange,Rabi,80.1,36.7,17.3,Yes,11.02,Every 4-6 days
mungbean,Rabi,38.4,27.3,15.0,Yes,13.14,Every 4-6 days
maize,Rabi,67.9,10.39,93.6,No,0.0,Every 7-10 days
coconut,Kharif,37.4,26.26,47.1,No,0.0,Every 4-6 days
blackgram,Zaid,56.6,41.58,26.8,Yes,14.75,Every 4-6 days
blackgram,Zaid,43.8,35.43,33.7,Yes,12.55,Every 4-6 days
mothbeans,Rabi,62.8,30.34,32.8,Yes,8.57,Every 4-6 days
kidneybeans,Rabi,43.3,27.01,79.5,No,0.0,Every 4-6 days
lentil,Zaid,61.2,25.13,15.5,Yes,12.06,Every 4-6 days
banana,Zaid,54.6,35.54,69.4,No,0.0,Every 1-3 days
lentil,Rabi,30.4,24.48,28.2,Yes,11.85,Every 4-6 days
maize,Kharif,15.2,26.37,177.1,No,0.0,Every 4-6 days
papaya,Rabi,50.2,25.04,33.7,Yes,12.18,Every 4-6 days
mungbean,Zaid,61.5,33.32,42.1,No,0.0,Every 4-6 days
muskmelon,Kharif,73.8,28.23,142.7,No,0.0,Every 4-6 days
jute,Rabi,44.1,28.98,74.7,No,0.0,Every 1-3 days
chickpea,Kharif,11.1,13.54,43.4,No,0.0,Every 4-6 days
grapes,Kharif,26.9,19.21,46.7,No,0.0,Every 4-6 days
apple,Rabi,28.8,26.85,19.6,Yes,12.2,Every 4-6 days
papaya,Rabi,39.2,24.08,57.1,No,0.0,Every 4-6 days
apple,Kharif,33.2,28.51,46.2,No,0.0,Every 4-6 days
jute,Zaid,23.6,28.05,46.7,No,0.0,Every 1-3 days
watermelon,Rabi,64.0,29.23,91.0,No,0.0,Every 4-6 days
papaya,Zaid,43.5,34.49,10.3,Yes,13.65,Every 4-6 days
blackgram,Zaid,73.6,27.08,4.0,Yes,9.97,Every 4-6 days
cotton,Kharif,50.8,29.36,109.4,No,0.0,Every 4-6 days
banana,Kharif,32.9,19.62,11.5,Yes,16.52,Every 1-3 days
grapes,Kharif,53.3,25.63,45.9,No,0.0,Every 4-6 days
papaya,Kharif,53.7,36.55,25.7,Yes,13.8,Every 4-6 days
papaya,Zaid,58.4,28.02,15.4,Yes,9.54,Every 4-6 days
jute,Zaid,46.5,29.06,60.1,No,0.0,Every 1-3 days
orange,Rabi,56.5,29.88,48.1,No,0.0,Every 4-6 days
mothbeans,Zaid,52.0,35.12,16.7,Yes,13.22,Every 4-6 days
apple,Zaid,54.8,24.99,53.2,No,0.0,Every 4-6 days
cotton,Kharif,46.8,29.1,77.8,No,0.0,Every 4-6 days
coconut,Kharif,59.2,25.85,14.5,Yes,9.83,Every 4-6 days
coconut,Rabi,26.7,26.82,73.7,No,0.0,Every 4-6 days
maize,Rabi,62.9,21.97,77.6,No,0.0,Every 4-6 days
papaya,Rabi,18.6,17.06,132.8,No,0.0,Every 4-6 days
jute,Zaid,33.8,32.95,41.9,No,0.0,Every 1-3 days
mango,Zaid,60.0,31.95,50.5,No,0.0,Every 4-6 days
jute,Rabi,5.0,31.48,20.5,Yes,20.72,Every 1-3 days
mungbean,Rabi,30.9,36.3,5.5,Yes,14.4,Every 1-3 days
chickpea,Zaid,16.3,27.0,46.5,No,0.0,Every 4-6 days
pomegranate,Zaid,14.9,32.2,38.2,Yes,14.93,Every 1-3 days
chickpea,Rabi,31.3,31.39,42.9,No,0.0,Every 4-6 days
jute,Zaid,14.2,29.84,89.6,No,0.0,Every 1-3 days
banana,Rabi,47.2,23.9,38.1,Yes,14.89,Every 1-3 days
mango,Zaid,46.6,26.36,89.1,No,0.0,Every 4-6 days
cotton,Rabi,59.2,24.85,19.1,Yes,10.29,Every 4-6 days
coconut,Kharif,52.0,18.7,41.9,No,0.0,Every 4-6 days
muskmelon,Zaid,29.3,26.86,24.0,Yes,18.03,Every 1-3 days
watermelon,Zaid,45.9,26.93,39.6,Yes,14.69,Every 1-3 days
orange,Rabi,71.2,30.92,33.1,Yes,10.71,Every 4-6 days
banana,Rabi,43.1,19.82,66.9,No,0.0,Every 4-6 days
mungbean,Kharif,51.2,27.57,83.8,No,0.0,Every 4-6 days
grapes,Rabi,42.5,25.35,44.6,No,0.0,Every 4-6 days
rice,Rabi,21.6,30.07,59.9,No,0.0,Every 1-3 days
blackgram,Rabi,44.6,32.34,25.3,Yes,12.46,Every 4-6 days
mungbean,Kharif,42.8,28.2,55.4,No,0.0,Every 4-6 days
banana,Kharif,53.2,29.73,92.3,No,0.0,Every 4-6 days
mothbeans,Zaid,25.7,30.34,60.3,No,0.0,Every 4-6 days
mango,Zaid,37.2,21.71,87.4,No,0.0,Every 4-6 days
grapes,Rabi,42.1,30.08,77.4,No,0.0,Every 4-6 days
muskmelon,Zaid,54.2,27.91,47.1,No,0.0,Every 1-3 days
jute,Zaid,44.5,25.86,13.0,Yes,15.96,Every 1-3 days
mothbeans,Rabi,63.1,23.0,21.6,Yes,9.08,Every 4-6 days
papaya,Zaid,67.9,23.54,39.3,Yes,8.68,Every 4-6 days
rice,Zaid,26.7,28.78,105.1,No,0.0,Every 1-3 days
apple,Kharif,36.3,31.65,33.8,Yes,11.9,Every 4-6 days
coconut,Zaid,37.1,31.73,3.5,Yes,13.52,Every 4-6 days
coffee,Zaid,48.3,31.02,154.3,No,0.0,Every 4-6 days
blackgram,Kharif,49.5,30.2,6.9,Yes,12.46,Every 4-6 days
grapes,Kharif,52.6,14.92,29.0,Yes,9.28,Every 4-6 days
pomegranate,Zaid,60.3,27.63,89.1,No,0.0,Every 4-6 days
cotton,Zaid,50.7,31.14,81.9,No,0.0,Every 4-6 days
banana,Rabi,42.8,24.43,69.9,No,0.0,Every 1-3 days
mango,Zaid,81.2,22.23,44.3,No,0.0,Every 7-10 days
muskmelon,Rabi,33.1,23.65,106.1,No,0.0,Every 4-6 days
mango,Zaid,44.0,28.95,10.9,Yes,12.1,Every 4-6 days
orange,Zaid,39.5,34.55,14.8,Yes,11.77,Every 4-6 days
kidneybeans,Rabi,57.6,31.37,21.0,Yes,10.12,Every 4-6 days
coconut,Zaid,55.5,29.93,11.9,Yes,12.98,Every 4-6 days
pigeonpeas,Zaid,46.4,37.82,20.9,Yes,14.75,Every 4-6 days
apple,Zaid,45.5,27.35,35.9,Yes,12.1,Every 4-6 days
mothbeans,Kharif,44.0,30.26,8.5,Yes,13.1,Every 4-6 days
coffee,Rabi,36.9,24.0,57.4,No,0.0,Every 4-6 days
rice,Kharif,32.8,35.22,113.2,No,0.0,Every 1-3 days
lentil,Rabi,53.0,35.3,56.9,No,0.0,Every 4-6 days
muskmelon,Kharif,50.1,23.78,25.9,Yes,13.81,Every 1-3 days
blackgram,Rabi,54.5,22.89,88.5,No,0.0,Every 4-6 days
kidneybeans,Zaid,40.2,28.53,62.4,No,0.0,Every 4-6 days
grapes,Zaid,51.2,36.27,53.1,No,0.0,Every 4-6 days
pigeonpeas,Rabi,73.4,30.14,40.8,No,0.0,Every 4-6 days
mango,Kharif,64.3,24.79,29.4,Yes,9.04,Every 4-6 days
mothbeans,Rabi,49.4,32.8,85.1,No,0.0,Every 4-6 days
muskmelon,Zaid,56.6,35.84,72.9,No,0.0,Every 1-3 days
mango,Kharif,32.5,30.49,70.8,No,0.0,Every 4-6 days
pigeonpeas,Rabi,5.0,22.58,8.8,Yes,14.65,Every 1-3 days
mothbeans,Rabi,64.0,30.4,17.8,Yes,11.77,Every 4-6 days
grapes,Kharif,22.6,18.44,20.4,Yes,13.79,Every 4-6 days
coconut,Rabi,64.1,23.75,43.6,No,0.0,Every 4-6 days
coconut,Kharif,47.1,27.01,53.9,No,0.0,Every 4-6 days
pigeonpeas,Rabi,38.4,26.28,69.3,No,0.0,Every 4-6 days
coffee,Kharif,10.6,24.14,24.8,Yes,14.4,Every 4-6 days
mango,Rabi,55.4,29.56,9.9,Yes,10.45,Every 4-6 days
mungbean,Kharif,50.5,31.04,40.6,No,0.0,Every 4-6 days
coffee,Kharif,42.3,32.91,76.4,No,0.0,Every 4-6 days
blackgram,Kharif,52.2,33.2,9.8,Yes,14.12,Every 4-6 days
muskmelon,Kharif,21.2,15.87,20.1,Yes,16.05,Every 1-3 days
coffee,Zaid,17.8,28.72,121.9,No,0.0,Every 4-6 days
apple,Zaid,51.8,39.43,18.1,Yes,13.18,Every 4-6 days
maize,Zaid,39.5,29.06,65.3,No,0.0,Every 4-6 days
coffee,Kharif,64.9,29.19,42.8,No,0.0,Every 4-6 days
pigeonpeas,Zaid,58.2,25.22,121.7,No,0.0,Every 4-6 days
mango,Kharif,72.0,28.04,15.4,Yes,9.77,Every 4-6 days
cotton,Kharif,36.3,26.09,66.4,No,0.0,Every 4-6 days
chickpea,Rabi,43.5,24.36,77.8,No,0.0,Every 4-6 days
mungbean,Rabi,41.4,39.3,28.1,Yes,15.06,Every 4-6 days
jute,Kharif,27.0,23.54,5.2,Yes,18.33,Every 1-3 days
apple,Kharif,55.7,28.7,67.7,No,0.0,Every 4-6 days
muskmelon,Zaid,38.7,29.22,113.6,No,0.0,Every 1-3 days
muskmelon,Kharif,32.8,22.64,23.4,Yes,16.2,Every 1-3 days
orange,Zaid,63.1,24.25,22.8,Yes,9.63,Every 4-6 days
chickpea,Zaid,50.5,27.93,63.3,No,0.0,Every 4-6 days
chickpea,Kharif,53.5,22.63,64.5,No,0.0,Every 4-6 days
mothbeans,Zaid,37.0,25.01,28.5,Yes,12.58,Every 4-6 days
chickpea,Kharif,67.9,21.82,23.7,Yes,9.86,Every 4-6 days
mungbean,Zaid,29.6,24.36,59.2,No,0.0,Every 4-6 days
orange,Rabi,55.2,18.31,61.1,No,0.0,Every 4-6 days
jute,Kharif,64.0,18.18,129.3,No,0.0,Every 4-6 days
papaya,Rabi,61.0,28.67,57.8,No,0.0,Every 4-6 days
mungbean,Zaid,40.4,30.33,56.6,No,0.0,Every 4-6 days
coconut,Kharif,69.4,26.44,17.5,Yes,8.44,Every 4-6 days
orange,Rabi,30.0,28.02,9.0,Yes,13.48,Every 4-6 days
coffee,Kharif,35.2,29.34,91.5,No,0.0,Every 4-6 days
mango,Zaid,70.8,28.05,14.3,Yes,10.3,Every 4-6 days
orange,Zaid,46.3,20.96,161.9,No,0.0,Every 7-10 days
rice,Rabi,82.6,35.6,250.0,No,0.0,Every 4-6 days
coconut,Zaid,69.2,31.61,52.9,No,0.0,Every 4-6 days
watermelon,Zaid,51.6,34.85,27.2,Yes,17.02,Every 1-3 days
kidneybeans,Rabi,56.4,34.14,23.8,Yes,14.11,Every 4-6 days
pigeonpeas,Kharif,25.2,23.57,17.6,Yes,12.02,Every 4-6 days
kidneybeans,Kharif,37.1,23.91,7.0,Yes,12.07,Every 4-6 days
coffee,Kharif,20.3,22.61,102.9,No,0.0,Every 4-6 days
mango,Kharif,39.9,19.04,110.5,No,0.0,Every 4-6 days
coffee,Kharif,39.3,30.16,36.4,Yes,11.89,Every 4-6 days
blackgram,Zaid,71.3,28.96,23.2,Yes,10.19,Every 4-6 days
blackgram,Kharif,37.7,22.08,35.3,Yes,11.84,Every 4-6 days
banana,Rabi,85.0,25.06,29.5,Yes,13.03,Every 4-6 days
apple,Kharif,40.8,28.17,44.1,No,0.0,Every 4-6 days
coconut,Kharif,35.3,27.75,17.4,Yes,13.49,Every 4-6 days
coffee,Zaid,72.0,24.01,45.7,No,0.0,Every 4-6 days
apple,Rabi,41.6,27.88,19.4,Yes,12.14,Every 4-6 days
cotton,Kharif,61.3,21.13,50.7,No,0.0,Every 4-6 days
coconut,Rabi,56.7,28.55,67.3,No,0.0,Every 4-6 days
jute,Rabi,41.9,32.63,73.0,No,0.0,Every 1-3 days
grapes,Zaid,48.1,28.01,27.8,Yes,9.69,Every 4-6 days
coconut,Rabi,48.3,40.34,96.5,No,0.0,Every 4-6 days
apple,Zaid,49.4,24.6,18.2,Yes,10.96,Every 4-6 days
mango,Zaid,53.5,23.38,25.0,Yes,11.76,Every 4-6 days
mungbean,Kharif,48.2,33.99,71.2,No,0.0,Every 4-6 days
papaya,Rabi,31.6,24.31,90.4,No,0.0,Every 4-6 days
mungbean,Rabi,31.9,27.67,15.8,Yes,12.7,Every 4-6 days
mothbeans,Rabi,42.8,22.25,99.1,No,0.0,Every 4-6 days
mungbean,Kharif,44.6,21.06,18.1,Yes,11.29,Every 4-6 days
papaya,Rabi,55.7,30.68,65.7,No,0.0,Every 4-6 days
blackgram,Rabi,20.2,29.06,79.4,No,0.0,Every 4-6 days
mungbean,Rabi,70.1,29.33,40.8,No,0.0,Every 4-6 days
coffee,Rabi,38.1,31.91,35.4,Yes,14.33,Every 4-6 days
rice,Zaid,30.3,22.49,6.0,Yes,16.11,Every 1-3 days
apple,Kharif,44.1,28.85,42.4,No,0.0,Every 4-6 days
banana,Zaid,43.6,25.75,32.1,Yes,15.38,Every 1-3 days
muskmelon,Kharif,41.4,32.19,90.0,No,0.0,Every 1-3 days
banana,Rabi,49.1,23.68,11.9,Yes,15.18,Every 1-3 days
pomegranate,Zaid,45.9,27.13,35.0,Yes,11.05,Every 4-6 days
muskmelon,Rabi,63.0,41.29,39.0,Yes,17.47,Every 1-3 days
orange,Kharif,63.6,28.12,52.3,No,0.0,Every 4-6 days
mothbeans,Zaid,36.3,25.34,59.3,No,0.0,Every 4-6 days
maize,Rabi,50.9,29.12,40.1,No,0.0,Every 4-6 days
pomegranate,Kharif,31.6,31.59,51.5,No,0.0,Every 4-6 days
mango,Rabi,33.2,39.43,45.4,No,0.0,Every 1-3 days
watermelon,Kharif,53.0,33.11,11.5,Yes,15.87,Every 1-3 days
watermelon,Kharif,65.8,19.25,89.8,No,0.0,Every 4-6 days
blackgram,Zaid,46.7,35.61,48.1,No,0.0,Every 4-6 days
papaya,Rabi,45.6,28.1,78.4,No,0.0,Every 4-6 days
mungbean,Kharif,40.3,32.04,11.2,Yes,13.21,Every 4-6 days
jute,Kharif,45.9,24.11,158.1,No,0.0,Every 4-6 days
blackgram,Rabi,23.1,32.4,49.4,No,0.0,Every 4-6 days
cotton,Zaid,47.2,32.27,41.1,No,0.0,Every 4-6 days
mothbeans,Rabi,52.9,33.62,25.7,Yes,13.47,Every 4-6 days
grapes,Kharif,41.0,22.23,60.7,No,0.0,Every 4-6 days
blackgram,Rabi,65.6,30.69,105.7,No,0.0,Every 4-6 days
papaya,Kharif,26.2,42.87,37.2,Yes,14.6,Every 1-3 days
maize,Zaid,54.6,26.25,104.7,No,0.0,Every 4-6 days
orange,Rabi,56.2,23.04,51.2,No,0.0,Every 4-6 days
lentil,Rabi,63.4,22.57,78.4,No,0.0,Every 4-6 days
mothbeans,Kharif,31.9,31.43,74.6,No,0.0,Every 4-6 days
blackgram,Zaid,55.2,27.59,55.8,No,0.0,Every 4-6 days
kidneybeans,Rabi,19.7,33.07,9.5,Yes,15.38,Every 1-3 days
chickpea,Rabi,53.3,21.44,71.8,No,0.0,Every 4-6 days
rice,Rabi,22.0,18.24,50.7,No,0.0,Every 1-3 days
kidneybeans,Kharif,50.5,19.49,60.9,No,0.0,Every 4-6 days
maize,Zaid,18.5,30.36,112.7,No,0.0,Every 4-6 days
rice,Rabi,68.3,28.15,30.2,Yes,13.89,Every 4-6 days
kidneybeans,Zaid,36.9,27.29,12.2,Yes,14.39,Every 4-6 days
cotton,Rabi,44.0,27.98,34.7,Yes,14.0,Every 4-6 days
grapes,Rabi,25.3,26.72,68.0,No,0.0,Every 4-6 days
banana,Kharif,31.2,20.9,25.8,Yes,16.13,Every 1-3 days
coffee,Kharif,38.1,29.57,57.5,No,0.0,Every 4-6 days
cotton,Zaid,51.1,30.17,43.1,No,0.0,Every 4-6 days
jute,Zaid,44.7,21.49,55.9,No,0.0,Every 4-6 days
watermelon,Rabi,19.9,30.83,36.5,Yes,19.11,Every 1-3 days
mango,Zaid,47.0,29.14,51.7,No,0.0,Every 4-6 days
maize,Kharif,18.0,26.1,24.8,Yes,14.49,Every 4-6 days
muskmelon,Kharif,43.5,29.6,51.5,No,0.0,Every 1-3 days
pigeonpeas,Rabi,41.5,32.16,74.1,No,0.0,Every 4-6 days
watermelon,Zaid,50.0,25.26,79.7,No,0.0,Every 4-6 days
kidneybeans,Rabi,54.8,24.21,27.6,Yes,10.21,Every 4-6 days
banana,Zaid,53.2,30.0,46.0,No,0.0,Every 1-3 days
mango,Kharif,57.6,21.59,6.9,Yes,9.44,Every 4-6 days
apple,Zaid,65.6,28.94,7.1,Yes,11.06,Every 4-6 days
banana,Zaid,32.6,27.67,83.8,No,0.0,Every 1-3 days
papaya,Zaid,51.4,27.23,94.7,No,0.0,Every 4-6 days
rice,Rabi,39.5,33.49,85.2,No,0.0,Every 1-3 days
grapes,Rabi,26.1,16.08,34.2,Yes,10.28,Every 4-6 days
muskmelon,Rabi,39.8,22.46,62.9,No,0.0,Every 1-3 days
maize,Rabi,42.5,31.55,83.4,No,0.0,Every 4-6 days
cotton,Kharif,26.8,25.45,19.9,Yes,12.51,Every 4-6 days
orange,Rabi,33.6,37.69,26.4,Yes,15.3,Every 1-3 days
chickpea,Zaid,27.9,31.31,95.1,No,0.0,Every 4-6 days
mothbeans,Zaid,33.2,24.21,63.3,No,0.0,Every 4-6 days
mango,Zaid,48.2,21.38,55.3,No,0.0,Every 4-6 days
lentil,Kharif,61.3,35.91,36.9,Yes,13.48,Every 4-6 days
banana,Kharif,48.0,29.94,23.9,Yes,15.19,Every 1-3 days
mungbean,Rabi,24.5,29.61,26.8,Yes,12.74,Every 4-6 days
apple,Rabi,37.3,19.36,19.1,Yes,11.62,Every 4-6 days
apple,Kharif,37.5,25.17,34.5,Yes,12.54,Every 4-6 days
pomegranate,Rabi,29.7,29.41,39.5,Yes,13.96,Every 4-6 days
pigeonpeas,Zaid,54.1,33.49,107.5,No,0.0,Every 4-6 days
grapes,Kharif,41.6,31.28,48.9,No,0.0,Every 4-6 days
pigeonpeas,Kharif,63.1,26.6,66.2,No,0.0,Every 4-6 days
grapes,Zaid,44.6,30.24,132.5,No,0.0,Every 4-6 days
watermelon,Zaid,38.6,24.5,17.1,Yes,16.63,Every 1-3 days
watermelon,Kharif,29.5,20.42,31.8,Yes,15.24,Every 1-3 days
cotton,Kharif,49.7,21.46,81.4,No,0.0,Every 4-6 days
lentil,Kharif,54.7,29.19,119.0,No,0.0,Every 4-6 days
pomegranate,Kharif,31.6,30.57,76.4,No,0.0,Every 4-6 days
muskmelon,Zaid,49.2,35.68,18.9,Yes,17.5,Every 1-3 days
banana,Rabi,16.2,33.16,31.1,Yes,20.67,Every 1-3 days
papaya,Rabi,28.7,22.41,27.6,Yes,12.74,Every 4-6 days
maize,Rabi,30.9,28.13,26.8,Yes,14.48,Every 4-6 days
mungbean,Rabi,36.8,24.75,51.9,No,0.0,Every 4-6 days
mungbean,Kharif,62.6,27.97,31.3,Yes,9.93,Every 4-6 days
mango,Rabi,41.3,32.03,23.6,Yes,12.76,Every 4-6 days
grapes,Kharif,40.9,25.28,24.7,Yes,10.14,Every 4-6 days
kidneybeans,Kharif,26.8,26.26,89.5,No,0.0,Every 4-6 days
coconut,Kharif,37.0,24.66,69.7,No,0.0,Every 4-6 days
orange,Rabi,63.0,20.11,50.0,No,0.0,Every 4-6 days
grapes,Kharif,61.3,30.51,30.1,Yes,10.21,Every 4-6 days
blackgram,Zaid,66.2,22.88,36.0,Yes,9.92,Every 4-6 days
papaya,Kharif,72.4,22.56,42.0,No,0.0,Every 4-6 days
kidneybeans,Zaid,48.5,32.7,113.4,No,0.0,Every 4-6 days
muskmelon,Kharif,15.5,38.57,94.2,No,0.0,Every 1-3 days
mothbeans,Rabi,51.6,30.75,27.6,Yes,11.55,Every 4-6 days
cotton,Zaid,65.3,30.84,79.6,No,0.0,Every 4-6 days
kidneybeans,Kharif,45.3,28.18,140.6,No,0.0,Every 4-6 days
pigeonpeas,Kharif,9.2,26.14,29.8,Yes,15.46,Every 1-3 days
apple,Rabi,41.1,23.65,78.2,No,0.0,Every 4-6 days
rice,Rabi,47.2,19.52,62.3,No,0.0,Every 4-6 days
blackgram,Rabi,47.3,24.25,8.0,Yes,11.71,Every 4-6 days
blackgram,Rabi,43.0,30.49,105.6,No,0.0,Every 4-6 days
chickpea,Rabi,5.0,32.52,48.3,No,0.0,Every 1-3 days
mothbeans,Kharif,88.5,15.42,26.1,Yes,4.89,Every 7-10 days
watermelon,Kharif,65.5,35.68,25.0,Yes,16.74,Every 1-3 days
orange,Kharif,47.2,28.31,25.0,Yes,12.81,Every 4-6 days
apple,Zaid,25.5,16.16,50.6,No,0.0,Every 4-6 days
orange,Kharif,31.2,18.56,55.1,No,0.0,Every 4-6 days
apple,Kharif,42.6,36.13,42.8,No,0.0,Every 4-6 days
chickpea,Zaid,31.4,30.31,81.5,No,0.0,Every 4-6 days
orange,Rabi,62.3,22.98,42.9,No,0.0,Every 4-6 days
mungbean,Kharif,48.3,23.22,33.7,Yes,12.94,Every 4-6 days
coconut,Rabi,45.5,36.27,57.3,No,0.0,Every 4-6 days
coconut,Kharif,48.9,27.36,25.3,Yes,9.75,Every 4-6 days
pigeonpeas,Rabi,26.4,27.68,59.6,No,0.0,Every 4-6 days
banana,Rabi,48.9,33.1,80.8,No,0.0,Every 1-3 days
pigeonpeas,Kharif,5.0,28.04,36.9,Yes,15.44,Every 1-3 days
mothbeans,Zaid,47.8,26.31,83.4,No,0.0,Every 4-6 days
blackgram,Kharif,37.5,31.68,65.2,No,0.0,Every 4-6 days
lentil,Kharif,63.1,28.68,17.1,Yes,9.8,Every 4-6 days
mothbeans,Rabi,71.1,30.77,7.6,Yes,10.94,Every 4-6 days
watermelon,Rabi,72.7,24.85,27.7,Yes,13.76,Every 4-6 days
muskmelon,Rabi,41.9,24.92,30.2,Yes,16.85,Every 1-3 days
lentil,Kharif,38.4,33.24,183.0,No,0.0,Every 4-6 days
orange,Rabi,51.8,28.45,10.0,Yes,11.49,Every 4-6 days
maize,Kharif,52.6,25.24,74.1,No,0.0,Every 4-6 days
coconut,Rabi,40.7,33.28,30.3,Yes,11.5,Every 4-6 days
pigeonpeas,Rabi,26.2,12.88,125.0,No,0.0,Every 4-6 days
papaya,Zaid,40.5,38.48,19.0,Yes,11.38,Every 1-3 days
orange,Zaid,56.3,36.44,45.8,No,0.0,Every 4-6 days
coconut,Zaid,29.2,22.93,136.6,No,0.0,Every 4-6 days
papaya,Kharif,20.5,29.05,69.4,No,0.0,Every 4-6 days
muskmelon,Kharif,36.7,23.29,22.3,Yes,17.32,Every 1-3 days
coffee,Rabi,52.3,33.74,57.9,No,0.0,Every 4-6 days
pigeonpeas,Rabi,33.0,24.65,73.7,No,0.0,Every 4-6 days
banana,Rabi,40.7,39.81,101.4,No,0.0,Every 1-3 days
mothbeans,Zaid,61.5,30.46,137.3,No,0.0,Every 4-6 days
rice,Zaid,35.3,32.51,67.7,No,0.0,Every 1-3 days
mungbean,Rabi,67.3,30.77,113.6,No,0.0,Every 4-6 days
chickpea,Kharif,67.1,26.87,25.0,Yes,11.57,Every 4-6 days
mungbean,Zaid,38.2,29.95,70.2,No,0.0,Every 4-6 days
mango,Kharif,49.5,27.33,145.6,No,0.0,Every 4-6 days
watermelon,Kharif,44.1,34.49,34.4,Yes,17.83,Every 1-3 days
pigeonpeas,Kharif,52.7,20.98,74.4,No,0.0,Every 4-6 days
rice,Rabi,43.4,23.13,44.4,No,0.0,Every 1-3 days
mothbeans,Rabi,34.4,17.84,16.9,Yes,11.77,Every 4-6 days
orange,Rabi,50.0,38.55,49.0,No,0.0,Every 4-6 days
papaya,Zaid,27.7,27.65,66.4,No,0.0,Every 4-6 days
watermelon,Kharif,26.1,25.81,17.9,Yes,18.07,Every 1-3 days
kidneybeans,Rabi,31.7,32.31,68.9,No,0.0,Every 4-6 days
grapes,Zaid,51.0,31.86,56.6,No,0.0,Every 4-6 days
coconut,Rabi,46.0,21.33,28.0,Yes,9.97,Every 4-6 days
mothbeans,Kharif,33.2,29.84,47.2,No,0.0,Every 4-6 days
maize,Kharif,22.5,29.25,71.6,No,0.0,Every 4-6 days
blackgram,Kharif,66.5,41.23,32.7,Yes,12.56,Every 4-6 days
banana,Rabi,34.7,33.22,72.3,No,0.0,Every 1-3 days
papaya,Kharif,50.5,18.39,31.9,Yes,11.2,Every 4-6 days
mothbeans,Kharif,51.5,30.88,83.6,No,0.0,Every 4-6 days
coconut,Rabi,63.8,30.67,31.4,Yes,9.9,Every 4-6 days
banana,Zaid,38.3,22.68,26.4,Yes,15.56,Every 1-3 days
mango,Zaid,61.3,24.9,7.8,Yes,9.75,Every 4-6 days
mothbeans,Kharif,38.9,31.88,26.2,Yes,14.17,Every 4-6 days
coffee,Rabi,40.2,28.57,72.0,No,0.0,Every 4-6 days
mothbeans,Kharif,40.8,25.43,27.7,Yes,12.24,Every 4-6 days
rice,Kharif,40.7,29.29,60.4,No,0.0,Every 1-3 days
coconut,Kharif,29.9,29.27,54.1,No,0.0,Every 4-6 days
watermelon,Zaid,24.4,31.68,25.6,Yes,18.26,Every 1-3 days
mothbeans,Zaid,51.2,23.05,59.1,No,0.0,Every 4-6 days
pomegranate,Kharif,54.5,26.95,6.1,Yes,11.85,Every 4-6 days
mango,Rabi,49.1,29.06,8.4,Yes,11.45,Every 4-6 days
maize,Rabi,45.5,17.37,7.5,Yes,10.15,Every 4-6 days
chickpea,Rabi,41.9,30.68,4.3,Yes,10.51,Every 4-6 days
pigeonpeas,Zaid,34.2,20.54,115.7,No,0.0,Every 4-6 days
mothbeans,Kharif,17.4,22.08,125.2,No,0.0,Every 4-6 days
jute,Kharif,53.0,29.28,32.0,Yes,14.09,Every 1-3 days
pigeonpeas,Zaid,34.8,33.13,59.7,No,0.0,Every 4-6 days
jute,Zaid,53.7,33.63,56.6,No,0.0,Every 1-3 days
watermelon,Kharif,30.9,34.59,113.1,No,0.0,Every 1-3 days
jute,Zaid,70.6,22.83,42.3,No,0.0,Every 4-6 days
mango,Kharif,24.4,33.41,46.6,No,0.0,Every 4-6 days
coconut,Rabi,18.9,21.58,18.3,Yes,12.91,Every 4-6 days
pigeonpeas,Zaid,43.3,25.03,23.8,Yes,11.85,Every 4-6 days
pomegranate,Rabi,54.5,24.47,58.0,No,0.0,Every 4-6 days
coconut,Rabi,50.0,22.59,19.5,Yes,11.77,Every 4-6 days
coffee,Rabi,21.3,36.7,94.7,No,0.0,Every 4-6 days
maize,Rabi,44.7,29.73,22.2,Yes,12.64,Every 4-6 days
apple,Kharif,47.0,29.79,12.3,Yes,11.03,Every 4-6 days
mothbeans,Rabi,42.1,29.45,21.4,Yes,12.88,Every 4-6 days
coffee,Zaid,56.5,33.47,88.4,No,0.0,Every 4-6 days
pigeonpeas,Zaid,52.4,34.9,105.1,No,0.0,Every 4-6 days
watermelon,Zaid,39.4,29.63,83.2,No,0.0,Every 1-3 days
coconut,Kharif,40.8,24.69,10.1,Yes,13.07,Every 4-6 days
jute,Rabi,57.7,18.4,104.3,No,0.0,Every 4-6 days
apple,Rabi,63.0,30.47,71.5,No,0.0,Every 4-6 days
chickpea,Rabi,48.9,34.07,17.0,Yes,12.35,Every 4-6 days
muskmelon,Zaid,63.2,31.63,38.0,Yes,14.5,Every 1-3 days
blackgram,Zaid,50.0,28.3,59.6,No,0.0,Every 4-6 days
mungbean,Rabi,34.1,24.36,55.3,No,0.0,Every 4-6 days
papaya,Zaid,35.8,25.78,27.0,Yes,12.29,Every 4-6 days
lentil,Rabi,46.1,32.65,37.0,Yes,11.85,Every 4-6 days
mungbean,Rabi,43.9,32.85,43.1,No,0.0,Every 4-6 days
blackgram,Zaid,47.7,26.28,21.2,Yes,12.24,Every 4-6 days
banana,Rabi,27.0,19.51,28.1,Yes,16.17,Every 1-3 days
pomegranate,Zaid,36.1,21.92,60.5,No,0.0,Every 4-6 days
lentil,Kharif,21.5,31.68,24.9,Yes,14.65,Every 1-3 days
coffee,Kharif,36.9,25.94,24.7,Yes,10.93,Every 4-6 days
lentil,Rabi,20.7,30.09,25.7,Yes,14.77,Every 1-3 days
mothbeans,Kharif,19.0,18.59,48.3,No,0.0,Every 4-6 days
lentil,Kharif,61.5,29.95,63.5,No,0.0,Every 4-6 days
cotton,Rabi,44.7,29.55,26.0,Yes,13.29,Every 4-6 days
chickpea,Kharif,34.5,27.2,64.8,No,0.0,Every 4-6 days
banana,Zaid,45.1,25.98,72.2,No,0.0,Every 1-3 days
coconut,Zaid,34.3,30.11,53.0,No,0.0,Every 4-6 days
cotton,Zaid,53.4,22.92,64.6,No,0.0,Every 4-6 days
blackgram,Kharif,30.9,36.8,33.8,Yes,14.41,Every 1-3 days
orange,Kharif,55.9,27.82,53.4,No,0.0,Every 4-6 days
apple,Rabi,12.6,28.44,35.1,Yes,14.39,Every 1-3 days
mothbeans,Rabi,43.4,26.92,13.6,Yes,12.51,Every 4-6 days
kidneybeans,Rabi,61.7,33.48,32.7,Yes,12.62,Every 4-6 days
coconut,Zaid,51.4,28.03,37.6,Yes,10.11,Every 4-6 days
blackgram,Zaid,73.9,25.75,35.2,Yes,9.29,Every 4-6 days
blackgram,Rabi,43.0,36.37,24.6,Yes,12.01,Every 4-6 days
lentil,Rabi,14.9,28.0,37.3,Yes,12.65,Every 4-6 days
mango,Zaid,37.6,21.67,35.9,Yes,9.75,Every 4-6 days
maize,Zaid,39.2,15.49,73.6,No,0.0,Every 4-6 days
chickpea,Rabi,65.7,28.97,14.8,Yes,10.31,Every 4-6 days
watermelon,Rabi,28.2,24.43,41.3,No,0.0,Every 1-3 days
banana,Rabi,75.0,29.95,11.7,Yes,17.69,Every 1-3 days
grapes,Kharif,34.4,27.86,78.6,No,0.0,Every 4-6 days
maize,Zaid,38.7,33.0,66.8,No,0.0,Every 4-6 days
maize,Rabi,32.4,22.06,18.6,Yes,12.8,Every 4-6 days
mungbean,Rabi,58.3,27.78,12.4,Yes,12.14,Every 4-6 days
mungbean,Zaid,42.2,36.32,98.6,No,0.0,Every 4-6 days
lentil,Kharif,32.4,24.44,16.0,Yes,11.99,Every 4-6 days
coconut,Zaid,56.2,31.81,151.4,No,0.0,Every 4-6 days
orange,Zaid,59.4,22.33,37.6,Yes,10.87,Every 4-6 days
pomegranate,Kharif,47.4,28.4,19.7,Yes,11.91,Every 4-6 days
rice,Rabi,48.7,32.59,69.9,No,0.0,Every 1-3 days
papaya,Zaid,5.0,26.75,97.9,No,0.0,Every 4-6 days
cotton,Kharif,43.0,34.72,22.1,Yes,13.34,Every 4-6 days
kidneybeans,Rabi,26.1,26.76,81.4,No,0.0,Every 4-6 days
papaya,Zaid,19.1,29.33,8.4,Yes,15.13,Every 1-3 days
apple,Rabi,26.0,23.13,103.2,No,0.0,Every 4-6 days
lentil,Kharif,37.6,35.49,38.0,Yes,14.56,Every 4-6 days
coffee,Rabi,33.3,28.76,68.8,No,0.0,Every 4-6 days
chickpea,Kharif,36.5,25.72,19.6,Yes,12.56,Every 4-6 days
muskmelon,Kharif,70.8,31.53,65.5,No,0.0,Every 4-6 days
coconut,Zaid,41.6,24.61,54.6,No,0.0,Every 4-6 days
maize,Kharif,54.0,26.6,120.3,No,0.0,Every 4-6 days
lentil,Zaid,28.2,29.97,46.2,No,0.0,Every 4-6 days
mungbean,Zaid,71.9,23.45,69.6,No,0.0,Every 4-6 days
banana,Rabi,29.7,29.38,37.9,Yes,18.58,Every 1-3 days
apple,Zaid,28.2,34.02,51.5,No,0.0,Every 4-6 days
watermelon,Rabi,34.7,24.27,111.3,No,0.0,Every 4-6 days
grapes,Kharif,68.6,26.41,25.8,Yes,9.51,Every 4-6 days
banana,Rabi,29.1,34.15,71.9,No,0.0,Every 1-3 days
maize,Kharif,57.2,34.2,12.0,Yes,12.34,Every 4-6 days
muskmelon,Zaid,39.6,22.74,114.5,No,0.0,Every 4-6 days
banana,Rabi,43.9,39.02,53.2,No,0.0,Every 1-3 days
cotton,Rabi,59.5,38.53,77.4,No,0.0,Every 4-6 days
pigeonpeas,Kharif,34.2,31.56,60.7,No,0.0,Every 4-6 days
papaya,Zaid,59.0,29.25,88.5,No,0.0,Every 4-6 days
coconut,Rabi,65.3,32.29,54.6,No,0.0,Every 4-6 days
grapes,Zaid,54.0,32.51,20.7,Yes,13.34,Every 4-6 days
pomegranate,Rabi,14.9,25.98,60.0,No,0.0,Every 4-6 days
papaya,Kharif,33.5,30.44,37.2,Yes,12.42,Every 4-6 days
cotton,Rabi,59.5,29.18,159.5,No,0.0,Every 7-10 days
cotton,Zaid,46.8,32.78,45.4,No,0.0,Every 4-6 days
lentil,Rabi,37.5,27.15,74.8,No,0.0,Every 4-6 days
chickpea,Kharif,47.0,39.55,8.7,Yes,12.56,Every 4-6 days
orange,Zaid,27.9,27.06,18.5,Yes,13.4,Every 4-6 days
chickpea,Rabi,40.2,30.61,39.8,Yes,12.26,Every 4-6 days
mothbeans,Kharif,59.7,24.17,2.8,Yes,11.77,Every 4-6 days
rice,Rabi,45.9,21.92,71.4,No,0.0,Every 4-6 days
jute,Kharif,28.5,33.56,109.1,No,0.0,Every 1-3 days
muskmelon,Zaid,32.0,25.26,42.0,No,0.0,Every 1-3 days
apple,Rabi,47.4,31.99,30.6,Yes,13.44,Every 4-6 days
blackgram,Zaid,67.5,24.56,19.0,Yes,8.61,Every 4-6 days
grapes,Rabi,22.1,24.41,70.6,No,0.0,Every 4-6 days
mungbean,Rabi,47.7,28.82,63.8,No,0.0,Every 4-6 days
apple,Kharif,38.8,26.14,4.5,Yes,12.16,Every 4-6 days
coffee,Kharif,20.7,34.82,64.5,No,0.0,Every 4-6 days
mungbean,Rabi,23.5,22.18,77.0,No,0.0,Every 4-6 days
coconut,Kharif,5.0,32.41,76.0,No,0.0,Every 1-3 days
watermelon,Kharif,74.7,29.93,51.6,No,0.0,Every 4-6 days
mothbeans,Zaid,31.7,23.26,24.4,Yes,12.85,Every 4-6 days
banana,Kharif,46.2,31.3,22.3,Yes,17.96,Every 1-3 days
chickpea,Kharif,51.0,29.73,173.5,No,0.0,Every 4-6 days
apple,Zaid,61.2,28.38,69.5,No,0.0,Every 4-6 days
blackgram,Zaid,36.7,26.68,51.5,No,0.0,Every 4-6 days
pomegranate,Kharif,68.0,28.27,39.4,Yes,7.5,Every 4-6 days
pigeonpeas,Rabi,40.3,18.67,31.6,Yes,11.0,Every 4-6 days
mango,Rabi,44.4,35.59,52.4,No,0.0,Every 4-6 days
papaya,Rabi,5.0,36.99,138.5,No,0.0,Every 4-6 days
cotton,Rabi,52.9,22.36,50.9,No,0.0,Every 4-6 days
orange,Zaid,33.6,36.08,169.7,No,0.0,Every 4-6 days
orange,Rabi,20.9,27.33,25.6,Yes,13.57,Every 4-6 days
maize,Zaid,44.4,25.14,69.9,No,0.0,Every 4-6 days
pomegranate,Zaid,40.6,29.95,33.9,Yes,13.6,Every 4-6 days
jute,Kharif,30.1,20.98,11.4,Yes,15.35,Every 1-3 days
lentil,Kharif,36.6,38.15,17.3,Yes,15.7,Every 1-3 days
rice,Rabi,49.0,29.69,24.7,Yes,16.55,Every 1-3 days
blackgram,Rabi,56.3,29.85,25.8,Yes,11.03,Every 4-6 days
grapes,Kharif,37.0,28.37,169.9,No,0.0,Every 4-6 days
apple,Rabi,40.5,27.52,14.0,Yes,12.31,Every 4-6 days
kidneybeans,Zaid,54.7,29.09,74.1,No,0.0,Every 4-6 days
maize,Zaid,56.5,36.16,25.7,Yes,13.63,Every 4-6 days
mothbeans,Zaid,58.6,26.7,122.4,No,0.0,Every 4-6 days
jute,Rabi,48.6,25.12,59.4,No,0.0,Every 1-3 days
pomegranate,Zaid,78.5,27.02,60.4,No,0.0,Every 4-6 days
maize,Zaid,41.8,28.54,21.9,Yes,11.95,Every 4-6 days
coffee,Zaid,47.6,35.18,56.8,No,0.0,Every 4-6 days
kidneybeans,Zaid,50.0,20.26,49.1,No,0.0,Every 4-6 days
blackgram,Zaid,40.7,25.76,48.6,No,0.0,Every 4-6 days
grapes,Rabi,45.5,32.58,6.5,Yes,11.63,Every 4-6 days
coffee,Kharif,22.3,24.6,24.4,Yes,14.46,Every 4-6 days
grapes,Kharif,32.4,28.13,75.8,No,0.0,Every 4-6 days
maize,Kharif,69.7,23.13,141.8,No,0.0,Every 7-10 days
chickpea,Rabi,75.7,26.13,80.3,No,0.0,Every 7-10 days
chickpea,Rabi,23.3,20.96,26.1,Yes,12.13,Every 4-6 days
jute,Zaid,36.1,32.4,66.6,No,0.0,Every 1-3 days
lentil,Zaid,41.2,21.56,68.0,No,0.0,Every 4-6 days
maize,Zaid,45.4,24.88,42.5,No,0.0,Every 4-6 days
banana,Rabi,24.9,30.39,165.4,No,0.0,Every 1-3 days
kidneybeans,Kharif,69.8,28.56,33.9,Yes,10.17,Every 4-6 days
banana,Zaid,87.8,24.45,74.8,No,0.0,Every 4-6 days
lentil,Rabi,61.1,26.34,23.1,Yes,9.38,Every 4-6 days
chickpea,Kharif,30.8,33.15,50.0,No,0.0,Every 4-6 days
kidneybeans,Zaid,64.2,29.26,7.1,Yes,10.92,Every 4-6 days
cotton,Kharif,32.8,29.85,23.8,Yes,13.56,Every 4-6 days
apple,Zaid,44.0,25.78,110.6,No,0.0,Every 4-6 days
mothbeans,Zaid,45.6,27.48,9.3,Yes,11.45,Every 4-6 days
muskmelon,Kharif,31.3,24.06,91.8,No,0.0,Every 1-3 days
orange,Rabi,44.3,32.82,33.6,Yes,12.24,Every 4-6 days
cotton,Zaid,15.9,34.24,18.8,Yes,16.0,Every 1-3 days
papaya,Rabi,62.7,22.29,16.0,Yes,9.79,Every 4-6 days
watermelon,Kharif,66.6,39.62,59.2,No,0.0,Every 1-3 days
watermelon,Rabi,41.7,31.67,28.1,Yes,16.19,Every 1-3 days
watermelon,Rabi,79.0,29.97,63.3,No,0.0,Every 4-6 days
pigeonpeas,Zaid,53.0,32.4,68.9,No,0.0,Every 4-6 days
rice,Zaid,51.3,21.09,29.8,Yes,13.84,Every 1-3 days
kidneybeans,Kharif,22.2,26.67,37.1,Yes,12.91,Every 4-6 days
kidneybeans,Rabi,50.2,31.82,24.7,Yes,12.51,Every 4-6 days
watermelon,Kharif,29.0,33.52,28.2,Yes,18.11,Every 1-3 days
chickpea,Zaid,30.9,27.28,51.4,No,0.0,Every 4-6 days
cotton,Zaid,29.8,24.79,67.0,No,0.0,Every 4-6 days
maize,Zaid,65.6,25.87,22.7,Yes,10.63,Every 4-6 days
apple,Rabi,52.9,24.43,6.0,Yes,12.06,Every 4-6 days
cotton,Zaid,25.9,27.67,66.1,No,0.0,Every 4-6 days
rice,Rabi,45.4,27.16,3.0,Yes,16.36,Every 1-3 days
muskmelon,Zaid,41.6,21.49,76.8,No,0.0,Every 4-6 days
maize,Kharif,43.2,36.66,31.1,Yes,13.16,Every 4-6 days
apple,Kharif,43.2,21.46,18.8,Yes,11.01,Every 4-6 days
banana,Kharif,16.4,24.67,25.8,Yes,18.04,Every 1-3 days
orange,Zaid,33.7,23.76,137.6,No,0.0,Every 4-6 days
rice,Rabi,79.8,30.93,21.1,Yes,14.8,Every 4-6 days
coffee,Rabi,60.3,26.28,8.2,Yes,11.21,Every 4-6 days
pigeonpeas,Rabi,28.2,25.09,59.2,No,0.0,Every 4-6 days
lentil,Rabi,38.3,30.46,18.8,Yes,13.67,Every 4-6 days
blackgram,Rabi,38.2,27.54,5.9,Yes,13.8,Every 4-6 days
jute,Zaid,74.6,24.28,74.9,No,0.0,Every 4-6 days
jute,Zaid,53.2,30.33,59.9,No,0.0,Every 1-3 days
chickpea,Zaid,41.6,28.8,11.7,Yes,11.83,Every 4-6 days
mungbean,Kharif,25.0,33.91,39.7,Yes,14.22,Every 4-6 days
pomegranate,Rabi,40.7,26.36,58.0,No,0.0,Every 4-6 days
watermelon,Kharif,49.8,37.08,48.7,No,0.0,Every 1-3 days
grapes,Kharif,22.3,28.27,44.1,No,0.0,Every 4-6 days
coffee,Zaid,53.5,23.88,7.6,Yes,10.59,Every 4-6 days
lentil,Zaid,12.9,30.33,74.0,No,0.0,Every 4-6 days
chickpea,Zaid,12.6,28.34,10.7,Yes,14.33,Every 1-3 days
coffee,Rabi,25.5,27.4,29.7,Yes,14.99,Every 4-6 days
maize,Rabi,34.9,16.79,61.8,No,0.0,Every 4-6 days
coconut,Kharif,21.1,24.39,98.0,No,0.0,Every 4-6 days
jute,Kharif,38.5,26.43,41.6,No,0.0,Every 1-3 days
mothbeans,Zaid,53.7,28.69,66.3,No,0.0,Every 4-6 days
maize,Rabi,30.4,29.54,23.8,Yes,12.45,Every 4-6 days
papaya,Kharif,31.4,35.57,32.7,Yes,12.12,Every 4-6 days
rice,Kharif,45.0,23.93,129.0,No,0.0,Every 4-6 days
watermelon,Zaid,57.4,36.92,10.7,Yes,17.95,Every 1-3 days
rice,Zaid,61.3,29.12,6.5,Yes,16.44,Every 1-3 days
pomegranate,Kharif,43.8,17.9,6.0,Yes,10.82,Every 4-6 days
apple,Zaid,34.2,29.05,122.3,No,0.0,Every 4-6 days
rice,Zaid,22.3,31.38,108.0,No,0.0,Every 1-3 days
grapes,Rabi,42.9,18.84,43.1,No,0.0,Every 4-6 days
muskmelon,Kharif,63.6,21.86,13.1,Yes,13.5,Every 4-6 days
pomegranate,Zaid,40.3,23.16,88.1,No,0.0,Every 4-6 days
watermelon,Zaid,49.9,20.22,27.8,Yes,15.97,Every 1-3 days
orange,Rabi,55.2,17.08,48.6,No,0.0,Every 4-6 days
pomegranate,Kharif,32.3,33.9,53.7,No,0.0,Every 4-6 days
mango,Zaid,72.4,27.44,30.0,Yes,9.47,Every 4-6 days
lentil,Rabi,39.2,31.78,28.1,Yes,11.3,Every 4-6 days
blackgram,Zaid,37.2,22.59,50.6,No,0.0,Every 4-6 days
coffee,Rabi,54.4,21.4,38.0,Yes,11.47,Every 4-6 days
pomegranate,Kharif,50.0,23.22,15.4,Yes,11.55,Every 4-6 days
rice,Kharif,37.1,17.59,21.0,Yes,16.61,Every 1-3 days
coconut,Zaid,47.1,29.61,103.2,No,0.0,Every 4-6 days
coffee,Kharif,28.9,19.36,21.1,Yes,12.45,Every 4-6 days
lentil,Kharif,38.8,19.95,68.1,No,0.0,Every 4-6 days
pigeonpeas,Zaid,42.6,31.18,70.3,No,0.0,Every 4-6 days
coconut,Kharif,56.0,27.05,34.0,Yes,10.61,Every 4-6 days
mango,Kharif,40.8,25.15,57.3,No,0.0,Every 4-6 days
apple,Kharif,79.1,34.31,99.4,No,0.0,Every 4-6 days
pigeonpeas,Rabi,22.5,29.68,30.9,Yes,14.28,Every 4-6 days
papaya,Kharif,57.8,26.3,85.9,No,0.0,Every 4-6 days
chickpea,Kharif,53.5,20.34,17.9,Yes,10.75,Every 4-6 days
blackgram,Kharif,46.6,21.69,50.0,No,0.0,Every 4-6 days
orange,Zaid,51.2,21.71,24.5,Yes,9.87,Every 4-6 days
grapes,Zaid,63.0,26.63,77.3,No,0.0,Every 4-6 days
coconut,Rabi,49.3,29.21,45.0,No,0.0,Every 4-6 days
apple,Rabi,5.0,29.78,106.3,No,0.0,Every 4-6 days
mungbean,Zaid,95.0,20.55,3.1,Yes,5.57,Every 7-10 days
papaya,Kharif,79.6,25.67,26.7,Yes,7.51,Every 4-6 days
rice,Kharif,44.6,21.79,84.8,No,0.0,Every 4-6 days
kidneybeans,Zaid,72.4,30.92,53.8,No,0.0,Every 4-6 days
mungbean,Kharif,44.1,32.55,20.9,Yes,11.44,Every 4-6 days
orange,Kharif,33.5,38.86,87.1,No,0.0,Every 4-6 days
lentil,Kharif,47.7,29.87,77.1,No,0.0,Every 4-6 days
grapes,Rabi,31.3,30.97,125.5,No,0.0,Every 4-6 days
jute,Zaid,44.8,29.56,49.0,No,0.0,Every 1-3 days
apple,Kharif,10.7,26.13,52.7,No,0.0,Every 4-6 days
orange,Rabi,68.3,29.29,61.4,No,0.0,Every 4-6 days
mungbean,Zaid,47.8,28.31,40.7,No,0.0,Every 4-6 days
rice,Zaid,41.8,28.38,11.3,Yes,18.96,Every 1-3 days
jute,Zaid,49.2,28.58,26.0,Yes,15.61,Every 1-3 days
apple,Rabi,57.7,33.43,36.6,Yes,11.64,Every 4-6 days
coffee,Kharif,26.0,35.23,84.6,No,0.0,Every 4-6 days
mothbeans,Zaid,27.4,37.05,22.5,Yes,14.67,Every 1-3 days
lentil,Kharif,72.1,19.71,30.8,Yes,8.54,Every 4-6 days
maize,Kharif,46.9,28.36,37.3,Yes,12.37,Every 4-6 days
rice,Kharif,21.2,23.88,74.2,No,0.0,Every 1-3 days
papaya,Kharif,41.7,36.22,28.7,Yes,12.98,Every 4-6 days
pigeonpeas,Rabi,52.2,17.84,8.0,Yes,9.82,Every 4-6 days
maize,Zaid,76.6,25.81,38.7,Yes,8.34,Every 4-6 days
chickpea,Kharif,43.8,29.88,27.8,Yes,11.92,Every 4-6 days
mothbeans,Kharif,55.1,28.47,30.1,Yes,10.0,Every 4-6 days
coffee,Rabi,50.8,26.88,24.0,Yes,10.95,Every 4-6 days
jute,Rabi,28.2,28.36,79.7,No,0.0,Every 1-3 days
mango,Rabi,25.2,32.55,97.0,No,0.0,Every 4-6 days
pigeonpeas,Kharif,40.8,33.5,17.5,Yes,13.72,Every 4-6 days
coffee,Zaid,49.8,33.65,48.9,No,0.0,Every 4-6 days
watermelon,Kharif,57.8,22.88,48.7,No,0.0,Every 4-6 days
coffee,Kharif,14.5,35.74,22.9,Yes,16.82,Every 1-3 days
blackgram,Zaid,49.9,21.5,21.3,Yes,11.2,Every 4-6 days
apple,Zaid,63.1,26.14,18.1,Yes,10.3,Every 4-6 days
blackgram,Zaid,62.8,21.95,76.8,No,0.0,Every 4-6 days
lentil,Rabi,64.0,21.65,112.8,No,0.0,Every 7-10 days
mothbeans,Rabi,57.9,29.6,102.0,No,0.0,Every 4-6 days
muskmelon,Kharif,15.4,26.48,34.4,Yes,18.97,Every 1-3 days
cotton,Zaid,16.7,37.06,7.6,Yes,17.89,Every 1-3 days
pomegranate,Rabi,37.5,20.12,72.4,No,0.0,Every 4-6 days
grapes,Kharif,45.2,21.44,73.7,No,0.0,Every 4-6 days
orange,Rabi,40.8,28.61,60.3,No,0.0,Every 4-6 days
chickpea,Rabi,51.8,31.08,46.8,No,0.0,Every 4-6 days
apple,Kharif,41.0,25.88,45.2,No,0.0,Every 4-6 days
grapes,Kharif,37.0,29.98,84.2,No,0.0,Every 4-6 days
maize,Kharif,43.9,30.09,34.8,Yes,11.05,Every 4-6 days
mungbean,Rabi,53.6,32.29,27.6,Yes,13.01,Every 4-6 days
papaya,Rabi,61.5,27.9,43.9,No,0.0,Every 4-6 days
lentil,Rabi,35.5,34.39,106.2,No,0.0,Every 4-6 days
jute,Rabi,37.2,25.58,60.0,No,0.0,Every 1-3 days
maize,Rabi,43.6,38.46,21.1,Yes,14.19,Every 4-6 days
banana,Zaid,28.9,30.75,26.8,Yes,18.21,Every 1-3 days
pomegranate,Kharif,62.6,29.32,209.3,No,0.0,Every 7-10 days
coconut,Kharif,76.4,29.61,44.5,No,0.0,Every 4-6 days
blackgram,Zaid,26.3,28.8,99.7,No,0.0,Every 4-6 days
pigeonpeas,Kharif,41.4,31.17,9.1,Yes,13.18,Every 4-6 days
chickpea,Zaid,47.3,28.04,72.2,No,0.0,Every 4-6 days
chickpea,Zaid,48.8,28.6,31.2,Yes,11.12,Every 4-6 days
muskmelon,Zaid,40.7,27.46,87.4,No,0.0,Every 1-3 days
jute,Kharif,51.3,31.18,40.6,No,0.0,Every 1-3 days
coconut,Rabi,50.4,32.2,35.3,Yes,12.57,Every 4-6 days
banana,Kharif,46.0,34.85,53.1,No,0.0,Every 1-3 days
pigeonpeas,Kharif,44.8,32.75,146.1,No,0.0,Every 4-6 days
orange,Kharif,37.0,25.18,57.4,No,0.0,Every 4-6 days
coffee,Zaid,58.2,29.75,13.3,Yes,11.49,Every 4-6 days
cotton,Rabi,23.2,30.29,21.4,Yes,14.43,Every 1-3 days
mothbeans,Zaid,47.3,27.78,32.7,Yes,12.49,Every 4-6 days
blackgram,Kharif,35.9,26.45,46.5,No,0.0,Every 4-6 days
kidneybeans,Rabi,28.9,27.47,74.3,No,0.0,Every 4-6 days
kidneybeans,Rabi,55.0,15.6,134.7,No,0.0,Every 7-10 days
coconut,Zaid,42.9,32.66,37.7,Yes,12.31,Every 4-6 days
lentil,Kharif,51.0,33.46,77.1,No,0.0,Every 4-6 days
jute,Kharif,47.9,32.92,35.4,Yes,16.92,Every 1-3 days
lentil,Rabi,12.3,36.52,59.0,No,0.0,Every 1-3 days
muskmelon,Zaid,42.1,24.31,11.5,Yes,15.2,Every 1-3 days
papaya,Rabi,42.7,36.31,86.8,No,0.0,Every 4-6 days
apple,Rabi,46.4,15.56,102.1,No,0.0,Every 4-6 days
muskmelon,Kharif,64.4,32.79,25.8,Yes,15.28,Every 1-3 days
mungbean,Rabi,24.6,27.25,93.1,No,0.0,Every 4-6 days
mungbean,Rabi,42.2,32.28,71.1,No,0.0,Every 4-6 days
coconut,Rabi,35.5,24.93,78.3,No,0.0,Every 4-6 days
jute,Rabi,14.1,21.6,69.0,No,0.0,Every 1-3 days
rice,Zaid,46.2,32.3,27.5,Yes,18.59,Every 1-3 days
kidneybeans,Zaid,45.3,29.28,38.5,Yes,11.89,Every 4-6 days
banana,Rabi,51.1,27.71,42.0,No,0.0,Every 1-3 days
rice,Rabi,58.5,27.57,61.7,No,0.0,Every 4-6 days
cotton,Kharif,63.8,21.05,105.9,No,0.0,Every 7-10 days
grapes,Zaid,65.4,25.89,109.0,No,0.0,Every 4-6 days
jute,Kharif,55.2,38.88,18.5,Yes,16.14,Every 1-3 days
mungbean,Zaid,51.9,25.75,23.0,Yes,10.37,Every 4-6 days
watermelon,Kharif,40.6,31.54,20.7,Yes,18.32,Every 1-3 days
watermelon,Zaid,65.1,25.23,70.9,No,0.0,Every 4-6 days
pigeonpeas,Kharif,37.4,29.95,3.8,Yes,13.61,Every 4-6 days
blackgram,Kharif,59.0,31.99,104.2,No,0.0,Every 4-6 days
watermelon,Zaid,30.2,23.58,46.6,No,0.0,Every 1-3 days
papaya,Rabi,49.3,27.89,142.5,No,0.0,Every 4-6 days
coffee,Rabi,44.2,32.82,110.9,No,0.0,Every 4-6 days
pigeonpeas,Rabi,38.5,35.01,45.0,No,0.0,Every 4-6 days
coconut,Rabi,60.6,31.94,63.8,No,0.0,Every 4-6 days
grapes,Zaid,45.6,24.21,21.4,Yes,11.3,Every 4-6 days
kidneybeans,Kharif,49.0,30.86,57.0,No,0.0,Every 4-6 days
coffee,Rabi,42.2,25.64,23.2,Yes,11.87,Every 4-6 days
coffee,Zaid,42.8,28.78,62.9,No,0.0,Every 4-6 days
jute,Zaid,66.0,35.35,27.1,Yes,18.82,Every 1-3 days
apple,Zaid,37.4,27.13,39.0,Yes,12.72,Every 4-6 days
cotton,Kharif,19.0,23.93,138.8,No,0.0,Every 4-6 days
chickpea,Rabi,21.5,32.8,50.0,No,0.0,Every 4-6 days
jute,Rabi,63.3,24.9,79.6,No,0.0,Every 4-6 days
kidneybeans,Rabi,91.3,29.24,25.5,Yes,10.32,Every 4-6 days
mungbean,Zaid,40.8,20.53,47.0,No,0.0,Every 4-6 days
jute,Zaid,25.2,26.69,250.0,No,0.0,Every 4-6 days
jute,Kharif,40.3,33.09,27.0,Yes,17.65,Every 1-3 days
banana,Zaid,72.4,23.68,16.3,Yes,14.53,Every 4-6 days
watermelon,Kharif,38.4,22.45,119.9,No,0.0,Every 4-6 days
pomegranate,Zaid,55.9,25.86,9.5,Yes,13.23,Every 4-6 days
grapes,Kharif,45.6,21.07,34.0,Yes,10.13,Every 4-6 days
jute,Zaid,36.6,30.57,39.9,Yes,19.54,Every 1-3 days
kidneybeans,Rabi,25.5,23.01,17.4,Yes,14.12,Every 4-6 days
orange,Zaid,38.8,32.58,85.4,No,0.0,Every 4-6 days
pigeonpeas,Rabi,13.7,21.84,20.6,Yes,13.49,Every 4-6 days
banana,Rabi,59.4,30.22,52.6,No,0.0,Every 1-3 days
banana,Rabi,38.1,29.25,90.2,No,0.0,Every 1-3 days
pigeonpeas,Zaid,46.6,24.26,66.8,No,0.0,Every 4-6 days
cotton,Kharif,51.5,21.31,38.0,Yes,9.12,Every 4-6 days
kidneybeans,Kharif,41.7,28.25,108.9,No,0.0,Every 4-6 days
kidneybeans,Rabi,50.0,32.2,119.1,No,0.0,Every 4-6 days
maize,Kharif,58.2,25.91,149.2,No,0.0,Every 7-10 days
chickpea,Rabi,62.6,26.78,56.7,No,0.0,Every 4-6 days
kidneybeans,Rabi,57.9,31.98,152.2,No,0.0,Every 4-6 days
muskmelon,Kharif,85.3,20.93,123.6,No,0.0,Every 4-6 days
banana,Rabi,57.7,26.97,36.6,Yes,16.52,Every 1-3 days
pomegranate,Rabi,59.8,36.83,88.9,No,0.0,Every 4-6 days
orange,Kharif,33.5,22.77,45.3,No,0.0,Every 4-6 days
chickpea,Rabi,44.9,28.09,12.9,Yes,11.6,Every 4-6 days
rice,Zaid,46.7,24.19,28.4,Yes,13.55,Every 1-3 days
mango,Rabi,62.6,22.66,24.9,Yes,9.58,Every 4-6 days
kidneybeans,Rabi,44.4,24.81,45.8,No,0.0,Every 4-6 days
banana,Kharif,61.2,31.79,28.7,Yes,14.65,Every 1-3 days
kidneybeans,Zaid,69.5,28.47,69.3,No,0.0,Every 4-6 days
cotton,Rabi,39.6,36.98,16.7,Yes,12.16,Every 4-6 days
orange,Zaid,74.9,29.52,48.6,No,0.0,Every 4-6 days
pomegranate,Kharif,64.8,32.34,22.4,Yes,11.42,Every 4-6 days
papaya,Rabi,64.7,31.68,33.4,Yes,10.16,Every 4-6 days
muskmelon,Rabi,26.4,34.88,13.2,Yes,18.9,Every 1-3 days
mothbeans,Kharif,48.3,33.21,53.8,No,0.0,Every 4-6 days
chickpea,Zaid,65.2,27.65,27.6,Yes,11.65,Every 4-6 days
cotton,Rabi,15.3,29.54,5.8,Yes,13.37,Every 1-3 days
grapes,Rabi,32.2,26.47,29.0,Yes,13.31,Every 4-6 days
mothbeans,Zaid,51.4,37.01,72.6,No,0.0,Every 4-6 days
maize,Zaid,46.3,35.19,21.0,Yes,12.18,Every 4-6 days
pigeonpeas,Zaid,37.3,27.09,61.0,No,0.0,Every 4-6 days
pomegranate,Kharif,51.4,34.59,68.3,No,0.0,Every 4-6 days
mothbeans,Zaid,43.3,28.63,37.0,Yes,10.62,Every 4-6 days
banana,Kharif,77.2,34.51,58.1,No,0.0,Every 4-6 days
chickpea,Zaid,69.6,30.08,62.2,No,0.0,Every 4-6 days
mungbean,Zaid,43.9,34.64,83.1,No,0.0,Every 4-6 days
pigeonpeas,Zaid,40.1,27.68,23.3,Yes,11.84,Every 4-6 days
apple,Rabi,38.8,30.99,62.1,No,0.0,Every 4-6 days
apple,Kharif,34.1,25.91,15.6,Yes,11.57,Every 4-6 days
chickpea,Zaid,62.7,31.22,5.2,Yes,10.42,Every 4-6 days
orange,Zaid,34.2,33.26,50.1,No,0.0,Every 4-6 days
banana,Zaid,44.0,19.93,43.0,No,0.0,Every 1-3 days
mothbeans,Rabi,57.3,28.06,71.8,No,0.0,Every 4-6 days
pigeonpeas,Rabi,29.9,37.22,103.1,No,0.0,Every 4-6 days
chickpea,Kharif,62.0,27.6,76.1,No,0.0,Every 4-6 days
banana,Zaid,18.9,25.53,39.3,Yes,18.67,Every 1-3 days
grapes,Rabi,54.1,29.29,37.5,Yes,11.66,Every 4-6 days
maize,Kharif,62.5,36.8,52.4,No,0.0,Every 4-6 days
orange,Kharif,26.6,31.66,36.0,Yes,13.61,Every 4-6 days
orange,Rabi,17.6,26.73,12.4,Yes,13.19,Every 1-3 days
cotton,Zaid,44.9,33.01,33.2,Yes,12.93,Every 4-6 days
maize,Kharif,58.7,28.57,40.0,No,0.0,Every 4-6 days
lentil,Kharif,48.7,25.04,32.4,Yes,10.13,Every 4-6 days
cotton,Rabi,49.9,25.7,80.6,No,0.0,Every 4-6 days
orange,Rabi,53.8,31.55,77.0,No,0.0,Every 4-6 days
blackgram,Rabi,41.8,27.58,97.9,No,0.0,Every 4-6 days
coffee,Zaid,31.8,21.83,36.2,Yes,11.82,Every 4-6 days
mungbean,Kharif,37.0,35.74,46.8,No,0.0,Every 4-6 days
mothbeans,Kharif,33.9,30.17,46.7,No,0.0,Every 4-6 days
lentil,Rabi,37.7,31.9,48.5,No,0.0,Every 4-6 days
maize,Zaid,70.4,39.08,15.6,Yes,11.37,Every 4-6 days
mungbean,Zaid,28.4,23.19,48.2,No,0.0,Every 4-6 days
lentil,Zaid,44.4,27.86,44.1,No,0.0,Every 4-6 days
chickpea,Kharif,48.1,27.76,16.2,Yes,11.57,Every 4-6 days
muskmelon,Kharif,45.5,27.26,22.4,Yes,17.11,Every 1-3 days
banana,Rabi,34.2,19.6,66.7,No,0.0,Every 1-3 days
pomegranate,Kharif,35.4,32.36,137.9,No,0.0,Every 4-6 days
cotton,Kharif,67.4,25.03,40.2,No,0.0,Every 4-6 days
apple,Zaid,44.2,29.42,79.9,No,0.0,Every 4-6 days
banana,Rabi,58.7,28.27,126.7,No,0.0,Every 4-6 days
mango,Kharif,48.7,31.58,17.9,Yes,11.5,Every 4-6 days
jute,Rabi,56.5,35.57,109.1,No,0.0,Every 4-6 days
maize,Zaid,20.8,31.68,54.8,No,0.0,Every 4-6 days
mango,Rabi,52.9,25.49,3.2,Yes,10.13,Every 4-6 days
pigeonpeas,Rabi,20.7,25.97,38.5,Yes,12.75,Every 4-6 days
papaya,Rabi,27.9,30.75,24.2,Yes,13.63,Every 4-6 days
jute,Kharif,38.2,34.76,71.8,No,0.0,Every 1-3 days
chickpea,Kharif,70.6,35.47,78.7,No,0.0,Every 4-6 days
cotton,Rabi,8.8,22.99,57.6,No,0.0,Every 4-6 days
papaya,Rabi,60.2,32.04,8.2,Yes,11.59,Every 4-6 days
jute,Kharif,61.1,25.74,77.0,No,0.0,Every 4-6 days
banana,Zaid,39.4,23.24,34.1,Yes,17.03,Every 1-3 days
jute,Zaid,31.5,31.28,184.8,No,0.0,Every 4-6 days
maize,Kharif,34.4,23.01,119.3,No,0.0,Every 4-6 days
mothbeans,Kharif,51.9,26.92,1.1,Yes,10.55,Every 4-6 days
blackgram,Zaid,25.9,35.62,47.7,No,0.0,Every 4-6 days
muskmelon,Kharif,35.5,26.06,73.4,No,0.0,Every 1-3 days
mango,Kharif,26.0,33.13,59.5,No,0.0,Every 4-6 days
coconut,Rabi,10.8,31.09,18.0,Yes,15.74,Every 1-3 days
grapes,Zaid,76.6,25.99,21.3,Yes,9.73,Every 4-6 days
blackgram,Rabi,60.1,29.14,49.6,No,0.0,Every 4-6 days
grapes,Kharif,52.3,28.28,10.9,Yes,11.38,Every 4-6 days
mango,Kharif,53.6,25.39,63.9,No,0.0,Every 4-6 days
banana,Rabi,34.0,27.78,69.8,No,0.0,Every 1-3 days
pomegranate,Zaid,38.8,32.82,125.8,No,0.0,Every 4-6 days
muskmelon,Zaid,47.4,34.64,134.2,No,0.0,Every 4-6 days
banana,Zaid,51.6,31.61,61.7,No,0.0,Every 1-3 days
watermelon,Rabi,31.0,24.97,33.7,Yes,15.94,Every 1-3 days
orange,Rabi,79.2,23.01,60.7,No,0.0,Every 7-10 days
mothbeans,Rabi,36.8,31.14,9.9,Yes,13.72,Every 4-6 days
coffee,Kharif,29.6,29.4,59.5,No,0.0,Every 4-6 days
papaya,Zaid,38.7,18.5,32.6,Yes,10.43,Every 4-6 days
cotton,Rabi,59.3,32.38,36.3,Yes,11.06,Every 4-6 days
pomegranate,Zaid,40.0,27.92,35.4,Yes,12.73,Every 4-6 days
lentil,Kharif,47.6,26.04,21.7,Yes,11.95,Every 4-6 days
coconut,Rabi,39.0,25.48,50.9,No,0.0,Every 4-6 days
mungbean,Rabi,41.4,31.28,111.2,No,0.0,Every 4-6 days
mothbeans,Zaid,40.7,26.14,54.8,No,0.0,Every 4-6 days
cotton,Kharif,16.8,23.57,58.4,No,0.0,Every 4-6 days
pomegranate,Rabi,33.3,34.57,26.4,Yes,13.1,Every 4-6 days
banana,Zaid,40.8,30.55,62.0,No,0.0,Every 1-3 days
orange,Rabi,57.4,18.62,27.5,Yes,9.02,Every 4-6 days
pomegranate,Kharif,64.0,23.09,131.6,No,0.0,Every 7-10 days
cotton,Rabi,48.2,26.06,87.9,No,0.0,Every 4-6 days
watermelon,Rabi,65.4,25.21,98.7,No,0.0,Every 4-6 days
pigeonpeas,Kharif,43.2,23.48,19.4,Yes,11.12,Every 4-6 days
coffee,Rabi,42.4,32.9,18.8,Yes,13.47,Every 4-6 days
pigeonpeas,Rabi,31.0,29.23,101.4,No,0.0,Every 4-6 days
kidneybeans,Kharif,60.9,24.16,52.8,No,0.0,Every 4-6 days
watermelon,Kharif,35.8,19.22,65.9,No,0.0,Every 1-3 days
blackgram,Kharif,40.0,31.93,19.4,Yes,12.7,Every 4-6 days
muskmelon,Zaid,62.1,29.58,3.5,Yes,14.71,Every 1-3 days
rice,Kharif,54.8,28.21,12.3,Yes,15.83,Every 1-3 days
maize,Zaid,44.8,36.42,71.3,No,0.0,Every 4-6 days
kidneybeans,Kharif,40.6,29.9,104.2,No,0.0,Every 4-6 days
papaya,Kharif,49.9,27.6,89.5,No,0.0,Every 4-6 days
mothbeans,Rabi,47.3,31.42,13.1,Yes,12.18,Every 4-6 days
mothbeans,Rabi,60.6,24.36,68.2,No,0.0,Every 4-6 days
banana,Rabi,53.6,25.54,20.6,Yes,15.16,Every 1-3 days
rice,Rabi,56.1,30.97,26.6,Yes,15.19,Every 1-3 days
pigeonpeas,Zaid,38.4,26.59,33.3,Yes,10.47,Every 4-6 days
watermelon,Rabi,33.1,22.72,82.7,No,0.0,Every 1-3 days
pigeonpeas,Rabi,46.6,17.99,19.7,Yes,10.37,Every 4-6 days
papaya,Rabi,32.2,31.3,34.0,Yes,13.42,Every 4-6 days
jute,Kharif,18.8,30.7,25.1,Yes,18.33,Every 1-3 days
mungbean,Rabi,50.7,30.3,74.7,No,0.0,Every 4-6 days
muskmelon,Rabi,29.8,23.4,28.9,Yes,16.69,Every 1-3 days
mungbean,Kharif,33.4,39.48,11.5,Yes,17.18,Every 1-3 days
rice,Zaid,37.2,32.1,33.2,Yes,17.83,Every 1-3 days
mungbean,Rabi,15.1,23.06,75.2,No,0.0,Every 4-6 days
papaya,Kharif,18.1,18.63,12.2,Yes,14.43,Every 4-6 days
rice,Zaid,57.0,23.91,57.0,No,0.0,Every 4-6 days
mothbeans,Kharif,49.5,34.15,31.1,Yes,12.19,Every 4-6 days
grapes,Kharif,33.8,23.7,8.1,Yes,12.27,Every 4-6 days
cotton,Zaid,59.6,30.82,54.2,No,0.0,Every 4-6 days
jute,Rabi,42.6,31.05,62.8,No,0.0,Every 1-3 days
apple,Zaid,40.6,40.56,79.9,No,0.0,Every 4-6 days
pigeonpeas,Zaid,12.4,22.87,150.4,No,0.0,Every 4-6 days
mango,Rabi,42.3,28.68,28.9,Yes,12.28,Every 4-6 days
jute,Kharif,29.3,25.86,38.1,Yes,18.07,Every 1-3 days
papaya,Zaid,53.3,26.35,31.9,Yes,10.95,Every 4-6 days
blackgram,Kharif,19.2,26.05,33.4,Yes,13.33,Every 4-6 days
mothbeans,Rabi,49.1,23.63,43.9,No,0.0,Every 4-6 days
mungbean,Kharif,10.8,28.61,80.6,No,0.0,Every 4-6 days
lentil,Kharif,55.7,24.21,30.6,Yes,8.02,Every 4-6 days
chickpea,Zaid,35.7,24.74,56.9,No,0.0,Every 4-6 days
coconut,Kharif,48.8,24.93,48.8,No,0.0,Every 4-6 days
watermelon,Zaid,49.9,25.3,51.0,No,0.0,Every 1-3 days
lentil,Zaid,49.3,37.1,144.0,No,0.0,Every 4-6 days
kidneybeans,Rabi,54.5,27.89,55.1,No,0.0,Every 4-6 days
papaya,Rabi,46.8,28.45,61.1,No,0.0,Every 4-6 days
kidneybeans,Zaid,70.1,27.06,33.4,Yes,10.32,Every 4-6 days
rice,Rabi,46.7,24.63,37.6,Yes,14.88,Every 1-3 days
rice,Zaid,28.6,34.11,21.4,Yes,17.75,Every 1-3 days
pomegranate,Zaid,50.8,26.42,56.8,No,0.0,Every 4-6 days
watermelon,Zaid,23.9,24.8,27.0,Yes,16.44,Every 1-3 days
pomegranate,Rabi,48.0,34.9,23.8,Yes,15.3,Every 4-6 days
kidneybeans,Kharif,46.6,25.26,48.4,No,0.0,Every 4-6 days
mango,Rabi,76.1,23.06,79.6,No,0.0,Every 7-10 days
banana,Rabi,26.9,26.63,12.9,Yes,19.67,Every 1-3 days
orange,Zaid,28.7,21.6,77.7,No,0.0,Every 4-6 days
coconut,Rabi,40.7,27.95,91.0,No,0.0,Every 4-6 days
mungbean,Zaid,57.9,23.99,43.0,No,0.0,Every 4-6 days
blackgram,Rabi,34.9,20.16,78.0,No,0.0,Every 4-6 days
lentil,Rabi,18.2,24.01,49.9,No,0.0,Every 4-6 days
pigeonpeas,Zaid,60.0,36.54,94.5,No,0.0,Every 4-6 days
jute,Rabi,31.5,28.59,47.4,No,0.0,Every 1-3 days
mungbean,Zaid,35.3,23.08,22.6,Yes,12.86,Every 4-6 days
mango,Rabi,52.4,24.61,74.2,No,0.0,Every 4-6 days
orange,Zaid,40.4,30.34,43.5,No,0.0,Every 4-6 days
jute,Rabi,29.5,29.61,119.7,No,0.0,Every 1-3 days
rice,Rabi,43.3,31.4,49.0,No,0.0,Every 1-3 days
blackgram,Rabi,46.6,23.78,51.0,No,0.0,Every 4-6 days
apple,Kharif,61.2,22.36,47.5,No,0.0,Every 4-6 days
lentil,Rabi,39.1,30.23,53.4,No,0.0,Every 4-6 days
banana,Rabi,37.0,24.82,91.5,No,0.0,Every 1-3 days
mango,Zaid,57.2,26.11,107.3,No,0.0,Every 4-6 days
grapes,Zaid,33.2,37.17,7.9,Yes,15.4,Every 1-3 days
pigeonpeas,Rabi,60.6,29.66,49.1,No,0.0,Every 4-6 days
cotton,Rabi,34.0,26.71,134.0,No,0.0,Every 4-6 days
kidneybeans,Kharif,64.6,25.43,21.7,Yes,9.74,Every 4-6 days
jute,Rabi,58.7,24.63,24.2,Yes,14.8,Every 1-3 days
watermelon,Kharif,51.2,26.83,40.7,No,0.0,Every 1-3 days
muskmelon,Rabi,59.4,27.3,57.7,No,0.0,Every 4-6 days
mungbean,Zaid,43.5,31.24,93.6,No,0.0,Every 4-6 days
apple,Rabi,50.2,26.82,66.2,No,0.0,Every 4-6 days
coffee,Rabi,67.7,28.17,70.2,No,0.0,Every 4-6 days
kidneybeans,Rabi,48.0,28.09,7.0,Yes,14.12,Every 4-6 days
orange,Kharif,49.7,28.43,24.2,Yes,13.47,Every 4-6 days
apple,Zaid,41.8,27.27,92.5,No,0.0,Every 4-6 days
mungbean,Rabi,46.9,29.04,62.7,No,0.0,Every 4-6 days
mungbean,Kharif,39.2,26.87,22.3,Yes,14.15,Every 4-6 days
kidneybeans,Kharif,23.1,33.59,10.7,Yes,14.98,Every 1-3 days
mango,Kharif,38.6,30.29,40.6,No,0.0,Every 4-6 days
papaya,Zaid,54.2,27.74,27.8,Yes,12.25,Every 4-6 days
pomegranate,Zaid,38.2,31.93,49.4,No,0.0,Every 4-6 days
lentil,Zaid,25.7,28.74,5.1,Yes,15.02,Every 1-3 days
pigeonpeas,Rabi,60.8,25.59,29.0,Yes,11.31,Every 4-6 days
rice,Rabi,30.1,28.62,41.1,No,0.0,Every 1-3 days
orange,Kharif,27.1,33.52,49.6,No,0.0,Every 4-6 days
mothbeans,Zaid,60.5,31.32,146.2,No,0.0,Every 4-6 days
muskmelon,Zaid,63.9,18.6,51.4,No,0.0,Every 4-6 days
mungbean,Zaid,40.4,31.28,3.7,Yes,14.54,Every 4-6 days
kidneybeans,Rabi,67.6,31.03,26.5,Yes,12.1,Every 4-6 days
orange,Zaid,24.1,26.82,26.9,Yes,13.64,Every 4-6 days
papaya,Zaid,13.2,23.47,88.7,No,0.0,Every 4-6 days
orange,Kharif,35.4,28.05,25.1,Yes,13.72,Every 4-6 days
pomegranate,Kharif,41.9,27.41,55.1,No,0.0,Every 4-6 days
coconut,Kharif,35.4,26.29,16.1,Yes,11.06,Every 4-6 days
coffee,Rabi,49.0,40.9,21.2,Yes,15.99,Every 4-6 days
pomegranate,Zaid,35.1,23.47,41.3,No,0.0,Every 4-6 days
watermelon,Rabi,38.0,30.16,43.8,No,0.0,Every 1-3 days
pigeonpeas,Kharif,59.8,27.15,10.9,Yes,10.32,Every 4-6 days
muskmelon,Rabi,63.6,36.65,22.6,Yes,17.08,Every 1-3 days
jute,Zaid,55.8,28.27,7.1,Yes,16.61,Every 1-3 days
maize,Rabi,42.3,34.33,40.1,No,0.0,Every 4-6 days
mango,Rabi,39.2,28.46,8.1,Yes,14.53,Every 4-6 days
coffee,Zaid,54.7,26.27,45.2,No,0.0,Every 4-6 days
watermelon,Zaid,73.0,36.5,27.4,Yes,14.25,Every 1-3 days
kidneybeans,Zaid,42.5,31.9,7.0,Yes,12.61,Every 4-6 days
maize,Kharif,64.0,26.6,36.1,Yes,10.52,Every 4-6 days
maize,Zaid,37.1,27.33,6.8,Yes,13.05,Every 4-6 days
coffee,Zaid,43.8,31.36,71.5,No,0.0,Every 4-6 days
rice,Kharif,31.1,31.03,51.9,No,0.0,Every 1-3 days
coconut,Zaid,57.9,26.53,1.8,Yes,10.88,Every 4-6 days
lentil,Rabi,28.1,26.8,42.0,No,0.0,Every 4-6 days
coconut,Rabi,42.0,20.38,38.6,Yes,10.63,Every 4-6 days
mothbeans,Kharif,22.2,34.15,93.9,No,0.0,Every 4-6 days
apple,Zaid,59.4,26.23,31.0,Yes,8.49,Every 4-6 days
lentil,Rabi,44.9,35.5,72.7,No,0.0,Every 4-6 days
mango,Kharif,42.9,29.32,121.0,No,0.0,Every 4-6 days
cotton,Rabi,25.7,27.07,48.2,No,0.0,Every 4-6 days
maize,Rabi,57.6,26.49,72.9,No,0.0,Every 4-6 days
papaya,Zaid,33.4,33.12,38.6,Yes,14.06,Every 4-6 days
cotton,Zaid,42.5,25.2,53.8,No,0.0,Every 4-6 days
grapes,Rabi,43.6,25.83,57.6,No,0.0,Every 4-6 days
maize,Kharif,38.5,27.34,58.5,No,0.0,Every 4-6 days
banana,Rabi,50.6,23.58,9.0,Yes,15.22,Every 1-3 days
mothbeans,Zaid,5.0,18.93,43.4,No,0.0,Every 4-6 days
blackgram,Rabi,36.7,32.79,70.5,No,0.0,Every 4-6 days
apple,Kharif,24.0,29.35,6.9,Yes,14.76,Every 1-3 days
maize,Rabi,47.5,28.3,32.8,Yes,13.29,Every 4-6 days
kidneybeans,Rabi,40.4,29.46,4.0,Yes,14.16,Every 4-6 days
kidneybeans,Kharif,61.7,24.09,250.0,No,0.0,Every 7-10 days
maize,Kharif,51.9,25.78,33.3,Yes,10.53,Every 4-6 days
maize,Rabi,57.0,31.49,64.1,No,0.0,Every 4-6 days
chickpea,Kharif,65.0,33.53,57.7,No,0.0,Every 4-6 days
lentil,Zaid,40.3,27.98,89.8,No,0.0,Every 4-6 days
pigeonpeas,Rabi,39.2,24.98,41.1,No,0.0,Every 4-6 days
papaya,Zaid,39.9,30.51,27.4,Yes,14.08,Every 4-6 days
kidneybeans,Kharif,72.5,19.55,51.8,No,0.0,Every 7-10 days
coconut,Kharif,14.3,30.29,152.8,No,0.0,Every 4-6 days
lentil,Kharif,28.4,29.73,42.3,No,0.0,Every 4-6 days
coffee,Rabi,64.0,27.08,41.8,No,0.0,Every 4-6 days
apple,Rabi,51.2,19.26,14.5,Yes,10.54,Every 4-6 days
mothbeans,Rabi,76.3,31.66,4.9,Yes,8.8,Every 4-6 days
papaya,Zaid,39.3,28.23,32.8,Yes,13.63,Every 4-6 days
blackgram,Zaid,53.2,33.12,3.7,Yes,11.55,Every 4-6 days
kidneybeans,Zaid,32.9,37.76,47.9,No,0.0,Every 4-6 days
maize,Kharif,42.8,28.57,111.7,No,0.0,Every 4-6 days
banana,Kharif,54.4,16.59,33.8,Yes,13.33,Every 4-6 days
chickpea,Rabi,53.3,30.13,46.2,No,0.0,Every 4-6 days
muskmelon,Zaid,35.6,26.06,19.3,Yes,17.1,Every 1-3 days
kidneybeans,Kharif,5.0,36.1,18.2,Yes,14.62,Every 1-3 days
maize,Zaid,17.9,32.57,33.3,Yes,14.25,Every 1-3 days
papaya,Zaid,40.5,22.21,30.9,Yes,12.35,Every 4-6 days
grapes,Rabi,49.3,37.46,44.0,No,0.0,Every 4-6 days
pigeonpeas,Rabi,44.8,24.49,21.2,Yes,11.05,Every 4-6 days
mungbean,Kharif,48.9,31.56,30.2,Yes,11.49,Every 4-6 days
coffee,Rabi,76.2,24.36,51.5,No,0.0,Every 4-6 days
rice,Rabi,60.0,29.62,77.3,No,0.0,Every 4-6 days
muskmelon,Kharif,31.7,28.18,21.0,Yes,18.05,Every 1-3 days
grapes,Rabi,30.2,24.38,31.8,Yes,12.66,Every 4-6 days
apple,Rabi,42.9,24.81,80.2,No,0.0,Every 4-6 days
pigeonpeas,Rabi,59.0,16.2,37.9,Yes,7.64,Every 4-6 days
watermelon,Zaid,39.2,20.81,85.0,No,0.0,Every 4-6 days
mothbeans,Zaid,26.4,29.31,5.9,Yes,16.54,Every 1-3 days
apple,Rabi,68.1,29.55,2.7,Yes,10.58,Every 4-6 days
mango,Rabi,47.7,27.61,63.6,No,0.0,Every 4-6 days
apple,Rabi,24.9,32.95,34.3,Yes,13.67,Every 4-6 days
rice,Rabi,59.4,28.78,60.4,No,0.0,Every 4-6 days
maize,Kharif,37.3,25.52,45.5,No,0.0,Every 4-6 days
coconut,Rabi,67.8,31.11,22.9,Yes,10.01,Every 4-6 days
rice,Zaid,40.4,28.46,18.9,Yes,19.44,Every 1-3 days
watermelon,Rabi,19.4,29.52,18.8,Yes,19.73,Every 1-3 days
grapes,Rabi,76.8,24.59,55.9,No,0.0,Every 4-6 days
mothbeans,Rabi,53.7,30.22,17.2,Yes,11.71,Every 4-6 days
grapes,Zaid,25.1,31.52,118.2,No,0.0,Every 4-6 days
orange,Zaid,68.7,25.82,241.1,No,0.0,Every 7-10 days
pigeonpeas,Rabi,26.3,35.12,139.5,No,0.0,Every 4-6 days
pomegranate,Zaid,75.9,38.23,37.6,Yes,9.8,Every 4-6 days
mango,Rabi,58.3,26.68,64.0,No,0.0,Every 4-6 days
orange,Rabi,35.7,31.81,53.2,No,0.0,Every 4-6 days
muskmelon,Rabi,26.1,25.81,17.1,Yes,17.99,Every 1-3 days
mothbeans,Zaid,63.2,37.39,42.2,No,0.0,Every 4-6 days
coconut,Zaid,41.5,34.67,56.5,No,0.0,Every 4-6 days
coconut,Rabi,43.6,31.97,17.5,Yes,12.89,Every 4-6 days
chickpea,Rabi,36.5,32.74,6.6,Yes,13.5,Every 4-6 days
coffee,Rabi,28.6,23.16,53.2,No,0.0,Every 4-6 days
mungbean,Rabi,34.2,22.83,23.9,Yes,12.69,Every 4-6 days
maize,Zaid,32.4,33.94,21.5,Yes,13.76,Every 4-6 days
watermelon,Rabi,26.7,36.43,18.0,Yes,20.48,Every 1-3 days
pigeonpeas,Rabi,9.9,30.07,9.6,Yes,15.85,Every 1-3 days
banana,Zaid,76.2,28.37,113.5,No,0.0,Every 4-6 days
jute,Kharif,12.9,29.29,51.6,No,0.0,Every 1-3 days
cotton,Kharif,46.9,30.09,38.3,Yes,11.36,Every 4-6 days
mango,Rabi,21.5,32.0,39.7,Yes,14.22,Every 4-6 days
papaya,Kharif,46.7,30.8,73.5,No,0.0,Every 4-6 days
kidneybeans,Rabi,55.1,29.76,52.7,No,0.0,Every 4-6 days
kidneybeans,Zaid,60.5,32.77,27.5,Yes,9.08,Every 4-6 days
mungbean,Rabi,36.6,14.51,89.4,No,0.0,Every 4-6 days
jute,Rabi,68.8,29.98,20.4,Yes,16.5,Every 1-3 days
grapes,Zaid,68.1,22.26,93.6,No,0.0,Every 7-10 days
rice,Zaid,38.7,21.09,65.8,No,0.0,Every 1-3 days
apple,Zaid,75.9,45.0,27.5,Yes,13.04,Every 4-6 days
chickpea,Rabi,30.9,34.91,74.7,No,0.0,Every 4-6 days
maize,Rabi,64.5,32.26,156.4,No,0.0,Every 7-10 days
maize,Rabi,38.1,29.31,30.4,Yes,14.94,Every 4-6 days
cotton,Rabi,41.4,27.95,34.5,Yes,12.23,Every 4-6 days
coffee,Kharif,37.4,29.65,24.7,Yes,14.5,Every 4-6 days
papaya,Rabi,55.5,28.69,103.1,No,0.0,Every 4-6 days
blackgram,Kharif,44.2,35.2,44.0,No,0.0,Every 4-6 days
maize,Zaid,39.9,28.0,81.4,No,0.0,Every 4-6 days
kidneybeans,Rabi,36.7,22.53,96.9,No,0.0,Every 4-6 days
pigeonpeas,Rabi,43.9,23.61,32.4,Yes,11.29,Every 4-6 days
coffee,Kharif,47.5,11.05,40.3,No,0.0,Every 4-6 days
muskmelon,Kharif,50.0,33.3,118.0,No,0.0,Every 4-6 days
rice,Zaid,63.2,25.67,25.9,Yes,14.51,Every 4-6 days
mungbean,Rabi,55.9,28.93,73.7,No,0.0,Every 4-6 days
coffee,Rabi,64.3,20.62,48.9,No,0.0,Every 4-6 days
apple,Rabi,37.5,22.55,53.8,No,0.0,Every 4-6 days
orange,Kharif,31.0,27.06,30.7,Yes,12.28,Every 4-6 days
coffee,Rabi,62.0,30.48,83.8,No,0.0,Every 4-6 days
pigeonpeas,Rabi,37.7,21.38,17.5,Yes,12.59,Every 4-6 days
banana,Kharif,65.5,29.75,54.2,No,0.0,Every 4-6 days
apple,Zaid,47.0,37.28,51.5,No,0.0,Every 4-6 days
mothbeans,Zaid,79.4,19.38,30.5,Yes,7.12,Every 7-10 days
coffee,Zaid,38.1,20.43,54.0,No,0.0,Every 4-6 days
watermelon,Zaid,76.7,27.51,73.5,No,0.0,Every 4-6 days
banana,Kharif,27.4,30.68,19.6,Yes,17.31,Every 1-3 days
mungbean,Zaid,80.0,26.19,26.0,Yes,8.41,Every 4-6 days
blackgram,Kharif,15.1,24.77,55.8,No,0.0,Every 4-6 days
coffee,Kharif,53.3,25.36,55.7,No,0.0,Every 4-6 days
coconut,Kharif,38.9,31.99,47.8,No,0.0,Every 4-6 days
blackgram,Kharif,63.8,23.75,28.4,Yes,9.84,Every 4-6 days
maize,Rabi,64.6,22.84,36.5,Yes,9.3,Every 4-6 days
rice,Rabi,37.9,28.61,27.9,Yes,17.81,Every 1-3 days
apple,Zaid,60.8,30.99,17.3,Yes,10.01,Every 4-6 days
mothbeans,Kharif,17.6,21.8,4.8,Yes,12.85,Every 4-6 days
rice,Kharif,54.3,36.58,22.7,Yes,19.48,Every 1-3 days
mungbean,Kharif,67.4,27.2,36.5,Yes,9.12,Every 4-6 days
apple,Rabi,47.1,33.79,51.6,No,0.0,Every 4-6 days
papaya,Kharif,26.2,24.17,18.7,Yes,14.12,Every 4-6 days
orange,Kharif,59.0,27.61,35.8,Yes,10.62,Every 4-6 days
watermelon,Rabi,52.2,21.43,40.3,No,0.0,Every 4-6 days
grapes,Kharif,48.5,19.71,39.8,Yes,9.52,Every 4-6 days
watermelon,Zaid,30.3,25.85,50.9,No,0.0,Every 1-3 days
coffee,Kharif,44.8,34.79,73.7,No,0.0,Every 4-6 days
banana,Zaid,52.8,26.95,50.7,No,0.0,Every 1-3 days
mango,Rabi,34.8,30.09,37.5,Yes,12.99,Every 4-6 days
grapes,Kharif,47.9,25.63,41.8,No,0.0,Every 4-6 days
rice,Kharif,50.3,25.35,175.1,No,0.0,Every 4-6 days
apple,Kharif,36.7,17.51,23.4,Yes,9.4,Every 4-6 days
mungbean,Rabi,14.3,16.35,33.3,Yes,10.87,Every 4-6 days
rice,Zaid,45.7,35.07,63.0,No,0.0,Every 1-3 days
rice,Zaid,57.8,30.44,104.2,No,0.0,Every 4-6 days
coconut,Zaid,56.8,27.27,21.4,Yes,9.89,Every 4-6 days
apple,Kharif,60.5,33.91,7.2,Yes,13.02,Every 4-6 days
coffee,Rabi,40.6,26.16,59.2,No,0.0,Every 4-6 days
coconut,Kharif,57.0,28.02,22.6,Yes,11.27,Every 4-6 days
rice,Zaid,38.4,29.88,18.3,Yes,17.55,Every 1-3 days
papaya,Rabi,76.6,32.27,37.7,Yes,10.75,Every 4-6 days
coconut,Kharif,25.8,29.01,34.6,Yes,12.89,Every 4-6 days
pigeonpeas,Kharif,30.5,24.71,87.3,No,0.0,Every 4-6 days
rice,Rabi,35.9,30.25,17.2,Yes,18.84,Every 1-3 days
mothbeans,Zaid,53.9,21.68,76.9,No,0.0,Every 4-6 days
jute,Zaid,55.1,25.97,11.9,Yes,16.45,Every 1-3 days
pigeonpeas,Kharif,61.4,16.58,105.2,No,0.0,Every 7-10 days
coconut,Kharif,56.2,18.84,44.4,No,0.0,Every 4-6 days
grapes,Zaid,44.7,29.68,24.5,Yes,13.32,Every 4-6 days
pomegranate,Kharif,71.2,32.8,44.4,No,0.0,Every 4-6 days
mungbean,Rabi,50.2,23.62,28.7,Yes,11.57,Every 4-6 days
apple,Kharif,36.7,27.97,44.2,No,0.0,Every 4-6 days
rice,Kharif,54.2,33.55,19.2,Yes,15.86,Every 1-3 days
pomegranate,Zaid,44.4,33.47,91.8,No,0.0,Every 4-6 days
chickpea,Kharif,67.4,36.04,48.5,No,0.0,Every 4-6 days
cotton,Rabi,35.9,29.96,24.2,Yes,12.46,Every 4-6 days
coconut,Zaid,62.7,26.41,65.9,No,0.0,Every 4-6 days
apple,Zaid,57.8,25.18,24.8,Yes,9.47,Every 4-6 days
coconut,Kharif,45.9,25.3,5.2,Yes,11.64,Every 4-6 days
apple,Rabi,59.1,23.51,15.3,Yes,10.28,Every 4-6 days
muskmelon,Kharif,46.1,29.27,9.1,Yes,18.27,Every 1-3 days
blackgram,Zaid,38.1,27.66,85.1,No,0.0,Every 4-6 days
apple,Zaid,29.1,25.08,25.2,Yes,13.05,Every 4-6 days
coffee,Kharif,34.7,25.18,13.9,Yes,12.87,Every 4-6 days
kidneybeans,Zaid,30.2,27.82,76.2,No,0.0,Every 4-6 days
apple,Rabi,58.6,27.45,54.0,No,0.0,Every 4-6 days
blackgram,Kharif,60.7,22.31,11.6,Yes,10.81,Every 4-6 days
coconut,Kharif,63.2,26.8,15.0,Yes,11.59,Every 4-6 days
muskmelon,Zaid,42.7,33.48,17.2,Yes,17.51,Every 1-3 days
coconut,Kharif,38.8,27.57,20.2,Yes,11.74,Every 4-6 days
maize,Kharif,47.9,30.17,85.9,No,0.0,Every 4-6 days
kidneybeans,Rabi,79.0,26.58,156.2,No,0.0,Every 7-10 days
mango,Rabi,41.0,27.82,39.6,Yes,13.28,Every 4-6 days
mango,Rabi,26.8,22.16,30.6,Yes,12.24,Every 4-6 days
papaya,Zaid,42.4,30.73,45.9,No,0.0,Every 4-6 days
rice,Kharif,45.9,28.92,75.9,No,0.0,Every 1-3 days
mothbeans,Kharif,49.0,30.78,37.3,Yes,11.75,Every 4-6 days
cotton,Rabi,55.2,38.71,44.5,No,0.0,Every 4-6 days
grapes,Rabi,46.9,28.89,94.4,No,0.0,Every 4-6 days
grapes,Rabi,27.2,29.95,49.7,No,0.0,Every 4-6 days
rice,Zaid,32.2,40.05,32.8,Yes,18.34,Every 1-3 days
pigeonpeas,Rabi,64.8,30.85,4.5,Yes,13.57,Every 4-6 days
mango,Kharif,65.3,31.52,22.2,Yes,8.33,Every 4-6 days
apple,Zaid,51.9,33.1,44.8,No,0.0,Every 4-6 days
lentil,Rabi,69.2,23.98,154.3,No,0.0,Every 7-10 days
mothbeans,Rabi,51.4,30.01,66.9,No,0.0,Every 4-6 days
coconut,Zaid,65.9,28.3,55.7,No,0.0,Every 4-6 days
rice,Rabi,40.4,21.79,27.7,Yes,16.48,Every 1-3 days
rice,Kharif,19.0,24.03,34.2,Yes,16.78,Every 1-3 days
coffee,Zaid,44.1,28.92,102.7,No,0.0,Every 4-6 days
mungbean,Kharif,52.5,25.11,6.6,Yes,11.29,Every 4-6 days
muskmelon,Kharif,19.6,37.62,51.3,No,0.0,Every 1-3 days
kidneybeans,Zaid,47.1,33.39,45.0,No,0.0,Every 4-6 days
grapes,Rabi,57.5,27.36,33.4,Yes,11.23,Every 4-6 days
orange,Rabi,44.2,27.61,17.8,Yes,11.21,Every 4-6 days
mungbean,Zaid,21.3,24.91,6.9,Yes,13.3,Every 4-6 days
lentil,Rabi,60.7,22.44,57.3,No,0.0,Every 4-6 days
jute,Zaid,37.6,28.43,53.9,No,0.0,Every 1-3 days
rice,Rabi,44.4,22.58,50.4,No,0.0,Every 1-3 days
mungbean,Rabi,15.3,29.89,23.0,Yes,15.13,Every 1-3 days
apple,Rabi,43.1,34.32,43.8,No,0.0,Every 4-6 days
cotton,Zaid,55.7,21.48,22.0,Yes,8.92,Every 4-6 days
kidneybeans,Zaid,55.7,25.85,10.0,Yes,10.83,Every 4-6 days
papaya,Kharif,64.1,24.3,32.9,Yes,10.53,Every 4-6 days
watermelon,Zaid,55.8,26.88,80.6,No,0.0,Every 4-6 days
grapes,Zaid,38.2,32.23,12.8,Yes,13.96,Every 4-6 days
cotton,Rabi,23.8,28.29,41.5,No,0.0,Every 4-6 days
blackgram,Zaid,31.3,31.39,50.9,No,0.0,Every 4-6 days
grapes,Rabi,26.8,28.78,2.6,Yes,14.54,Every 4-6 days
maize,Rabi,36.6,28.77,4.0,Yes,12.8,Every 4-6 days
grapes,Kharif,52.7,30.72,64.8,No,0.0,Every 4-6 days
lentil,Rabi,51.2,27.24,76.6,No,0.0,Every 4-6 days
blackgram,Kharif,64.1,32.15,120.3,No,0.0,Every 4-6 days
banana,Kharif,32.1,35.19,68.0,No,0.0,Every 1-3 days
chickpea,Kharif,50.2,28.17,78.7,No,0.0,Every 4-6 days
rice,Zaid,82.8,24.82,27.3,Yes,13.21,Every 4-6 days
kidneybeans,Zaid,45.6,26.95,41.2,No,0.0,Every 4-6 days
coconut,Rabi,49.7,19.52,30.9,Yes,11.89,Every 4-6 days
muskmelon,Kharif,64.5,28.04,78.4,No,0.0,Every 4-6 days
orange,Rabi,46.7,28.07,60.1,No,0.0,Every 4-6 days
pomegranate,Rabi,70.3,20.91,39.1,Yes,6.73,Every 4-6 days
papaya,Zaid,85.7,23.33,52.7,No,0.0,Every 7-10 days
orange,Rabi,29.4,22.69,35.1,Yes,11.44,Every 4-6 days
blackgram,Kharif,26.1,29.95,100.7,No,0.0,Every 4-6 days
chickpea,Kharif,53.5,31.43,76.0,No,0.0,Every 4-6 days
mungbean,Zaid,58.8,29.07,9.7,Yes,10.76,Every 4-6 days
watermelon,Rabi,51.5,27.92,53.3,No,0.0,Every 1-3 days
muskmelon,Rabi,58.5,24.08,41.0,No,0.0,Every 4-6 days
blackgram,Zaid,48.1,25.67,75.0,No,0.0,Every 4-6 days
watermelon,Zaid,39.4,27.1,70.2,No,0.0,Every 1-3 days
cotton,Rabi,52.1,19.17,108.2,No,0.0,Every 4-6 days
grapes,Kharif,50.6,19.23,34.8,Yes,7.52,Every 4-6 days
rice,Rabi,28.8,29.83,17.1,Yes,20.04,Every 1-3 days
mothbeans,Kharif,64.0,28.42,64.6,No,0.0,Every 4-6 days
pomegranate,Zaid,25.1,21.7,24.1,Yes,11.71,Every 4-6 days
papaya,Kharif,41.2,28.48,7.2,Yes,13.06,Every 4-6 days
pomegranate,Rabi,64.0,36.54,132.8,No,0.0,Every 4-6 days
watermelon,Kharif,66.7,27.88,39.6,Yes,15.12,Every 4-6 days
grapes,Rabi,61.2,28.03,89.9,No,0.0,Every 4-6 days
rice,Rabi,52.4,28.93,19.3,Yes,13.01,Every 1-3 days
coconut,Zaid,40.8,19.35,10.6,Yes,11.33,Every 4-6 days
papaya,Rabi,30.4,25.78,3.7,Yes,13.27,Every 4-6 days
mango,Kharif,60.5,34.12,38.7,Yes,10.82,Every 4-6 days
watermelon,Rabi,34.9,23.58,36.9,Yes,16.01,Every 1-3 days
pomegranate,Rabi,68.7,29.51,10.9,Yes,10.39,Every 4-6 days
maize,Kharif,39.1,33.12,66.2,No,0.0,Every 4-6 days
papaya,Rabi,58.0,26.31,20.8,Yes,10.53,Every 4-6 days
lentil,Kharif,50.4,36.81,77.5,No,0.0,Every 4-6 days
mango,Rabi,48.3,14.77,57.6,No,0.0,Every 4-6 days
muskmelon,Rabi,56.7,22.97,19.0,Yes,14.24,Every 1-3 days
mothbeans,Kharif,36.3,27.32,80.2,No,0.0,Every 4-6 days
blackgram,Kharif,46.9,23.05,15.2,Yes,11.09,Every 4-6 days
coffee,Rabi,43.9,22.12,91.1,No,0.0,Every 4-6 days
muskmelon,Rabi,48.1,26.71,3.9,Yes,16.15,Every 1-3 days
mothbeans,Zaid,50.1,25.66,72.8,No,0.0,Every 4-6 days
maize,Rabi,57.2,27.28,49.4,No,0.0,Every 4-6 days
mango,Kharif,43.1,32.0,73.3,No,0.0,Every 4-6 days
chickpea,Kharif,59.1,26.98,63.3,No,0.0,Every 4-6 days
mango,Rabi,27.7,28.35,66.9,No,0.0,Every 4-6 days
muskmelon,Kharif,19.3,38.04,45.6,No,0.0,Every 1-3 days
watermelon,Rabi,55.1,28.74,62.2,No,0.0,Every 1-3 days
papaya,Kharif,43.3,20.6,19.0,Yes,9.72,Every 4-6 days
grapes,Rabi,37.6,31.27,38.9,Yes,13.36,Every 4-6 days
kidneybeans,Zaid,81.9,32.89,24.3,Yes,8.71,Every 4-6 days
jute,Zaid,46.0,19.01,79.4,No,0.0,Every 4-6 days
coffee,Zaid,51.4,27.96,22.4,Yes,9.0,Every 4-6 days
pomegranate,Zaid,42.1,29.22,66.5,No,0.0,Every 4-6 days
mango,Rabi,38.4,29.4,71.5,No,0.0,Every 4-6 days
muskmelon,Rabi,68.5,25.96,34.6,Yes,12.8,Every 4-6 days
grapes,Kharif,24.1,19.44,29.1,Yes,11.97,Every 4-6 days
chickpea,Zaid,62.6,34.11,116.7,No,0.0,Every 4-6 days
mothbeans,Kharif,17.8,31.29,53.0,No,0.0,Every 4-6 days
mungbean,Rabi,13.8,33.86,27.3,Yes,16.3,Every 1-3 days
jute,Kharif,55.7,22.03,62.5,No,0.0,Every 4-6 days
cotton,Zaid,45.6,29.81,6.3,Yes,11.71,Every 4-6 days
jute,Zaid,46.8,31.05,131.7,No,0.0,Every 4-6 days
lentil,Zaid,60.1,23.8,7.3,Yes,10.31,Every 4-6 days
grapes,Rabi,66.2,26.15,22.8,Yes,7.84,Every 4-6 days
coffee,Zaid,27.3,27.35,23.5,Yes,13.7,Every 4-6 days
muskmelon,Zaid,33.7,29.92,34.0,Yes,16.77,Every 1-3 days
kidneybeans,Kharif,75.2,21.01,23.8,Yes,6.82,Every 4-6 days
jute,Kharif,34.5,29.03,27.9,Yes,17.71,Every 1-3 days
mothbeans,Kharif,63.6,29.7,50.8,No,0.0,Every 4-6 days
pigeonpeas,Zaid,16.6,27.64,20.0,Yes,13.31,Every 1-3 days
coffee,Rabi,31.3,24.08,70.7,No,0.0,Every 4-6 days
banana,Kharif,67.1,21.49,5.2,Yes,13.67,Every 4-6 days
mungbean,Rabi,57.8,30.86,57.8,No,0.0,Every 4-6 days
cotton,Kharif,48.3,26.5,177.4,No,0.0,Every 7-10 days
watermelon,Zaid,37.1,32.84,18.9,Yes,18.68,Every 1-3 days
jute,Kharif,59.3,27.82,41.7,No,0.0,Every 1-3 days
kidneybeans,Rabi,21.3,25.0,75.0,No,0.0,Every 4-6 days
jute,Rabi,48.9,28.79,81.4,No,0.0,Every 1-3 days
watermelon,Rabi,38.6,28.99,29.1,Yes,16.06,Every 1-3 days
kidneybeans,Zaid,39.1,27.24,34.1,Yes,12.58,Every 4-6 days
apple,Rabi,37.8,27.76,31.0,Yes,10.58,Every 4-6 days
lentil,Rabi,33.4,26.32,132.7,No,0.0,Every 4-6 days
cotton,Rabi,56.1,24.01,48.0,No,0.0,Every 4-6 days
grapes,Zaid,29.5,24.13,16.6,Yes,13.68,Every 4-6 days
lentil,Zaid,44.0,20.24,26.1,Yes,10.69,Every 4-6 days
chickpea,Rabi,56.7,25.62,13.1,Yes,10.38,Every 4-6 days
rice,Rabi,25.8,30.46,97.5,No,0.0,Every 1-3 days
coffee,Rabi,64.3,30.05,19.4,Yes,12.7,Every 4-6 days
mothbeans,Zaid,50.2,33.98,35.9,Yes,12.17,Every 4-6 days
jute,Kharif,37.8,23.11,18.8,Yes,15.63,Every 1-3 days
kidneybeans,Kharif,52.7,28.41,23.6,Yes,10.37,Every 4-6 days
apple,Zaid,38.8,24.34,34.1,Yes,11.26,Every 4-6 days
orange,Kharif,60.3,27.38,29.5,Yes,9.5,Every 4-6 days
coffee,Kharif,31.0,22.43,16.2,Yes,10.77,Every 4-6 days
watermelon,Kharif,49.3,31.57,108.5,No,0.0,Every 4-6 days
pomegranate,Zaid,69.2,27.55,15.0,Yes,9.97,Every 4-6 days
coconut,Rabi,48.5,22.44,181.8,No,0.0,Every 7-10 days
kidneybeans,Kharif,45.8,29.78,33.5,Yes,11.54,Every 4-6 days
maize,Zaid,47.8,28.95,23.3,Yes,10.75,Every 4-6 days
lentil,Kharif,46.2,28.59,39.9,Yes,12.62,Every 4-6 days
lentil,Rabi,44.5,27.49,132.1,No,0.0,Every 4-6 days
pigeonpeas,Zaid,45.3,28.75,10.6,Yes,12.92,Every 4-6 days
kidneybeans,Zaid,65.5,29.76,25.5,Yes,10.51,Every 4-6 days
cotton,Kharif,60.1,24.88,13.6,Yes,12.21,Every 4-6 days
kidneybeans,Rabi,51.3,20.93,20.4,Yes,9.6,Every 4-6 days
banana,Zaid,26.7,27.71,66.0,No,0.0,Every 1-3 days
rice,Zaid,52.5,30.18,20.3,Yes,17.91,Every 1-3 days
rice,Zaid,58.4,34.84,70.7,No,0.0,Every 1-3 days
mungbean,Rabi,38.0,30.91,105.6,No,0.0,Every 4-6 days
maize,Rabi,35.7,29.8,30.2,Yes,13.17,Every 4-6 days
papaya,Rabi,35.4,18.29,21.2,Yes,11.32,Every 4-6 days
mango,Rabi,77.3,27.24,53.0,No,0.0,Every 4-6 days
cotton,Rabi,32.8,20.3,15.7,Yes,13.37,Every 4-6 days
coffee,Rabi,32.9,35.54,16.3,Yes,15.48,Every 1-3 days
mothbeans,Kharif,5.0,25.97,22.5,Yes,15.97,Every 1-3 days
watermelon,Zaid,23.6,29.55,23.1,Yes,21.58,Every 1-3 days
pigeonpeas,Zaid,42.6,26.33,38.2,Yes,12.67,Every 4-6 days
jute,Rabi,36.7,27.41,189.4,No,0.0,Every 4-6 days
orange,Zaid,46.4,21.25,15.9,Yes,10.97,Every 4-6 days
apple,Rabi,34.7,24.19,12.4,Yes,11.63,Every 4-6 days
mothbeans,Kharif,33.1,25.98,66.5,No,0.0,Every 4-6 days
coconut,Zaid,27.9,30.63,135.1,No,0.0,Every 4-6 days
jute,Kharif,41.0,21.03,24.5,Yes,14.75,Every 1-3 days
orange,Rabi,61.4,30.7,17.9,Yes,11.21,Every 4-6 days
cotton,Zaid,65.3,32.69,28.7,Yes,10.21,Every 4-6 days
coconut,Zaid,44.3,29.88,11.9,Yes,13.65,Every 4-6 days
muskmelon,Kharif,44.4,24.93,44.6,No,0.0,Every 1-3 days
muskmelon,Zaid,36.0,26.57,53.6,No,0.0,Every 1-3 days
jute,Kharif,41.9,29.5,6.5,Yes,17.37,Every 1-3 days
watermelon,Rabi,50.0,26.23,38.6,Yes,14.64,Every 1-3 days
maize,Rabi,32.4,32.05,50.7,No,0.0,Every 4-6 days
blackgram,Zaid,27.1,25.63,25.6,Yes,12.55,Every 4-6 days
banana,Kharif,5.0,25.75,39.2,Yes,19.72,Every 1-3 days
lentil,Rabi,57.4,30.1,170.1,No,0.0,Every 7-10 days
lentil,Zaid,19.1,22.04,44.4,No,0.0,Every 4-6 days
lentil,Kharif,25.4,25.71,114.4,No,0.0,Every 4-6 days
jute,Rabi,41.8,33.25,19.7,Yes,17.62,Every 1-3 days
maize,Zaid,31.8,25.39,35.4,Yes,12.89,Every 4-6 days
kidneybeans,Rabi,32.7,25.2,12.3,Yes,13.59,Every 4-6 days
watermelon,Rabi,39.6,21.01,27.8,Yes,16.05,Every 1-3 days
jute,Kharif,50.8,24.74,29.1,Yes,15.93,Every 1-3 days
apple,Kharif,56.7,25.01,77.8,No,0.0,Every 4-6 days
mothbeans,Rabi,45.6,22.04,90.9,No,0.0,Every 4-6 days
cotton,Rabi,40.6,32.49,9.9,Yes,14.11,Every 4-6 days
apple,Rabi,16.0,30.05,34.2,Yes,15.67,Every 1-3 days
papaya,Kharif,54.3,31.8,60.1,No,0.0,Every 4-6 days
pomegranate,Rabi,35.2,32.43,42.4,No,0.0,Every 4-6 days
papaya,Zaid,42.8,21.98,82.8,No,0.0,Every 4-6 days
apple,Kharif,59.1,30.11,121.1,No,0.0,Every 4-6 days
pomegranate,Kharif,39.1,21.56,38.6,Yes,10.44,Every 4-6 days
lentil,Kharif,25.9,23.87,35.1,Yes,12.7,Every 4-6 days
papaya,Rabi,26.8,27.03,18.0,Yes,13.63,Every 4-6 days
mungbean,Rabi,22.8,24.68,11.6,Yes,15.06,Every 4-6 days
kidneybeans,Kharif,41.7,33.66,10.6,Yes,12.03,Every 4-6 days
kidneybeans,Kharif,42.0,22.86,10.4,Yes,11.98,Every 4-6 days
orange,Zaid,44.2,36.26,124.4,No,0.0,Every 4-6 days
papaya,Zaid,40.5,29.46,19.2,Yes,11.53,Every 4-6 days
rice,Kharif,26.2,37.2,17.7,Yes,22.56,Every 1-3 days
grapes,Zaid,22.7,30.81,65.0,No,0.0,Every 4-6 days
muskmelon,Rabi,32.2,27.36,42.7,No,0.0,Every 1-3 days
pigeonpeas,Kharif,63.2,30.89,122.0,No,0.0,Every 4-6 days
muskmelon,Kharif,43.1,29.71,36.2,Yes,15.69,Every 1-3 days
pomegranate,Kharif,68.2,39.5,46.2,No,0.0,Every 4-6 days
watermelon,Zaid,45.5,28.25,175.7,No,0.0,Every 4-6 days
kidneybeans,Rabi,40.8,27.65,59.6,No,0.0,Every 4-6 days
jute,Rabi,36.6,24.07,42.6,No,0.0,Every 1-3 days
apple,Zaid,76.7,22.45,39.8,Yes,7.43,Every 4-6 days
maize,Rabi,43.5,31.76,40.7,No,0.0,Every 4-6 days
coffee,Rabi,51.7,27.5,6.0,Yes,10.4,Every 4-6 days
cotton,Rabi,56.6,28.21,126.5,No,0.0,Every 4-6 days
banana,Rabi,45.4,28.21,16.0,Yes,16.3,Every 1-3 days
mango,Zaid,48.4,27.32,95.4,No,0.0,Every 4-6 days
pomegranate,Rabi,48.0,25.38,26.0,Yes,11.58,Every 4-6 days
muskmelon,Rabi,30.3,32.92,10.3,Yes,18.35,Every 1-3 days
kidneybeans,Zaid,43.5,29.93,23.1,Yes,11.25,Every 4-6 days
pigeonpeas,Zaid,62.9,25.86,126.1,No,0.0,Every 7-10 days
cotton,Rabi,62.7,26.94,29.0,Yes,9.98,Every 4-6 days
pomegranate,Rabi,12.7,40.67,44.1,No,0.0,Every 1-3 days
pigeonpeas,Rabi,19.0,24.83,18.7,Yes,13.34,Every 4-6 days
watermelon,Rabi,37.5,26.03,19.0,Yes,16.57,Every 1-3 days
blackgram,Zaid,41.2,33.16,21.4,Yes,9.91,Every 4-6 days
coconut,Zaid,49.9,27.52,50.3,No,0.0,Every 4-6 days
blackgram,Kharif,44.0,28.53,6.5,Yes,12.89,Every 4-6 days
maize,Zaid,36.3,30.07,37.1,Yes,12.62,Every 4-6 days
orange,Rabi,18.6,24.98,82.6,No,0.0,Every 4-6 days
chickpea,Zaid,65.5,31.17,92.6,No,0.0,Every 4-6 days
muskmelon,Zaid,52.5,31.57,104.9,No,0.0,Every 4-6 days
pigeonpeas,Zaid,50.6,30.21,56.4,No,0.0,Every 4-6 days
jute,Zaid,37.5,30.89,29.2,Yes,17.31,Every 1-3 days
pomegranate,Zaid,45.4,23.7,72.6,No,0.0,Every 4-6 days
mango,Zaid,56.6,24.77,104.7,No,0.0,Every 4-6 days
apple,Zaid,50.4,25.47,27.4,Yes,10.26,Every 4-6 days
lentil,Zaid,25.5,26.39,134.8,No,0.0,Every 4-6 days
papaya,Kharif,48.8,24.51,13.3,Yes,11.37,Every 4-6 days
coconut,Rabi,55.7,38.2,40.3,No,0.0,Every 4-6 days
jute,Kharif,49.3,20.2,78.8,No,0.0,Every 4-6 days
apple,Rabi,54.0,29.49,14.0,Yes,10.81,Every 4-6 days
jute,Rabi,30.5,23.67,45.2,No,0.0,Every 1-3 days
coffee,Kharif,44.6,31.92,31.3,Yes,11.86,Every 4-6 days
cotton,Rabi,46.9,27.5,30.2,Yes,10.73,Every 4-6 days
maize,Rabi,65.9,24.82,43.2,No,0.0,Every 4-6 days
cotton,Zaid,46.5,28.01,47.7,No,0.0,Every 4-6 days
jute,Rabi,50.1,20.82,64.3,No,0.0,Every 4-6 days
chickpea,Rabi,34.9,32.18,9.8,Yes,12.67,Every 4-6 days
jute,Rabi,39.4,26.89,35.0,Yes,17.23,Every 1-3 days
apple,Kharif,53.5,24.95,18.7,Yes,10.67,Every 4-6 days
rice,Rabi,27.9,28.02,194.6,No,0.0,Every 4-6 days
mothbeans,Zaid,55.5,26.98,39.8,Yes,11.55,Every 4-6 days
apple,Zaid,34.6,31.53,112.9,No,0.0,Every 4-6 days
mango,Rabi,19.7,31.37,53.2,No,0.0,Every 4-6 days
papaya,Rabi,42.4,26.09,25.0,Yes,11.91,Every 4-6 days
lentil,Rabi,15.5,26.43,72.7,No,0.0,Every 4-6 days
cotton,Zaid,62.6,12.88,50.1,No,0.0,Every 7-10 days
grapes,Kharif,26.5,41.38,27.9,Yes,15.11,Every 1-3 days
watermelon,Zaid,36.0,32.3,98.3,No,0.0,Every 1-3 days
mothbeans,Rabi,47.0,32.15,80.3,No,0.0,Every 4-6 days
blackgram,Rabi,63.6,33.42,43.5,No,0.0,Every 4-6 days
muskmelon,Kharif,15.0,28.52,37.6,Yes,19.64,Every 1-3 days
apple,Zaid,82.1,37.4,65.2,No,0.0,Every 4-6 days
grapes,Kharif,84.5,21.3,70.7,No,0.0,Every 7-10 days
blackgram,Rabi,54.4,29.94,43.6,No,0.0,Every 4-6 days
orange,Zaid,37.3,30.13,41.5,No,0.0,Every 4-6 days
muskmelon,Kharif,46.3,24.74,24.8,Yes,16.42,Every 1-3 days
muskmelon,Zaid,26.6,35.67,75.2,No,0.0,Every 1-3 days
apple,Kharif,72.8,21.12,25.2,Yes,7.41,Every 4-6 days
cotton,Zaid,57.3,37.21,18.2,Yes,12.62,Every 4-6 days
muskmelon,Zaid,46.4,34.39,60.4,No,0.0,Every 1-3 days
chickpea,Rabi,12.7,33.32,20.6,Yes,16.79,Every 1-3 days
watermelon,Zaid,58.0,21.88,52.7,No,0.0,Every 4-6 days
cotton,Kharif,20.5,27.5,40.2,No,0.0,Every 4-6 days
rice,Rabi,42.9,29.92,24.6,Yes,17.13,Every 1-3 days
orange,Zaid,53.5,32.71,4.2,Yes,13.75,Every 4-6 days
grapes,Zaid,20.8,20.21,9.3,Yes,12.13,Every 4-6 days
apple,Rabi,30.5,37.02,15.5,Yes,13.2,Every 1-3 days
mango,Kharif,32.7,22.15,5.7,Yes,11.42,Every 4-6 days
kidneybeans,Zaid,69.3,33.78,78.2,No,0.0,Every 4-6 days
blackgram,Rabi,85.5,27.2,40.7,No,0.0,Every 4-6 days
pigeonpeas,Zaid,53.8,26.0,42.3,No,0.0,Every 4-6 days
muskmelon,Zaid,27.1,34.2,32.9,Yes,17.85,Every 1-3 days
coffee,Rabi,26.4,31.51,44.3,No,0.0,Every 4-6 days
pomegranate,Kharif,44.5,25.27,84.7,No,0.0,Every 4-6 days
jute,Rabi,63.8,30.11,27.7,Yes,13.84,Every 1-3 days
banana,Kharif,26.8,33.16,69.7,No,0.0,Every 1-3 days
maize,Zaid,10.2,38.11,28.0,Yes,16.64,Every 1-3 days
banana,Rabi,45.9,29.47,14.1,Yes,16.7,Every 1-3 days
maize,Zaid,56.2,33.74,66.0,No,0.0,Every 4-6 days
kidneybeans,Zaid,41.3,27.85,13.9,Yes,11.9,Every 4-6 days
watermelon,Rabi,47.6,27.44,20.3,Yes,15.57,Every 1-3 days
coconut,Kharif,52.9,32.8,71.2,No,0.0,Every 4-6 days
coffee,Kharif,46.9,23.89,75.1,No,0.0,Every 4-6 days
muskmelon,Zaid,32.3,24.37,18.4,Yes,19.03,Every 1-3 days
papaya,Kharif,36.5,33.7,32.3,Yes,15.3,Every 4-6 days
pomegranate,Rabi,55.0,26.55,21.5,Yes,10.52,Every 4-6 days
blackgram,Zaid,41.6,22.32,72.8,No,0.0,Every 4-6 days
kidneybeans,Kharif,31.0,28.41,23.5,Yes,14.45,Every 4-6 days
coffee,Kharif,30.3,23.53,41.3,No,0.0,Every 4-6 days
mango,Kharif,43.9,20.63,62.2,No,0.0,Every 4-6 days
rice,Kharif,37.9,24.29,34.0,Yes,16.63,Every 1-3 days
orange,Zaid,49.6,40.22,37.3,Yes,12.63,Every 4-6 days
grapes,Zaid,29.3,25.36,209.8,No,0.0,Every 4-6 days
banana,Zaid,41.2,26.29,14.3,Yes,17.49,Every 1-3 days
coconut,Kharif,64.9,23.29,52.0,No,0.0,Every 4-6 days
cotton,Kharif,57.5,22.37,57.1,No,0.0,Every 4-6 days
muskmelon,Zaid,32.2,30.36,35.7,Yes,16.67,Every 1-3 days
grapes,Zaid,35.4,23.39,74.1,No,0.0,Every 4-6 days
grapes,Zaid,53.0,42.51,18.4,Yes,14.17,Every 4-6 days
lentil,Zaid,40.2,17.07,26.7,Yes,10.33,Every 4-6 days
lentil,Zaid,24.3,28.23,25.9,Yes,13.17,Every 4-6 days
mango,Rabi,51.6,31.13,27.3,Yes,12.46,Every 4-6 days
pomegranate,Zaid,34.1,22.69,39.9,Yes,12.36,Every 4-6 days
banana,Zaid,68.8,26.68,39.5,Yes,14.32,Every 4-6 days
pigeonpeas,Kharif,78.6,29.46,55.3,No,0.0,Every 4-6 days
watermelon,Kharif,43.3,24.11,27.1,Yes,15.69,Every 1-3 days
pigeonpeas,Rabi,18.7,27.31,107.1,No,0.0,Every 4-6 days
mango,Zaid,27.2,23.38,4.8,Yes,12.46,Every 4-6 days
pomegranate,Rabi,40.3,22.37,61.0,No,0.0,Every 4-6 days
maize,Zaid,24.1,33.07,117.5,No,0.0,Every 4-6 days
pigeonpeas,Kharif,40.3,20.92,114.0,No,0.0,Every 4-6 days
mothbeans,Zaid,54.8,24.18,55.0,No,0.0,Every 4-6 days
chickpea,Rabi,28.9,36.26,16.4,Yes,14.26,Every 1-3 days
lentil,Zaid,60.0,26.63,22.8,Yes,9.97,Every 4-6 days
mothbeans,Zaid,32.1,23.25,35.0,Yes,11.86,Every 4-6 days
mango,Kharif,59.4,31.05,76.2,No,0.0,Every 4-6 days
coffee,Rabi,42.8,26.04,41.6,No,0.0,Every 4-6 days
lentil,Kharif,47.8,30.33,94.0,No,0.0,Every 4-6 days
watermelon,Zaid,41.7,22.31,53.9,No,0.0,Every 1-3 days
papaya,Kharif,48.0,27.47,17.0,Yes,11.97,Every 4-6 days
pomegranate,Zaid,61.9,27.35,23.9,Yes,10.96,Every 4-6 days
orange,Kharif,46.8,29.18,35.1,Yes,10.72,Every 4-6 days
lentil,Rabi,50.1,31.91,13.6,Yes,11.25,Every 4-6 days
papaya,Rabi,32.9,27.92,8.7,Yes,12.67,Every 4-6 days
watermelon,Rabi,45.1,24.15,27.6,Yes,15.51,Every 1-3 days
mothbeans,Rabi,58.3,27.67,21.0,Yes,12.46,Every 4-6 days
pomegranate,Kharif,50.1,16.71,68.3,No,0.0,Every 4-6 days
mango,Rabi,30.4,27.76,17.3,Yes,12.92,Every 4-6 days
pigeonpeas,Rabi,27.4,23.04,10.1,Yes,14.03,Every 4-6 days
pomegranate,Zaid,56.2,20.09,47.1,No,0.0,Every 4-6 days
orange,Kharif,64.1,27.94,14.0,Yes,9.31,Every 4-6 days
apple,Rabi,13.5,20.31,99.3,No,0.0,Every 4-6 days
mothbeans,Rabi,53.2,24.71,34.8,Yes,9.82,Every 4-6 days
lentil,Rabi,29.1,26.31,11.2,Yes,15.55,Every 4-6 days
banana,Rabi,36.2,37.14,97.8,No,0.0,Every 1-3 days
banana,Zaid,61.0,33.18,60.0,No,0.0,Every 1-3 days
pomegranate,Rabi,35.7,27.03,56.5,No,0.0,Every 4-6 days
pigeonpeas,Kharif,65.6,23.28,39.0,Yes,8.87,Every 4-6 days
coffee,Rabi,32.5,30.36,33.7,Yes,15.23,Every 4-6 days
coconut,Zaid,49.3,27.37,8.7,Yes,12.23,Every 4-6 days
mango,Rabi,55.7,31.23,82.1,No,0.0,Every 4-6 days
rice,Zaid,47.8,20.97,7.1,Yes,15.42,Every 1-3 days
grapes,Kharif,18.0,15.88,33.9,Yes,11.17,Every 4-6 days
mothbeans,Zaid,52.0,19.23,25.0,Yes,8.62,Every 4-6 days
coffee,Kharif,43.4,28.11,26.9,Yes,12.28,Every 4-6 days
kidneybeans,Zaid,54.9,28.92,72.8,No,0.0,Every 4-6 days
orange,Zaid,52.3,23.03,41.9,No,0.0,Every 4-6 days
coffee,Rabi,75.3,26.1,27.2,Yes,8.49,Every 4-6 days
grapes,Kharif,32.8,32.77,35.0,Yes,13.58,Every 4-6 days
muskmelon,Kharif,68.9,31.35,3.3,Yes,15.39,Every 1-3 days
mango,Rabi,40.0,30.67,27.6,Yes,14.63,Every 4-6 days
coffee,Kharif,38.3,27.6,27.5,Yes,11.6,Every 4-6 days
mango,Kharif,29.5,26.5,10.9,Yes,14.27,Every 4-6 days
apple,Rabi,41.8,30.62,45.8,No,0.0,Every 4-6 days
maize,Rabi,43.7,27.16,41.1,No,0.0,Every 4-6 days
lentil,Rabi,62.4,28.17,20.8,Yes,11.05,Every 4-6 days
cotton,Rabi,47.7,27.93,23.6,Yes,12.72,Every 4-6 days
jute,Kharif,47.5,28.16,12.5,Yes,15.85,Every 1-3 days
papaya,Zaid,24.9,28.65,13.9,Yes,15.45,Every 4-6 days
mungbean,Kharif,27.7,27.14,54.3,No,0.0,Every 4-6 days
pigeonpeas,Kharif,51.8,25.24,5.5,Yes,12.47,Every 4-6 days
apple,Kharif,5.0,36.41,67.2,No,0.0,Every 1-3 days
apple,Kharif,19.3,28.3,112.1,No,0.0,Every 4-6 days
coffee,Zaid,46.9,36.53,31.7,Yes,13.44,Every 4-6 days
grapes,Zaid,37.7,29.84,15.0,Yes,12.74,Every 4-6 days
lentil,Kharif,90.4,22.41,58.8,No,0.0,Every 7-10 days
coffee,Zaid,85.0,20.82,77.2,No,0.0,Every 7-10 days
cotton,Kharif,60.6,29.31,43.8,No,0.0,Every 4-6 days
banana,Rabi,48.8,34.44,162.4,No,0.0,Every 4-6 days
mothbeans,Kharif,53.4,36.56,36.4,Yes,12.05,Every 4-6 days
maize,Rabi,13.6,22.85,8.8,Yes,14.51,Every 4-6 days
blackgram,Kharif,62.1,27.42,26.0,Yes,11.87,Every 4-6 days
orange,Zaid,60.6,18.53,39.9,Yes,7.05,Every 4-6 days
lentil,Rabi,46.2,26.69,44.0,No,0.0,Every 4-6 days
pomegranate,Rabi,35.5,38.3,105.4,No,0.0,Every 4-6 days
blackgram,Zaid,54.7,18.16,61.5,No,0.0,Every 4-6 days
maize,Kharif,47.2,33.74,20.7,Yes,14.11,Every 4-6 days
cotton,Zaid,59.2,23.21,29.8,Yes,8.69,Every 4-6 days
lentil,Kharif,63.5,24.45,72.0,No,0.0,Every 4-6 days
kidneybeans,Kharif,56.8,25.43,38.9,Yes,11.49,Every 4-6 days
orange,Kharif,43.7,21.21,53.7,No,0.0,Every 4-6 days
lentil,Zaid,5.0,33.03,6.2,Yes,16.28,Every 1-3 days
coconut,Zaid,41.3,39.11,48.5,No,0.0,Every 4-6 days
lentil,Kharif,54.8,17.73,32.7,Yes,8.87,Every 4-6 days
blackgram,Kharif,35.6,30.95,105.7,No,0.0,Every 4-6 days
mungbean,Kharif,5.0,30.2,20.8,Yes,14.21,Every 1-3 days
cotton,Kharif,61.0,24.49,18.0,Yes,9.29,Every 4-6 days
coconut,Kharif,49.1,36.06,59.2,No,0.0,Every 4-6 days
rice,Rabi,65.9,20.18,37.8,Yes,13.41,Every 4-6 days
kidneybeans,Zaid,75.3,25.67,13.3,Yes,9.41,Every 4-6 days
cotton,Rabi,55.7,36.73,43.2,No,0.0,Every 4-6 days
pigeonpeas,Zaid,67.4,30.18,13.5,Yes,9.82,Every 4-6 days
grapes,Zaid,46.0,26.22,106.1,No,0.0,Every 4-6 days
kidneybeans,Kharif,41.1,27.47,8.5,Yes,15.42,Every 4-6 days
coconut,Rabi,24.5,32.38,25.3,Yes,14.11,Every 1-3 days
mango,Rabi,88.6,33.37,4.6,Yes,11.71,Every 4-6 days
grapes,Zaid,45.3,33.1,36.7,Yes,12.2,Every 4-6 days
rice,Rabi,49.4,39.54,33.5,Yes,15.89,Every 1-3 days
chickpea,Rabi,56.4,30.04,7.1,Yes,10.61,Every 4-6 days
rice,Kharif,50.1,25.07,100.0,No,0.0,Every 4-6 days
coconut,Kharif,42.4,20.05,60.0,No,0.0,Every 4-6 days
chickpea,Rabi,43.1,20.3,30.9,Yes,10.34,Every 4-6 days
rice,Rabi,39.6,25.92,59.8,No,0.0,Every 1-3 days
kidneybeans,Zaid,54.7,29.9,54.5,No,0.0,Every 4-6 days
mango,Rabi,55.3,20.41,76.1,No,0.0,Every 4-6 days
pigeonpeas,Zaid,46.4,33.03,70.2,No,0.0,Every 4-6 days
mango,Rabi,27.6,25.5,39.4,Yes,11.85,Every 4-6 days
maize,Rabi,46.1,23.92,71.2,No,0.0,Every 4-6 days
mothbeans,Kharif,44.3,24.59,38.6,Yes,12.61,Every 4-6 days
grapes,Zaid,48.9,30.6,59.6,No,0.0,Every 4-6 days
orange,Zaid,55.4,28.32,97.6,No,0.0,Every 4-6 days
banana,Kharif,44.6,25.13,18.9,Yes,14.38,Every 1-3 days
apple,Rabi,68.3,24.56,108.2,No,0.0,Every 7-10 days
muskmelon,Zaid,46.7,29.37,181.2,No,0.0,Every 4-6 days
mango,Rabi,68.0,22.11,19.8,Yes,8.65,Every 4-6 days
mungbean,Rabi,32.7,32.86,46.5,No,0.0,Every 4-6 days
coffee,Zaid,55.2,16.02,6.4,Yes,8.63,Every 4-6 days
banana,Kharif,52.7,21.91,32.3,Yes,14.49,Every 1-3 days
mango,Kharif,49.1,28.11,42.2,No,0.0,Every 4-6 days
jute,Zaid,55.4,33.54,22.2,Yes,17.89,Every 1-3 days
mothbeans,Kharif,64.0,34.52,117.8,No,0.0,Every 4-6 days
muskmelon,Zaid,63.3,19.16,45.6,No,0.0,Every 4-6 days
orange,Kharif,72.6,20.66,40.6,No,0.0,Every 4-6 days
jute,Zaid,67.7,24.08,21.5,Yes,13.85,Every 4-6 days
banana,Rabi,53.3,26.52,148.4,No,0.0,Every 4-6 days
lentil,Kharif,53.0,24.15,70.6,No,0.0,Every 4-6 days
apple,Zaid,65.9,34.24,54.8,No,0.0,Every 4-6 days
blackgram,Rabi,59.0,15.86,16.5,Yes,10.56,Every 4-6 days
mango,Rabi,41.4,32.29,78.5,No,0.0,Every 4-6 days
jute,Rabi,37.8,34.89,50.1,No,0.0,Every 1-3 days
banana,Zaid,27.7,26.95,28.4,Yes,16.41,Every 1-3 days
papaya,Kharif,31.0,30.48,74.0,No,0.0,Every 4-6 days
mungbean,Zaid,58.0,27.64,104.0,No,0.0,Every 4-6 days
coconut,Rabi,54.8,15.13,42.6,No,0.0,Every 4-6 days
pomegranate,Kharif,57.6,25.48,72.4,No,0.0,Every 4-6 days
mothbeans,Rabi,56.5,27.13,1.5,Yes,11.15,Every 4-6 days
cotton,Rabi,59.8,35.57,24.4,Yes,12.1,Every 4-6 days
maize,Rabi,57.0,27.46,29.4,Yes,11.53,Every 4-6 days
rice,Kharif,13.9,28.33,41.4,No,0.0,Every 1-3 days
mungbean,Rabi,5.0,23.42,9.6,Yes,14.43,Every 1-3 days
muskmelon,Zaid,44.6,29.03,49.7,No,0.0,Every 1-3 days
apple,Zaid,56.8,32.59,8.9,Yes,12.81,Every 4-6 days
rice,Rabi,40.4,18.85,83.5,No,0.0,Every 4-6 days
mothbeans,Rabi,46.3,29.98,52.4,No,0.0,Every 4-6 days
lentil,Zaid,58.3,34.04,62.7,No,0.0,Every 4-6 days
cotton,Rabi,31.7,22.7,1.1,Yes,14.09,Every 4-6 days
cotton,Rabi,60.6,32.02,74.0,No,0.0,Every 4-6 days
pomegranate,Rabi,26.4,34.52,50.2,No,0.0,Every 4-6 days
watermelon,Kharif,34.2,36.54,39.2,Yes,18.84,Every 1-3 days
cotton,Rabi,19.0,22.49,22.0,Yes,13.02,Every 4-6 days
muskmelon,Rabi,42.7,28.52,20.1,Yes,17.41,Every 1-3 days
cotton,Zaid,33.2,29.86,22.1,Yes,15.84,Every 4-6 days
grapes,Kharif,43.0,35.44,84.6,No,0.0,Every 4-6 days
kidneybeans,Zaid,35.0,29.48,15.4,Yes,15.46,Every 4-6 days
blackgram,Kharif,51.7,35.74,15.8,Yes,11.2,Every 4-6 days
maize,Zaid,59.3,19.55,58.2,No,0.0,Every 4-6 days
muskmelon,Rabi,30.3,19.45,34.8,Yes,16.05,Every 1-3 days
pomegranate,Rabi,58.6,29.73,66.9,No,0.0,Every 4-6 days
papaya,Rabi,39.0,21.83,66.9,No,0.0,Every 4-6 days
chickpea,Rabi,40.6,21.04,81.4,No,0.0,Every 4-6 days
rice,Zaid,52.3,23.89,53.5,No,0.0,Every 4-6 days
chickpea,Kharif,43.6,26.99,76.2,No,0.0,Every 4-6 days
maize,Zaid,36.4,31.41,113.8,No,0.0,Every 4-6 days
grapes,Kharif,49.6,32.98,27.8,Yes,13.97,Every 4-6 days
mothbeans,Zaid,44.6,15.25,137.3,No,0.0,Every 7-10 days
lentil,Rabi,62.0,32.32,44.6,No,0.0,Every 4-6 days
apple,Rabi,56.2,30.36,126.1,No,0.0,Every 4-6 days
coconut,Kharif,25.0,19.39,21.3,Yes,12.54,Every 4-6 days
grapes,Kharif,52.7,21.38,95.2,No,0.0,Every 4-6 days
coconut,Rabi,42.5,22.27,8.0,Yes,9.31,Every 4-6 days
pomegranate,Kharif,61.5,22.6,22.9,Yes,11.52,Every 4-6 days
pomegranate,Rabi,44.5,28.44,8.0,Yes,12.89,Every 4-6 days
pomegranate,Kharif,45.3,36.85,94.0,No,0.0,Every 4-6 days
blackgram,Zaid,36.6,25.05,19.8,Yes,12.78,Every 4-6 days
lentil,Zaid,20.9,23.39,30.1,Yes,13.44,Every 4-6 days
cotton,Rabi,53.9,31.2,45.1,No,0.0,Every 4-6 days
watermelon,Kharif,38.1,28.1,26.2,Yes,16.96,Every 1-3 days
banana,Zaid,26.6,28.17,31.8,Yes,17.21,Every 1-3 days
chickpea,Kharif,21.3,28.4,80.0,No,0.0,Every 4-6 days
orange,Kharif,41.5,24.88,3.6,Yes,12.83,Every 4-6 days
watermelon,Zaid,74.4,29.08,53.6,No,0.0,Every 4-6 days
coconut,Zaid,53.2,27.59,61.0,No,0.0,Every 4-6 days
lentil,Rabi,60.3,35.35,48.3,No,0.0,Every 4-6 days
chickpea,Zaid,39.1,25.29,37.0,Yes,12.2,Every 4-6 days
coconut,Zaid,79.2,30.11,45.8,No,0.0,Every 4-6 days
chickpea,Zaid,47.7,31.13,49.4,No,0.0,Every 4-6 days
cotton,Zaid,73.3,30.25,50.4,No,0.0,Every 4-6 days
lentil,Kharif,69.6,25.02,37.0,Yes,8.24,Every 4-6 days
muskmelon,Rabi,55.4,23.55,74.9,No,0.0,Every 4-6 days
maize,Kharif,31.4,29.44,113.1,No,0.0,Every 4-6 days
blackgram,Zaid,34.2,21.56,20.5,Yes,11.33,Every 4-6 days
grapes,Kharif,49.0,26.96,71.4,No,0.0,Every 4-6 days
kidneybeans,Rabi,36.9,27.8,77.1,No,0.0,Every 4-6 days
coffee,Zaid,54.1,18.99,16.9,Yes,10.1,Every 4-6 days
kidneybeans,Kharif,34.4,22.14,44.5,No,0.0,Every 4-6 days
lentil,Rabi,78.1,23.99,11.7,Yes,9.51,Every 4-6 days
papaya,Rabi,43.3,24.81,4.5,Yes,11.49,Every 4-6 days
orange,Rabi,67.7,27.87,41.6,No,0.0,Every 4-6 days
papaya,Zaid,39.6,21.41,77.5,No,0.0,Every 4-6 days
orange,Kharif,39.8,32.92,166.6,No,0.0,Every 4-6 days
coconut,Zaid,48.3,26.64,95.6,No,0.0,Every 4-6 days
mango,Zaid,62.8,30.91,40.8,No,0.0,Every 4-6 days
coconut,Kharif,35.6,30.94,45.5,No,0.0,Every 4-6 days
watermelon,Zaid,32.4,39.09,58.3,No,0.0,Every 1-3 days
apple,Zaid,40.4,27.58,63.4,No,0.0,Every 4-6 days
grapes,Kharif,52.8,26.68,29.7,Yes,12.78,Every 4-6 days
apple,Zaid,27.8,23.45,153.1,No,0.0,Every 4-6 days
rice,Zaid,56.9,24.48,68.8,No,0.0,Every 4-6 days
pomegranate,Zaid,60.0,23.35,5.8,Yes,10.41,Every 4-6 days
pomegranate,Rabi,34.5,27.34,37.5,Yes,11.72,Every 4-6 days
watermelon,Zaid,28.8,32.58,10.8,Yes,20.98,Every 1-3 days
cotton,Rabi,54.9,29.81,46.7,No,0.0,Every 4-6 days
coconut,Zaid,5.0,32.19,9.8,Yes,16.48,Every 1-3 days
coconut,Rabi,37.7,30.1,35.4,Yes,13.07,Every 4-6 days
mothbeans,Kharif,41.9,34.38,44.4,No,0.0,Every 4-6 days
lentil,Kharif,43.9,22.03,36.6,Yes,10.36,Every 4-6 days
banana,Kharif,31.6,29.66,40.1,No,0.0,Every 1-3 days
mothbeans,Kharif,33.2,31.16,86.7,No,0.0,Every 4-6 days
mothbeans,Zaid,66.3,25.51,7.8,Yes,7.34,Every 4-6 days
pomegranate,Rabi,22.2,23.94,38.4,Yes,13.97,Every 4-6 days
pomegranate,Kharif,48.1,25.42,30.5,Yes,12.69,Every 4-6 days
papaya,Rabi,83.1,33.77,30.6,Yes,8.98,Every 4-6 days
mothbeans,Zaid,45.0,25.8,65.3,No,0.0,Every 4-6 days
muskmelon,Zaid,46.5,33.2,37.7,Yes,17.83,Every 1-3 days
muskmelon,Rabi,22.9,28.47,91.5,No,0.0,Every 1-3 days
grapes,Kharif,33.5,34.11,146.7,No,0.0,Every 4-6 days
lentil,Kharif,43.0,25.29,77.9,No,0.0,Every 4-6 days
watermelon,Zaid,39.3,28.66,111.0,No,0.0,Every 1-3 days
maize,Kharif,27.3,21.87,53.0,No,0.0,Every 4-6 days
maize,Rabi,20.8,26.71,109.6,No,0.0,Every 4-6 days
pigeonpeas,Zaid,64.1,26.55,114.1,No,0.0,Every 4-6 days
lentil,Zaid,32.0,29.98,40.5,No,0.0,Every 4-6 days
coconut,Kharif,38.9,23.11,15.5,Yes,12.09,Every 4-6 days
papaya,Rabi,42.2,33.75,51.2,No,0.0,Every 4-6 days
kidneybeans,Rabi,50.1,30.89,52.7,No,0.0,Every 4-6 days
pomegranate,Kharif,34.7,25.66,33.1,Yes,13.99,Every 4-6 days
chickpea,Kharif,42.9,27.04,83.0,No,0.0,Every 4-6 days
maize,Kharif,45.3,33.73,39.2,Yes,12.99,Every 4-6 days
mungbean,Rabi,56.5,20.42,22.0,Yes,8.4,Every 4-6 days
muskmelon,Zaid,26.1,31.8,14.9,Yes,20.05,Every 1-3 days
pomegranate,Rabi,64.0,26.31,47.8,No,0.0,Every 4-6 days
blackgram,Kharif,47.3,27.53,52.4,No,0.0,Every 4-6 days
kidneybeans,Kharif,47.7,15.49,22.4,Yes,9.8,Every 4-6 days
jute,Zaid,70.1,34.27,55.4,No,0.0,Every 4-6 days
lentil,Rabi,54.2,34.05,23.8,Yes,11.85,Every 4-6 days
coconut,Kharif,56.7,32.53,30.4,Yes,11.77,Every 4-6 days
mango,Rabi,53.7,28.96,172.4,No,0.0,Every 7-10 days
cotton,Kharif,34.4,17.17,68.2,No,0.0,Every 4-6 days
mungbean,Rabi,23.8,23.57,24.6,Yes,12.74,Every 4-6 days
blackgram,Rabi,44.8,23.32,151.4,No,0.0,Every 4-6 days
mango,Kharif,38.5,30.91,18.9,Yes,14.82,Every 4-6 days
lentil,Kharif,52.8,32.23,64.7,No,0.0,Every 4-6 days
maize,Kharif,43.3,22.82,42.3,No,0.0,Every 4-6 days
maize,Rabi,45.0,25.36,27.0,Yes,11.05,Every 4-6 days
cotton,Rabi,59.0,28.13,50.2,No,0.0,Every 4-6 days
pomegranate,Kharif,18.0,16.73,18.7,Yes,10.83,Every 4-6 days
blackgram,Rabi,36.1,25.48,74.8,No,0.0,Every 4-6 days
jute,Zaid,43.2,22.02,31.6,Yes,15.08,Every 1-3 days
papaya,Kharif,28.2,26.35,8.3,Yes,12.65,Every 4-6 days
coconut,Zaid,64.8,34.26,45.9,No,0.0,Every 4-6 days
rice,Zaid,49.9,28.11,13.4,Yes,16.0,Every 1-3 days
pomegranate,Rabi,72.2,27.03,19.6,Yes,7.05,Every 4-6 days
watermelon,Zaid,45.7,29.7,42.6,No,0.0,Every 1-3 days
blackgram,Rabi,49.7,24.75,16.5,Yes,10.37,Every 4-6 days
jute,Kharif,51.3,18.85,22.6,Yes,15.35,Every 4-6 days
kidneybeans,Rabi,43.0,24.75,13.2,Yes,14.23,Every 4-6 days
grapes,Zaid,76.8,35.66,20.4,Yes,9.7,Every 4-6 days
rice,Zaid,49.0,20.61,70.6,No,0.0,Every 4-6 days
lentil,Kharif,56.2,29.73,91.9,No,0.0,Every 4-6 days
blackgram,Rabi,33.1,36.94,74.5,No,0.0,Every 4-6 days
maize,Kharif,57.3,31.82,14.9,Yes,12.1,Every 4-6 days
cotton,Zaid,7.1,29.28,73.4,No,0.0,Every 4-6 days
mungbean,Kharif,25.8,37.34,32.5,Yes,17.17,Every 1-3 days
grapes,Kharif,48.1,30.88,123.3,No,0.0,Every 4-6 days
pigeonpeas,Kharif,42.2,21.11,16.3,Yes,11.84,Every 4-6 days
cotton,Rabi,31.6,29.76,52.1,No,0.0,Every 4-6 days
banana,Rabi,63.5,22.59,13.4,Yes,14.92,Every 4-6 days
orange,Zaid,32.6,44.13,50.3,No,0.0,Every 1-3 days
papaya,Kharif,49.4,23.37,13.8,Yes,10.61,Every 4-6 days
grapes,Kharif,24.0,30.23,8.3,Yes,15.32,Every 1-3 days
chickpea,Rabi,43.6,27.66,51.9,No,0.0,Every 4-6 days
mango,Rabi,46.9,28.73,51.0,No,0.0,Every 4-6 days
cotton,Rabi,54.9,25.13,72.8,No,0.0,Every 4-6 days
jute,Kharif,22.8,21.91,62.1,No,0.0,Every 1-3 days
pigeonpeas,Rabi,61.8,29.25,3.5,Yes,10.29,Every 4-6 days
cotton,Kharif,52.2,30.85,11.7,Yes,11.54,Every 4-6 days
chickpea,Kharif,55.6,25.51,43.1,No,0.0,Every 4-6 days
watermelon,Zaid,45.1,33.17,42.8,No,0.0,Every 1-3 days
maize,Rabi,25.1,26.22,50.6,No,0.0,Every 4-6 days
grapes,Kharif,41.1,40.12,130.4,No,0.0,Every 4-6 days
grapes,Rabi,49.5,21.9,29.3,Yes,10.77,Every 4-6 days
mothbeans,Kharif,35.4,30.18,4.1,Yes,15.63,Every 4-6 days
chickpea,Rabi,55.3,26.91,63.0,No,0.0,Every 4-6 days
mango,Zaid,61.9,21.46,81.8,No,0.0,Every 4-6 days
muskmelon,Rabi,54.4,28.69,131.8,No,0.0,Every 4-6 days
apple,Rabi,49.9,20.64,72.9,No,0.0,Every 4-6 days
mungbean,Kharif,26.5,23.8,100.6,No,0.0,Every 4-6 days
apple,Zaid,43.6,30.49,29.1,Yes,12.91,Every 4-6 days
cotton,Kharif,12.8,28.9,11.5,Yes,15.4,Every 1-3 days
muskmelon,Zaid,53.7,13.4,49.7,No,0.0,Every 4-6 days
mothbeans,Kharif,34.8,22.64,5.1,Yes,11.86,Every 4-6 days
apple,Rabi,63.7,24.54,54.5,No,0.0,Every 4-6 days
mothbeans,Zaid,46.5,25.05,69.6,No,0.0,Every 4-6 days
coffee,Kharif,58.1,25.74,18.7,Yes,12.19,Every 4-6 days
coconut,Rabi,44.0,25.4,32.3,Yes,10.52,Every 4-6 days
muskmelon,Kharif,55.8,27.26,60.8,No,0.0,Every 4-6 days
grapes,Zaid,44.7,36.56,37.6,Yes,13.62,Every 4-6 days
coconut,Kharif,47.8,26.13,107.0,No,0.0,Every 4-6 days
lentil,Kharif,63.1,21.7,5.3,Yes,10.06,Every 4-6 days
coffee,Zaid,34.3,39.8,14.2,Yes,13.46,Every 1-3 days
pomegranate,Zaid,26.3,26.76,36.9,Yes,13.27,Every 4-6 days
rice,Kharif,58.0,28.72,3.1,Yes,14.17,Every 1-3 days
pigeonpeas,Kharif,38.0,27.31,65.6,No,0.0,Every 4-6 days
kidneybeans,Rabi,52.6,25.36,50.0,No,0.0,Every 4-6 days
coffee,Kharif,38.6,29.36,81.4,No,0.0,Every 4-6 days
mungbean,Kharif,39.7,33.75,18.3,Yes,14.54,Every 4-6 days
mothbeans,Kharif,40.0,30.18,19.6,Yes,13.86,Every 4-6 days
chickpea,Kharif,55.4,30.09,74.4,No,0.0,Every 4-6 days
coconut,Zaid,52.1,28.86,7.3,Yes,10.06,Every 4-6 days
lentil,Kharif,45.5,27.86,42.0,No,0.0,Every 4-6 days
watermelon,Kharif,45.9,27.76,38.0,Yes,16.81,Every 1-3 days
lentil,Kharif,36.1,22.76,14.2,Yes,12.93,Every 4-6 days
mungbean,Rabi,60.4,33.66,50.1,No,0.0,Every 4-6 days
kidneybeans,Zaid,40.7,21.08,70.3,No,0.0,Every 4-6 days
maize,Kharif,41.9,21.03,47.8,No,0.0,Every 4-6 days
jute,Zaid,41.1,28.15,74.1,No,0.0,Every 1-3 days
orange,Kharif,53.6,27.9,36.7,Yes,13.2,Every 4-6 days
jute,Zaid,50.5,33.15,51.7,No,0.0,Every 1-3 days
coconut,Zaid,51.1,24.62,8.3,Yes,11.36,Every 4-6 days
apple,Rabi,48.7,26.51,99.9,No,0.0,Every 4-6 days
papaya,Rabi,28.3,23.18,32.0,Yes,12.98,Every 4-6 days
apple,Zaid,46.8,23.28,37.5,Yes,9.74,Every 4-6 days
kidneybeans,Rabi,33.5,27.36,38.5,Yes,11.78,Every 4-6 days
coconut,Kharif,41.6,29.36,43.6,No,0.0,Every 4-6 days
pomegranate,Zaid,34.1,33.8,71.2,No,0.0,Every 4-6 days
grapes,Rabi,44.7,35.05,37.9,Yes,11.98,Every 4-6 days
blackgram,Zaid,32.1,22.57,110.6,No,0.0,Every 4-6 days
apple,Kharif,64.9,28.2,50.7,No,0.0,Every 4-6 days
watermelon,Kharif,47.8,21.74,21.4,Yes,15.36,Every 1-3 days
blackgram,Zaid,60.3,34.33,30.6,Yes,11.84,Every 4-6 days
mothbeans,Kharif,40.9,31.32,48.7,No,0.0,Every 4-6 days
mothbeans,Kharif,33.6,27.04,12.3,Yes,12.85,Every 4-6 days
coconut,Rabi,20.9,32.17,24.1,Yes,15.42,Every 1-3 days
chickpea,Zaid,41.9,24.4,69.2,No,0.0,Every 4-6 days
blackgram,Rabi,68.6,27.9,9.5,Yes,9.53,Every 4-6 days
chickpea,Zaid,32.8,26.42,26.8,Yes,13.85,Every 4-6 days
cotton,Zaid,78.9,27.84,26.1,Yes,9.75,Every 4-6 days
lentil,Kharif,62.0,37.26,29.5,Yes,12.1,Every 4-6 days
mungbean,Kharif,65.7,30.61,53.9,No,0.0,Every 4-6 days
orange,Zaid,83.8,23.59,21.8,Yes,6.26,Every 4-6 days
banana,Rabi,64.8,32.97,54.6,No,0.0,Every 1-3 days
muskmelon,Rabi,32.7,21.51,106.9,No,0.0,Every 4-6 days
mungbean,Zaid,52.4,33.16,21.9,Yes,12.61,Every 4-6 days
mothbeans,Rabi,58.1,31.71,19.8,Yes,11.18,Every 4-6 days
mango,Rabi,66.2,29.63,25.9,Yes,11.08,Every 4-6 days
watermelon,Kharif,34.0,32.33,11.8,Yes,18.9,Every 1-3 days
mothbeans,Rabi,27.4,20.44,54.0,No,0.0,Every 4-6 days
mungbean,Rabi,45.6,21.92,31.5,Yes,10.69,Every 4-6 days
muskmelon,Rabi,58.1,26.21,122.9,No,0.0,Every 4-6 days
muskmelon,Zaid,54.8,31.4,50.6,No,0.0,Every 1-3 days
mango,Kharif,44.6,28.49,64.6,No,0.0,Every 4-6 days
pigeonpeas,Kharif,54.9,27.75,76.6,No,0.0,Every 4-6 days
coconut,Zaid,22.2,38.43,73.8,No,0.0,Every 1-3 days
kidneybeans,Zaid,25.1,26.87,32.1,Yes,12.18,Every 4-6 days
mothbeans,Zaid,29.0,26.68,17.3,Yes,12.1,Every 4-6 days
muskmelon,Zaid,45.5,31.02,138.3,No,0.0,Every 4-6 days
grapes,Zaid,27.2,23.72,39.4,Yes,12.73,Every 4-6 days
pomegranate,Rabi,42.1,26.42,93.9,No,0.0,Every 4-6 days
pigeonpeas,Rabi,19.6,29.36,22.7,Yes,15.19,Every 1-3 days
mango,Kharif,60.8,25.7,32.0,Yes,9.77,Every 4-6 days
mothbeans,Kharif,39.4,27.31,35.9,Yes,11.1,Every 4-6 days
muskmelon,Zaid,35.0,27.48,66.3,No,0.0,Every 1-3 days
apple,Rabi,74.4,39.41,28.6,Yes,11.41,Every 4-6 days
grapes,Kharif,50.0,28.26,87.5,No,0.0,Every 4-6 days
cotton,Kharif,35.7,34.25,66.6,No,0.0,Every 4-6 days
watermelon,Rabi,47.6,29.57,71.9,No,0.0,Every 1-3 days
rice,Kharif,63.0,33.35,62.3,No,0.0,Every 1-3 days
apple,Zaid,53.2,22.36,58.3,No,0.0,Every 4-6 days
grapes,Zaid,35.2,29.63,21.7,Yes,12.01,Every 4-6 days
kidneybeans,Kharif,31.5,29.5,72.3,No,0.0,Every 4-6 days
blackgram,Zaid,6.9,27.47,132.7,No,0.0,Every 4-6 days
banana,Kharif,29.7,20.87,123.1,No,0.0,Every 4-6 days
coconut,Zaid,30.0,32.66,9.9,Yes,15.3,Every 1-3 days
coconut,Zaid,49.4,26.19,50.7,No,0.0,Every 4-6 days
maize,Kharif,67.6,32.08,46.5,No,0.0,Every 4-6 days
coffee,Zaid,26.2,27.24,92.5,No,0.0,Every 4-6 days
cotton,Kharif,36.3,30.6,89.9,No,0.0,Every 4-6 days
mothbeans,Rabi,64.4,32.76,47.7,No,0.0,Every 4-6 days
jute,Rabi,36.0,22.85,15.5,Yes,15.32,Every 1-3 days
chickpea,Zaid,26.3,39.57,136.6,No,0.0,Every 4-6 days
papaya,Kharif,52.0,29.23,64.6,No,0.0,Every 4-6 days
grapes,Kharif,55.9,34.4,22.1,Yes,12.04,Every 4-6 days
banana,Zaid,45.8,22.9,40.9,No,0.0,Every 1-3 days
orange,Rabi,55.6,26.98,20.4,Yes,9.24,Every 4-6 days
muskmelon,Zaid,60.5,19.56,25.7,Yes,14.93,Every 4-6 days
orange,Kharif,46.6,24.91,23.5,Yes,10.24,Every 4-6 days
papaya,Rabi,62.5,30.7,44.8,No,0.0,Every 4-6 days
jute,Kharif,48.1,34.27,70.5,No,0.0,Every 1-3 days
pomegranate,Kharif,57.3,26.64,108.5,No,0.0,Every 4-6 days
mungbean,Rabi,57.7,25.98,44.0,No,0.0,Every 4-6 days
papaya,Zaid,19.6,27.59,83.0,No,0.0,Every 4-6 days
pigeonpeas,Zaid,48.3,32.44,15.0,Yes,11.65,Every 4-6 days
grapes,Zaid,52.5,24.88,38.2,Yes,11.66,Every 4-6 days
grapes,Kharif,40.8,27.3,48.4,No,0.0,Every 4-6 days
banana,Rabi,46.7,22.98,66.9,No,0.0,Every 4-6 days
apple,Rabi,50.3,27.39,36.5,Yes,12.01,Every 4-6 days
chickpea,Rabi,37.4,25.38,38.3,Yes,14.84,Every 4-6 days
grapes,Zaid,56.4,29.85,84.6,No,0.0,Every 4-6 days
muskmelon,Zaid,55.6,25.45,74.6,No,0.0,Every 4-6 days
kidneybeans,Kharif,21.5,27.84,43.6,No,0.0,Every 4-6 days
maize,Rabi,36.0,30.69,55.5,No,0.0,Every 4-6 days
watermelon,Zaid,35.3,30.67,12.6,Yes,17.87,Every 1-3 days
mungbean,Zaid,46.8,21.22,40.9,No,0.0,Every 4-6 days
kidneybeans,Zaid,42.7,31.61,13.2,Yes,13.6,Every 4-6 days
muskmelon,Kharif,49.3,25.79,10.3,Yes,15.98,Every 1-3 days
papaya,Kharif,27.2,27.3,43.2,No,0.0,Every 4-6 days
chickpea,Zaid,22.5,17.18,109.0,No,0.0,Every 4-6 days
rice,Zaid,70.7,30.08,55.3,No,0.0,Every 4-6 days
maize,Rabi,72.0,32.42,19.9,Yes,12.18,Every 4-6 days
watermelon,Zaid,33.4,36.22,33.2,Yes,17.09,Every 1-3 days
blackgram,Zaid,41.5,29.17,33.9,Yes,11.08,Every 4-6 days
coffee,Kharif,43.5,30.23,31.7,Yes,11.43,Every 4-6 days
coconut,Rabi,25.8,28.76,58.7,No,0.0,Every 4-6 days
grapes,Zaid,64.1,34.86,54.2,No,0.0,Every 4-6 days
jute,Zaid,36.4,34.96,34.2,Yes,19.28,Every 1-3 days
pomegranate,Zaid,56.6,27.75,44.7,No,0.0,Every 4-6 days
kidneybeans,Rabi,45.8,28.55,83.5,No,0.0,Every 4-6 days
mango,Zaid,29.4,30.98,20.9,Yes,14.77,Every 4-6 days
papaya,Zaid,68.2,31.85,51.8,No,0.0,Every 4-6 days
muskmelon,Zaid,46.6,29.54,62.0,No,0.0,Every 1-3 days
papaya,Rabi,55.2,35.54,39.3,Yes,13.92,Every 4-6 days
banana,Zaid,69.5,28.87,22.6,Yes,13.95,Every 1-3 days
cotton,Zaid,44.2,37.5,52.3,No,0.0,Every 4-6 days
pigeonpeas,Rabi,48.7,24.38,19.2,Yes,10.72,Every 4-6 days
papaya,Rabi,33.8,30.14,19.3,Yes,14.15,Every 4-6 days
apple,Rabi,38.7,33.68,147.5,No,0.0,Every 4-6 days
mango,Zaid,55.9,29.98,60.3,No,0.0,Every 4-6 days
papaya,Kharif,32.7,24.71,84.3,No,0.0,Every 4-6 days
mungbean,Kharif,57.5,28.81,52.5,No,0.0,Every 4-6 days
banana,Zaid,29.7,33.92,53.8,No,0.0,Every 1-3 days
orange,Zaid,54.3,31.7,56.9,No,0.0,Every 4-6 days
jute,Kharif,11.2,25.15,62.5,No,0.0,Every 1-3 days
blackgram,Zaid,19.3,26.58,45.9,No,0.0,Every 4-6 days
kidneybeans,Zaid,49.7,16.53,86.6,No,0.0,Every 4-6 days
apple,Kharif,29.9,24.73,69.7,No,0.0,Every 4-6 days
kidneybeans,Zaid,31.7,27.38,71.9,No,0.0,Every 4-6 days
cotton,Kharif,65.2,18.5,74.9,No,0.0,Every 7-10 days
maize,Rabi,51.6,15.62,37.5,Yes,8.04,Every 4-6 days
grapes,Zaid,62.4,35.59,33.8,Yes,10.99,Every 4-6 days
watermelon,Rabi,53.6,25.96,37.1,Yes,14.66,Every 1-3 days
jute,Rabi,53.6,23.87,103.3,No,0.0,Every 4-6 days
mothbeans,Rabi,35.2,28.25,11.4,Yes,14.15,Every 4-6 days
pigeonpeas,Zaid,43.5,31.61,14.6,Yes,12.44,Every 4-6 days
grapes,Rabi,46.8,28.26,19.0,Yes,11.73,Every 4-6 days
blackgram,Zaid,61.7,29.17,43.3,No,0.0,Every 4-6 days
banana,Kharif,57.7,24.23,93.6,No,0.0,Every 4-6 days
orange,Kharif,29.9,28.45,48.1,No,0.0,Every 4-6 days
muskmelon,Zaid,30.3,36.01,32.2,Yes,20.25,Every 1-3 days
jute,Rabi,67.4,24.09,11.2,Yes,15.09,Every 4-6 days
pomegranate,Kharif,48.6,28.1,32.7,Yes,12.6,Every 4-6 days
cotton,Rabi,37.5,29.56,52.2,No,0.0,Every 4-6 days
coffee,Rabi,28.8,23.2,28.0,Yes,12.94,Every 4-6 days
blackgram,Kharif,40.6,23.26,15.0,Yes,11.97,Every 4-6 days
jute,Zaid,18.7,22.06,10.7,Yes,18.67,Every 1-3 days
banana,Zaid,49.7,22.21,39.0,Yes,12.83,Every 1-3 days
pomegranate,Rabi,50.3,27.62,40.3,No,0.0,Every 4-6 days
grapes,Zaid,47.5,22.9,49.0,No,0.0,Every 4-6 days
jute,Rabi,58.8,32.94,70.2,No,0.0,Every 1-3 days
watermelon,Zaid,24.7,26.89,23.7,Yes,17.59,Every 1-3 days
pomegranate,Zaid,38.5,32.75,35.8,Yes,14.32,Every 4-6 days
watermelon,Zaid,27.7,25.93,48.2,No,0.0,Every 1-3 days
jute,Zaid,11.6,13.77,50.1,No,0.0,Every 1-3 days
papaya,Kharif,37.0,27.64,4.4,Yes,13.77,Every 4-6 days
muskmelon,Kharif,44.3,19.0,26.4,Yes,16.04,Every 1-3 days
mango,Zaid,64.6,19.36,41.7,No,0.0,Every 4-6 days
apple,Rabi,28.6,37.74,75.9,No,0.0,Every 4-6 days
blackgram,Rabi,54.5,27.96,43.4,No,0.0,Every 4-6 days
coconut,Kharif,44.0,32.85,13.4,Yes,13.19,Every 4-6 days
watermelon,Kharif,43.8,17.9,60.3,No,0.0,Every 4-6 days
pomegranate,Rabi,47.1,20.22,32.8,Yes,10.13,Every 4-6 days
chickpea,Zaid,65.4,36.15,55.5,No,0.0,Every 4-6 days
mungbean,Zaid,41.1,24.16,132.9,No,0.0,Every 4-6 days
papaya,Zaid,46.2,25.37,15.4,Yes,12.57,Every 4-6 days
muskmelon,Rabi,50.8,21.06,85.5,No,0.0,Every 4-6 days
cotton,Rabi,56.0,18.29,109.8,No,0.0,Every 7-10 days
apple,Rabi,45.9,34.01,31.0,Yes,13.68,Every 4-6 days
chickpea,Zaid,35.2,28.66,44.2,No,0.0,Every 4-6 days
grapes,Kharif,22.6,24.61,21.3,Yes,16.09,Every 4-6 days
chickpea,Zaid,36.7,25.55,23.7,Yes,12.26,Every 4-6 days
pigeonpeas,Zaid,52.7,34.6,118.2,No,0.0,Every 4-6 days
blackgram,Kharif,49.1,39.34,33.9,Yes,13.04,Every 4-6 days
pigeonpeas,Zaid,83.7,29.96,51.7,No,0.0,Every 4-6 days
lentil,Rabi,59.9,24.85,5.2,Yes,12.4,Every 4-6 days
mothbeans,Rabi,61.4,28.21,41.7,No,0.0,Every 4-6 days
grapes,Zaid,45.0,29.47,73.1,No,0.0,Every 4-6 days
rice,Kharif,38.9,30.84,12.8,Yes,17.71,Every 1-3 days
kidneybeans,Kharif,14.2,26.9,85.1,No,0.0,Every 4-6 days
coffee,Zaid,48.4,18.51,23.6,Yes,8.94,Every 4-6 days
apple,Rabi,53.0,24.66,90.6,No,0.0,Every 4-6 days
kidneybeans,Zaid,45.5,26.68,16.9,Yes,12.28,Every 4-6 days
rice,Kharif,33.9,27.81,11.9,Yes,16.51,Every 1-3 days
coffee,Zaid,72.0,22.69,23.5,Yes,9.28,Every 4-6 days
jute,Zaid,36.9,25.88,41.5,No,0.0,Every 1-3 days
chickpea,Kharif,28.6,28.17,107.0,No,0.0,Every 4-6 days
cotton,Zaid,45.3,27.62,108.9,No,0.0,Every 4-6 days
coconut,Rabi,30.1,28.16,19.7,Yes,13.14,Every 4-6 days
coconut,Kharif,21.7,27.52,18.3,Yes,13.27,Every 4-6 days
pigeonpeas,Rabi,62.5,21.83,54.1,No,0.0,Every 4-6 days
kidneybeans,Kharif,62.5,43.71,20.7,Yes,12.64,Every 4-6 days
rice,Kharif,26.8,33.16,45.6,No,0.0,Every 1-3 days
watermelon,Kharif,40.1,28.94,34.7,Yes,16.21,Every 1-3 days
watermelon,Zaid,47.9,18.35,9.0,Yes,14.61,Every 1-3 days
mango,Kharif,59.0,35.24,13.2,Yes,10.72,Every 4-6 days
banana,Zaid,38.0,30.61,17.3,Yes,18.03,Every 1-3 days
orange,Kharif,48.6,23.06,64.8,No,0.0,Every 4-6 days
blackgram,Kharif,44.9,20.39,29.3,Yes,10.16,Every 4-6 days
pigeonpeas,Kharif,27.8,26.7,13.7,Yes,13.19,Every 4-6 days
muskmelon,Zaid,40.7,24.49,66.6,No,0.0,Every 1-3 days
chickpea,Kharif,49.2,26.23,74.9,No,0.0,Every 4-6 days
orange,Rabi,48.4,30.06,45.3,No,0.0,Every 4-6 days
orange,Kharif,60.6,25.52,52.6,No,0.0,Every 4-6 days
coconut,Rabi,59.5,23.13,36.9,Yes,9.81,Every 4-6 days
kidneybeans,Kharif,26.4,21.17,39.1,Yes,13.15,Every 4-6 days
lentil,Zaid,44.2,33.65,4.5,Yes,12.13,Every 4-6 days
grapes,Rabi,30.7,25.23,63.4,No,0.0,Every 4-6 days
mothbeans,Rabi,50.3,43.38,30.8,Yes,13.87,Every 4-6 days
pigeonpeas,Zaid,7.9,32.37,108.7,No,0.0,Every 4-6 days
mango,Kharif,37.7,23.58,101.1,No,0.0,Every 4-6 days
cotton,Kharif,48.5,19.88,20.4,Yes,9.42,Every 4-6 days
orange,Rabi,48.9,32.25,31.7,Yes,11.99,Every 4-6 days
banana,Rabi,61.1,29.42,66.8,No,0.0,Every 4-6 days
papaya,Rabi,54.9,29.34,36.8,Yes,10.12,Every 4-6 days
papaya,Kharif,28.0,31.91,28.9,Yes,13.71,Every 4-6 days
grapes,Kharif,47.4,22.38,35.1,Yes,11.06,Every 4-6 days
chickpea,Rabi,37.8,24.3,20.6,Yes,12.07,Every 4-6 days
banana,Rabi,49.6,23.39,13.8,Yes,15.69,Every 1-3 days
lentil,Rabi,53.9,27.08,104.1,No,0.0,Every 4-6 days
chickpea,Zaid,35.6,20.13,44.8,No,0.0,Every 4-6 days
grapes,Kharif,53.4,29.29,35.2,Yes,11.42,Every 4-6 days
coconut,Kharif,61.5,30.5,26.5,Yes,10.76,Every 4-6 days
watermelon,Zaid,13.6,37.59,63.3,No,0.0,Every 1-3 days
kidneybeans,Kharif,53.0,21.67,46.3,No,0.0,Every 4-6 days
papaya,Zaid,62.0,32.04,139.6,No,0.0,Every 4-6 days
mungbean,Zaid,58.4,29.28,47.7,No,0.0,Every 4-6 days
mango,Kharif,51.3,23.75,33.2,Yes,10.91,Every 4-6 days
rice,Kharif,56.1,29.43,171.6,No,0.0,Every 4-6 days
watermelon,Kharif,27.8,30.37,98.5,No,0.0,Every 1-3 days
blackgram,Kharif,47.8,25.81,40.0,No,0.0,Every 4-6 days
grapes,Rabi,36.6,31.92,95.8,No,0.0,Every 4-6 days
coffee,Zaid,54.2,25.38,77.2,No,0.0,Every 4-6 days
jute,Kharif,54.3,26.66,79.6,No,0.0,Every 4-6 days
orange,Zaid,16.3,29.72,98.9,No,0.0,Every 4-6 days
mango,Kharif,42.1,27.35,29.4,Yes,11.82,Every 4-6 days
lentil,Rabi,66.1,30.26,26.7,Yes,10.76,Every 4-6 days
chickpea,Kharif,52.5,23.97,66.2,No,0.0,Every 4-6 days
blackgram,Rabi,40.3,25.59,104.9,No,0.0,Every 4-6 days
lentil,Rabi,6.7,33.98,38.1,Yes,14.63,Every 1-3 days
rice,Kharif,57.4,27.38,37.7,Yes,15.42,Every 1-3 days
muskmelon,Zaid,69.4,23.26,84.9,No,0.0,Every 4-6 days
muskmelon,Zaid,41.3,28.19,57.2,No,0.0,Every 1-3 days
coffee,Zaid,36.6,27.52,92.8,No,0.0,Every 4-6 days
grapes,Zaid,51.2,25.74,41.4,No,0.0,Every 4-6 days
pigeonpeas,Rabi,19.4,31.83,46.9,No,0.0,Every 4-6 days
banana,Zaid,47.9,42.4,10.8,Yes,19.27,Every 1-3 days
rice,Kharif,45.1,22.74,23.4,Yes,16.43,Every 1-3 days
pigeonpeas,Zaid,51.1,35.19,13.8,Yes,12.02,Every 4-6 days
kidneybeans,Rabi,61.0,30.26,24.8,Yes,11.03,Every 4-6 days
coffee,Rabi,57.3,32.41,40.5,No,0.0,Every 4-6 days
chickpea,Kharif,62.6,27.55,83.7,No,0.0,Every 4-6 days
coconut,Zaid,35.6,29.85,14.2,Yes,13.75,Every 4-6 days
maize,Zaid,53.1,23.35,63.0,No,0.0,Every 4-6 days
muskmelon,Zaid,53.7,34.61,28.8,Yes,15.45,Every 1-3 days
coffee,Zaid,25.8,35.95,20.4,Yes,12.24,Every 1-3 days
pigeonpeas,Kharif,65.9,26.86,19.1,Yes,10.92,Every 4-6 days
mango,Kharif,39.3,24.8,33.3,Yes,12.04,Every 4-6 days
coffee,Rabi,44.4,21.22,15.6,Yes,9.83,Every 4-6 days
pigeonpeas,Rabi,53.6,22.24,33.1,Yes,9.64,Every 4-6 days
banana,Zaid,24.2,39.37,44.3,No,0.0,Every 1-3 days
pomegranate,Kharif,28.1,33.23,94.1,No,0.0,Every 4-6 days
mothbeans,Zaid,35.7,23.84,8.8,Yes,13.85,Every 4-6 days
rice,Kharif,78.3,28.15,55.7,No,0.0,Every 4-6 days
watermelon,Rabi,31.6,15.36,24.5,Yes,15.58,Every 1-3 days
jute,Zaid,50.8,20.48,25.5,Yes,15.45,Every 1-3 days
jute,Zaid,53.5,27.42,15.8,Yes,14.03,Every 1-3 days
kidneybeans,Kharif,39.6,35.23,23.9,Yes,13.51,Every 4-6 days
watermelon,Kharif,27.3,21.07,41.5,No,0.0,Every 1-3 days
coffee,Zaid,39.6,22.87,26.4,Yes,12.79,Every 4-6 days
pigeonpeas,Zaid,41.6,18.64,39.2,Yes,11.63,Every 4-6 days
rice,Zaid,49.6,24.61,99.9,No,0.0,Every 4-6 days
muskmelon,Zaid,53.3,26.25,17.4,Yes,15.4,Every 1-3 days
banana,Rabi,16.5,25.81,1.3,Yes,18.74,Every 1-3 days
chickpea,Rabi,41.1,22.5,61.9,No,0.0,Every 4-6 days
muskmelon,Kharif,44.1,20.85,5.4,Yes,17.51,Every 1-3 days
blackgram,Zaid,41.3,18.18,68.7,No,0.0,Every 4-6 days
pigeonpeas,Kharif,43.9,23.91,16.9,Yes,12.0,Every 4-6 days
muskmelon,Kharif,35.3,21.39,41.2,No,0.0,Every 1-3 days
cotton,Kharif,57.1,33.19,48.8,No,0.0,Every 4-6 days
pigeonpeas,Zaid,46.3,31.8,30.8,Yes,11.59,Every 4-6 days
coffee,Rabi,41.8,25.84,49.3,No,0.0,Every 4-6 days
mango,Kharif,53.3,28.25,82.6,No,0.0,Every 4-6 days
coffee,Zaid,45.8,21.97,59.2,No,0.0,Every 4-6 days
jute,Zaid,25.5,25.83,58.2,No,0.0,Every 1-3 days
coffee,Rabi,78.3,35.76,23.3,Yes,10.33,Every 4-6 days
mothbeans,Rabi,67.1,28.96,7.8,Yes,10.18,Every 4-6 days
mungbean,Zaid,28.4,33.38,48.3,No,0.0,Every 4-6 days
papaya,Rabi,56.6,28.15,80.4,No,0.0,Every 4-6 days
mothbeans,Zaid,49.6,24.03,80.3,No,0.0,Every 4-6 days
coffee,Kharif,40.3,33.67,74.2,No,0.0,Every 4-6 days
rice,Rabi,33.4,32.39,52.2,No,0.0,Every 1-3 days
papaya,Rabi,45.4,31.36,39.5,Yes,11.19,Every 4-6 days
pigeonpeas,Kharif,63.3,36.31,36.6,Yes,11.91,Every 4-6 days
orange,Kharif,52.7,26.91,43.0,No,0.0,Every 4-6 days
muskmelon,Kharif,19.4,29.32,32.1,Yes,21.3,Every 1-3 days
grapes,Rabi,52.4,32.77,54.4,No,0.0,Every 4-6 days
orange,Kharif,30.6,32.16,23.6,Yes,14.39,Every 4-6 days
cotton,Kharif,55.8,19.96,47.6,No,0.0,Every 4-6 days
grapes,Zaid,51.9,32.47,51.7,No,0.0,Every 4-6 days
pomegranate,Kharif,32.8,33.54,24.0,Yes,13.83,Every 4-6 days
rice,Zaid,48.8,19.55,19.8,Yes,15.23,Every 1-3 days
mango,Kharif,54.6,29.38,24.7,Yes,10.51,Every 4-6 days
watermelon,Kharif,39.3,39.36,45.2,No,0.0,Every 1-3 days
maize,Zaid,51.0,30.77,54.2,No,0.0,Every 4-6 days
papaya,Rabi,45.0,33.1,72.1,No,0.0,Every 4-6 days
coconut,Rabi,45.8,31.32,31.2,Yes,12.94,Every 4-6 days
mungbean,Rabi,36.6,32.33,52.1,No,0.0,Every 4-6 days
blackgram,Rabi,22.6,31.9,125.1,No,0.0,Every 4-6 days
jute,Kharif,12.5,30.38,15.9,Yes,18.95,Every 1-3 days
jute,Kharif,36.0,30.48,33.9,Yes,15.93,Every 1-3 days
papaya,Rabi,64.4,29.8,64.8,No,0.0,Every 4-6 days
blackgram,Zaid,29.6,29.98,28.8,Yes,13.94,Every 4-6 days
watermelon,Kharif,78.5,22.49,13.5,Yes,12.32,Every 4-6 days
cotton,Rabi,74.3,29.66,38.5,Yes,8.49,Every 4-6 days
mothbeans,Kharif,38.2,30.61,90.1,No,0.0,Every 4-6 days
pomegranate,Kharif,43.8,28.81,77.2,No,0.0,Every 4-6 days
blackgram,Zaid,53.2,30.08,73.1,No,0.0,Every 4-6 days
watermelon,Rabi,45.9,39.02,28.7,Yes,18.1,Every 1-3 days
lentil,Zaid,26.2,25.03,48.6,No,0.0,Every 4-6 days
papaya,Rabi,58.4,29.6,93.0,No,0.0,Every 4-6 days
watermelon,Zaid,59.5,22.23,9.4,Yes,14.23,Every 1-3 days
cotton,Rabi,35.1,36.05,17.3,Yes,12.7,Every 1-3 days
orange,Zaid,33.3,24.15,4.2,Yes,11.92,Every 4-6 days
lentil,Zaid,46.7,30.63,24.5,Yes,12.01,Every 4-6 days
apple,Rabi,20.6,23.9,55.8,No,0.0,Every 4-6 days
coffee,Kharif,74.5,41.22,41.0,No,0.0,Every 4-6 days
chickpea,Zaid,35.2,27.16,37.8,Yes,14.02,Every 4-6 days
maize,Rabi,24.2,25.26,45.1,No,0.0,Every 4-6 days
muskmelon,Zaid,57.6,23.39,41.2,No,0.0,Every 4-6 days
papaya,Rabi,47.4,26.47,59.7,No,0.0,Every 4-6 days
blackgram,Zaid,5.0,36.84,118.2,No,0.0,Every 4-6 days
jute,Zaid,27.0,30.96,12.6,Yes,17.57,Every 1-3 days
coffee,Rabi,68.0,28.47,12.7,Yes,10.3,Every 4-6 days
banana,Kharif,39.6,24.49,52.0,No,0.0,Every 1-3 days
lentil,Kharif,58.4,35.84,55.4,No,0.0,Every 4-6 days
grapes,Rabi,38.0,19.33,29.1,Yes,9.56,Every 4-6 days
chickpea,Rabi,37.0,31.92,39.0,Yes,12.42,Every 4-6 days
lentil,Kharif,36.7,21.4,106.5,No,0.0,Every 4-6 days
blackgram,Zaid,30.7,34.31,123.5,No,0.0,Every 4-6 days
grapes,Zaid,5.0,25.76,30.6,Yes,13.7,Every 1-3 days
watermelon,Rabi,50.9,33.86,39.3,Yes,18.95,Every 1-3 days
rice,Rabi,50.6,34.58,27.3,Yes,18.43,Every 1-3 days
lentil,Kharif,36.6,24.77,46.1,No,0.0,Every 4-6 days
mothbeans,Rabi,48.4,25.55,37.3,Yes,11.7,Every 4-6 days
grapes,Kharif,45.7,20.63,87.3,No,0.0,Every 4-6 days
chickpea,Kharif,29.6,35.76,50.2,No,0.0,Every 4-6 days
blackgram,Rabi,45.6,29.4,30.0,Yes,12.22,Every 4-6 days
banana,Zaid,69.0,25.78,16.0,Yes,14.63,Every 4-6 days
muskmelon,Zaid,47.8,31.39,112.7,No,0.0,Every 4-6 days
coconut,Zaid,32.4,21.41,68.9,No,0.0,Every 4-6 days
pigeonpeas,Zaid,54.1,27.47,56.0,No,0.0,Every 4-6 days
muskmelon,Kharif,76.6,32.5,27.4,Yes,14.53,Every 4-6 days
chickpea,Rabi,33.4,24.84,56.3,No,0.0,Every 4-6 days
apple,Rabi,5.0,27.66,73.2,No,0.0,Every 4-6 days
lentil,Rabi,50.5,32.88,8.4,Yes,12.21,Every 4-6 days
rice,Kharif,26.8,18.48,81.9,No,0.0,Every 1-3 days
grapes,Kharif,46.5,24.4,30.6,Yes,10.78,Every 4-6 days
banana,Zaid,51.1,18.06,31.8,Yes,14.22,Every 4-6 days
cotton,Kharif,85.9,28.73,6.0,Yes,8.62,Every 4-6 days
kidneybeans,Zaid,44.7,36.12,30.3,Yes,12.83,Every 4-6 days
cotton,Zaid,40.7,25.44,35.5,Yes,9.99,Every 4-6 days
coconut,Kharif,34.0,33.57,99.5,No,0.0,Every 4-6 days
muskmelon,Kharif,53.8,32.96,59.7,No,0.0,Every 1-3 days
rice,Kharif,30.9,35.3,26.1,Yes,18.05,Every 1-3 days
apple,Kharif,30.1,40.12,14.0,Yes,16.55,Every 1-3 days
blackgram,Kharif,67.9,28.52,11.4,Yes,10.11,Every 4-6 days
grapes,Rabi,52.5,36.17,3.1,Yes,12.94,Every 4-6 days
blackgram,Zaid,48.8,31.49,84.9,No,0.0,Every 4-6 days
apple,Kharif,29.8,34.29,17.0,Yes,12.31,Every 1-3 days
kidneybeans,Rabi,16.6,24.31,25.6,Yes,14.06,Every 4-6 days
jute,Zaid,30.8,31.39,36.3,Yes,18.7,Every 1-3 days
papaya,Zaid,77.6,30.26,30.0,Yes,11.32,Every 4-6 days
pomegranate,Rabi,46.9,32.87,44.7,No,0.0,Every 4-6 days
kidneybeans,Rabi,33.2,35.42,50.0,No,0.0,Every 4-6 days
coffee,Rabi,44.1,30.9,23.9,Yes,10.75,Every 4-6 days
watermelon,Kharif,48.2,26.3,38.9,Yes,13.5,Every 1-3 days
orange,Rabi,27.4,17.17,75.2,No,0.0,Every 4-6 days
blackgram,Kharif,39.7,29.3,49.2,No,0.0,Every 4-6 days
apple,Zaid,43.7,32.02,154.1,No,0.0,Every 4-6 days
apple,Kharif,48.9,29.54,34.5,Yes,11.85,Every 4-6 days
mothbeans,Zaid,40.2,22.31,41.1,No,0.0,Every 4-6 days
jute,Kharif,63.5,33.59,20.4,Yes,17.09,Every 1-3 days
lentil,Kharif,69.0,34.09,29.1,Yes,10.97,Every 4-6 days
orange,Kharif,76.7,22.58,108.7,No,0.0,Every 7-10 days
muskmelon,Rabi,15.2,28.81,58.7,No,0.0,Every 1-3 days
coffee,Rabi,40.0,30.0,6.6,Yes,14.2,Every 4-6 days
orange,Kharif,45.6,22.12,41.9,No,0.0,Every 4-6 days
muskmelon,Rabi,35.2,32.47,115.3,No,0.0,Every 1-3 days
lentil,Kharif,47.3,30.27,72.4,No,0.0,Every 4-6 days
chickpea,Zaid,62.3,32.37,69.6,No,0.0,Every 4-6 days
jute,Kharif,59.2,32.72,16.8,Yes,17.3,Every 1-3 days
orange,Rabi,73.3,28.93,82.6,No,0.0,Every 4-6 days
cotton,Rabi,32.1,30.18,70.2,No,0.0,Every 4-6 days
jute,Zaid,63.0,41.47,10.1,Yes,17.41,Every 1-3 days
kidneybeans,Kharif,21.0,27.16,31.6,Yes,15.73,Every 4-6 days
mothbeans,Zaid,25.7,28.5,22.4,Yes,15.47,Every 4-6 days
mango,Zaid,52.4,37.85,48.8,No,0.0,Every 4-6 days
papaya,Zaid,52.1,28.09,34.7,Yes,8.64,Every 4-6 days
mothbeans,Zaid,73.7,28.76,19.4,Yes,10.08,Every 4-6 days
pomegranate,Rabi,31.5,21.18,20.9,Yes,13.52,Every 4-6 days
muskmelon,Rabi,36.0,32.85,14.7,Yes,17.53,Every 1-3 days
lentil,Kharif,37.1,31.75,49.8,No,0.0,Every 4-6 days
mungbean,Rabi,29.1,24.37,56.9,No,0.0,Every 4-6 days
blackgram,Zaid,28.8,33.65,38.5,Yes,14.4,Every 4-6 days
coffee,Kharif,53.4,27.64,140.3,No,0.0,Every 4-6 days
coffee,Rabi,43.7,24.81,92.3,No,0.0,Every 4-6 days
apple,Kharif,48.7,19.14,56.3,No,0.0,Every 4-6 days
coffee,Kharif,34.6,28.17,75.6,No,0.0,Every 4-6 days
mango,Zaid,45.1,23.71,42.3,No,0.0,Every 4-6 days
watermelon,Kharif,54.3,23.09,44.0,No,0.0,Every 4-6 days
mungbean,Kharif,32.9,24.92,36.8,Yes,11.97,Every 4-6 days
mango,Kharif,62.7,31.89,77.6,No,0.0,Every 4-6 days
mango,Zaid,52.3,28.38,87.3,No,0.0,Every 4-6 days
watermelon,Kharif,67.3,26.51,6.3,Yes,15.23,Every 1-3 days
muskmelon,Kharif,39.4,24.7,25.1,Yes,16.15,Every 1-3 days
blackgram,Zaid,68.9,28.41,36.3,Yes,9.38,Every 4-6 days
pigeonpeas,Rabi,53.2,23.77,46.2,No,0.0,Every 4-6 days
jute,Kharif,52.2,27.73,20.4,Yes,14.72,Every 1-3 days
muskmelon,Zaid,49.8,36.87,54.4,No,0.0,Every 1-3 days
blackgram,Rabi,64.0,25.9,24.1,Yes,8.93,Every 4-6 days
blackgram,Kharif,51.8,31.33,64.9,No,0.0,Every 4-6 days
coconut,Kharif,23.3,25.39,52.1,No,0.0,Every 4-6 days
chickpea,Kharif,60.0,32.34,23.5,Yes,12.77,Every 4-6 days
grapes,Zaid,41.7,22.88,83.7,No,0.0,Every 4-6 days
kidneybeans,Rabi,70.7,25.74,30.8,Yes,7.7,Every 4-6 days
mungbean,Zaid,35.7,33.61,22.7,Yes,16.08,Every 4-6 days
rice,Rabi,58.2,19.62,47.7,No,0.0,Every 4-6 days
cotton,Rabi,32.2,33.06,33.9,Yes,14.39,Every 4-6 days
kidneybeans,Kharif,48.7,35.35,21.9,Yes,11.38,Every 4-6 days
cotton,Rabi,64.1,30.01,72.2,No,0.0,Every 4-6 days
chickpea,Rabi,22.5,35.84,75.1,No,0.0,Every 4-6 days
pigeonpeas,Kharif,13.0,23.05,75.8,No,0.0,Every 4-6 days
orange,Rabi,53.6,24.12,15.3,Yes,9.32,Every 4-6 days
mango,Zaid,20.5,29.45,57.8,No,0.0,Every 4-6 days
mungbean,Rabi,56.4,35.2,103.0,No,0.0,Every 4-6 days
grapes,Kharif,30.4,31.56,34.3,Yes,14.67,Every 4-6 days
mango,Kharif,56.8,24.97,36.9,Yes,9.26,Every 4-6 days
kidneybeans,Rabi,50.9,25.13,47.6,No,0.0,Every 4-6 days
apple,Rabi,66.4,31.12,30.2,Yes,9.12,Every 4-6 days
banana,Kharif,38.4,23.49,87.7,No,0.0,Every 4-6 days
cotton,Zaid,39.3,29.09,18.7,Yes,11.57,Every 4-6 days
watermelon,Zaid,22.9,26.13,16.4,Yes,19.13,Every 1-3 days
coffee,Zaid,53.8,24.51,120.1,No,0.0,Every 4-6 days
rice,Kharif,6.7,17.66,106.3,No,0.0,Every 1-3 days
watermelon,Zaid,48.1,30.23,100.5,No,0.0,Every 4-6 days
pomegranate,Rabi,51.6,33.8,41.6,No,0.0,Every 4-6 days
apple,Zaid,20.8,30.29,68.4,No,0.0,Every 4-6 days
cotton,Rabi,63.6,32.31,41.2,No,0.0,Every 4-6 days
cotton,Zaid,64.2,27.13,38.4,Yes,10.89,Every 4-6 days
maize,Kharif,43.4,18.43,26.6,Yes,8.98,Every 4-6 days
mungbean,Kharif,61.3,34.24,41.2,No,0.0,Every 4-6 days
mango,Kharif,25.2,20.89,74.1,No,0.0,Every 4-6 days
lentil,Kharif,52.2,22.96,41.8,No,0.0,Every 4-6 days
mango,Zaid,48.6,20.64,13.2,Yes,9.25,Every 4-6 days
rice,Rabi,56.3,24.14,16.2,Yes,16.58,Every 1-3 days
orange,Rabi,7.2,22.74,3.3,Yes,14.33,Every 1-3 days
lentil,Rabi,63.4,30.04,61.2,No,0.0,Every 4-6 days
chickpea,Rabi,45.7,37.04,19.9,Yes,12.48,Every 4-6 days
maize,Kharif,44.1,32.36,65.5,No,0.0,Every 4-6 days
coffee,Zaid,46.9,32.1,41.8,No,0.0,Every 4-6 days
papaya,Kharif,65.2,31.94,20.5,Yes,10.36,Every 4-6 days
coffee,Zaid,26.3,22.21,18.2,Yes,12.26,Every 4-6 days
pigeonpeas,Zaid,50.1,33.39,10.6,Yes,13.4,Every 4-6 days
kidneybeans,Zaid,63.8,22.1,85.5,No,0.0,Every 4-6 days
maize,Kharif,54.3,40.66,43.9,No,0.0,Every 4-6 days
pigeonpeas,Rabi,62.6,27.28,13.2,Yes,10.29,Every 4-6 days
mothbeans,Rabi,49.1,33.92,60.6,No,0.0,Every 4-6 days
orange,Zaid,58.6,36.88,18.1,Yes,12.64,Every 4-6 days
cotton,Rabi,44.4,32.77,45.2,No,0.0,Every 4-6 days
muskmelon,Kharif,48.9,32.22,65.3,No,0.0,Every 1-3 days
coffee,Kharif,45.5,18.7,59.3,No,0.0,Every 4-6 days
pigeonpeas,Rabi,42.4,32.01,5.0,Yes,11.65,Every 4-6 days
lentil,Rabi,33.1,25.39,90.9,No,0.0,Every 4-6 days
coconut,Zaid,89.4,25.35,9.1,Yes,8.31,Every 4-6 days
rice,Rabi,30.5,27.89,77.0,No,0.0,Every 1-3 days
jute,Kharif,34.9,21.6,60.2,No,0.0,Every 1-3 days
mungbean,Kharif,25.8,28.65,63.3,No,0.0,Every 4-6 days
orange,Zaid,45.1,29.14,23.0,Yes,11.61,Every 4-6 days
mango,Kharif,40.4,25.26,46.5,No,0.0,Every 4-6 days
apple,Rabi,46.6,21.09,32.7,Yes,9.94,Every 4-6 days
pigeonpeas,Rabi,36.3,18.42,121.5,No,0.0,Every 4-6 days
watermelon,Rabi,12.9,25.94,117.5,No,0.0,Every 1-3 days
papaya,Zaid,14.7,41.43,29.3,Yes,16.54,Every 1-3 days
mungbean,Rabi,72.3,29.87,41.5,No,0.0,Every 4-6 days
lentil,Zaid,38.8,31.94,81.0,No,0.0,Every 4-6 days
watermelon,Zaid,29.9,28.19,6.8,Yes,16.86,Every 1-3 days
rice,Rabi,31.4,26.31,23.6,Yes,16.78,Every 1-3 days
papaya,Rabi,24.8,28.66,47.9,No,0.0,Every 4-6 days
kidneybeans,Rabi,36.7,27.66,81.0,No,0.0,Every 4-6 days
mango,Kharif,25.1,30.2,81.0,No,0.0,Every 4-6 days
mungbean,Rabi,24.0,25.78,77.1,No,0.0,Every 4-6 days
mothbeans,Rabi,58.8,32.41,14.0,Yes,12.48,Every 4-6 days
mango,Kharif,62.3,30.48,20.7,Yes,10.87,Every 4-6 days
grapes,Zaid,48.5,24.84,57.9,No,0.0,Every 4-6 days
lentil,Rabi,39.0,24.24,24.5,Yes,11.74,Every 4-6 days
maize,Zaid,54.8,24.63,71.7,No,0.0,Every 4-6 days
lentil,Rabi,31.7,30.68,24.9,Yes,12.62,Every 4-6 days
banana,Zaid,35.7,31.55,30.7,Yes,18.39,Every 1-3 days
chickpea,Rabi,56.4,24.91,88.3,No,0.0,Every 4-6 days
banana,Rabi,41.4,32.82,36.6,Yes,14.66,Every 1-3 days
grapes,Zaid,38.6,30.61,96.4,No,0.0,Every 4-6 days
chickpea,Kharif,49.6,26.13,58.8,No,0.0,Every 4-6 days
orange,Rabi,40.4,27.97,36.7,Yes,11.69,Every 4-6 days
apple,Kharif,46.3,29.68,45.4,No,0.0,Every 4-6 days
watermelon,Zaid,37.3,33.1,13.0,Yes,17.96,Every 1-3 days
mungbean,Zaid,56.4,27.09,72.2,No,0.0,Every 4-6 days
mothbeans,Rabi,33.5,25.88,61.1,No,0.0,Every 4-6 days
lentil,Zaid,69.7,32.0,18.3,Yes,12.03,Every 4-6 days
jute,Zaid,7.9,36.95,39.6,Yes,21.79,Every 1-3 days
watermelon,Kharif,28.2,31.1,88.8,No,0.0,Every 1-3 days
mango,Rabi,59.5,33.29,57.7,No,0.0,Every 4-6 days
rice,Kharif,45.1,26.06,45.5,No,0.0,Every 1-3 days
blackgram,Kharif,56.3,22.06,16.7,Yes,9.05,Every 4-6 days
pigeonpeas,Rabi,44.1,20.2,56.5,No,0.0,Every 4-6 days
mango,Kharif,50.5,30.77,49.5,No,0.0,Every 4-6 days
lentil,Kharif,51.0,27.37,53.9,No,0.0,Every 4-6 days
mango,Zaid,32.1,31.68,55.9,No,0.0,Every 4-6 days
pigeonpeas,Kharif,66.9,31.0,88.1,No,0.0,Every 4-6 days
chickpea,Kharif,38.6,24.0,56.5,No,0.0,Every 4-6 days
grapes,Rabi,63.0,28.9,15.2,Yes,11.15,Every 4-6 days
coffee,Zaid,44.3,25.78,37.0,Yes,10.94,Every 4-6 days
papaya,Zaid,27.7,35.62,35.0,Yes,14.84,Every 1-3 days
muskmelon,Zaid,36.5,29.4,28.7,Yes,16.84,Every 1-3 days
cotton,Kharif,44.2,31.2,69.2,No,0.0,Every 4-6 days
mothbeans,Zaid,56.2,29.63,34.3,Yes,9.57,Every 4-6 days
banana,Rabi,39.0,33.28,63.3,No,0.0,Every 1-3 days
banana,Kharif,37.2,32.33,112.7,No,0.0,Every 1-3 days
kidneybeans,Zaid,45.7,33.29,45.7,No,0.0,Every 4-6 days
blackgram,Rabi,83.2,34.95,86.4,No,0.0,Every 4-6 days
rice,Rabi,43.0,34.42,41.6,No,0.0,Every 1-3 days
grapes,Rabi,58.4,23.52,9.4,Yes,9.42,Every 4-6 days
watermelon,Rabi,50.1,21.62,99.8,No,0.0,Every 4-6 days
muskmelon,Rabi,63.4,45.0,78.4,No,0.0,Every 1-3 days
cotton,Rabi,64.3,12.2,7.6,Yes,7.35,Every 4-6 days
chickpea,Rabi,49.8,32.6,54.2,No,0.0,Every 4-6 days
watermelon,Kharif,49.2,34.47,26.9,Yes,17.53,Every 1-3 days
orange,Zaid,43.2,27.29,65.1,No,0.0,Every 4-6 days
kidneybeans,Zaid,78.3,25.78,141.9,No,0.0,Every 7-10 days
